2025-05-23 14:23:23,172 - httpx - INFO - HTTP Request: POST https://api.telegram.org/bot7093436536:AAEvjyOBDmUYkoOkO2zxZnzplRy8Thhz0Ps/getMe "HTTP/1.1 200 OK"
2025-05-23 14:23:23,263 - httpx - INFO - HTTP Request: POST https://api.telegram.org/bot7093436536:AAEvjyOBDmUYkoOkO2zxZnzplRy8Thhz0Ps/deleteWebhook "HTTP/1.1 200 OK"
2025-05-23 14:23:23,265 - apscheduler.scheduler - INFO - Scheduler started
2025-05-23 14:23:23,266 - telegram.ext.Application - INFO - Application started
2025-05-23 14:23:33,535 - httpx - INFO - HTTP Request: POST https://api.telegram.org/bot7093436536:AAEvjyOBDmUYkoOkO2zxZnzplRy8Thhz0Ps/getUpdates "HTTP/1.1 200 OK"
2025-05-23 14:23:43,626 - httpx - INFO - HTTP Request: POST https://api.telegram.org/bot7093436536:AAEvjyOBDmUYkoOkO2zxZnzplRy8Thhz0Ps/getUpdates "HTTP/1.1 200 OK"
2025-05-23 14:23:53,716 - httpx - INFO - HTTP Request: POST https://api.telegram.org/bot7093436536:AAEvjyOBDmUYkoOkO2zxZnzplRy8Thhz0Ps/getUpdates "HTTP/1.1 200 OK"
2025-05-23 14:24:03,807 - httpx - INFO - HTTP Request: POST https://api.telegram.org/bot7093436536:AAEvjyOBDmUYkoOkO2zxZnzplRy8Thhz0Ps/getUpdates "HTTP/1.1 200 OK"
2025-05-23 14:24:13,897 - httpx - INFO - HTTP Request: POST https://api.telegram.org/bot7093436536:AAEvjyOBDmUYkoOkO2zxZnzplRy8Thhz0Ps/getUpdates "HTTP/1.1 200 OK"
2025-05-23 14:24:23,989 - httpx - INFO - HTTP Request: POST https://api.telegram.org/bot7093436536:AAEvjyOBDmUYkoOkO2zxZnzplRy8Thhz0Ps/getUpdates "HTTP/1.1 200 OK"
2025-05-23 14:24:34,080 - httpx - INFO - HTTP Request: POST https://api.telegram.org/bot7093436536:AAEvjyOBDmUYkoOkO2zxZnzplRy8Thhz0Ps/getUpdates "HTTP/1.1 200 OK"
2025-05-23 14:24:44,171 - httpx - INFO - HTTP Request: POST https://api.telegram.org/bot7093436536:AAEvjyOBDmUYkoOkO2zxZnzplRy8Thhz0Ps/getUpdates "HTTP/1.1 200 OK"
2025-05-23 14:24:54,262 - httpx - INFO - HTTP Request: POST https://api.telegram.org/bot7093436536:AAEvjyOBDmUYkoOkO2zxZnzplRy8Thhz0Ps/getUpdates "HTTP/1.1 200 OK"
2025-05-23 14:25:04,353 - httpx - INFO - HTTP Request: POST https://api.telegram.org/bot7093436536:AAEvjyOBDmUYkoOkO2zxZnzplRy8Thhz0Ps/getUpdates "HTTP/1.1 200 OK"
2025-05-23 14:25:14,444 - httpx - INFO - HTTP Request: POST https://api.telegram.org/bot7093436536:AAEvjyOBDmUYkoOkO2zxZnzplRy8Thhz0Ps/getUpdates "HTTP/1.1 200 OK"
2025-05-23 14:25:24,535 - httpx - INFO - HTTP Request: POST https://api.telegram.org/bot7093436536:AAEvjyOBDmUYkoOkO2zxZnzplRy8Thhz0Ps/getUpdates "HTTP/1.1 200 OK"
2025-05-23 14:25:34,627 - httpx - INFO - HTTP Request: POST https://api.telegram.org/bot7093436536:AAEvjyOBDmUYkoOkO2zxZnzplRy8Thhz0Ps/getUpdates "HTTP/1.1 200 OK"
2025-05-23 14:25:44,717 - httpx - INFO - HTTP Request: POST https://api.telegram.org/bot7093436536:AAEvjyOBDmUYkoOkO2zxZnzplRy8Thhz0Ps/getUpdates "HTTP/1.1 200 OK"
2025-05-23 14:25:54,808 - httpx - INFO - HTTP Request: POST https://api.telegram.org/bot7093436536:AAEvjyOBDmUYkoOkO2zxZnzplRy8Thhz0Ps/getUpdates "HTTP/1.1 200 OK"
2025-05-23 14:26:04,901 - httpx - INFO - HTTP Request: POST https://api.telegram.org/bot7093436536:AAEvjyOBDmUYkoOkO2zxZnzplRy8Thhz0Ps/getUpdates "HTTP/1.1 200 OK"
2025-05-23 14:26:14,997 - httpx - INFO - HTTP Request: POST https://api.telegram.org/bot7093436536:AAEvjyOBDmUYkoOkO2zxZnzplRy8Thhz0Ps/getUpdates "HTTP/1.1 200 OK"
2025-05-23 14:26:25,087 - httpx - INFO - HTTP Request: POST https://api.telegram.org/bot7093436536:AAEvjyOBDmUYkoOkO2zxZnzplRy8Thhz0Ps/getUpdates "HTTP/1.1 200 OK"
2025-05-23 14:26:35,191 - httpx - INFO - HTTP Request: POST https://api.telegram.org/bot7093436536:AAEvjyOBDmUYkoOkO2zxZnzplRy8Thhz0Ps/getUpdates "HTTP/1.1 200 OK"
2025-05-23 14:26:45,283 - httpx - INFO - HTTP Request: POST https://api.telegram.org/bot7093436536:AAEvjyOBDmUYkoOkO2zxZnzplRy8Thhz0Ps/getUpdates "HTTP/1.1 200 OK"
2025-05-23 14:26:55,375 - httpx - INFO - HTTP Request: POST https://api.telegram.org/bot7093436536:AAEvjyOBDmUYkoOkO2zxZnzplRy8Thhz0Ps/getUpdates "HTTP/1.1 200 OK"
2025-05-23 14:27:05,464 - httpx - INFO - HTTP Request: POST https://api.telegram.org/bot7093436536:AAEvjyOBDmUYkoOkO2zxZnzplRy8Thhz0Ps/getUpdates "HTTP/1.1 200 OK"
2025-05-23 14:27:10,431 - httpx - INFO - HTTP Request: POST https://api.telegram.org/bot7093436536:AAEvjyOBDmUYkoOkO2zxZnzplRy8Thhz0Ps/getUpdates "HTTP/1.1 200 OK"
2025-05-23 14:27:10,595 - __main__ - ERROR - Database error in init_user: (psycopg2.errors.UndefinedColumn) column users.tone does not exist
LINE 1: ...AS users_fiat_currency, users.lang AS users_lang, users.tone...
                                                             ^

[SQL: SELECT users.id AS users_id, users.telegram_id AS users_telegram_id, users.fiat_currency AS users_fiat_currency, users.lang AS users_lang, users.tone AS users_tone, users.ton_wallet AS users_ton_wallet, users.evm_wallet AS users_evm_wallet, users.sol_wallet AS users_sol_wallet, users.created_at AS users_created_at, users.updated_at AS users_updated_at 
FROM users 
WHERE users.telegram_id = %(telegram_id_1)s 
 LIMIT %(param_1)s]
[parameters: {'telegram_id_1': 1086364384, 'param_1': 1}]
(Background on this error at: https://sqlalche.me/e/20/f405)
2025-05-23 14:27:10,674 - __main__ - ERROR - Start command failed: (psycopg2.errors.UndefinedColumn) column users.tone does not exist
LINE 1: ...AS users_fiat_currency, users.lang AS users_lang, users.tone...
                                                             ^

[SQL: SELECT users.id AS users_id, users.telegram_id AS users_telegram_id, users.fiat_currency AS users_fiat_currency, users.lang AS users_lang, users.tone AS users_tone, users.ton_wallet AS users_ton_wallet, users.evm_wallet AS users_evm_wallet, users.sol_wallet AS users_sol_wallet, users.created_at AS users_created_at, users.updated_at AS users_updated_at 
FROM users 
WHERE users.telegram_id = %(telegram_id_1)s 
 LIMIT %(param_1)s]
[parameters: {'telegram_id_1': 1086364384, 'param_1': 1}]
(Background on this error at: https://sqlalche.me/e/20/f405)
2025-05-23 14:27:10,944 - httpx - INFO - HTTP Request: POST https://api.telegram.org/bot7093436536:AAEvjyOBDmUYkoOkO2zxZnzplRy8Thhz0Ps/sendMessage "HTTP/1.1 200 OK"
2025-05-23 14:27:20,776 - httpx - INFO - HTTP Request: POST https://api.telegram.org/bot7093436536:AAEvjyOBDmUYkoOkO2zxZnzplRy8Thhz0Ps/getUpdates "HTTP/1.1 200 OK"
2025-05-23 14:27:30,866 - httpx - INFO - HTTP Request: POST https://api.telegram.org/bot7093436536:AAEvjyOBDmUYkoOkO2zxZnzplRy8Thhz0Ps/getUpdates "HTTP/1.1 200 OK"
2025-05-23 14:27:40,957 - httpx - INFO - HTTP Request: POST https://api.telegram.org/bot7093436536:AAEvjyOBDmUYkoOkO2zxZnzplRy8Thhz0Ps/getUpdates "HTTP/1.1 200 OK"
2025-05-23 14:27:44,213 - httpx - INFO - HTTP Request: POST https://api.telegram.org/bot7093436536:AAEvjyOBDmUYkoOkO2zxZnzplRy8Thhz0Ps/getUpdates "HTTP/1.1 200 OK"
2025-05-23 14:27:44,421 - __main__ - ERROR - Database error in init_user: (psycopg2.errors.UndefinedColumn) column users.tone does not exist
LINE 1: ...AS users_fiat_currency, users.lang AS users_lang, users.tone...
                                                             ^

[SQL: SELECT users.id AS users_id, users.telegram_id AS users_telegram_id, users.fiat_currency AS users_fiat_currency, users.lang AS users_lang, users.tone AS users_tone, users.ton_wallet AS users_ton_wallet, users.evm_wallet AS users_evm_wallet, users.sol_wallet AS users_sol_wallet, users.created_at AS users_created_at, users.updated_at AS users_updated_at 
FROM users 
WHERE users.telegram_id = %(telegram_id_1)s 
 LIMIT %(param_1)s]
[parameters: {'telegram_id_1': 1086364384, 'param_1': 1}]
(Background on this error at: https://sqlalche.me/e/20/f405)
2025-05-23 14:27:44,501 - __main__ - ERROR - Message handling failed: (psycopg2.errors.UndefinedColumn) column users.tone does not exist
LINE 1: ...AS users_fiat_currency, users.lang AS users_lang, users.tone...
                                                             ^

[SQL: SELECT users.id AS users_id, users.telegram_id AS users_telegram_id, users.fiat_currency AS users_fiat_currency, users.lang AS users_lang, users.tone AS users_tone, users.ton_wallet AS users_ton_wallet, users.evm_wallet AS users_evm_wallet, users.sol_wallet AS users_sol_wallet, users.created_at AS users_created_at, users.updated_at AS users_updated_at 
FROM users 
WHERE users.telegram_id = %(telegram_id_1)s 
 LIMIT %(param_1)s]
[parameters: {'telegram_id_1': 1086364384, 'param_1': 1}]
(Background on this error at: https://sqlalche.me/e/20/f405)
2025-05-23 14:27:44,845 - httpx - INFO - HTTP Request: POST https://api.telegram.org/bot7093436536:AAEvjyOBDmUYkoOkO2zxZnzplRy8Thhz0Ps/sendMessage "HTTP/1.1 200 OK"
2025-05-23 14:27:54,594 - httpx - INFO - HTTP Request: POST https://api.telegram.org/bot7093436536:AAEvjyOBDmUYkoOkO2zxZnzplRy8Thhz0Ps/getUpdates "HTTP/1.1 200 OK"
2025-05-23 14:28:04,685 - httpx - INFO - HTTP Request: POST https://api.telegram.org/bot7093436536:AAEvjyOBDmUYkoOkO2zxZnzplRy8Thhz0Ps/getUpdates "HTTP/1.1 200 OK"
2025-05-23 14:28:14,775 - httpx - INFO - HTTP Request: POST https://api.telegram.org/bot7093436536:AAEvjyOBDmUYkoOkO2zxZnzplRy8Thhz0Ps/getUpdates "HTTP/1.1 200 OK"
2025-05-23 14:28:24,866 - httpx - INFO - HTTP Request: POST https://api.telegram.org/bot7093436536:AAEvjyOBDmUYkoOkO2zxZnzplRy8Thhz0Ps/getUpdates "HTTP/1.1 200 OK"
2025-05-23 14:28:34,957 - httpx - INFO - HTTP Request: POST https://api.telegram.org/bot7093436536:AAEvjyOBDmUYkoOkO2zxZnzplRy8Thhz0Ps/getUpdates "HTTP/1.1 200 OK"
2025-05-23 14:28:45,048 - httpx - INFO - HTTP Request: POST https://api.telegram.org/bot7093436536:AAEvjyOBDmUYkoOkO2zxZnzplRy8Thhz0Ps/getUpdates "HTTP/1.1 200 OK"
2025-05-23 14:28:55,140 - httpx - INFO - HTTP Request: POST https://api.telegram.org/bot7093436536:AAEvjyOBDmUYkoOkO2zxZnzplRy8Thhz0Ps/getUpdates "HTTP/1.1 200 OK"
2025-05-23 14:29:05,230 - httpx - INFO - HTTP Request: POST https://api.telegram.org/bot7093436536:AAEvjyOBDmUYkoOkO2zxZnzplRy8Thhz0Ps/getUpdates "HTTP/1.1 200 OK"
2025-05-23 14:29:15,320 - httpx - INFO - HTTP Request: POST https://api.telegram.org/bot7093436536:AAEvjyOBDmUYkoOkO2zxZnzplRy8Thhz0Ps/getUpdates "HTTP/1.1 200 OK"
2025-05-23 14:29:25,411 - httpx - INFO - HTTP Request: POST https://api.telegram.org/bot7093436536:AAEvjyOBDmUYkoOkO2zxZnzplRy8Thhz0Ps/getUpdates "HTTP/1.1 200 OK"
2025-05-23 14:29:35,506 - httpx - INFO - HTTP Request: POST https://api.telegram.org/bot7093436536:AAEvjyOBDmUYkoOkO2zxZnzplRy8Thhz0Ps/getUpdates "HTTP/1.1 200 OK"
2025-05-23 14:29:45,599 - httpx - INFO - HTTP Request: POST https://api.telegram.org/bot7093436536:AAEvjyOBDmUYkoOkO2zxZnzplRy8Thhz0Ps/getUpdates "HTTP/1.1 200 OK"
2025-05-23 14:29:55,702 - httpx - INFO - HTTP Request: POST https://api.telegram.org/bot7093436536:AAEvjyOBDmUYkoOkO2zxZnzplRy8Thhz0Ps/getUpdates "HTTP/1.1 200 OK"
2025-05-23 14:30:05,793 - httpx - INFO - HTTP Request: POST https://api.telegram.org/bot7093436536:AAEvjyOBDmUYkoOkO2zxZnzplRy8Thhz0Ps/getUpdates "HTTP/1.1 200 OK"
2025-05-23 14:30:15,887 - httpx - INFO - HTTP Request: POST https://api.telegram.org/bot7093436536:AAEvjyOBDmUYkoOkO2zxZnzplRy8Thhz0Ps/getUpdates "HTTP/1.1 200 OK"
2025-05-23 14:30:25,977 - httpx - INFO - HTTP Request: POST https://api.telegram.org/bot7093436536:AAEvjyOBDmUYkoOkO2zxZnzplRy8Thhz0Ps/getUpdates "HTTP/1.1 200 OK"
2025-05-23 14:30:36,068 - httpx - INFO - HTTP Request: POST https://api.telegram.org/bot7093436536:AAEvjyOBDmUYkoOkO2zxZnzplRy8Thhz0Ps/getUpdates "HTTP/1.1 200 OK"
2025-05-23 14:30:46,159 - httpx - INFO - HTTP Request: POST https://api.telegram.org/bot7093436536:AAEvjyOBDmUYkoOkO2zxZnzplRy8Thhz0Ps/getUpdates "HTTP/1.1 200 OK"
2025-05-23 14:30:56,249 - httpx - INFO - HTTP Request: POST https://api.telegram.org/bot7093436536:AAEvjyOBDmUYkoOkO2zxZnzplRy8Thhz0Ps/getUpdates "HTTP/1.1 200 OK"
2025-05-23 14:31:06,340 - httpx - INFO - HTTP Request: POST https://api.telegram.org/bot7093436536:AAEvjyOBDmUYkoOkO2zxZnzplRy8Thhz0Ps/getUpdates "HTTP/1.1 200 OK"
2025-05-23 14:31:16,431 - httpx - INFO - HTTP Request: POST https://api.telegram.org/bot7093436536:AAEvjyOBDmUYkoOkO2zxZnzplRy8Thhz0Ps/getUpdates "HTTP/1.1 200 OK"
2025-05-23 14:31:26,522 - httpx - INFO - HTTP Request: POST https://api.telegram.org/bot7093436536:AAEvjyOBDmUYkoOkO2zxZnzplRy8Thhz0Ps/getUpdates "HTTP/1.1 200 OK"
2025-05-23 14:31:36,625 - httpx - INFO - HTTP Request: POST https://api.telegram.org/bot7093436536:AAEvjyOBDmUYkoOkO2zxZnzplRy8Thhz0Ps/getUpdates "HTTP/1.1 200 OK"
2025-05-23 14:31:46,716 - httpx - INFO - HTTP Request: POST https://api.telegram.org/bot7093436536:AAEvjyOBDmUYkoOkO2zxZnzplRy8Thhz0Ps/getUpdates "HTTP/1.1 200 OK"
2025-05-23 14:31:56,807 - httpx - INFO - HTTP Request: POST https://api.telegram.org/bot7093436536:AAEvjyOBDmUYkoOkO2zxZnzplRy8Thhz0Ps/getUpdates "HTTP/1.1 200 OK"
2025-05-23 14:32:06,916 - httpx - INFO - HTTP Request: POST https://api.telegram.org/bot7093436536:AAEvjyOBDmUYkoOkO2zxZnzplRy8Thhz0Ps/getUpdates "HTTP/1.1 200 OK"
2025-05-23 14:32:17,007 - httpx - INFO - HTTP Request: POST https://api.telegram.org/bot7093436536:AAEvjyOBDmUYkoOkO2zxZnzplRy8Thhz0Ps/getUpdates "HTTP/1.1 200 OK"
2025-05-23 14:32:27,104 - httpx - INFO - HTTP Request: POST https://api.telegram.org/bot7093436536:AAEvjyOBDmUYkoOkO2zxZnzplRy8Thhz0Ps/getUpdates "HTTP/1.1 200 OK"
2025-05-23 14:32:37,196 - httpx - INFO - HTTP Request: POST https://api.telegram.org/bot7093436536:AAEvjyOBDmUYkoOkO2zxZnzplRy8Thhz0Ps/getUpdates "HTTP/1.1 200 OK"
2025-05-23 14:32:47,286 - httpx - INFO - HTTP Request: POST https://api.telegram.org/bot7093436536:AAEvjyOBDmUYkoOkO2zxZnzplRy8Thhz0Ps/getUpdates "HTTP/1.1 200 OK"
2025-05-23 14:32:57,387 - httpx - INFO - HTTP Request: POST https://api.telegram.org/bot7093436536:AAEvjyOBDmUYkoOkO2zxZnzplRy8Thhz0Ps/getUpdates "HTTP/1.1 200 OK"
2025-05-23 14:33:07,494 - httpx - INFO - HTTP Request: POST https://api.telegram.org/bot7093436536:AAEvjyOBDmUYkoOkO2zxZnzplRy8Thhz0Ps/getUpdates "HTTP/1.1 200 OK"
2025-05-23 14:33:17,585 - httpx - INFO - HTTP Request: POST https://api.telegram.org/bot7093436536:AAEvjyOBDmUYkoOkO2zxZnzplRy8Thhz0Ps/getUpdates "HTTP/1.1 200 OK"
2025-05-23 14:33:27,675 - httpx - INFO - HTTP Request: POST https://api.telegram.org/bot7093436536:AAEvjyOBDmUYkoOkO2zxZnzplRy8Thhz0Ps/getUpdates "HTTP/1.1 200 OK"
2025-05-23 14:33:37,774 - httpx - INFO - HTTP Request: POST https://api.telegram.org/bot7093436536:AAEvjyOBDmUYkoOkO2zxZnzplRy8Thhz0Ps/getUpdates "HTTP/1.1 200 OK"
2025-05-23 14:33:47,866 - httpx - INFO - HTTP Request: POST https://api.telegram.org/bot7093436536:AAEvjyOBDmUYkoOkO2zxZnzplRy8Thhz0Ps/getUpdates "HTTP/1.1 200 OK"
2025-05-23 14:33:57,956 - httpx - INFO - HTTP Request: POST https://api.telegram.org/bot7093436536:AAEvjyOBDmUYkoOkO2zxZnzplRy8Thhz0Ps/getUpdates "HTTP/1.1 200 OK"
2025-05-23 14:34:08,047 - httpx - INFO - HTTP Request: POST https://api.telegram.org/bot7093436536:AAEvjyOBDmUYkoOkO2zxZnzplRy8Thhz0Ps/getUpdates "HTTP/1.1 200 OK"
2025-05-23 14:34:18,140 - httpx - INFO - HTTP Request: POST https://api.telegram.org/bot7093436536:AAEvjyOBDmUYkoOkO2zxZnzplRy8Thhz0Ps/getUpdates "HTTP/1.1 200 OK"
2025-05-23 14:34:28,230 - httpx - INFO - HTTP Request: POST https://api.telegram.org/bot7093436536:AAEvjyOBDmUYkoOkO2zxZnzplRy8Thhz0Ps/getUpdates "HTTP/1.1 200 OK"
2025-05-23 14:34:38,321 - httpx - INFO - HTTP Request: POST https://api.telegram.org/bot7093436536:AAEvjyOBDmUYkoOkO2zxZnzplRy8Thhz0Ps/getUpdates "HTTP/1.1 200 OK"
2025-05-23 14:34:48,417 - httpx - INFO - HTTP Request: POST https://api.telegram.org/bot7093436536:AAEvjyOBDmUYkoOkO2zxZnzplRy8Thhz0Ps/getUpdates "HTTP/1.1 200 OK"
2025-05-23 14:34:58,508 - httpx - INFO - HTTP Request: POST https://api.telegram.org/bot7093436536:AAEvjyOBDmUYkoOkO2zxZnzplRy8Thhz0Ps/getUpdates "HTTP/1.1 200 OK"
2025-05-23 14:35:08,600 - httpx - INFO - HTTP Request: POST https://api.telegram.org/bot7093436536:AAEvjyOBDmUYkoOkO2zxZnzplRy8Thhz0Ps/getUpdates "HTTP/1.1 200 OK"
2025-05-23 14:35:18,692 - httpx - INFO - HTTP Request: POST https://api.telegram.org/bot7093436536:AAEvjyOBDmUYkoOkO2zxZnzplRy8Thhz0Ps/getUpdates "HTTP/1.1 200 OK"
2025-05-23 14:35:28,783 - httpx - INFO - HTTP Request: POST https://api.telegram.org/bot7093436536:AAEvjyOBDmUYkoOkO2zxZnzplRy8Thhz0Ps/getUpdates "HTTP/1.1 200 OK"
2025-05-23 14:35:38,875 - httpx - INFO - HTTP Request: POST https://api.telegram.org/bot7093436536:AAEvjyOBDmUYkoOkO2zxZnzplRy8Thhz0Ps/getUpdates "HTTP/1.1 200 OK"
2025-05-23 14:35:48,965 - httpx - INFO - HTTP Request: POST https://api.telegram.org/bot7093436536:AAEvjyOBDmUYkoOkO2zxZnzplRy8Thhz0Ps/getUpdates "HTTP/1.1 200 OK"
2025-05-23 14:35:59,058 - httpx - INFO - HTTP Request: POST https://api.telegram.org/bot7093436536:AAEvjyOBDmUYkoOkO2zxZnzplRy8Thhz0Ps/getUpdates "HTTP/1.1 200 OK"
2025-05-23 14:36:09,148 - httpx - INFO - HTTP Request: POST https://api.telegram.org/bot7093436536:AAEvjyOBDmUYkoOkO2zxZnzplRy8Thhz0Ps/getUpdates "HTTP/1.1 200 OK"
2025-05-23 14:36:19,239 - httpx - INFO - HTTP Request: POST https://api.telegram.org/bot7093436536:AAEvjyOBDmUYkoOkO2zxZnzplRy8Thhz0Ps/getUpdates "HTTP/1.1 200 OK"
2025-05-23 14:36:29,332 - httpx - INFO - HTTP Request: POST https://api.telegram.org/bot7093436536:AAEvjyOBDmUYkoOkO2zxZnzplRy8Thhz0Ps/getUpdates "HTTP/1.1 200 OK"
2025-05-23 14:36:39,424 - httpx - INFO - HTTP Request: POST https://api.telegram.org/bot7093436536:AAEvjyOBDmUYkoOkO2zxZnzplRy8Thhz0Ps/getUpdates "HTTP/1.1 200 OK"
2025-05-23 14:36:49,516 - httpx - INFO - HTTP Request: POST https://api.telegram.org/bot7093436536:AAEvjyOBDmUYkoOkO2zxZnzplRy8Thhz0Ps/getUpdates "HTTP/1.1 200 OK"
2025-05-23 14:36:54,473 - httpx - INFO - HTTP Request: POST https://api.telegram.org/bot7093436536:AAEvjyOBDmUYkoOkO2zxZnzplRy8Thhz0Ps/getUpdates "HTTP/1.1 200 OK"
2025-05-23 14:36:54,681 - __main__ - ERROR - Database error in init_user: (psycopg2.errors.UndefinedColumn) column users.tone does not exist
LINE 1: ...AS users_fiat_currency, users.lang AS users_lang, users.tone...
                                                             ^

[SQL: SELECT users.id AS users_id, users.telegram_id AS users_telegram_id, users.fiat_currency AS users_fiat_currency, users.lang AS users_lang, users.tone AS users_tone, users.ton_wallet AS users_ton_wallet, users.evm_wallet AS users_evm_wallet, users.sol_wallet AS users_sol_wallet, users.created_at AS users_created_at, users.updated_at AS users_updated_at 
FROM users 
WHERE users.telegram_id = %(telegram_id_1)s 
 LIMIT %(param_1)s]
[parameters: {'telegram_id_1': 1086364384, 'param_1': 1}]
(Background on this error at: https://sqlalche.me/e/20/f405)
2025-05-23 14:36:54,761 - __main__ - ERROR - Start command failed: (psycopg2.errors.UndefinedColumn) column users.tone does not exist
LINE 1: ...AS users_fiat_currency, users.lang AS users_lang, users.tone...
                                                             ^

[SQL: SELECT users.id AS users_id, users.telegram_id AS users_telegram_id, users.fiat_currency AS users_fiat_currency, users.lang AS users_lang, users.tone AS users_tone, users.ton_wallet AS users_ton_wallet, users.evm_wallet AS users_evm_wallet, users.sol_wallet AS users_sol_wallet, users.created_at AS users_created_at, users.updated_at AS users_updated_at 
FROM users 
WHERE users.telegram_id = %(telegram_id_1)s 
 LIMIT %(param_1)s]
[parameters: {'telegram_id_1': 1086364384, 'param_1': 1}]
(Background on this error at: https://sqlalche.me/e/20/f405)
2025-05-23 14:36:55,108 - httpx - INFO - HTTP Request: POST https://api.telegram.org/bot7093436536:AAEvjyOBDmUYkoOkO2zxZnzplRy8Thhz0Ps/sendMessage "HTTP/1.1 200 OK"
2025-05-23 14:37:04,852 - httpx - INFO - HTTP Request: POST https://api.telegram.org/bot7093436536:AAEvjyOBDmUYkoOkO2zxZnzplRy8Thhz0Ps/getUpdates "HTTP/1.1 200 OK"
2025-05-23 14:37:14,943 - httpx - INFO - HTTP Request: POST https://api.telegram.org/bot7093436536:AAEvjyOBDmUYkoOkO2zxZnzplRy8Thhz0Ps/getUpdates "HTTP/1.1 200 OK"
2025-05-23 14:37:25,035 - httpx - INFO - HTTP Request: POST https://api.telegram.org/bot7093436536:AAEvjyOBDmUYkoOkO2zxZnzplRy8Thhz0Ps/getUpdates "HTTP/1.1 200 OK"
2025-05-23 14:37:35,127 - httpx - INFO - HTTP Request: POST https://api.telegram.org/bot7093436536:AAEvjyOBDmUYkoOkO2zxZnzplRy8Thhz0Ps/getUpdates "HTTP/1.1 200 OK"
2025-05-23 14:37:45,217 - httpx - INFO - HTTP Request: POST https://api.telegram.org/bot7093436536:AAEvjyOBDmUYkoOkO2zxZnzplRy8Thhz0Ps/getUpdates "HTTP/1.1 200 OK"
2025-05-23 14:37:55,308 - httpx - INFO - HTTP Request: POST https://api.telegram.org/bot7093436536:AAEvjyOBDmUYkoOkO2zxZnzplRy8Thhz0Ps/getUpdates "HTTP/1.1 200 OK"
2025-05-23 14:38:05,402 - httpx - INFO - HTTP Request: POST https://api.telegram.org/bot7093436536:AAEvjyOBDmUYkoOkO2zxZnzplRy8Thhz0Ps/getUpdates "HTTP/1.1 200 OK"
2025-05-23 14:38:15,494 - httpx - INFO - HTTP Request: POST https://api.telegram.org/bot7093436536:AAEvjyOBDmUYkoOkO2zxZnzplRy8Thhz0Ps/getUpdates "HTTP/1.1 200 OK"
2025-05-23 14:38:25,585 - httpx - INFO - HTTP Request: POST https://api.telegram.org/bot7093436536:AAEvjyOBDmUYkoOkO2zxZnzplRy8Thhz0Ps/getUpdates "HTTP/1.1 200 OK"
2025-05-23 14:38:35,675 - httpx - INFO - HTTP Request: POST https://api.telegram.org/bot7093436536:AAEvjyOBDmUYkoOkO2zxZnzplRy8Thhz0Ps/getUpdates "HTTP/1.1 200 OK"
2025-05-23 14:38:45,766 - httpx - INFO - HTTP Request: POST https://api.telegram.org/bot7093436536:AAEvjyOBDmUYkoOkO2zxZnzplRy8Thhz0Ps/getUpdates "HTTP/1.1 200 OK"
2025-05-23 14:38:55,859 - httpx - INFO - HTTP Request: POST https://api.telegram.org/bot7093436536:AAEvjyOBDmUYkoOkO2zxZnzplRy8Thhz0Ps/getUpdates "HTTP/1.1 200 OK"
2025-05-23 14:39:05,949 - httpx - INFO - HTTP Request: POST https://api.telegram.org/bot7093436536:AAEvjyOBDmUYkoOkO2zxZnzplRy8Thhz0Ps/getUpdates "HTTP/1.1 200 OK"
2025-05-23 14:39:16,041 - httpx - INFO - HTTP Request: POST https://api.telegram.org/bot7093436536:AAEvjyOBDmUYkoOkO2zxZnzplRy8Thhz0Ps/getUpdates "HTTP/1.1 200 OK"
2025-05-23 14:39:26,133 - httpx - INFO - HTTP Request: POST https://api.telegram.org/bot7093436536:AAEvjyOBDmUYkoOkO2zxZnzplRy8Thhz0Ps/getUpdates "HTTP/1.1 200 OK"
2025-05-23 14:39:36,223 - httpx - INFO - HTTP Request: POST https://api.telegram.org/bot7093436536:AAEvjyOBDmUYkoOkO2zxZnzplRy8Thhz0Ps/getUpdates "HTTP/1.1 200 OK"
2025-05-23 14:39:46,314 - httpx - INFO - HTTP Request: POST https://api.telegram.org/bot7093436536:AAEvjyOBDmUYkoOkO2zxZnzplRy8Thhz0Ps/getUpdates "HTTP/1.1 200 OK"
2025-05-23 14:39:56,406 - httpx - INFO - HTTP Request: POST https://api.telegram.org/bot7093436536:AAEvjyOBDmUYkoOkO2zxZnzplRy8Thhz0Ps/getUpdates "HTTP/1.1 200 OK"
2025-05-23 14:40:06,673 - httpx - INFO - HTTP Request: POST https://api.telegram.org/bot7093436536:AAEvjyOBDmUYkoOkO2zxZnzplRy8Thhz0Ps/getUpdates "HTTP/1.1 200 OK"
2025-05-23 14:40:16,764 - httpx - INFO - HTTP Request: POST https://api.telegram.org/bot7093436536:AAEvjyOBDmUYkoOkO2zxZnzplRy8Thhz0Ps/getUpdates "HTTP/1.1 200 OK"
2025-05-23 14:40:26,851 - httpx - INFO - HTTP Request: POST https://api.telegram.org/bot7093436536:AAEvjyOBDmUYkoOkO2zxZnzplRy8Thhz0Ps/getUpdates "HTTP/1.1 200 OK"
2025-05-23 14:40:36,939 - httpx - INFO - HTTP Request: POST https://api.telegram.org/bot7093436536:AAEvjyOBDmUYkoOkO2zxZnzplRy8Thhz0Ps/getUpdates "HTTP/1.1 200 OK"
2025-05-23 14:40:47,027 - httpx - INFO - HTTP Request: POST https://api.telegram.org/bot7093436536:AAEvjyOBDmUYkoOkO2zxZnzplRy8Thhz0Ps/getUpdates "HTTP/1.1 200 OK"
2025-05-23 14:40:57,115 - httpx - INFO - HTTP Request: POST https://api.telegram.org/bot7093436536:AAEvjyOBDmUYkoOkO2zxZnzplRy8Thhz0Ps/getUpdates "HTTP/1.1 200 OK"
2025-05-23 14:41:07,202 - httpx - INFO - HTTP Request: POST https://api.telegram.org/bot7093436536:AAEvjyOBDmUYkoOkO2zxZnzplRy8Thhz0Ps/getUpdates "HTTP/1.1 200 OK"
2025-05-23 14:41:17,291 - httpx - INFO - HTTP Request: POST https://api.telegram.org/bot7093436536:AAEvjyOBDmUYkoOkO2zxZnzplRy8Thhz0Ps/getUpdates "HTTP/1.1 200 OK"
2025-05-23 14:41:27,378 - httpx - INFO - HTTP Request: POST https://api.telegram.org/bot7093436536:AAEvjyOBDmUYkoOkO2zxZnzplRy8Thhz0Ps/getUpdates "HTTP/1.1 200 OK"
2025-05-23 14:41:37,466 - httpx - INFO - HTTP Request: POST https://api.telegram.org/bot7093436536:AAEvjyOBDmUYkoOkO2zxZnzplRy8Thhz0Ps/getUpdates "HTTP/1.1 200 OK"
2025-05-23 14:41:47,554 - httpx - INFO - HTTP Request: POST https://api.telegram.org/bot7093436536:AAEvjyOBDmUYkoOkO2zxZnzplRy8Thhz0Ps/getUpdates "HTTP/1.1 200 OK"
2025-05-23 14:41:57,642 - httpx - INFO - HTTP Request: POST https://api.telegram.org/bot7093436536:AAEvjyOBDmUYkoOkO2zxZnzplRy8Thhz0Ps/getUpdates "HTTP/1.1 200 OK"
2025-05-23 14:42:07,729 - httpx - INFO - HTTP Request: POST https://api.telegram.org/bot7093436536:AAEvjyOBDmUYkoOkO2zxZnzplRy8Thhz0Ps/getUpdates "HTTP/1.1 200 OK"
2025-05-23 14:42:17,816 - httpx - INFO - HTTP Request: POST https://api.telegram.org/bot7093436536:AAEvjyOBDmUYkoOkO2zxZnzplRy8Thhz0Ps/getUpdates "HTTP/1.1 200 OK"
2025-05-23 14:42:27,904 - httpx - INFO - HTTP Request: POST https://api.telegram.org/bot7093436536:AAEvjyOBDmUYkoOkO2zxZnzplRy8Thhz0Ps/getUpdates "HTTP/1.1 200 OK"
2025-05-23 14:42:37,991 - httpx - INFO - HTTP Request: POST https://api.telegram.org/bot7093436536:AAEvjyOBDmUYkoOkO2zxZnzplRy8Thhz0Ps/getUpdates "HTTP/1.1 200 OK"
2025-05-23 14:42:48,080 - httpx - INFO - HTTP Request: POST https://api.telegram.org/bot7093436536:AAEvjyOBDmUYkoOkO2zxZnzplRy8Thhz0Ps/getUpdates "HTTP/1.1 200 OK"
2025-05-23 14:42:58,167 - httpx - INFO - HTTP Request: POST https://api.telegram.org/bot7093436536:AAEvjyOBDmUYkoOkO2zxZnzplRy8Thhz0Ps/getUpdates "HTTP/1.1 200 OK"
2025-05-23 14:43:08,256 - httpx - INFO - HTTP Request: POST https://api.telegram.org/bot7093436536:AAEvjyOBDmUYkoOkO2zxZnzplRy8Thhz0Ps/getUpdates "HTTP/1.1 200 OK"
2025-05-23 14:43:18,344 - httpx - INFO - HTTP Request: POST https://api.telegram.org/bot7093436536:AAEvjyOBDmUYkoOkO2zxZnzplRy8Thhz0Ps/getUpdates "HTTP/1.1 200 OK"
2025-05-23 14:43:28,432 - httpx - INFO - HTTP Request: POST https://api.telegram.org/bot7093436536:AAEvjyOBDmUYkoOkO2zxZnzplRy8Thhz0Ps/getUpdates "HTTP/1.1 200 OK"
2025-05-23 14:43:38,519 - httpx - INFO - HTTP Request: POST https://api.telegram.org/bot7093436536:AAEvjyOBDmUYkoOkO2zxZnzplRy8Thhz0Ps/getUpdates "HTTP/1.1 200 OK"
2025-05-23 14:43:48,606 - httpx - INFO - HTTP Request: POST https://api.telegram.org/bot7093436536:AAEvjyOBDmUYkoOkO2zxZnzplRy8Thhz0Ps/getUpdates "HTTP/1.1 200 OK"
2025-05-23 14:43:58,693 - httpx - INFO - HTTP Request: POST https://api.telegram.org/bot7093436536:AAEvjyOBDmUYkoOkO2zxZnzplRy8Thhz0Ps/getUpdates "HTTP/1.1 200 OK"
2025-05-23 14:44:08,781 - httpx - INFO - HTTP Request: POST https://api.telegram.org/bot7093436536:AAEvjyOBDmUYkoOkO2zxZnzplRy8Thhz0Ps/getUpdates "HTTP/1.1 200 OK"
2025-05-23 14:44:18,868 - httpx - INFO - HTTP Request: POST https://api.telegram.org/bot7093436536:AAEvjyOBDmUYkoOkO2zxZnzplRy8Thhz0Ps/getUpdates "HTTP/1.1 200 OK"
2025-05-23 14:44:28,955 - httpx - INFO - HTTP Request: POST https://api.telegram.org/bot7093436536:AAEvjyOBDmUYkoOkO2zxZnzplRy8Thhz0Ps/getUpdates "HTTP/1.1 200 OK"
2025-05-23 14:44:39,042 - httpx - INFO - HTTP Request: POST https://api.telegram.org/bot7093436536:AAEvjyOBDmUYkoOkO2zxZnzplRy8Thhz0Ps/getUpdates "HTTP/1.1 200 OK"
2025-05-23 14:44:49,130 - httpx - INFO - HTTP Request: POST https://api.telegram.org/bot7093436536:AAEvjyOBDmUYkoOkO2zxZnzplRy8Thhz0Ps/getUpdates "HTTP/1.1 200 OK"
2025-05-23 14:44:59,217 - httpx - INFO - HTTP Request: POST https://api.telegram.org/bot7093436536:AAEvjyOBDmUYkoOkO2zxZnzplRy8Thhz0Ps/getUpdates "HTTP/1.1 200 OK"
2025-05-23 14:45:09,307 - httpx - INFO - HTTP Request: POST https://api.telegram.org/bot7093436536:AAEvjyOBDmUYkoOkO2zxZnzplRy8Thhz0Ps/getUpdates "HTTP/1.1 200 OK"
2025-05-23 14:45:19,400 - httpx - INFO - HTTP Request: POST https://api.telegram.org/bot7093436536:AAEvjyOBDmUYkoOkO2zxZnzplRy8Thhz0Ps/getUpdates "HTTP/1.1 200 OK"
2025-05-23 14:45:29,488 - httpx - INFO - HTTP Request: POST https://api.telegram.org/bot7093436536:AAEvjyOBDmUYkoOkO2zxZnzplRy8Thhz0Ps/getUpdates "HTTP/1.1 200 OK"
2025-05-23 14:45:39,577 - httpx - INFO - HTTP Request: POST https://api.telegram.org/bot7093436536:AAEvjyOBDmUYkoOkO2zxZnzplRy8Thhz0Ps/getUpdates "HTTP/1.1 200 OK"
2025-05-23 14:45:49,664 - httpx - INFO - HTTP Request: POST https://api.telegram.org/bot7093436536:AAEvjyOBDmUYkoOkO2zxZnzplRy8Thhz0Ps/getUpdates "HTTP/1.1 200 OK"
2025-05-23 14:45:59,752 - httpx - INFO - HTTP Request: POST https://api.telegram.org/bot7093436536:AAEvjyOBDmUYkoOkO2zxZnzplRy8Thhz0Ps/getUpdates "HTTP/1.1 200 OK"
2025-05-23 14:46:09,839 - httpx - INFO - HTTP Request: POST https://api.telegram.org/bot7093436536:AAEvjyOBDmUYkoOkO2zxZnzplRy8Thhz0Ps/getUpdates "HTTP/1.1 200 OK"
2025-05-23 14:46:19,927 - httpx - INFO - HTTP Request: POST https://api.telegram.org/bot7093436536:AAEvjyOBDmUYkoOkO2zxZnzplRy8Thhz0Ps/getUpdates "HTTP/1.1 200 OK"
2025-05-23 14:46:30,015 - httpx - INFO - HTTP Request: POST https://api.telegram.org/bot7093436536:AAEvjyOBDmUYkoOkO2zxZnzplRy8Thhz0Ps/getUpdates "HTTP/1.1 200 OK"
2025-05-23 14:46:40,103 - httpx - INFO - HTTP Request: POST https://api.telegram.org/bot7093436536:AAEvjyOBDmUYkoOkO2zxZnzplRy8Thhz0Ps/getUpdates "HTTP/1.1 200 OK"
2025-05-23 14:46:50,191 - httpx - INFO - HTTP Request: POST https://api.telegram.org/bot7093436536:AAEvjyOBDmUYkoOkO2zxZnzplRy8Thhz0Ps/getUpdates "HTTP/1.1 200 OK"
2025-05-23 14:47:00,279 - httpx - INFO - HTTP Request: POST https://api.telegram.org/bot7093436536:AAEvjyOBDmUYkoOkO2zxZnzplRy8Thhz0Ps/getUpdates "HTTP/1.1 200 OK"
2025-05-23 14:47:10,366 - httpx - INFO - HTTP Request: POST https://api.telegram.org/bot7093436536:AAEvjyOBDmUYkoOkO2zxZnzplRy8Thhz0Ps/getUpdates "HTTP/1.1 200 OK"
2025-05-23 14:47:20,454 - httpx - INFO - HTTP Request: POST https://api.telegram.org/bot7093436536:AAEvjyOBDmUYkoOkO2zxZnzplRy8Thhz0Ps/getUpdates "HTTP/1.1 200 OK"
2025-05-23 14:47:30,542 - httpx - INFO - HTTP Request: POST https://api.telegram.org/bot7093436536:AAEvjyOBDmUYkoOkO2zxZnzplRy8Thhz0Ps/getUpdates "HTTP/1.1 200 OK"
2025-05-23 14:47:40,630 - httpx - INFO - HTTP Request: POST https://api.telegram.org/bot7093436536:AAEvjyOBDmUYkoOkO2zxZnzplRy8Thhz0Ps/getUpdates "HTTP/1.1 200 OK"
2025-05-23 14:47:50,718 - httpx - INFO - HTTP Request: POST https://api.telegram.org/bot7093436536:AAEvjyOBDmUYkoOkO2zxZnzplRy8Thhz0Ps/getUpdates "HTTP/1.1 200 OK"
2025-05-23 14:48:00,805 - httpx - INFO - HTTP Request: POST https://api.telegram.org/bot7093436536:AAEvjyOBDmUYkoOkO2zxZnzplRy8Thhz0Ps/getUpdates "HTTP/1.1 200 OK"
2025-05-23 14:48:10,892 - httpx - INFO - HTTP Request: POST https://api.telegram.org/bot7093436536:AAEvjyOBDmUYkoOkO2zxZnzplRy8Thhz0Ps/getUpdates "HTTP/1.1 200 OK"
2025-05-23 14:48:20,980 - httpx - INFO - HTTP Request: POST https://api.telegram.org/bot7093436536:AAEvjyOBDmUYkoOkO2zxZnzplRy8Thhz0Ps/getUpdates "HTTP/1.1 200 OK"
2025-05-23 14:48:31,068 - httpx - INFO - HTTP Request: POST https://api.telegram.org/bot7093436536:AAEvjyOBDmUYkoOkO2zxZnzplRy8Thhz0Ps/getUpdates "HTTP/1.1 200 OK"
2025-05-23 14:48:41,157 - httpx - INFO - HTTP Request: POST https://api.telegram.org/bot7093436536:AAEvjyOBDmUYkoOkO2zxZnzplRy8Thhz0Ps/getUpdates "HTTP/1.1 200 OK"
2025-05-23 14:48:51,245 - httpx - INFO - HTTP Request: POST https://api.telegram.org/bot7093436536:AAEvjyOBDmUYkoOkO2zxZnzplRy8Thhz0Ps/getUpdates "HTTP/1.1 200 OK"
2025-05-23 14:49:01,332 - httpx - INFO - HTTP Request: POST https://api.telegram.org/bot7093436536:AAEvjyOBDmUYkoOkO2zxZnzplRy8Thhz0Ps/getUpdates "HTTP/1.1 200 OK"
2025-05-23 14:49:11,420 - httpx - INFO - HTTP Request: POST https://api.telegram.org/bot7093436536:AAEvjyOBDmUYkoOkO2zxZnzplRy8Thhz0Ps/getUpdates "HTTP/1.1 200 OK"
2025-05-23 14:49:21,508 - httpx - INFO - HTTP Request: POST https://api.telegram.org/bot7093436536:AAEvjyOBDmUYkoOkO2zxZnzplRy8Thhz0Ps/getUpdates "HTTP/1.1 200 OK"
2025-05-23 14:49:31,595 - httpx - INFO - HTTP Request: POST https://api.telegram.org/bot7093436536:AAEvjyOBDmUYkoOkO2zxZnzplRy8Thhz0Ps/getUpdates "HTTP/1.1 200 OK"
2025-05-23 14:49:41,682 - httpx - INFO - HTTP Request: POST https://api.telegram.org/bot7093436536:AAEvjyOBDmUYkoOkO2zxZnzplRy8Thhz0Ps/getUpdates "HTTP/1.1 200 OK"
2025-05-23 14:49:51,770 - httpx - INFO - HTTP Request: POST https://api.telegram.org/bot7093436536:AAEvjyOBDmUYkoOkO2zxZnzplRy8Thhz0Ps/getUpdates "HTTP/1.1 200 OK"
2025-05-23 14:50:01,857 - httpx - INFO - HTTP Request: POST https://api.telegram.org/bot7093436536:AAEvjyOBDmUYkoOkO2zxZnzplRy8Thhz0Ps/getUpdates "HTTP/1.1 200 OK"
2025-05-23 14:50:11,944 - httpx - INFO - HTTP Request: POST https://api.telegram.org/bot7093436536:AAEvjyOBDmUYkoOkO2zxZnzplRy8Thhz0Ps/getUpdates "HTTP/1.1 200 OK"
2025-05-23 14:50:22,033 - httpx - INFO - HTTP Request: POST https://api.telegram.org/bot7093436536:AAEvjyOBDmUYkoOkO2zxZnzplRy8Thhz0Ps/getUpdates "HTTP/1.1 200 OK"
2025-05-23 14:50:32,122 - httpx - INFO - HTTP Request: POST https://api.telegram.org/bot7093436536:AAEvjyOBDmUYkoOkO2zxZnzplRy8Thhz0Ps/getUpdates "HTTP/1.1 200 OK"
2025-05-23 14:50:42,210 - httpx - INFO - HTTP Request: POST https://api.telegram.org/bot7093436536:AAEvjyOBDmUYkoOkO2zxZnzplRy8Thhz0Ps/getUpdates "HTTP/1.1 200 OK"
2025-05-23 14:50:52,298 - httpx - INFO - HTTP Request: POST https://api.telegram.org/bot7093436536:AAEvjyOBDmUYkoOkO2zxZnzplRy8Thhz0Ps/getUpdates "HTTP/1.1 200 OK"
2025-05-23 14:51:02,387 - httpx - INFO - HTTP Request: POST https://api.telegram.org/bot7093436536:AAEvjyOBDmUYkoOkO2zxZnzplRy8Thhz0Ps/getUpdates "HTTP/1.1 200 OK"
2025-05-23 14:51:12,476 - httpx - INFO - HTTP Request: POST https://api.telegram.org/bot7093436536:AAEvjyOBDmUYkoOkO2zxZnzplRy8Thhz0Ps/getUpdates "HTTP/1.1 200 OK"
2025-05-23 14:51:22,563 - httpx - INFO - HTTP Request: POST https://api.telegram.org/bot7093436536:AAEvjyOBDmUYkoOkO2zxZnzplRy8Thhz0Ps/getUpdates "HTTP/1.1 200 OK"
2025-05-23 14:51:32,650 - httpx - INFO - HTTP Request: POST https://api.telegram.org/bot7093436536:AAEvjyOBDmUYkoOkO2zxZnzplRy8Thhz0Ps/getUpdates "HTTP/1.1 200 OK"
2025-05-23 14:51:42,737 - httpx - INFO - HTTP Request: POST https://api.telegram.org/bot7093436536:AAEvjyOBDmUYkoOkO2zxZnzplRy8Thhz0Ps/getUpdates "HTTP/1.1 200 OK"
2025-05-23 14:51:52,826 - httpx - INFO - HTTP Request: POST https://api.telegram.org/bot7093436536:AAEvjyOBDmUYkoOkO2zxZnzplRy8Thhz0Ps/getUpdates "HTTP/1.1 200 OK"
2025-05-23 14:52:02,914 - httpx - INFO - HTTP Request: POST https://api.telegram.org/bot7093436536:AAEvjyOBDmUYkoOkO2zxZnzplRy8Thhz0Ps/getUpdates "HTTP/1.1 200 OK"
2025-05-23 14:52:13,001 - httpx - INFO - HTTP Request: POST https://api.telegram.org/bot7093436536:AAEvjyOBDmUYkoOkO2zxZnzplRy8Thhz0Ps/getUpdates "HTTP/1.1 200 OK"
2025-05-23 14:52:23,089 - httpx - INFO - HTTP Request: POST https://api.telegram.org/bot7093436536:AAEvjyOBDmUYkoOkO2zxZnzplRy8Thhz0Ps/getUpdates "HTTP/1.1 200 OK"
2025-05-23 14:52:33,177 - httpx - INFO - HTTP Request: POST https://api.telegram.org/bot7093436536:AAEvjyOBDmUYkoOkO2zxZnzplRy8Thhz0Ps/getUpdates "HTTP/1.1 200 OK"
2025-05-23 14:52:43,264 - httpx - INFO - HTTP Request: POST https://api.telegram.org/bot7093436536:AAEvjyOBDmUYkoOkO2zxZnzplRy8Thhz0Ps/getUpdates "HTTP/1.1 200 OK"
2025-05-23 14:52:53,352 - httpx - INFO - HTTP Request: POST https://api.telegram.org/bot7093436536:AAEvjyOBDmUYkoOkO2zxZnzplRy8Thhz0Ps/getUpdates "HTTP/1.1 200 OK"
2025-05-23 14:53:03,440 - httpx - INFO - HTTP Request: POST https://api.telegram.org/bot7093436536:AAEvjyOBDmUYkoOkO2zxZnzplRy8Thhz0Ps/getUpdates "HTTP/1.1 200 OK"
2025-05-23 14:53:13,528 - httpx - INFO - HTTP Request: POST https://api.telegram.org/bot7093436536:AAEvjyOBDmUYkoOkO2zxZnzplRy8Thhz0Ps/getUpdates "HTTP/1.1 200 OK"
2025-05-23 14:53:23,616 - httpx - INFO - HTTP Request: POST https://api.telegram.org/bot7093436536:AAEvjyOBDmUYkoOkO2zxZnzplRy8Thhz0Ps/getUpdates "HTTP/1.1 200 OK"
2025-05-23 14:53:33,705 - httpx - INFO - HTTP Request: POST https://api.telegram.org/bot7093436536:AAEvjyOBDmUYkoOkO2zxZnzplRy8Thhz0Ps/getUpdates "HTTP/1.1 200 OK"
2025-05-23 14:53:43,794 - httpx - INFO - HTTP Request: POST https://api.telegram.org/bot7093436536:AAEvjyOBDmUYkoOkO2zxZnzplRy8Thhz0Ps/getUpdates "HTTP/1.1 200 OK"
2025-05-23 14:53:53,881 - httpx - INFO - HTTP Request: POST https://api.telegram.org/bot7093436536:AAEvjyOBDmUYkoOkO2zxZnzplRy8Thhz0Ps/getUpdates "HTTP/1.1 200 OK"
2025-05-23 14:54:03,969 - httpx - INFO - HTTP Request: POST https://api.telegram.org/bot7093436536:AAEvjyOBDmUYkoOkO2zxZnzplRy8Thhz0Ps/getUpdates "HTTP/1.1 200 OK"
2025-05-23 14:54:14,057 - httpx - INFO - HTTP Request: POST https://api.telegram.org/bot7093436536:AAEvjyOBDmUYkoOkO2zxZnzplRy8Thhz0Ps/getUpdates "HTTP/1.1 200 OK"
2025-05-23 14:54:24,146 - httpx - INFO - HTTP Request: POST https://api.telegram.org/bot7093436536:AAEvjyOBDmUYkoOkO2zxZnzplRy8Thhz0Ps/getUpdates "HTTP/1.1 200 OK"
2025-05-23 14:54:34,234 - httpx - INFO - HTTP Request: POST https://api.telegram.org/bot7093436536:AAEvjyOBDmUYkoOkO2zxZnzplRy8Thhz0Ps/getUpdates "HTTP/1.1 200 OK"
2025-05-23 14:54:44,322 - httpx - INFO - HTTP Request: POST https://api.telegram.org/bot7093436536:AAEvjyOBDmUYkoOkO2zxZnzplRy8Thhz0Ps/getUpdates "HTTP/1.1 200 OK"
2025-05-23 14:54:54,411 - httpx - INFO - HTTP Request: POST https://api.telegram.org/bot7093436536:AAEvjyOBDmUYkoOkO2zxZnzplRy8Thhz0Ps/getUpdates "HTTP/1.1 200 OK"
2025-05-23 14:55:04,498 - httpx - INFO - HTTP Request: POST https://api.telegram.org/bot7093436536:AAEvjyOBDmUYkoOkO2zxZnzplRy8Thhz0Ps/getUpdates "HTTP/1.1 200 OK"
2025-05-23 14:55:14,586 - httpx - INFO - HTTP Request: POST https://api.telegram.org/bot7093436536:AAEvjyOBDmUYkoOkO2zxZnzplRy8Thhz0Ps/getUpdates "HTTP/1.1 200 OK"
2025-05-23 14:55:24,673 - httpx - INFO - HTTP Request: POST https://api.telegram.org/bot7093436536:AAEvjyOBDmUYkoOkO2zxZnzplRy8Thhz0Ps/getUpdates "HTTP/1.1 200 OK"
2025-05-23 14:55:34,760 - httpx - INFO - HTTP Request: POST https://api.telegram.org/bot7093436536:AAEvjyOBDmUYkoOkO2zxZnzplRy8Thhz0Ps/getUpdates "HTTP/1.1 200 OK"
2025-05-23 14:55:44,850 - httpx - INFO - HTTP Request: POST https://api.telegram.org/bot7093436536:AAEvjyOBDmUYkoOkO2zxZnzplRy8Thhz0Ps/getUpdates "HTTP/1.1 200 OK"
2025-05-23 14:55:54,936 - httpx - INFO - HTTP Request: POST https://api.telegram.org/bot7093436536:AAEvjyOBDmUYkoOkO2zxZnzplRy8Thhz0Ps/getUpdates "HTTP/1.1 200 OK"
2025-05-23 14:56:05,024 - httpx - INFO - HTTP Request: POST https://api.telegram.org/bot7093436536:AAEvjyOBDmUYkoOkO2zxZnzplRy8Thhz0Ps/getUpdates "HTTP/1.1 200 OK"
2025-05-23 14:56:15,114 - httpx - INFO - HTTP Request: POST https://api.telegram.org/bot7093436536:AAEvjyOBDmUYkoOkO2zxZnzplRy8Thhz0Ps/getUpdates "HTTP/1.1 200 OK"
2025-05-23 14:56:25,202 - httpx - INFO - HTTP Request: POST https://api.telegram.org/bot7093436536:AAEvjyOBDmUYkoOkO2zxZnzplRy8Thhz0Ps/getUpdates "HTTP/1.1 200 OK"
2025-05-23 14:56:35,289 - httpx - INFO - HTTP Request: POST https://api.telegram.org/bot7093436536:AAEvjyOBDmUYkoOkO2zxZnzplRy8Thhz0Ps/getUpdates "HTTP/1.1 200 OK"
2025-05-23 14:56:45,377 - httpx - INFO - HTTP Request: POST https://api.telegram.org/bot7093436536:AAEvjyOBDmUYkoOkO2zxZnzplRy8Thhz0Ps/getUpdates "HTTP/1.1 200 OK"
2025-05-23 14:56:55,632 - httpx - INFO - HTTP Request: POST https://api.telegram.org/bot7093436536:AAEvjyOBDmUYkoOkO2zxZnzplRy8Thhz0Ps/getUpdates "HTTP/1.1 200 OK"
2025-05-23 14:57:05,719 - httpx - INFO - HTTP Request: POST https://api.telegram.org/bot7093436536:AAEvjyOBDmUYkoOkO2zxZnzplRy8Thhz0Ps/getUpdates "HTTP/1.1 200 OK"
2025-05-23 14:57:15,806 - httpx - INFO - HTTP Request: POST https://api.telegram.org/bot7093436536:AAEvjyOBDmUYkoOkO2zxZnzplRy8Thhz0Ps/getUpdates "HTTP/1.1 200 OK"
2025-05-23 14:57:25,894 - httpx - INFO - HTTP Request: POST https://api.telegram.org/bot7093436536:AAEvjyOBDmUYkoOkO2zxZnzplRy8Thhz0Ps/getUpdates "HTTP/1.1 200 OK"
2025-05-23 14:57:35,982 - httpx - INFO - HTTP Request: POST https://api.telegram.org/bot7093436536:AAEvjyOBDmUYkoOkO2zxZnzplRy8Thhz0Ps/getUpdates "HTTP/1.1 200 OK"
2025-05-23 14:57:46,070 - httpx - INFO - HTTP Request: POST https://api.telegram.org/bot7093436536:AAEvjyOBDmUYkoOkO2zxZnzplRy8Thhz0Ps/getUpdates "HTTP/1.1 200 OK"
2025-05-23 14:57:56,173 - httpx - INFO - HTTP Request: POST https://api.telegram.org/bot7093436536:AAEvjyOBDmUYkoOkO2zxZnzplRy8Thhz0Ps/getUpdates "HTTP/1.1 200 OK"
2025-05-23 14:58:06,257 - httpx - INFO - HTTP Request: POST https://api.telegram.org/bot7093436536:AAEvjyOBDmUYkoOkO2zxZnzplRy8Thhz0Ps/getUpdates "HTTP/1.1 200 OK"
2025-05-23 14:58:16,343 - httpx - INFO - HTTP Request: POST https://api.telegram.org/bot7093436536:AAEvjyOBDmUYkoOkO2zxZnzplRy8Thhz0Ps/getUpdates "HTTP/1.1 200 OK"
2025-05-23 14:58:26,431 - httpx - INFO - HTTP Request: POST https://api.telegram.org/bot7093436536:AAEvjyOBDmUYkoOkO2zxZnzplRy8Thhz0Ps/getUpdates "HTTP/1.1 200 OK"
2025-05-23 14:58:36,515 - httpx - INFO - HTTP Request: POST https://api.telegram.org/bot7093436536:AAEvjyOBDmUYkoOkO2zxZnzplRy8Thhz0Ps/getUpdates "HTTP/1.1 200 OK"
2025-05-23 14:58:46,610 - httpx - INFO - HTTP Request: POST https://api.telegram.org/bot7093436536:AAEvjyOBDmUYkoOkO2zxZnzplRy8Thhz0Ps/getUpdates "HTTP/1.1 200 OK"
2025-05-23 14:58:56,694 - httpx - INFO - HTTP Request: POST https://api.telegram.org/bot7093436536:AAEvjyOBDmUYkoOkO2zxZnzplRy8Thhz0Ps/getUpdates "HTTP/1.1 200 OK"
2025-05-23 14:59:06,778 - httpx - INFO - HTTP Request: POST https://api.telegram.org/bot7093436536:AAEvjyOBDmUYkoOkO2zxZnzplRy8Thhz0Ps/getUpdates "HTTP/1.1 200 OK"
2025-05-23 14:59:16,864 - httpx - INFO - HTTP Request: POST https://api.telegram.org/bot7093436536:AAEvjyOBDmUYkoOkO2zxZnzplRy8Thhz0Ps/getUpdates "HTTP/1.1 200 OK"
2025-05-23 14:59:26,949 - httpx - INFO - HTTP Request: POST https://api.telegram.org/bot7093436536:AAEvjyOBDmUYkoOkO2zxZnzplRy8Thhz0Ps/getUpdates "HTTP/1.1 200 OK"
2025-05-23 14:59:37,040 - httpx - INFO - HTTP Request: POST https://api.telegram.org/bot7093436536:AAEvjyOBDmUYkoOkO2zxZnzplRy8Thhz0Ps/getUpdates "HTTP/1.1 200 OK"
2025-05-23 14:59:47,127 - httpx - INFO - HTTP Request: POST https://api.telegram.org/bot7093436536:AAEvjyOBDmUYkoOkO2zxZnzplRy8Thhz0Ps/getUpdates "HTTP/1.1 200 OK"
2025-05-23 14:59:57,211 - httpx - INFO - HTTP Request: POST https://api.telegram.org/bot7093436536:AAEvjyOBDmUYkoOkO2zxZnzplRy8Thhz0Ps/getUpdates "HTTP/1.1 200 OK"
2025-05-23 15:00:07,297 - httpx - INFO - HTTP Request: POST https://api.telegram.org/bot7093436536:AAEvjyOBDmUYkoOkO2zxZnzplRy8Thhz0Ps/getUpdates "HTTP/1.1 200 OK"
2025-05-23 15:00:17,383 - httpx - INFO - HTTP Request: POST https://api.telegram.org/bot7093436536:AAEvjyOBDmUYkoOkO2zxZnzplRy8Thhz0Ps/getUpdates "HTTP/1.1 200 OK"
2025-05-23 15:00:27,468 - httpx - INFO - HTTP Request: POST https://api.telegram.org/bot7093436536:AAEvjyOBDmUYkoOkO2zxZnzplRy8Thhz0Ps/getUpdates "HTTP/1.1 200 OK"
2025-05-23 15:00:37,553 - httpx - INFO - HTTP Request: POST https://api.telegram.org/bot7093436536:AAEvjyOBDmUYkoOkO2zxZnzplRy8Thhz0Ps/getUpdates "HTTP/1.1 200 OK"
2025-05-23 15:00:47,638 - httpx - INFO - HTTP Request: POST https://api.telegram.org/bot7093436536:AAEvjyOBDmUYkoOkO2zxZnzplRy8Thhz0Ps/getUpdates "HTTP/1.1 200 OK"
2025-05-23 15:00:57,724 - httpx - INFO - HTTP Request: POST https://api.telegram.org/bot7093436536:AAEvjyOBDmUYkoOkO2zxZnzplRy8Thhz0Ps/getUpdates "HTTP/1.1 200 OK"
2025-05-23 15:01:07,811 - httpx - INFO - HTTP Request: POST https://api.telegram.org/bot7093436536:AAEvjyOBDmUYkoOkO2zxZnzplRy8Thhz0Ps/getUpdates "HTTP/1.1 200 OK"
2025-05-23 15:01:17,895 - httpx - INFO - HTTP Request: POST https://api.telegram.org/bot7093436536:AAEvjyOBDmUYkoOkO2zxZnzplRy8Thhz0Ps/getUpdates "HTTP/1.1 200 OK"
2025-05-23 15:01:27,984 - httpx - INFO - HTTP Request: POST https://api.telegram.org/bot7093436536:AAEvjyOBDmUYkoOkO2zxZnzplRy8Thhz0Ps/getUpdates "HTTP/1.1 200 OK"
2025-05-23 15:01:38,070 - httpx - INFO - HTTP Request: POST https://api.telegram.org/bot7093436536:AAEvjyOBDmUYkoOkO2zxZnzplRy8Thhz0Ps/getUpdates "HTTP/1.1 200 OK"
2025-05-23 15:01:48,155 - httpx - INFO - HTTP Request: POST https://api.telegram.org/bot7093436536:AAEvjyOBDmUYkoOkO2zxZnzplRy8Thhz0Ps/getUpdates "HTTP/1.1 200 OK"
2025-05-23 15:01:58,240 - httpx - INFO - HTTP Request: POST https://api.telegram.org/bot7093436536:AAEvjyOBDmUYkoOkO2zxZnzplRy8Thhz0Ps/getUpdates "HTTP/1.1 200 OK"
2025-05-23 15:02:08,324 - httpx - INFO - HTTP Request: POST https://api.telegram.org/bot7093436536:AAEvjyOBDmUYkoOkO2zxZnzplRy8Thhz0Ps/getUpdates "HTTP/1.1 200 OK"
2025-05-23 15:02:18,414 - httpx - INFO - HTTP Request: POST https://api.telegram.org/bot7093436536:AAEvjyOBDmUYkoOkO2zxZnzplRy8Thhz0Ps/getUpdates "HTTP/1.1 200 OK"
2025-05-23 15:02:28,499 - httpx - INFO - HTTP Request: POST https://api.telegram.org/bot7093436536:AAEvjyOBDmUYkoOkO2zxZnzplRy8Thhz0Ps/getUpdates "HTTP/1.1 200 OK"
2025-05-23 15:02:38,583 - httpx - INFO - HTTP Request: POST https://api.telegram.org/bot7093436536:AAEvjyOBDmUYkoOkO2zxZnzplRy8Thhz0Ps/getUpdates "HTTP/1.1 200 OK"
2025-05-23 15:02:48,668 - httpx - INFO - HTTP Request: POST https://api.telegram.org/bot7093436536:AAEvjyOBDmUYkoOkO2zxZnzplRy8Thhz0Ps/getUpdates "HTTP/1.1 200 OK"
2025-05-23 15:02:58,754 - httpx - INFO - HTTP Request: POST https://api.telegram.org/bot7093436536:AAEvjyOBDmUYkoOkO2zxZnzplRy8Thhz0Ps/getUpdates "HTTP/1.1 200 OK"
2025-05-23 15:03:08,842 - httpx - INFO - HTTP Request: POST https://api.telegram.org/bot7093436536:AAEvjyOBDmUYkoOkO2zxZnzplRy8Thhz0Ps/getUpdates "HTTP/1.1 200 OK"
2025-05-23 15:03:18,926 - httpx - INFO - HTTP Request: POST https://api.telegram.org/bot7093436536:AAEvjyOBDmUYkoOkO2zxZnzplRy8Thhz0Ps/getUpdates "HTTP/1.1 200 OK"
2025-05-23 15:03:29,014 - httpx - INFO - HTTP Request: POST https://api.telegram.org/bot7093436536:AAEvjyOBDmUYkoOkO2zxZnzplRy8Thhz0Ps/getUpdates "HTTP/1.1 200 OK"
2025-05-23 15:03:39,098 - httpx - INFO - HTTP Request: POST https://api.telegram.org/bot7093436536:AAEvjyOBDmUYkoOkO2zxZnzplRy8Thhz0Ps/getUpdates "HTTP/1.1 200 OK"
2025-05-23 15:03:49,183 - httpx - INFO - HTTP Request: POST https://api.telegram.org/bot7093436536:AAEvjyOBDmUYkoOkO2zxZnzplRy8Thhz0Ps/getUpdates "HTTP/1.1 200 OK"
2025-05-23 15:03:59,267 - httpx - INFO - HTTP Request: POST https://api.telegram.org/bot7093436536:AAEvjyOBDmUYkoOkO2zxZnzplRy8Thhz0Ps/getUpdates "HTTP/1.1 200 OK"
2025-05-23 15:04:09,352 - httpx - INFO - HTTP Request: POST https://api.telegram.org/bot7093436536:AAEvjyOBDmUYkoOkO2zxZnzplRy8Thhz0Ps/getUpdates "HTTP/1.1 200 OK"
2025-05-23 15:04:19,451 - httpx - INFO - HTTP Request: POST https://api.telegram.org/bot7093436536:AAEvjyOBDmUYkoOkO2zxZnzplRy8Thhz0Ps/getUpdates "HTTP/1.1 200 OK"
2025-05-23 15:04:29,536 - httpx - INFO - HTTP Request: POST https://api.telegram.org/bot7093436536:AAEvjyOBDmUYkoOkO2zxZnzplRy8Thhz0Ps/getUpdates "HTTP/1.1 200 OK"
2025-05-23 15:04:39,620 - httpx - INFO - HTTP Request: POST https://api.telegram.org/bot7093436536:AAEvjyOBDmUYkoOkO2zxZnzplRy8Thhz0Ps/getUpdates "HTTP/1.1 200 OK"
2025-05-23 15:04:49,707 - httpx - INFO - HTTP Request: POST https://api.telegram.org/bot7093436536:AAEvjyOBDmUYkoOkO2zxZnzplRy8Thhz0Ps/getUpdates "HTTP/1.1 200 OK"
2025-05-23 15:04:59,794 - httpx - INFO - HTTP Request: POST https://api.telegram.org/bot7093436536:AAEvjyOBDmUYkoOkO2zxZnzplRy8Thhz0Ps/getUpdates "HTTP/1.1 200 OK"
2025-05-23 15:05:09,878 - httpx - INFO - HTTP Request: POST https://api.telegram.org/bot7093436536:AAEvjyOBDmUYkoOkO2zxZnzplRy8Thhz0Ps/getUpdates "HTTP/1.1 200 OK"
2025-05-23 15:05:19,963 - httpx - INFO - HTTP Request: POST https://api.telegram.org/bot7093436536:AAEvjyOBDmUYkoOkO2zxZnzplRy8Thhz0Ps/getUpdates "HTTP/1.1 200 OK"
2025-05-23 15:05:30,048 - httpx - INFO - HTTP Request: POST https://api.telegram.org/bot7093436536:AAEvjyOBDmUYkoOkO2zxZnzplRy8Thhz0Ps/getUpdates "HTTP/1.1 200 OK"
2025-05-23 15:05:40,133 - httpx - INFO - HTTP Request: POST https://api.telegram.org/bot7093436536:AAEvjyOBDmUYkoOkO2zxZnzplRy8Thhz0Ps/getUpdates "HTTP/1.1 200 OK"
2025-05-23 15:05:50,218 - httpx - INFO - HTTP Request: POST https://api.telegram.org/bot7093436536:AAEvjyOBDmUYkoOkO2zxZnzplRy8Thhz0Ps/getUpdates "HTTP/1.1 200 OK"
2025-05-23 15:06:00,303 - httpx - INFO - HTTP Request: POST https://api.telegram.org/bot7093436536:AAEvjyOBDmUYkoOkO2zxZnzplRy8Thhz0Ps/getUpdates "HTTP/1.1 200 OK"
2025-05-23 15:06:10,387 - httpx - INFO - HTTP Request: POST https://api.telegram.org/bot7093436536:AAEvjyOBDmUYkoOkO2zxZnzplRy8Thhz0Ps/getUpdates "HTTP/1.1 200 OK"
2025-05-23 15:06:20,473 - httpx - INFO - HTTP Request: POST https://api.telegram.org/bot7093436536:AAEvjyOBDmUYkoOkO2zxZnzplRy8Thhz0Ps/getUpdates "HTTP/1.1 200 OK"
2025-05-23 15:06:30,557 - httpx - INFO - HTTP Request: POST https://api.telegram.org/bot7093436536:AAEvjyOBDmUYkoOkO2zxZnzplRy8Thhz0Ps/getUpdates "HTTP/1.1 200 OK"
2025-05-23 15:06:40,643 - httpx - INFO - HTTP Request: POST https://api.telegram.org/bot7093436536:AAEvjyOBDmUYkoOkO2zxZnzplRy8Thhz0Ps/getUpdates "HTTP/1.1 200 OK"
2025-05-23 15:06:50,729 - httpx - INFO - HTTP Request: POST https://api.telegram.org/bot7093436536:AAEvjyOBDmUYkoOkO2zxZnzplRy8Thhz0Ps/getUpdates "HTTP/1.1 200 OK"
2025-05-23 15:07:00,812 - httpx - INFO - HTTP Request: POST https://api.telegram.org/bot7093436536:AAEvjyOBDmUYkoOkO2zxZnzplRy8Thhz0Ps/getUpdates "HTTP/1.1 200 OK"
2025-05-23 15:07:10,896 - httpx - INFO - HTTP Request: POST https://api.telegram.org/bot7093436536:AAEvjyOBDmUYkoOkO2zxZnzplRy8Thhz0Ps/getUpdates "HTTP/1.1 200 OK"
2025-05-23 15:07:20,981 - httpx - INFO - HTTP Request: POST https://api.telegram.org/bot7093436536:AAEvjyOBDmUYkoOkO2zxZnzplRy8Thhz0Ps/getUpdates "HTTP/1.1 200 OK"
2025-05-23 15:07:31,070 - httpx - INFO - HTTP Request: POST https://api.telegram.org/bot7093436536:AAEvjyOBDmUYkoOkO2zxZnzplRy8Thhz0Ps/getUpdates "HTTP/1.1 200 OK"
2025-05-23 15:07:41,154 - httpx - INFO - HTTP Request: POST https://api.telegram.org/bot7093436536:AAEvjyOBDmUYkoOkO2zxZnzplRy8Thhz0Ps/getUpdates "HTTP/1.1 200 OK"
2025-05-23 15:07:51,239 - httpx - INFO - HTTP Request: POST https://api.telegram.org/bot7093436536:AAEvjyOBDmUYkoOkO2zxZnzplRy8Thhz0Ps/getUpdates "HTTP/1.1 200 OK"
2025-05-23 15:08:01,323 - httpx - INFO - HTTP Request: POST https://api.telegram.org/bot7093436536:AAEvjyOBDmUYkoOkO2zxZnzplRy8Thhz0Ps/getUpdates "HTTP/1.1 200 OK"
2025-05-23 15:08:11,407 - httpx - INFO - HTTP Request: POST https://api.telegram.org/bot7093436536:AAEvjyOBDmUYkoOkO2zxZnzplRy8Thhz0Ps/getUpdates "HTTP/1.1 200 OK"
2025-05-23 15:08:21,491 - httpx - INFO - HTTP Request: POST https://api.telegram.org/bot7093436536:AAEvjyOBDmUYkoOkO2zxZnzplRy8Thhz0Ps/getUpdates "HTTP/1.1 200 OK"
2025-05-23 15:08:31,575 - httpx - INFO - HTTP Request: POST https://api.telegram.org/bot7093436536:AAEvjyOBDmUYkoOkO2zxZnzplRy8Thhz0Ps/getUpdates "HTTP/1.1 200 OK"
2025-05-23 15:08:41,664 - httpx - INFO - HTTP Request: POST https://api.telegram.org/bot7093436536:AAEvjyOBDmUYkoOkO2zxZnzplRy8Thhz0Ps/getUpdates "HTTP/1.1 200 OK"
2025-05-23 15:08:51,749 - httpx - INFO - HTTP Request: POST https://api.telegram.org/bot7093436536:AAEvjyOBDmUYkoOkO2zxZnzplRy8Thhz0Ps/getUpdates "HTTP/1.1 200 OK"
2025-05-23 15:09:01,833 - httpx - INFO - HTTP Request: POST https://api.telegram.org/bot7093436536:AAEvjyOBDmUYkoOkO2zxZnzplRy8Thhz0Ps/getUpdates "HTTP/1.1 200 OK"
2025-05-23 15:09:11,917 - httpx - INFO - HTTP Request: POST https://api.telegram.org/bot7093436536:AAEvjyOBDmUYkoOkO2zxZnzplRy8Thhz0Ps/getUpdates "HTTP/1.1 200 OK"
2025-05-23 15:09:22,002 - httpx - INFO - HTTP Request: POST https://api.telegram.org/bot7093436536:AAEvjyOBDmUYkoOkO2zxZnzplRy8Thhz0Ps/getUpdates "HTTP/1.1 200 OK"
2025-05-23 15:09:32,109 - httpx - INFO - HTTP Request: POST https://api.telegram.org/bot7093436536:AAEvjyOBDmUYkoOkO2zxZnzplRy8Thhz0Ps/getUpdates "HTTP/1.1 200 OK"
2025-05-23 15:09:42,196 - httpx - INFO - HTTP Request: POST https://api.telegram.org/bot7093436536:AAEvjyOBDmUYkoOkO2zxZnzplRy8Thhz0Ps/getUpdates "HTTP/1.1 200 OK"
2025-05-23 15:09:52,280 - httpx - INFO - HTTP Request: POST https://api.telegram.org/bot7093436536:AAEvjyOBDmUYkoOkO2zxZnzplRy8Thhz0Ps/getUpdates "HTTP/1.1 200 OK"
2025-05-23 15:10:02,366 - httpx - INFO - HTTP Request: POST https://api.telegram.org/bot7093436536:AAEvjyOBDmUYkoOkO2zxZnzplRy8Thhz0Ps/getUpdates "HTTP/1.1 200 OK"
2025-05-23 15:10:12,454 - httpx - INFO - HTTP Request: POST https://api.telegram.org/bot7093436536:AAEvjyOBDmUYkoOkO2zxZnzplRy8Thhz0Ps/getUpdates "HTTP/1.1 200 OK"
2025-05-23 15:10:22,545 - httpx - INFO - HTTP Request: POST https://api.telegram.org/bot7093436536:AAEvjyOBDmUYkoOkO2zxZnzplRy8Thhz0Ps/getUpdates "HTTP/1.1 200 OK"
2025-05-23 15:10:32,630 - httpx - INFO - HTTP Request: POST https://api.telegram.org/bot7093436536:AAEvjyOBDmUYkoOkO2zxZnzplRy8Thhz0Ps/getUpdates "HTTP/1.1 200 OK"
2025-05-23 15:10:42,715 - httpx - INFO - HTTP Request: POST https://api.telegram.org/bot7093436536:AAEvjyOBDmUYkoOkO2zxZnzplRy8Thhz0Ps/getUpdates "HTTP/1.1 200 OK"
2025-05-23 15:10:52,800 - httpx - INFO - HTTP Request: POST https://api.telegram.org/bot7093436536:AAEvjyOBDmUYkoOkO2zxZnzplRy8Thhz0Ps/getUpdates "HTTP/1.1 200 OK"
2025-05-23 15:11:02,886 - httpx - INFO - HTTP Request: POST https://api.telegram.org/bot7093436536:AAEvjyOBDmUYkoOkO2zxZnzplRy8Thhz0Ps/getUpdates "HTTP/1.1 200 OK"
2025-05-23 15:11:12,972 - httpx - INFO - HTTP Request: POST https://api.telegram.org/bot7093436536:AAEvjyOBDmUYkoOkO2zxZnzplRy8Thhz0Ps/getUpdates "HTTP/1.1 200 OK"
2025-05-23 15:11:23,056 - httpx - INFO - HTTP Request: POST https://api.telegram.org/bot7093436536:AAEvjyOBDmUYkoOkO2zxZnzplRy8Thhz0Ps/getUpdates "HTTP/1.1 200 OK"
2025-05-23 15:11:33,142 - httpx - INFO - HTTP Request: POST https://api.telegram.org/bot7093436536:AAEvjyOBDmUYkoOkO2zxZnzplRy8Thhz0Ps/getUpdates "HTTP/1.1 200 OK"
2025-05-23 15:11:43,227 - httpx - INFO - HTTP Request: POST https://api.telegram.org/bot7093436536:AAEvjyOBDmUYkoOkO2zxZnzplRy8Thhz0Ps/getUpdates "HTTP/1.1 200 OK"
2025-05-23 15:11:53,310 - httpx - INFO - HTTP Request: POST https://api.telegram.org/bot7093436536:AAEvjyOBDmUYkoOkO2zxZnzplRy8Thhz0Ps/getUpdates "HTTP/1.1 200 OK"
2025-05-23 15:12:03,395 - httpx - INFO - HTTP Request: POST https://api.telegram.org/bot7093436536:AAEvjyOBDmUYkoOkO2zxZnzplRy8Thhz0Ps/getUpdates "HTTP/1.1 200 OK"
2025-05-23 15:12:13,483 - httpx - INFO - HTTP Request: POST https://api.telegram.org/bot7093436536:AAEvjyOBDmUYkoOkO2zxZnzplRy8Thhz0Ps/getUpdates "HTTP/1.1 200 OK"
2025-05-23 15:12:23,567 - httpx - INFO - HTTP Request: POST https://api.telegram.org/bot7093436536:AAEvjyOBDmUYkoOkO2zxZnzplRy8Thhz0Ps/getUpdates "HTTP/1.1 200 OK"
2025-05-23 15:12:33,674 - httpx - INFO - HTTP Request: POST https://api.telegram.org/bot7093436536:AAEvjyOBDmUYkoOkO2zxZnzplRy8Thhz0Ps/getUpdates "HTTP/1.1 200 OK"
2025-05-23 15:12:43,760 - httpx - INFO - HTTP Request: POST https://api.telegram.org/bot7093436536:AAEvjyOBDmUYkoOkO2zxZnzplRy8Thhz0Ps/getUpdates "HTTP/1.1 200 OK"
2025-05-23 15:12:53,845 - httpx - INFO - HTTP Request: POST https://api.telegram.org/bot7093436536:AAEvjyOBDmUYkoOkO2zxZnzplRy8Thhz0Ps/getUpdates "HTTP/1.1 200 OK"
2025-05-23 15:13:03,933 - httpx - INFO - HTTP Request: POST https://api.telegram.org/bot7093436536:AAEvjyOBDmUYkoOkO2zxZnzplRy8Thhz0Ps/getUpdates "HTTP/1.1 200 OK"
2025-05-23 15:13:14,045 - httpx - INFO - HTTP Request: POST https://api.telegram.org/bot7093436536:AAEvjyOBDmUYkoOkO2zxZnzplRy8Thhz0Ps/getUpdates "HTTP/1.1 200 OK"
2025-05-23 15:13:24,130 - httpx - INFO - HTTP Request: POST https://api.telegram.org/bot7093436536:AAEvjyOBDmUYkoOkO2zxZnzplRy8Thhz0Ps/getUpdates "HTTP/1.1 200 OK"
2025-05-23 15:13:34,214 - httpx - INFO - HTTP Request: POST https://api.telegram.org/bot7093436536:AAEvjyOBDmUYkoOkO2zxZnzplRy8Thhz0Ps/getUpdates "HTTP/1.1 200 OK"
2025-05-23 15:13:44,477 - httpx - INFO - HTTP Request: POST https://api.telegram.org/bot7093436536:AAEvjyOBDmUYkoOkO2zxZnzplRy8Thhz0Ps/getUpdates "HTTP/1.1 200 OK"
2025-05-23 15:13:54,565 - httpx - INFO - HTTP Request: POST https://api.telegram.org/bot7093436536:AAEvjyOBDmUYkoOkO2zxZnzplRy8Thhz0Ps/getUpdates "HTTP/1.1 200 OK"
2025-05-23 15:14:04,653 - httpx - INFO - HTTP Request: POST https://api.telegram.org/bot7093436536:AAEvjyOBDmUYkoOkO2zxZnzplRy8Thhz0Ps/getUpdates "HTTP/1.1 200 OK"
2025-05-23 15:14:14,740 - httpx - INFO - HTTP Request: POST https://api.telegram.org/bot7093436536:AAEvjyOBDmUYkoOkO2zxZnzplRy8Thhz0Ps/getUpdates "HTTP/1.1 200 OK"
2025-05-23 15:14:24,828 - httpx - INFO - HTTP Request: POST https://api.telegram.org/bot7093436536:AAEvjyOBDmUYkoOkO2zxZnzplRy8Thhz0Ps/getUpdates "HTTP/1.1 200 OK"
2025-05-23 15:14:34,915 - httpx - INFO - HTTP Request: POST https://api.telegram.org/bot7093436536:AAEvjyOBDmUYkoOkO2zxZnzplRy8Thhz0Ps/getUpdates "HTTP/1.1 200 OK"
2025-05-23 15:14:45,001 - httpx - INFO - HTTP Request: POST https://api.telegram.org/bot7093436536:AAEvjyOBDmUYkoOkO2zxZnzplRy8Thhz0Ps/getUpdates "HTTP/1.1 200 OK"
2025-05-23 15:14:55,088 - httpx - INFO - HTTP Request: POST https://api.telegram.org/bot7093436536:AAEvjyOBDmUYkoOkO2zxZnzplRy8Thhz0Ps/getUpdates "HTTP/1.1 200 OK"
2025-05-23 15:15:05,176 - httpx - INFO - HTTP Request: POST https://api.telegram.org/bot7093436536:AAEvjyOBDmUYkoOkO2zxZnzplRy8Thhz0Ps/getUpdates "HTTP/1.1 200 OK"
2025-05-23 15:15:15,264 - httpx - INFO - HTTP Request: POST https://api.telegram.org/bot7093436536:AAEvjyOBDmUYkoOkO2zxZnzplRy8Thhz0Ps/getUpdates "HTTP/1.1 200 OK"
2025-05-23 15:15:25,351 - httpx - INFO - HTTP Request: POST https://api.telegram.org/bot7093436536:AAEvjyOBDmUYkoOkO2zxZnzplRy8Thhz0Ps/getUpdates "HTTP/1.1 200 OK"
2025-05-23 15:15:35,440 - httpx - INFO - HTTP Request: POST https://api.telegram.org/bot7093436536:AAEvjyOBDmUYkoOkO2zxZnzplRy8Thhz0Ps/getUpdates "HTTP/1.1 200 OK"
2025-05-23 15:15:45,526 - httpx - INFO - HTTP Request: POST https://api.telegram.org/bot7093436536:AAEvjyOBDmUYkoOkO2zxZnzplRy8Thhz0Ps/getUpdates "HTTP/1.1 200 OK"
2025-05-23 15:15:55,613 - httpx - INFO - HTTP Request: POST https://api.telegram.org/bot7093436536:AAEvjyOBDmUYkoOkO2zxZnzplRy8Thhz0Ps/getUpdates "HTTP/1.1 200 OK"
2025-05-23 15:16:05,700 - httpx - INFO - HTTP Request: POST https://api.telegram.org/bot7093436536:AAEvjyOBDmUYkoOkO2zxZnzplRy8Thhz0Ps/getUpdates "HTTP/1.1 200 OK"
2025-05-23 15:16:15,787 - httpx - INFO - HTTP Request: POST https://api.telegram.org/bot7093436536:AAEvjyOBDmUYkoOkO2zxZnzplRy8Thhz0Ps/getUpdates "HTTP/1.1 200 OK"
2025-05-23 15:16:25,875 - httpx - INFO - HTTP Request: POST https://api.telegram.org/bot7093436536:AAEvjyOBDmUYkoOkO2zxZnzplRy8Thhz0Ps/getUpdates "HTTP/1.1 200 OK"
2025-05-23 15:16:35,962 - httpx - INFO - HTTP Request: POST https://api.telegram.org/bot7093436536:AAEvjyOBDmUYkoOkO2zxZnzplRy8Thhz0Ps/getUpdates "HTTP/1.1 200 OK"
2025-05-23 15:16:46,049 - httpx - INFO - HTTP Request: POST https://api.telegram.org/bot7093436536:AAEvjyOBDmUYkoOkO2zxZnzplRy8Thhz0Ps/getUpdates "HTTP/1.1 200 OK"
2025-05-23 15:16:56,137 - httpx - INFO - HTTP Request: POST https://api.telegram.org/bot7093436536:AAEvjyOBDmUYkoOkO2zxZnzplRy8Thhz0Ps/getUpdates "HTTP/1.1 200 OK"
2025-05-23 15:17:06,225 - httpx - INFO - HTTP Request: POST https://api.telegram.org/bot7093436536:AAEvjyOBDmUYkoOkO2zxZnzplRy8Thhz0Ps/getUpdates "HTTP/1.1 200 OK"
2025-05-23 15:17:16,312 - httpx - INFO - HTTP Request: POST https://api.telegram.org/bot7093436536:AAEvjyOBDmUYkoOkO2zxZnzplRy8Thhz0Ps/getUpdates "HTTP/1.1 200 OK"
2025-05-23 15:17:26,399 - httpx - INFO - HTTP Request: POST https://api.telegram.org/bot7093436536:AAEvjyOBDmUYkoOkO2zxZnzplRy8Thhz0Ps/getUpdates "HTTP/1.1 200 OK"
2025-05-23 15:17:36,486 - httpx - INFO - HTTP Request: POST https://api.telegram.org/bot7093436536:AAEvjyOBDmUYkoOkO2zxZnzplRy8Thhz0Ps/getUpdates "HTTP/1.1 200 OK"
2025-05-23 15:17:46,573 - httpx - INFO - HTTP Request: POST https://api.telegram.org/bot7093436536:AAEvjyOBDmUYkoOkO2zxZnzplRy8Thhz0Ps/getUpdates "HTTP/1.1 200 OK"
2025-05-23 15:17:56,660 - httpx - INFO - HTTP Request: POST https://api.telegram.org/bot7093436536:AAEvjyOBDmUYkoOkO2zxZnzplRy8Thhz0Ps/getUpdates "HTTP/1.1 200 OK"
2025-05-23 15:18:06,748 - httpx - INFO - HTTP Request: POST https://api.telegram.org/bot7093436536:AAEvjyOBDmUYkoOkO2zxZnzplRy8Thhz0Ps/getUpdates "HTTP/1.1 200 OK"
2025-05-23 15:18:16,837 - httpx - INFO - HTTP Request: POST https://api.telegram.org/bot7093436536:AAEvjyOBDmUYkoOkO2zxZnzplRy8Thhz0Ps/getUpdates "HTTP/1.1 200 OK"
2025-05-23 15:18:26,924 - httpx - INFO - HTTP Request: POST https://api.telegram.org/bot7093436536:AAEvjyOBDmUYkoOkO2zxZnzplRy8Thhz0Ps/getUpdates "HTTP/1.1 200 OK"
2025-05-23 15:18:37,012 - httpx - INFO - HTTP Request: POST https://api.telegram.org/bot7093436536:AAEvjyOBDmUYkoOkO2zxZnzplRy8Thhz0Ps/getUpdates "HTTP/1.1 200 OK"
2025-05-23 15:18:47,099 - httpx - INFO - HTTP Request: POST https://api.telegram.org/bot7093436536:AAEvjyOBDmUYkoOkO2zxZnzplRy8Thhz0Ps/getUpdates "HTTP/1.1 200 OK"
2025-05-23 15:18:57,188 - httpx - INFO - HTTP Request: POST https://api.telegram.org/bot7093436536:AAEvjyOBDmUYkoOkO2zxZnzplRy8Thhz0Ps/getUpdates "HTTP/1.1 200 OK"
2025-05-23 15:19:07,275 - httpx - INFO - HTTP Request: POST https://api.telegram.org/bot7093436536:AAEvjyOBDmUYkoOkO2zxZnzplRy8Thhz0Ps/getUpdates "HTTP/1.1 200 OK"
2025-05-23 15:19:17,362 - httpx - INFO - HTTP Request: POST https://api.telegram.org/bot7093436536:AAEvjyOBDmUYkoOkO2zxZnzplRy8Thhz0Ps/getUpdates "HTTP/1.1 200 OK"
2025-05-23 15:19:27,448 - httpx - INFO - HTTP Request: POST https://api.telegram.org/bot7093436536:AAEvjyOBDmUYkoOkO2zxZnzplRy8Thhz0Ps/getUpdates "HTTP/1.1 200 OK"
2025-05-23 15:19:37,535 - httpx - INFO - HTTP Request: POST https://api.telegram.org/bot7093436536:AAEvjyOBDmUYkoOkO2zxZnzplRy8Thhz0Ps/getUpdates "HTTP/1.1 200 OK"
2025-05-23 15:19:47,622 - httpx - INFO - HTTP Request: POST https://api.telegram.org/bot7093436536:AAEvjyOBDmUYkoOkO2zxZnzplRy8Thhz0Ps/getUpdates "HTTP/1.1 200 OK"
2025-05-23 15:19:57,709 - httpx - INFO - HTTP Request: POST https://api.telegram.org/bot7093436536:AAEvjyOBDmUYkoOkO2zxZnzplRy8Thhz0Ps/getUpdates "HTTP/1.1 200 OK"
2025-05-23 15:20:07,798 - httpx - INFO - HTTP Request: POST https://api.telegram.org/bot7093436536:AAEvjyOBDmUYkoOkO2zxZnzplRy8Thhz0Ps/getUpdates "HTTP/1.1 200 OK"
2025-05-23 15:20:17,884 - httpx - INFO - HTTP Request: POST https://api.telegram.org/bot7093436536:AAEvjyOBDmUYkoOkO2zxZnzplRy8Thhz0Ps/getUpdates "HTTP/1.1 200 OK"
2025-05-23 15:20:27,973 - httpx - INFO - HTTP Request: POST https://api.telegram.org/bot7093436536:AAEvjyOBDmUYkoOkO2zxZnzplRy8Thhz0Ps/getUpdates "HTTP/1.1 200 OK"
2025-05-23 15:20:38,059 - httpx - INFO - HTTP Request: POST https://api.telegram.org/bot7093436536:AAEvjyOBDmUYkoOkO2zxZnzplRy8Thhz0Ps/getUpdates "HTTP/1.1 200 OK"
2025-05-23 15:20:48,147 - httpx - INFO - HTTP Request: POST https://api.telegram.org/bot7093436536:AAEvjyOBDmUYkoOkO2zxZnzplRy8Thhz0Ps/getUpdates "HTTP/1.1 200 OK"
2025-05-23 15:20:58,233 - httpx - INFO - HTTP Request: POST https://api.telegram.org/bot7093436536:AAEvjyOBDmUYkoOkO2zxZnzplRy8Thhz0Ps/getUpdates "HTTP/1.1 200 OK"
2025-05-23 15:21:08,322 - httpx - INFO - HTTP Request: POST https://api.telegram.org/bot7093436536:AAEvjyOBDmUYkoOkO2zxZnzplRy8Thhz0Ps/getUpdates "HTTP/1.1 200 OK"
2025-05-23 15:21:18,408 - httpx - INFO - HTTP Request: POST https://api.telegram.org/bot7093436536:AAEvjyOBDmUYkoOkO2zxZnzplRy8Thhz0Ps/getUpdates "HTTP/1.1 200 OK"
2025-05-23 15:21:28,496 - httpx - INFO - HTTP Request: POST https://api.telegram.org/bot7093436536:AAEvjyOBDmUYkoOkO2zxZnzplRy8Thhz0Ps/getUpdates "HTTP/1.1 200 OK"
2025-05-23 15:21:38,584 - httpx - INFO - HTTP Request: POST https://api.telegram.org/bot7093436536:AAEvjyOBDmUYkoOkO2zxZnzplRy8Thhz0Ps/getUpdates "HTTP/1.1 200 OK"
2025-05-23 15:21:48,672 - httpx - INFO - HTTP Request: POST https://api.telegram.org/bot7093436536:AAEvjyOBDmUYkoOkO2zxZnzplRy8Thhz0Ps/getUpdates "HTTP/1.1 200 OK"
2025-05-23 15:21:58,760 - httpx - INFO - HTTP Request: POST https://api.telegram.org/bot7093436536:AAEvjyOBDmUYkoOkO2zxZnzplRy8Thhz0Ps/getUpdates "HTTP/1.1 200 OK"
2025-05-23 15:22:08,848 - httpx - INFO - HTTP Request: POST https://api.telegram.org/bot7093436536:AAEvjyOBDmUYkoOkO2zxZnzplRy8Thhz0Ps/getUpdates "HTTP/1.1 200 OK"
2025-05-23 15:22:18,935 - httpx - INFO - HTTP Request: POST https://api.telegram.org/bot7093436536:AAEvjyOBDmUYkoOkO2zxZnzplRy8Thhz0Ps/getUpdates "HTTP/1.1 200 OK"
2025-05-23 15:22:29,022 - httpx - INFO - HTTP Request: POST https://api.telegram.org/bot7093436536:AAEvjyOBDmUYkoOkO2zxZnzplRy8Thhz0Ps/getUpdates "HTTP/1.1 200 OK"
2025-05-23 15:22:39,109 - httpx - INFO - HTTP Request: POST https://api.telegram.org/bot7093436536:AAEvjyOBDmUYkoOkO2zxZnzplRy8Thhz0Ps/getUpdates "HTTP/1.1 200 OK"
2025-05-23 15:22:49,197 - httpx - INFO - HTTP Request: POST https://api.telegram.org/bot7093436536:AAEvjyOBDmUYkoOkO2zxZnzplRy8Thhz0Ps/getUpdates "HTTP/1.1 200 OK"
2025-05-23 15:22:59,284 - httpx - INFO - HTTP Request: POST https://api.telegram.org/bot7093436536:AAEvjyOBDmUYkoOkO2zxZnzplRy8Thhz0Ps/getUpdates "HTTP/1.1 200 OK"
2025-05-23 15:23:09,371 - httpx - INFO - HTTP Request: POST https://api.telegram.org/bot7093436536:AAEvjyOBDmUYkoOkO2zxZnzplRy8Thhz0Ps/getUpdates "HTTP/1.1 200 OK"
2025-05-23 15:23:19,460 - httpx - INFO - HTTP Request: POST https://api.telegram.org/bot7093436536:AAEvjyOBDmUYkoOkO2zxZnzplRy8Thhz0Ps/getUpdates "HTTP/1.1 200 OK"
2025-05-23 15:23:29,547 - httpx - INFO - HTTP Request: POST https://api.telegram.org/bot7093436536:AAEvjyOBDmUYkoOkO2zxZnzplRy8Thhz0Ps/getUpdates "HTTP/1.1 200 OK"
2025-05-23 15:23:39,635 - httpx - INFO - HTTP Request: POST https://api.telegram.org/bot7093436536:AAEvjyOBDmUYkoOkO2zxZnzplRy8Thhz0Ps/getUpdates "HTTP/1.1 200 OK"
2025-05-23 15:23:49,722 - httpx - INFO - HTTP Request: POST https://api.telegram.org/bot7093436536:AAEvjyOBDmUYkoOkO2zxZnzplRy8Thhz0Ps/getUpdates "HTTP/1.1 200 OK"
2025-05-23 15:23:59,809 - httpx - INFO - HTTP Request: POST https://api.telegram.org/bot7093436536:AAEvjyOBDmUYkoOkO2zxZnzplRy8Thhz0Ps/getUpdates "HTTP/1.1 200 OK"
2025-05-23 15:24:09,897 - httpx - INFO - HTTP Request: POST https://api.telegram.org/bot7093436536:AAEvjyOBDmUYkoOkO2zxZnzplRy8Thhz0Ps/getUpdates "HTTP/1.1 200 OK"
2025-05-23 15:24:19,985 - httpx - INFO - HTTP Request: POST https://api.telegram.org/bot7093436536:AAEvjyOBDmUYkoOkO2zxZnzplRy8Thhz0Ps/getUpdates "HTTP/1.1 200 OK"
2025-05-23 15:24:30,076 - httpx - INFO - HTTP Request: POST https://api.telegram.org/bot7093436536:AAEvjyOBDmUYkoOkO2zxZnzplRy8Thhz0Ps/getUpdates "HTTP/1.1 200 OK"
2025-05-23 15:24:40,163 - httpx - INFO - HTTP Request: POST https://api.telegram.org/bot7093436536:AAEvjyOBDmUYkoOkO2zxZnzplRy8Thhz0Ps/getUpdates "HTTP/1.1 200 OK"
2025-05-23 15:24:50,252 - httpx - INFO - HTTP Request: POST https://api.telegram.org/bot7093436536:AAEvjyOBDmUYkoOkO2zxZnzplRy8Thhz0Ps/getUpdates "HTTP/1.1 200 OK"
2025-05-23 15:25:00,339 - httpx - INFO - HTTP Request: POST https://api.telegram.org/bot7093436536:AAEvjyOBDmUYkoOkO2zxZnzplRy8Thhz0Ps/getUpdates "HTTP/1.1 200 OK"
2025-05-23 15:25:10,426 - httpx - INFO - HTTP Request: POST https://api.telegram.org/bot7093436536:AAEvjyOBDmUYkoOkO2zxZnzplRy8Thhz0Ps/getUpdates "HTTP/1.1 200 OK"
2025-05-23 15:25:20,513 - httpx - INFO - HTTP Request: POST https://api.telegram.org/bot7093436536:AAEvjyOBDmUYkoOkO2zxZnzplRy8Thhz0Ps/getUpdates "HTTP/1.1 200 OK"
2025-05-23 15:25:30,600 - httpx - INFO - HTTP Request: POST https://api.telegram.org/bot7093436536:AAEvjyOBDmUYkoOkO2zxZnzplRy8Thhz0Ps/getUpdates "HTTP/1.1 200 OK"
2025-05-23 15:25:40,688 - httpx - INFO - HTTP Request: POST https://api.telegram.org/bot7093436536:AAEvjyOBDmUYkoOkO2zxZnzplRy8Thhz0Ps/getUpdates "HTTP/1.1 200 OK"
2025-05-23 15:25:50,775 - httpx - INFO - HTTP Request: POST https://api.telegram.org/bot7093436536:AAEvjyOBDmUYkoOkO2zxZnzplRy8Thhz0Ps/getUpdates "HTTP/1.1 200 OK"
2025-05-23 15:26:00,862 - httpx - INFO - HTTP Request: POST https://api.telegram.org/bot7093436536:AAEvjyOBDmUYkoOkO2zxZnzplRy8Thhz0Ps/getUpdates "HTTP/1.1 200 OK"
2025-05-23 15:26:10,950 - httpx - INFO - HTTP Request: POST https://api.telegram.org/bot7093436536:AAEvjyOBDmUYkoOkO2zxZnzplRy8Thhz0Ps/getUpdates "HTTP/1.1 200 OK"
2025-05-23 15:26:21,037 - httpx - INFO - HTTP Request: POST https://api.telegram.org/bot7093436536:AAEvjyOBDmUYkoOkO2zxZnzplRy8Thhz0Ps/getUpdates "HTTP/1.1 200 OK"
2025-05-23 15:26:31,126 - httpx - INFO - HTTP Request: POST https://api.telegram.org/bot7093436536:AAEvjyOBDmUYkoOkO2zxZnzplRy8Thhz0Ps/getUpdates "HTTP/1.1 200 OK"
2025-05-23 15:26:41,215 - httpx - INFO - HTTP Request: POST https://api.telegram.org/bot7093436536:AAEvjyOBDmUYkoOkO2zxZnzplRy8Thhz0Ps/getUpdates "HTTP/1.1 200 OK"
2025-05-23 15:26:51,303 - httpx - INFO - HTTP Request: POST https://api.telegram.org/bot7093436536:AAEvjyOBDmUYkoOkO2zxZnzplRy8Thhz0Ps/getUpdates "HTTP/1.1 200 OK"
2025-05-23 15:27:01,443 - httpx - INFO - HTTP Request: POST https://api.telegram.org/bot7093436536:AAEvjyOBDmUYkoOkO2zxZnzplRy8Thhz0Ps/getUpdates "HTTP/1.1 200 OK"
2025-05-23 15:27:11,535 - httpx - INFO - HTTP Request: POST https://api.telegram.org/bot7093436536:AAEvjyOBDmUYkoOkO2zxZnzplRy8Thhz0Ps/getUpdates "HTTP/1.1 200 OK"
2025-05-23 15:27:21,624 - httpx - INFO - HTTP Request: POST https://api.telegram.org/bot7093436536:AAEvjyOBDmUYkoOkO2zxZnzplRy8Thhz0Ps/getUpdates "HTTP/1.1 200 OK"
2025-05-23 15:27:31,713 - httpx - INFO - HTTP Request: POST https://api.telegram.org/bot7093436536:AAEvjyOBDmUYkoOkO2zxZnzplRy8Thhz0Ps/getUpdates "HTTP/1.1 200 OK"
2025-05-23 15:27:41,799 - httpx - INFO - HTTP Request: POST https://api.telegram.org/bot7093436536:AAEvjyOBDmUYkoOkO2zxZnzplRy8Thhz0Ps/getUpdates "HTTP/1.1 200 OK"
2025-05-23 15:27:51,887 - httpx - INFO - HTTP Request: POST https://api.telegram.org/bot7093436536:AAEvjyOBDmUYkoOkO2zxZnzplRy8Thhz0Ps/getUpdates "HTTP/1.1 200 OK"
2025-05-23 15:28:01,974 - httpx - INFO - HTTP Request: POST https://api.telegram.org/bot7093436536:AAEvjyOBDmUYkoOkO2zxZnzplRy8Thhz0Ps/getUpdates "HTTP/1.1 200 OK"
2025-05-23 15:28:12,067 - httpx - INFO - HTTP Request: POST https://api.telegram.org/bot7093436536:AAEvjyOBDmUYkoOkO2zxZnzplRy8Thhz0Ps/getUpdates "HTTP/1.1 200 OK"
2025-05-23 15:28:22,154 - httpx - INFO - HTTP Request: POST https://api.telegram.org/bot7093436536:AAEvjyOBDmUYkoOkO2zxZnzplRy8Thhz0Ps/getUpdates "HTTP/1.1 200 OK"
2025-05-23 15:28:32,243 - httpx - INFO - HTTP Request: POST https://api.telegram.org/bot7093436536:AAEvjyOBDmUYkoOkO2zxZnzplRy8Thhz0Ps/getUpdates "HTTP/1.1 200 OK"
2025-05-23 15:28:42,331 - httpx - INFO - HTTP Request: POST https://api.telegram.org/bot7093436536:AAEvjyOBDmUYkoOkO2zxZnzplRy8Thhz0Ps/getUpdates "HTTP/1.1 200 OK"
2025-05-23 15:28:52,420 - httpx - INFO - HTTP Request: POST https://api.telegram.org/bot7093436536:AAEvjyOBDmUYkoOkO2zxZnzplRy8Thhz0Ps/getUpdates "HTTP/1.1 200 OK"
2025-05-23 15:29:02,507 - httpx - INFO - HTTP Request: POST https://api.telegram.org/bot7093436536:AAEvjyOBDmUYkoOkO2zxZnzplRy8Thhz0Ps/getUpdates "HTTP/1.1 200 OK"
2025-05-23 15:29:12,595 - httpx - INFO - HTTP Request: POST https://api.telegram.org/bot7093436536:AAEvjyOBDmUYkoOkO2zxZnzplRy8Thhz0Ps/getUpdates "HTTP/1.1 200 OK"
2025-05-23 15:29:22,682 - httpx - INFO - HTTP Request: POST https://api.telegram.org/bot7093436536:AAEvjyOBDmUYkoOkO2zxZnzplRy8Thhz0Ps/getUpdates "HTTP/1.1 200 OK"
2025-05-23 15:29:32,773 - httpx - INFO - HTTP Request: POST https://api.telegram.org/bot7093436536:AAEvjyOBDmUYkoOkO2zxZnzplRy8Thhz0Ps/getUpdates "HTTP/1.1 200 OK"
2025-05-23 15:29:42,859 - httpx - INFO - HTTP Request: POST https://api.telegram.org/bot7093436536:AAEvjyOBDmUYkoOkO2zxZnzplRy8Thhz0Ps/getUpdates "HTTP/1.1 200 OK"
2025-05-23 15:29:52,946 - httpx - INFO - HTTP Request: POST https://api.telegram.org/bot7093436536:AAEvjyOBDmUYkoOkO2zxZnzplRy8Thhz0Ps/getUpdates "HTTP/1.1 200 OK"
2025-05-23 15:30:03,035 - httpx - INFO - HTTP Request: POST https://api.telegram.org/bot7093436536:AAEvjyOBDmUYkoOkO2zxZnzplRy8Thhz0Ps/getUpdates "HTTP/1.1 200 OK"
2025-05-23 15:30:13,122 - httpx - INFO - HTTP Request: POST https://api.telegram.org/bot7093436536:AAEvjyOBDmUYkoOkO2zxZnzplRy8Thhz0Ps/getUpdates "HTTP/1.1 200 OK"
2025-05-23 15:30:23,209 - httpx - INFO - HTTP Request: POST https://api.telegram.org/bot7093436536:AAEvjyOBDmUYkoOkO2zxZnzplRy8Thhz0Ps/getUpdates "HTTP/1.1 200 OK"
2025-05-23 15:30:33,467 - httpx - INFO - HTTP Request: POST https://api.telegram.org/bot7093436536:AAEvjyOBDmUYkoOkO2zxZnzplRy8Thhz0Ps/getUpdates "HTTP/1.1 200 OK"
2025-05-23 15:30:43,565 - httpx - INFO - HTTP Request: POST https://api.telegram.org/bot7093436536:AAEvjyOBDmUYkoOkO2zxZnzplRy8Thhz0Ps/getUpdates "HTTP/1.1 200 OK"
2025-05-23 15:30:53,665 - httpx - INFO - HTTP Request: POST https://api.telegram.org/bot7093436536:AAEvjyOBDmUYkoOkO2zxZnzplRy8Thhz0Ps/getUpdates "HTTP/1.1 200 OK"
2025-05-23 15:31:03,751 - httpx - INFO - HTTP Request: POST https://api.telegram.org/bot7093436536:AAEvjyOBDmUYkoOkO2zxZnzplRy8Thhz0Ps/getUpdates "HTTP/1.1 200 OK"
2025-05-23 15:31:13,837 - httpx - INFO - HTTP Request: POST https://api.telegram.org/bot7093436536:AAEvjyOBDmUYkoOkO2zxZnzplRy8Thhz0Ps/getUpdates "HTTP/1.1 200 OK"
2025-05-23 15:31:23,921 - httpx - INFO - HTTP Request: POST https://api.telegram.org/bot7093436536:AAEvjyOBDmUYkoOkO2zxZnzplRy8Thhz0Ps/getUpdates "HTTP/1.1 200 OK"
2025-05-23 15:31:34,006 - httpx - INFO - HTTP Request: POST https://api.telegram.org/bot7093436536:AAEvjyOBDmUYkoOkO2zxZnzplRy8Thhz0Ps/getUpdates "HTTP/1.1 200 OK"
2025-05-23 15:31:44,091 - httpx - INFO - HTTP Request: POST https://api.telegram.org/bot7093436536:AAEvjyOBDmUYkoOkO2zxZnzplRy8Thhz0Ps/getUpdates "HTTP/1.1 200 OK"
2025-05-23 15:31:54,177 - httpx - INFO - HTTP Request: POST https://api.telegram.org/bot7093436536:AAEvjyOBDmUYkoOkO2zxZnzplRy8Thhz0Ps/getUpdates "HTTP/1.1 200 OK"
2025-05-23 15:32:04,261 - httpx - INFO - HTTP Request: POST https://api.telegram.org/bot7093436536:AAEvjyOBDmUYkoOkO2zxZnzplRy8Thhz0Ps/getUpdates "HTTP/1.1 200 OK"
2025-05-23 15:32:14,346 - httpx - INFO - HTTP Request: POST https://api.telegram.org/bot7093436536:AAEvjyOBDmUYkoOkO2zxZnzplRy8Thhz0Ps/getUpdates "HTTP/1.1 200 OK"
2025-05-23 15:32:24,430 - httpx - INFO - HTTP Request: POST https://api.telegram.org/bot7093436536:AAEvjyOBDmUYkoOkO2zxZnzplRy8Thhz0Ps/getUpdates "HTTP/1.1 200 OK"
2025-05-23 15:32:34,515 - httpx - INFO - HTTP Request: POST https://api.telegram.org/bot7093436536:AAEvjyOBDmUYkoOkO2zxZnzplRy8Thhz0Ps/getUpdates "HTTP/1.1 200 OK"
2025-05-23 15:32:44,610 - httpx - INFO - HTTP Request: POST https://api.telegram.org/bot7093436536:AAEvjyOBDmUYkoOkO2zxZnzplRy8Thhz0Ps/getUpdates "HTTP/1.1 200 OK"
2025-05-23 15:32:54,696 - httpx - INFO - HTTP Request: POST https://api.telegram.org/bot7093436536:AAEvjyOBDmUYkoOkO2zxZnzplRy8Thhz0Ps/getUpdates "HTTP/1.1 200 OK"
2025-05-23 15:33:04,781 - httpx - INFO - HTTP Request: POST https://api.telegram.org/bot7093436536:AAEvjyOBDmUYkoOkO2zxZnzplRy8Thhz0Ps/getUpdates "HTTP/1.1 200 OK"
2025-05-23 15:33:14,866 - httpx - INFO - HTTP Request: POST https://api.telegram.org/bot7093436536:AAEvjyOBDmUYkoOkO2zxZnzplRy8Thhz0Ps/getUpdates "HTTP/1.1 200 OK"
2025-05-23 15:33:24,953 - httpx - INFO - HTTP Request: POST https://api.telegram.org/bot7093436536:AAEvjyOBDmUYkoOkO2zxZnzplRy8Thhz0Ps/getUpdates "HTTP/1.1 200 OK"
2025-05-23 15:33:35,038 - httpx - INFO - HTTP Request: POST https://api.telegram.org/bot7093436536:AAEvjyOBDmUYkoOkO2zxZnzplRy8Thhz0Ps/getUpdates "HTTP/1.1 200 OK"
2025-05-23 15:33:45,123 - httpx - INFO - HTTP Request: POST https://api.telegram.org/bot7093436536:AAEvjyOBDmUYkoOkO2zxZnzplRy8Thhz0Ps/getUpdates "HTTP/1.1 200 OK"
2025-05-23 15:33:55,217 - httpx - INFO - HTTP Request: POST https://api.telegram.org/bot7093436536:AAEvjyOBDmUYkoOkO2zxZnzplRy8Thhz0Ps/getUpdates "HTTP/1.1 200 OK"
2025-05-23 15:34:05,302 - httpx - INFO - HTTP Request: POST https://api.telegram.org/bot7093436536:AAEvjyOBDmUYkoOkO2zxZnzplRy8Thhz0Ps/getUpdates "HTTP/1.1 200 OK"
2025-05-23 15:34:15,389 - httpx - INFO - HTTP Request: POST https://api.telegram.org/bot7093436536:AAEvjyOBDmUYkoOkO2zxZnzplRy8Thhz0Ps/getUpdates "HTTP/1.1 200 OK"
2025-05-23 15:34:25,473 - httpx - INFO - HTTP Request: POST https://api.telegram.org/bot7093436536:AAEvjyOBDmUYkoOkO2zxZnzplRy8Thhz0Ps/getUpdates "HTTP/1.1 200 OK"
2025-05-23 15:34:35,558 - httpx - INFO - HTTP Request: POST https://api.telegram.org/bot7093436536:AAEvjyOBDmUYkoOkO2zxZnzplRy8Thhz0Ps/getUpdates "HTTP/1.1 200 OK"
2025-05-23 15:34:45,652 - httpx - INFO - HTTP Request: POST https://api.telegram.org/bot7093436536:AAEvjyOBDmUYkoOkO2zxZnzplRy8Thhz0Ps/getUpdates "HTTP/1.1 200 OK"
2025-05-23 15:34:55,737 - httpx - INFO - HTTP Request: POST https://api.telegram.org/bot7093436536:AAEvjyOBDmUYkoOkO2zxZnzplRy8Thhz0Ps/getUpdates "HTTP/1.1 200 OK"
2025-05-23 15:35:05,823 - httpx - INFO - HTTP Request: POST https://api.telegram.org/bot7093436536:AAEvjyOBDmUYkoOkO2zxZnzplRy8Thhz0Ps/getUpdates "HTTP/1.1 200 OK"
2025-05-23 15:35:15,909 - httpx - INFO - HTTP Request: POST https://api.telegram.org/bot7093436536:AAEvjyOBDmUYkoOkO2zxZnzplRy8Thhz0Ps/getUpdates "HTTP/1.1 200 OK"
2025-05-23 15:35:25,993 - httpx - INFO - HTTP Request: POST https://api.telegram.org/bot7093436536:AAEvjyOBDmUYkoOkO2zxZnzplRy8Thhz0Ps/getUpdates "HTTP/1.1 200 OK"
2025-05-23 15:35:36,080 - httpx - INFO - HTTP Request: POST https://api.telegram.org/bot7093436536:AAEvjyOBDmUYkoOkO2zxZnzplRy8Thhz0Ps/getUpdates "HTTP/1.1 200 OK"
2025-05-23 15:35:46,167 - httpx - INFO - HTTP Request: POST https://api.telegram.org/bot7093436536:AAEvjyOBDmUYkoOkO2zxZnzplRy8Thhz0Ps/getUpdates "HTTP/1.1 200 OK"
2025-05-23 15:35:56,254 - httpx - INFO - HTTP Request: POST https://api.telegram.org/bot7093436536:AAEvjyOBDmUYkoOkO2zxZnzplRy8Thhz0Ps/getUpdates "HTTP/1.1 200 OK"
2025-05-23 15:36:06,340 - httpx - INFO - HTTP Request: POST https://api.telegram.org/bot7093436536:AAEvjyOBDmUYkoOkO2zxZnzplRy8Thhz0Ps/getUpdates "HTTP/1.1 200 OK"
2025-05-23 15:36:16,425 - httpx - INFO - HTTP Request: POST https://api.telegram.org/bot7093436536:AAEvjyOBDmUYkoOkO2zxZnzplRy8Thhz0Ps/getUpdates "HTTP/1.1 200 OK"
2025-05-23 15:36:26,511 - httpx - INFO - HTTP Request: POST https://api.telegram.org/bot7093436536:AAEvjyOBDmUYkoOkO2zxZnzplRy8Thhz0Ps/getUpdates "HTTP/1.1 200 OK"
2025-05-23 15:36:36,599 - httpx - INFO - HTTP Request: POST https://api.telegram.org/bot7093436536:AAEvjyOBDmUYkoOkO2zxZnzplRy8Thhz0Ps/getUpdates "HTTP/1.1 200 OK"
2025-05-23 15:36:46,686 - httpx - INFO - HTTP Request: POST https://api.telegram.org/bot7093436536:AAEvjyOBDmUYkoOkO2zxZnzplRy8Thhz0Ps/getUpdates "HTTP/1.1 200 OK"
2025-05-23 15:36:56,772 - httpx - INFO - HTTP Request: POST https://api.telegram.org/bot7093436536:AAEvjyOBDmUYkoOkO2zxZnzplRy8Thhz0Ps/getUpdates "HTTP/1.1 200 OK"
2025-05-23 15:37:06,859 - httpx - INFO - HTTP Request: POST https://api.telegram.org/bot7093436536:AAEvjyOBDmUYkoOkO2zxZnzplRy8Thhz0Ps/getUpdates "HTTP/1.1 200 OK"
2025-05-23 15:37:16,959 - httpx - INFO - HTTP Request: POST https://api.telegram.org/bot7093436536:AAEvjyOBDmUYkoOkO2zxZnzplRy8Thhz0Ps/getUpdates "HTTP/1.1 200 OK"
2025-05-23 15:37:27,045 - httpx - INFO - HTTP Request: POST https://api.telegram.org/bot7093436536:AAEvjyOBDmUYkoOkO2zxZnzplRy8Thhz0Ps/getUpdates "HTTP/1.1 200 OK"
2025-05-23 15:37:37,130 - httpx - INFO - HTTP Request: POST https://api.telegram.org/bot7093436536:AAEvjyOBDmUYkoOkO2zxZnzplRy8Thhz0Ps/getUpdates "HTTP/1.1 200 OK"
2025-05-23 15:37:47,216 - httpx - INFO - HTTP Request: POST https://api.telegram.org/bot7093436536:AAEvjyOBDmUYkoOkO2zxZnzplRy8Thhz0Ps/getUpdates "HTTP/1.1 200 OK"
2025-05-23 15:37:57,311 - httpx - INFO - HTTP Request: POST https://api.telegram.org/bot7093436536:AAEvjyOBDmUYkoOkO2zxZnzplRy8Thhz0Ps/getUpdates "HTTP/1.1 200 OK"
2025-05-23 15:38:07,397 - httpx - INFO - HTTP Request: POST https://api.telegram.org/bot7093436536:AAEvjyOBDmUYkoOkO2zxZnzplRy8Thhz0Ps/getUpdates "HTTP/1.1 200 OK"
2025-05-23 15:38:17,483 - httpx - INFO - HTTP Request: POST https://api.telegram.org/bot7093436536:AAEvjyOBDmUYkoOkO2zxZnzplRy8Thhz0Ps/getUpdates "HTTP/1.1 200 OK"
2025-05-23 15:38:27,571 - httpx - INFO - HTTP Request: POST https://api.telegram.org/bot7093436536:AAEvjyOBDmUYkoOkO2zxZnzplRy8Thhz0Ps/getUpdates "HTTP/1.1 200 OK"
2025-05-23 15:38:37,666 - httpx - INFO - HTTP Request: POST https://api.telegram.org/bot7093436536:AAEvjyOBDmUYkoOkO2zxZnzplRy8Thhz0Ps/getUpdates "HTTP/1.1 200 OK"
2025-05-23 15:38:47,751 - httpx - INFO - HTTP Request: POST https://api.telegram.org/bot7093436536:AAEvjyOBDmUYkoOkO2zxZnzplRy8Thhz0Ps/getUpdates "HTTP/1.1 200 OK"
2025-05-23 15:38:57,835 - httpx - INFO - HTTP Request: POST https://api.telegram.org/bot7093436536:AAEvjyOBDmUYkoOkO2zxZnzplRy8Thhz0Ps/getUpdates "HTTP/1.1 200 OK"
2025-05-23 15:39:07,921 - httpx - INFO - HTTP Request: POST https://api.telegram.org/bot7093436536:AAEvjyOBDmUYkoOkO2zxZnzplRy8Thhz0Ps/getUpdates "HTTP/1.1 200 OK"
2025-05-23 15:39:18,008 - httpx - INFO - HTTP Request: POST https://api.telegram.org/bot7093436536:AAEvjyOBDmUYkoOkO2zxZnzplRy8Thhz0Ps/getUpdates "HTTP/1.1 200 OK"
2025-05-23 15:39:28,095 - httpx - INFO - HTTP Request: POST https://api.telegram.org/bot7093436536:AAEvjyOBDmUYkoOkO2zxZnzplRy8Thhz0Ps/getUpdates "HTTP/1.1 200 OK"
2025-05-23 15:39:38,182 - httpx - INFO - HTTP Request: POST https://api.telegram.org/bot7093436536:AAEvjyOBDmUYkoOkO2zxZnzplRy8Thhz0Ps/getUpdates "HTTP/1.1 200 OK"
2025-05-23 15:39:48,267 - httpx - INFO - HTTP Request: POST https://api.telegram.org/bot7093436536:AAEvjyOBDmUYkoOkO2zxZnzplRy8Thhz0Ps/getUpdates "HTTP/1.1 200 OK"
2025-05-23 15:39:58,352 - httpx - INFO - HTTP Request: POST https://api.telegram.org/bot7093436536:AAEvjyOBDmUYkoOkO2zxZnzplRy8Thhz0Ps/getUpdates "HTTP/1.1 200 OK"
2025-05-23 15:40:08,438 - httpx - INFO - HTTP Request: POST https://api.telegram.org/bot7093436536:AAEvjyOBDmUYkoOkO2zxZnzplRy8Thhz0Ps/getUpdates "HTTP/1.1 200 OK"
2025-05-23 15:40:18,524 - httpx - INFO - HTTP Request: POST https://api.telegram.org/bot7093436536:AAEvjyOBDmUYkoOkO2zxZnzplRy8Thhz0Ps/getUpdates "HTTP/1.1 200 OK"
2025-05-23 15:40:28,610 - httpx - INFO - HTTP Request: POST https://api.telegram.org/bot7093436536:AAEvjyOBDmUYkoOkO2zxZnzplRy8Thhz0Ps/getUpdates "HTTP/1.1 200 OK"
2025-05-23 15:40:38,696 - httpx - INFO - HTTP Request: POST https://api.telegram.org/bot7093436536:AAEvjyOBDmUYkoOkO2zxZnzplRy8Thhz0Ps/getUpdates "HTTP/1.1 200 OK"
2025-05-23 15:40:48,780 - httpx - INFO - HTTP Request: POST https://api.telegram.org/bot7093436536:AAEvjyOBDmUYkoOkO2zxZnzplRy8Thhz0Ps/getUpdates "HTTP/1.1 200 OK"
2025-05-23 15:40:58,873 - httpx - INFO - HTTP Request: POST https://api.telegram.org/bot7093436536:AAEvjyOBDmUYkoOkO2zxZnzplRy8Thhz0Ps/getUpdates "HTTP/1.1 200 OK"
2025-05-23 15:41:08,961 - httpx - INFO - HTTP Request: POST https://api.telegram.org/bot7093436536:AAEvjyOBDmUYkoOkO2zxZnzplRy8Thhz0Ps/getUpdates "HTTP/1.1 200 OK"
2025-05-23 15:41:19,046 - httpx - INFO - HTTP Request: POST https://api.telegram.org/bot7093436536:AAEvjyOBDmUYkoOkO2zxZnzplRy8Thhz0Ps/getUpdates "HTTP/1.1 200 OK"
2025-05-23 15:41:29,132 - httpx - INFO - HTTP Request: POST https://api.telegram.org/bot7093436536:AAEvjyOBDmUYkoOkO2zxZnzplRy8Thhz0Ps/getUpdates "HTTP/1.1 200 OK"
2025-05-23 15:41:39,217 - httpx - INFO - HTTP Request: POST https://api.telegram.org/bot7093436536:AAEvjyOBDmUYkoOkO2zxZnzplRy8Thhz0Ps/getUpdates "HTTP/1.1 200 OK"
2025-05-23 15:41:49,301 - httpx - INFO - HTTP Request: POST https://api.telegram.org/bot7093436536:AAEvjyOBDmUYkoOkO2zxZnzplRy8Thhz0Ps/getUpdates "HTTP/1.1 200 OK"
2025-05-23 15:41:59,391 - httpx - INFO - HTTP Request: POST https://api.telegram.org/bot7093436536:AAEvjyOBDmUYkoOkO2zxZnzplRy8Thhz0Ps/getUpdates "HTTP/1.1 200 OK"
2025-05-23 15:42:09,476 - httpx - INFO - HTTP Request: POST https://api.telegram.org/bot7093436536:AAEvjyOBDmUYkoOkO2zxZnzplRy8Thhz0Ps/getUpdates "HTTP/1.1 200 OK"
2025-05-23 15:42:19,567 - httpx - INFO - HTTP Request: POST https://api.telegram.org/bot7093436536:AAEvjyOBDmUYkoOkO2zxZnzplRy8Thhz0Ps/getUpdates "HTTP/1.1 200 OK"
2025-05-23 15:42:29,653 - httpx - INFO - HTTP Request: POST https://api.telegram.org/bot7093436536:AAEvjyOBDmUYkoOkO2zxZnzplRy8Thhz0Ps/getUpdates "HTTP/1.1 200 OK"
2025-05-23 15:42:39,743 - httpx - INFO - HTTP Request: POST https://api.telegram.org/bot7093436536:AAEvjyOBDmUYkoOkO2zxZnzplRy8Thhz0Ps/getUpdates "HTTP/1.1 200 OK"
2025-05-23 15:42:49,827 - httpx - INFO - HTTP Request: POST https://api.telegram.org/bot7093436536:AAEvjyOBDmUYkoOkO2zxZnzplRy8Thhz0Ps/getUpdates "HTTP/1.1 200 OK"
2025-05-23 15:42:59,912 - httpx - INFO - HTTP Request: POST https://api.telegram.org/bot7093436536:AAEvjyOBDmUYkoOkO2zxZnzplRy8Thhz0Ps/getUpdates "HTTP/1.1 200 OK"
2025-05-23 15:43:09,998 - httpx - INFO - HTTP Request: POST https://api.telegram.org/bot7093436536:AAEvjyOBDmUYkoOkO2zxZnzplRy8Thhz0Ps/getUpdates "HTTP/1.1 200 OK"
2025-05-23 15:43:20,084 - httpx - INFO - HTTP Request: POST https://api.telegram.org/bot7093436536:AAEvjyOBDmUYkoOkO2zxZnzplRy8Thhz0Ps/getUpdates "HTTP/1.1 200 OK"
2025-05-23 15:43:30,172 - httpx - INFO - HTTP Request: POST https://api.telegram.org/bot7093436536:AAEvjyOBDmUYkoOkO2zxZnzplRy8Thhz0Ps/getUpdates "HTTP/1.1 200 OK"
2025-05-23 15:43:40,257 - httpx - INFO - HTTP Request: POST https://api.telegram.org/bot7093436536:AAEvjyOBDmUYkoOkO2zxZnzplRy8Thhz0Ps/getUpdates "HTTP/1.1 200 OK"
2025-05-23 15:43:50,343 - httpx - INFO - HTTP Request: POST https://api.telegram.org/bot7093436536:AAEvjyOBDmUYkoOkO2zxZnzplRy8Thhz0Ps/getUpdates "HTTP/1.1 200 OK"
2025-05-23 15:44:00,428 - httpx - INFO - HTTP Request: POST https://api.telegram.org/bot7093436536:AAEvjyOBDmUYkoOkO2zxZnzplRy8Thhz0Ps/getUpdates "HTTP/1.1 200 OK"
2025-05-23 15:44:10,514 - httpx - INFO - HTTP Request: POST https://api.telegram.org/bot7093436536:AAEvjyOBDmUYkoOkO2zxZnzplRy8Thhz0Ps/getUpdates "HTTP/1.1 200 OK"
2025-05-23 15:44:20,599 - httpx - INFO - HTTP Request: POST https://api.telegram.org/bot7093436536:AAEvjyOBDmUYkoOkO2zxZnzplRy8Thhz0Ps/getUpdates "HTTP/1.1 200 OK"
2025-05-23 15:44:30,684 - httpx - INFO - HTTP Request: POST https://api.telegram.org/bot7093436536:AAEvjyOBDmUYkoOkO2zxZnzplRy8Thhz0Ps/getUpdates "HTTP/1.1 200 OK"
2025-05-23 15:44:40,770 - httpx - INFO - HTTP Request: POST https://api.telegram.org/bot7093436536:AAEvjyOBDmUYkoOkO2zxZnzplRy8Thhz0Ps/getUpdates "HTTP/1.1 200 OK"
2025-05-23 15:44:50,864 - httpx - INFO - HTTP Request: POST https://api.telegram.org/bot7093436536:AAEvjyOBDmUYkoOkO2zxZnzplRy8Thhz0Ps/getUpdates "HTTP/1.1 200 OK"
2025-05-23 15:45:00,955 - httpx - INFO - HTTP Request: POST https://api.telegram.org/bot7093436536:AAEvjyOBDmUYkoOkO2zxZnzplRy8Thhz0Ps/getUpdates "HTTP/1.1 200 OK"
2025-05-23 15:45:11,039 - httpx - INFO - HTTP Request: POST https://api.telegram.org/bot7093436536:AAEvjyOBDmUYkoOkO2zxZnzplRy8Thhz0Ps/getUpdates "HTTP/1.1 200 OK"
2025-05-23 15:45:21,124 - httpx - INFO - HTTP Request: POST https://api.telegram.org/bot7093436536:AAEvjyOBDmUYkoOkO2zxZnzplRy8Thhz0Ps/getUpdates "HTTP/1.1 200 OK"
2025-05-23 15:45:31,209 - httpx - INFO - HTTP Request: POST https://api.telegram.org/bot7093436536:AAEvjyOBDmUYkoOkO2zxZnzplRy8Thhz0Ps/getUpdates "HTTP/1.1 200 OK"
2025-05-23 15:45:41,294 - httpx - INFO - HTTP Request: POST https://api.telegram.org/bot7093436536:AAEvjyOBDmUYkoOkO2zxZnzplRy8Thhz0Ps/getUpdates "HTTP/1.1 200 OK"
2025-05-23 15:45:51,382 - httpx - INFO - HTTP Request: POST https://api.telegram.org/bot7093436536:AAEvjyOBDmUYkoOkO2zxZnzplRy8Thhz0Ps/getUpdates "HTTP/1.1 200 OK"
2025-05-23 15:46:01,470 - httpx - INFO - HTTP Request: POST https://api.telegram.org/bot7093436536:AAEvjyOBDmUYkoOkO2zxZnzplRy8Thhz0Ps/getUpdates "HTTP/1.1 200 OK"
2025-05-23 15:46:11,555 - httpx - INFO - HTTP Request: POST https://api.telegram.org/bot7093436536:AAEvjyOBDmUYkoOkO2zxZnzplRy8Thhz0Ps/getUpdates "HTTP/1.1 200 OK"
2025-05-23 15:46:21,639 - httpx - INFO - HTTP Request: POST https://api.telegram.org/bot7093436536:AAEvjyOBDmUYkoOkO2zxZnzplRy8Thhz0Ps/getUpdates "HTTP/1.1 200 OK"
2025-05-23 15:46:31,726 - httpx - INFO - HTTP Request: POST https://api.telegram.org/bot7093436536:AAEvjyOBDmUYkoOkO2zxZnzplRy8Thhz0Ps/getUpdates "HTTP/1.1 200 OK"
2025-05-23 15:46:41,810 - httpx - INFO - HTTP Request: POST https://api.telegram.org/bot7093436536:AAEvjyOBDmUYkoOkO2zxZnzplRy8Thhz0Ps/getUpdates "HTTP/1.1 200 OK"
2025-05-23 15:46:51,897 - httpx - INFO - HTTP Request: POST https://api.telegram.org/bot7093436536:AAEvjyOBDmUYkoOkO2zxZnzplRy8Thhz0Ps/getUpdates "HTTP/1.1 200 OK"
2025-05-23 15:46:57,636 - httpx - INFO - HTTP Request: POST https://api.telegram.org/bot7093436536:AAEvjyOBDmUYkoOkO2zxZnzplRy8Thhz0Ps/getUpdates "HTTP/1.1 200 OK"
2025-05-23 15:46:57,637 - telegram.ext.Application - INFO - Application is stopping. This might take a moment.
2025-05-23 15:46:57,637 - apscheduler.scheduler - INFO - Scheduler has been shut down
2025-05-23 15:46:57,647 - telegram.ext.Application - INFO - Application.stop() complete
2025-05-23 15:53:47,547 - httpx - INFO - HTTP Request: POST https://api.telegram.org/bot7093436536:AAEvjyOBDmUYkoOkO2zxZnzplRy8Thhz0Ps/getMe "HTTP/1.1 200 OK"
2025-05-23 15:53:47,638 - httpx - INFO - HTTP Request: POST https://api.telegram.org/bot7093436536:AAEvjyOBDmUYkoOkO2zxZnzplRy8Thhz0Ps/deleteWebhook "HTTP/1.1 200 OK"
2025-05-23 15:53:47,640 - apscheduler.scheduler - INFO - Scheduler started
2025-05-23 15:53:47,641 - telegram.ext.Application - INFO - Application started
2025-05-23 15:53:57,891 - httpx - INFO - HTTP Request: POST https://api.telegram.org/bot7093436536:AAEvjyOBDmUYkoOkO2zxZnzplRy8Thhz0Ps/getUpdates "HTTP/1.1 200 OK"
2025-05-23 15:54:07,976 - httpx - INFO - HTTP Request: POST https://api.telegram.org/bot7093436536:AAEvjyOBDmUYkoOkO2zxZnzplRy8Thhz0Ps/getUpdates "HTTP/1.1 200 OK"
2025-05-23 15:54:18,062 - httpx - INFO - HTTP Request: POST https://api.telegram.org/bot7093436536:AAEvjyOBDmUYkoOkO2zxZnzplRy8Thhz0Ps/getUpdates "HTTP/1.1 200 OK"
2025-05-23 15:54:28,149 - httpx - INFO - HTTP Request: POST https://api.telegram.org/bot7093436536:AAEvjyOBDmUYkoOkO2zxZnzplRy8Thhz0Ps/getUpdates "HTTP/1.1 200 OK"
2025-05-23 15:54:38,233 - httpx - INFO - HTTP Request: POST https://api.telegram.org/bot7093436536:AAEvjyOBDmUYkoOkO2zxZnzplRy8Thhz0Ps/getUpdates "HTTP/1.1 200 OK"
2025-05-23 15:54:48,317 - httpx - INFO - HTTP Request: POST https://api.telegram.org/bot7093436536:AAEvjyOBDmUYkoOkO2zxZnzplRy8Thhz0Ps/getUpdates "HTTP/1.1 200 OK"
2025-05-23 15:54:58,404 - httpx - INFO - HTTP Request: POST https://api.telegram.org/bot7093436536:AAEvjyOBDmUYkoOkO2zxZnzplRy8Thhz0Ps/getUpdates "HTTP/1.1 200 OK"
2025-05-23 15:55:08,487 - httpx - INFO - HTTP Request: POST https://api.telegram.org/bot7093436536:AAEvjyOBDmUYkoOkO2zxZnzplRy8Thhz0Ps/getUpdates "HTTP/1.1 200 OK"
2025-05-23 15:55:18,574 - httpx - INFO - HTTP Request: POST https://api.telegram.org/bot7093436536:AAEvjyOBDmUYkoOkO2zxZnzplRy8Thhz0Ps/getUpdates "HTTP/1.1 200 OK"
2025-05-23 15:55:28,658 - httpx - INFO - HTTP Request: POST https://api.telegram.org/bot7093436536:AAEvjyOBDmUYkoOkO2zxZnzplRy8Thhz0Ps/getUpdates "HTTP/1.1 200 OK"
2025-05-23 15:55:35,101 - httpx - INFO - HTTP Request: POST https://api.telegram.org/bot7093436536:AAEvjyOBDmUYkoOkO2zxZnzplRy8Thhz0Ps/getUpdates "HTTP/1.1 200 OK"
2025-05-23 15:55:35,262 - __main__ - ERROR - Database error in init_user: (psycopg2.errors.UndefinedColumn) column users.tone does not exist
LINE 1: ...AS users_fiat_currency, users.lang AS users_lang, users.tone...
                                                             ^

[SQL: SELECT users.id AS users_id, users.telegram_id AS users_telegram_id, users.fiat_currency AS users_fiat_currency, users.lang AS users_lang, users.tone AS users_tone, users.ton_wallet AS users_ton_wallet, users.evm_wallet AS users_evm_wallet, users.sol_wallet AS users_sol_wallet, users.created_at AS users_created_at, users.updated_at AS users_updated_at 
FROM users 
WHERE users.telegram_id = %(telegram_id_1)s 
 LIMIT %(param_1)s]
[parameters: {'telegram_id_1': 1086364384, 'param_1': 1}]
(Background on this error at: https://sqlalche.me/e/20/f405)
2025-05-23 15:55:35,339 - __main__ - ERROR - Start command failed: (psycopg2.errors.UndefinedColumn) column users.tone does not exist
LINE 1: ...AS users_fiat_currency, users.lang AS users_lang, users.tone...
                                                             ^

[SQL: SELECT users.id AS users_id, users.telegram_id AS users_telegram_id, users.fiat_currency AS users_fiat_currency, users.lang AS users_lang, users.tone AS users_tone, users.ton_wallet AS users_ton_wallet, users.evm_wallet AS users_evm_wallet, users.sol_wallet AS users_sol_wallet, users.created_at AS users_created_at, users.updated_at AS users_updated_at 
FROM users 
WHERE users.telegram_id = %(telegram_id_1)s 
 LIMIT %(param_1)s]
[parameters: {'telegram_id_1': 1086364384, 'param_1': 1}]
(Background on this error at: https://sqlalche.me/e/20/f405)
2025-05-23 15:55:35,657 - httpx - INFO - HTTP Request: POST https://api.telegram.org/bot7093436536:AAEvjyOBDmUYkoOkO2zxZnzplRy8Thhz0Ps/sendMessage "HTTP/1.1 200 OK"
2025-05-23 15:55:45,424 - httpx - INFO - HTTP Request: POST https://api.telegram.org/bot7093436536:AAEvjyOBDmUYkoOkO2zxZnzplRy8Thhz0Ps/getUpdates "HTTP/1.1 200 OK"
2025-05-23 15:55:47,016 - httpx - INFO - HTTP Request: POST https://api.telegram.org/bot7093436536:AAEvjyOBDmUYkoOkO2zxZnzplRy8Thhz0Ps/getUpdates "HTTP/1.1 200 OK"
2025-05-23 15:55:47,206 - __main__ - ERROR - Database error in init_user: (psycopg2.errors.UndefinedColumn) column users.tone does not exist
LINE 1: ...AS users_fiat_currency, users.lang AS users_lang, users.tone...
                                                             ^

[SQL: SELECT users.id AS users_id, users.telegram_id AS users_telegram_id, users.fiat_currency AS users_fiat_currency, users.lang AS users_lang, users.tone AS users_tone, users.ton_wallet AS users_ton_wallet, users.evm_wallet AS users_evm_wallet, users.sol_wallet AS users_sol_wallet, users.created_at AS users_created_at, users.updated_at AS users_updated_at 
FROM users 
WHERE users.telegram_id = %(telegram_id_1)s 
 LIMIT %(param_1)s]
[parameters: {'telegram_id_1': 1086364384, 'param_1': 1}]
(Background on this error at: https://sqlalche.me/e/20/f405)
2025-05-23 15:55:47,284 - __main__ - ERROR - Message handling failed: (psycopg2.errors.UndefinedColumn) column users.tone does not exist
LINE 1: ...AS users_fiat_currency, users.lang AS users_lang, users.tone...
                                                             ^

[SQL: SELECT users.id AS users_id, users.telegram_id AS users_telegram_id, users.fiat_currency AS users_fiat_currency, users.lang AS users_lang, users.tone AS users_tone, users.ton_wallet AS users_ton_wallet, users.evm_wallet AS users_evm_wallet, users.sol_wallet AS users_sol_wallet, users.created_at AS users_created_at, users.updated_at AS users_updated_at 
FROM users 
WHERE users.telegram_id = %(telegram_id_1)s 
 LIMIT %(param_1)s]
[parameters: {'telegram_id_1': 1086364384, 'param_1': 1}]
(Background on this error at: https://sqlalche.me/e/20/f405)
2025-05-23 15:55:47,578 - httpx - INFO - HTTP Request: POST https://api.telegram.org/bot7093436536:AAEvjyOBDmUYkoOkO2zxZnzplRy8Thhz0Ps/sendMessage "HTTP/1.1 200 OK"
2025-05-23 15:55:57,372 - httpx - INFO - HTTP Request: POST https://api.telegram.org/bot7093436536:AAEvjyOBDmUYkoOkO2zxZnzplRy8Thhz0Ps/getUpdates "HTTP/1.1 200 OK"
2025-05-23 15:56:07,459 - httpx - INFO - HTTP Request: POST https://api.telegram.org/bot7093436536:AAEvjyOBDmUYkoOkO2zxZnzplRy8Thhz0Ps/getUpdates "HTTP/1.1 200 OK"
2025-05-23 15:56:17,546 - httpx - INFO - HTTP Request: POST https://api.telegram.org/bot7093436536:AAEvjyOBDmUYkoOkO2zxZnzplRy8Thhz0Ps/getUpdates "HTTP/1.1 200 OK"
2025-05-23 15:56:27,630 - httpx - INFO - HTTP Request: POST https://api.telegram.org/bot7093436536:AAEvjyOBDmUYkoOkO2zxZnzplRy8Thhz0Ps/getUpdates "HTTP/1.1 200 OK"
2025-05-23 15:56:37,719 - httpx - INFO - HTTP Request: POST https://api.telegram.org/bot7093436536:AAEvjyOBDmUYkoOkO2zxZnzplRy8Thhz0Ps/getUpdates "HTTP/1.1 200 OK"
2025-05-23 15:56:47,803 - httpx - INFO - HTTP Request: POST https://api.telegram.org/bot7093436536:AAEvjyOBDmUYkoOkO2zxZnzplRy8Thhz0Ps/getUpdates "HTTP/1.1 200 OK"
2025-05-23 15:56:57,886 - httpx - INFO - HTTP Request: POST https://api.telegram.org/bot7093436536:AAEvjyOBDmUYkoOkO2zxZnzplRy8Thhz0Ps/getUpdates "HTTP/1.1 200 OK"
2025-05-23 15:57:07,970 - httpx - INFO - HTTP Request: POST https://api.telegram.org/bot7093436536:AAEvjyOBDmUYkoOkO2zxZnzplRy8Thhz0Ps/getUpdates "HTTP/1.1 200 OK"
2025-05-23 15:57:18,055 - httpx - INFO - HTTP Request: POST https://api.telegram.org/bot7093436536:AAEvjyOBDmUYkoOkO2zxZnzplRy8Thhz0Ps/getUpdates "HTTP/1.1 200 OK"
2025-05-23 15:57:28,140 - httpx - INFO - HTTP Request: POST https://api.telegram.org/bot7093436536:AAEvjyOBDmUYkoOkO2zxZnzplRy8Thhz0Ps/getUpdates "HTTP/1.1 200 OK"
2025-05-23 15:57:38,228 - httpx - INFO - HTTP Request: POST https://api.telegram.org/bot7093436536:AAEvjyOBDmUYkoOkO2zxZnzplRy8Thhz0Ps/getUpdates "HTTP/1.1 200 OK"
2025-05-23 15:57:48,312 - httpx - INFO - HTTP Request: POST https://api.telegram.org/bot7093436536:AAEvjyOBDmUYkoOkO2zxZnzplRy8Thhz0Ps/getUpdates "HTTP/1.1 200 OK"
2025-05-23 15:57:58,399 - httpx - INFO - HTTP Request: POST https://api.telegram.org/bot7093436536:AAEvjyOBDmUYkoOkO2zxZnzplRy8Thhz0Ps/getUpdates "HTTP/1.1 200 OK"
2025-05-23 15:58:08,484 - httpx - INFO - HTTP Request: POST https://api.telegram.org/bot7093436536:AAEvjyOBDmUYkoOkO2zxZnzplRy8Thhz0Ps/getUpdates "HTTP/1.1 200 OK"
2025-05-23 15:58:18,568 - httpx - INFO - HTTP Request: POST https://api.telegram.org/bot7093436536:AAEvjyOBDmUYkoOkO2zxZnzplRy8Thhz0Ps/getUpdates "HTTP/1.1 200 OK"
2025-05-23 15:58:28,654 - httpx - INFO - HTTP Request: POST https://api.telegram.org/bot7093436536:AAEvjyOBDmUYkoOkO2zxZnzplRy8Thhz0Ps/getUpdates "HTTP/1.1 200 OK"
2025-05-23 15:58:38,738 - httpx - INFO - HTTP Request: POST https://api.telegram.org/bot7093436536:AAEvjyOBDmUYkoOkO2zxZnzplRy8Thhz0Ps/getUpdates "HTTP/1.1 200 OK"
2025-05-23 15:58:48,822 - httpx - INFO - HTTP Request: POST https://api.telegram.org/bot7093436536:AAEvjyOBDmUYkoOkO2zxZnzplRy8Thhz0Ps/getUpdates "HTTP/1.1 200 OK"
2025-05-23 15:58:58,907 - httpx - INFO - HTTP Request: POST https://api.telegram.org/bot7093436536:AAEvjyOBDmUYkoOkO2zxZnzplRy8Thhz0Ps/getUpdates "HTTP/1.1 200 OK"
2025-05-23 15:59:08,992 - httpx - INFO - HTTP Request: POST https://api.telegram.org/bot7093436536:AAEvjyOBDmUYkoOkO2zxZnzplRy8Thhz0Ps/getUpdates "HTTP/1.1 200 OK"
2025-05-23 15:59:19,078 - httpx - INFO - HTTP Request: POST https://api.telegram.org/bot7093436536:AAEvjyOBDmUYkoOkO2zxZnzplRy8Thhz0Ps/getUpdates "HTTP/1.1 200 OK"
2025-05-23 15:59:29,164 - httpx - INFO - HTTP Request: POST https://api.telegram.org/bot7093436536:AAEvjyOBDmUYkoOkO2zxZnzplRy8Thhz0Ps/getUpdates "HTTP/1.1 200 OK"
2025-05-23 15:59:39,248 - httpx - INFO - HTTP Request: POST https://api.telegram.org/bot7093436536:AAEvjyOBDmUYkoOkO2zxZnzplRy8Thhz0Ps/getUpdates "HTTP/1.1 200 OK"
2025-05-23 15:59:49,333 - httpx - INFO - HTTP Request: POST https://api.telegram.org/bot7093436536:AAEvjyOBDmUYkoOkO2zxZnzplRy8Thhz0Ps/getUpdates "HTTP/1.1 200 OK"
2025-05-23 15:59:59,430 - httpx - INFO - HTTP Request: POST https://api.telegram.org/bot7093436536:AAEvjyOBDmUYkoOkO2zxZnzplRy8Thhz0Ps/getUpdates "HTTP/1.1 200 OK"
2025-05-23 16:00:09,521 - httpx - INFO - HTTP Request: POST https://api.telegram.org/bot7093436536:AAEvjyOBDmUYkoOkO2zxZnzplRy8Thhz0Ps/getUpdates "HTTP/1.1 200 OK"
2025-05-23 16:00:19,604 - httpx - INFO - HTTP Request: POST https://api.telegram.org/bot7093436536:AAEvjyOBDmUYkoOkO2zxZnzplRy8Thhz0Ps/getUpdates "HTTP/1.1 200 OK"
2025-05-23 16:00:29,689 - httpx - INFO - HTTP Request: POST https://api.telegram.org/bot7093436536:AAEvjyOBDmUYkoOkO2zxZnzplRy8Thhz0Ps/getUpdates "HTTP/1.1 200 OK"
2025-05-23 16:00:39,775 - httpx - INFO - HTTP Request: POST https://api.telegram.org/bot7093436536:AAEvjyOBDmUYkoOkO2zxZnzplRy8Thhz0Ps/getUpdates "HTTP/1.1 200 OK"
2025-05-23 16:00:49,862 - httpx - INFO - HTTP Request: POST https://api.telegram.org/bot7093436536:AAEvjyOBDmUYkoOkO2zxZnzplRy8Thhz0Ps/getUpdates "HTTP/1.1 200 OK"
2025-05-23 16:00:59,946 - httpx - INFO - HTTP Request: POST https://api.telegram.org/bot7093436536:AAEvjyOBDmUYkoOkO2zxZnzplRy8Thhz0Ps/getUpdates "HTTP/1.1 200 OK"
2025-05-23 16:01:10,040 - httpx - INFO - HTTP Request: POST https://api.telegram.org/bot7093436536:AAEvjyOBDmUYkoOkO2zxZnzplRy8Thhz0Ps/getUpdates "HTTP/1.1 200 OK"
2025-05-23 16:01:20,126 - httpx - INFO - HTTP Request: POST https://api.telegram.org/bot7093436536:AAEvjyOBDmUYkoOkO2zxZnzplRy8Thhz0Ps/getUpdates "HTTP/1.1 200 OK"
2025-05-23 16:01:30,210 - httpx - INFO - HTTP Request: POST https://api.telegram.org/bot7093436536:AAEvjyOBDmUYkoOkO2zxZnzplRy8Thhz0Ps/getUpdates "HTTP/1.1 200 OK"
2025-05-23 16:01:40,295 - httpx - INFO - HTTP Request: POST https://api.telegram.org/bot7093436536:AAEvjyOBDmUYkoOkO2zxZnzplRy8Thhz0Ps/getUpdates "HTTP/1.1 200 OK"
2025-05-23 16:01:50,382 - httpx - INFO - HTTP Request: POST https://api.telegram.org/bot7093436536:AAEvjyOBDmUYkoOkO2zxZnzplRy8Thhz0Ps/getUpdates "HTTP/1.1 200 OK"
2025-05-23 16:02:00,467 - httpx - INFO - HTTP Request: POST https://api.telegram.org/bot7093436536:AAEvjyOBDmUYkoOkO2zxZnzplRy8Thhz0Ps/getUpdates "HTTP/1.1 200 OK"
2025-05-23 16:02:10,551 - httpx - INFO - HTTP Request: POST https://api.telegram.org/bot7093436536:AAEvjyOBDmUYkoOkO2zxZnzplRy8Thhz0Ps/getUpdates "HTTP/1.1 200 OK"
2025-05-23 16:02:20,635 - httpx - INFO - HTTP Request: POST https://api.telegram.org/bot7093436536:AAEvjyOBDmUYkoOkO2zxZnzplRy8Thhz0Ps/getUpdates "HTTP/1.1 200 OK"
2025-05-23 16:02:30,720 - httpx - INFO - HTTP Request: POST https://api.telegram.org/bot7093436536:AAEvjyOBDmUYkoOkO2zxZnzplRy8Thhz0Ps/getUpdates "HTTP/1.1 200 OK"
2025-05-23 16:02:40,805 - httpx - INFO - HTTP Request: POST https://api.telegram.org/bot7093436536:AAEvjyOBDmUYkoOkO2zxZnzplRy8Thhz0Ps/getUpdates "HTTP/1.1 200 OK"
2025-05-23 16:02:50,893 - httpx - INFO - HTTP Request: POST https://api.telegram.org/bot7093436536:AAEvjyOBDmUYkoOkO2zxZnzplRy8Thhz0Ps/getUpdates "HTTP/1.1 200 OK"
2025-05-23 16:03:00,977 - httpx - INFO - HTTP Request: POST https://api.telegram.org/bot7093436536:AAEvjyOBDmUYkoOkO2zxZnzplRy8Thhz0Ps/getUpdates "HTTP/1.1 200 OK"
2025-05-23 16:03:11,061 - httpx - INFO - HTTP Request: POST https://api.telegram.org/bot7093436536:AAEvjyOBDmUYkoOkO2zxZnzplRy8Thhz0Ps/getUpdates "HTTP/1.1 200 OK"
2025-05-23 16:03:21,147 - httpx - INFO - HTTP Request: POST https://api.telegram.org/bot7093436536:AAEvjyOBDmUYkoOkO2zxZnzplRy8Thhz0Ps/getUpdates "HTTP/1.1 200 OK"
2025-05-23 16:03:31,233 - httpx - INFO - HTTP Request: POST https://api.telegram.org/bot7093436536:AAEvjyOBDmUYkoOkO2zxZnzplRy8Thhz0Ps/getUpdates "HTTP/1.1 200 OK"
2025-05-23 16:03:41,316 - httpx - INFO - HTTP Request: POST https://api.telegram.org/bot7093436536:AAEvjyOBDmUYkoOkO2zxZnzplRy8Thhz0Ps/getUpdates "HTTP/1.1 200 OK"
2025-05-23 16:03:51,400 - httpx - INFO - HTTP Request: POST https://api.telegram.org/bot7093436536:AAEvjyOBDmUYkoOkO2zxZnzplRy8Thhz0Ps/getUpdates "HTTP/1.1 200 OK"
2025-05-23 16:04:01,484 - httpx - INFO - HTTP Request: POST https://api.telegram.org/bot7093436536:AAEvjyOBDmUYkoOkO2zxZnzplRy8Thhz0Ps/getUpdates "HTTP/1.1 200 OK"
2025-05-23 16:04:11,571 - httpx - INFO - HTTP Request: POST https://api.telegram.org/bot7093436536:AAEvjyOBDmUYkoOkO2zxZnzplRy8Thhz0Ps/getUpdates "HTTP/1.1 200 OK"
2025-05-23 16:04:21,657 - httpx - INFO - HTTP Request: POST https://api.telegram.org/bot7093436536:AAEvjyOBDmUYkoOkO2zxZnzplRy8Thhz0Ps/getUpdates "HTTP/1.1 200 OK"
2025-05-23 16:04:31,744 - httpx - INFO - HTTP Request: POST https://api.telegram.org/bot7093436536:AAEvjyOBDmUYkoOkO2zxZnzplRy8Thhz0Ps/getUpdates "HTTP/1.1 200 OK"
2025-05-23 16:04:41,828 - httpx - INFO - HTTP Request: POST https://api.telegram.org/bot7093436536:AAEvjyOBDmUYkoOkO2zxZnzplRy8Thhz0Ps/getUpdates "HTTP/1.1 200 OK"
2025-05-23 16:04:51,928 - httpx - INFO - HTTP Request: POST https://api.telegram.org/bot7093436536:AAEvjyOBDmUYkoOkO2zxZnzplRy8Thhz0Ps/getUpdates "HTTP/1.1 200 OK"
2025-05-23 16:05:02,011 - httpx - INFO - HTTP Request: POST https://api.telegram.org/bot7093436536:AAEvjyOBDmUYkoOkO2zxZnzplRy8Thhz0Ps/getUpdates "HTTP/1.1 200 OK"
2025-05-23 16:05:12,095 - httpx - INFO - HTTP Request: POST https://api.telegram.org/bot7093436536:AAEvjyOBDmUYkoOkO2zxZnzplRy8Thhz0Ps/getUpdates "HTTP/1.1 200 OK"
2025-05-23 16:05:22,197 - httpx - INFO - HTTP Request: POST https://api.telegram.org/bot7093436536:AAEvjyOBDmUYkoOkO2zxZnzplRy8Thhz0Ps/getUpdates "HTTP/1.1 200 OK"
2025-05-23 16:05:32,280 - httpx - INFO - HTTP Request: POST https://api.telegram.org/bot7093436536:AAEvjyOBDmUYkoOkO2zxZnzplRy8Thhz0Ps/getUpdates "HTTP/1.1 200 OK"
2025-05-23 16:05:42,365 - httpx - INFO - HTTP Request: POST https://api.telegram.org/bot7093436536:AAEvjyOBDmUYkoOkO2zxZnzplRy8Thhz0Ps/getUpdates "HTTP/1.1 200 OK"
2025-05-23 16:05:52,450 - httpx - INFO - HTTP Request: POST https://api.telegram.org/bot7093436536:AAEvjyOBDmUYkoOkO2zxZnzplRy8Thhz0Ps/getUpdates "HTTP/1.1 200 OK"
2025-05-23 16:06:02,536 - httpx - INFO - HTTP Request: POST https://api.telegram.org/bot7093436536:AAEvjyOBDmUYkoOkO2zxZnzplRy8Thhz0Ps/getUpdates "HTTP/1.1 200 OK"
2025-05-23 16:06:12,620 - httpx - INFO - HTTP Request: POST https://api.telegram.org/bot7093436536:AAEvjyOBDmUYkoOkO2zxZnzplRy8Thhz0Ps/getUpdates "HTTP/1.1 200 OK"
2025-05-23 16:06:22,704 - httpx - INFO - HTTP Request: POST https://api.telegram.org/bot7093436536:AAEvjyOBDmUYkoOkO2zxZnzplRy8Thhz0Ps/getUpdates "HTTP/1.1 200 OK"
2025-05-23 16:06:32,788 - httpx - INFO - HTTP Request: POST https://api.telegram.org/bot7093436536:AAEvjyOBDmUYkoOkO2zxZnzplRy8Thhz0Ps/getUpdates "HTTP/1.1 200 OK"
2025-05-23 16:06:42,872 - httpx - INFO - HTTP Request: POST https://api.telegram.org/bot7093436536:AAEvjyOBDmUYkoOkO2zxZnzplRy8Thhz0Ps/getUpdates "HTTP/1.1 200 OK"
2025-05-23 16:06:52,956 - httpx - INFO - HTTP Request: POST https://api.telegram.org/bot7093436536:AAEvjyOBDmUYkoOkO2zxZnzplRy8Thhz0Ps/getUpdates "HTTP/1.1 200 OK"
2025-05-23 16:07:03,040 - httpx - INFO - HTTP Request: POST https://api.telegram.org/bot7093436536:AAEvjyOBDmUYkoOkO2zxZnzplRy8Thhz0Ps/getUpdates "HTTP/1.1 200 OK"
2025-05-23 16:07:13,125 - httpx - INFO - HTTP Request: POST https://api.telegram.org/bot7093436536:AAEvjyOBDmUYkoOkO2zxZnzplRy8Thhz0Ps/getUpdates "HTTP/1.1 200 OK"
2025-05-23 16:07:23,210 - httpx - INFO - HTTP Request: POST https://api.telegram.org/bot7093436536:AAEvjyOBDmUYkoOkO2zxZnzplRy8Thhz0Ps/getUpdates "HTTP/1.1 200 OK"
2025-05-23 16:07:33,294 - httpx - INFO - HTTP Request: POST https://api.telegram.org/bot7093436536:AAEvjyOBDmUYkoOkO2zxZnzplRy8Thhz0Ps/getUpdates "HTTP/1.1 200 OK"
2025-05-23 16:07:43,381 - httpx - INFO - HTTP Request: POST https://api.telegram.org/bot7093436536:AAEvjyOBDmUYkoOkO2zxZnzplRy8Thhz0Ps/getUpdates "HTTP/1.1 200 OK"
2025-05-23 16:07:53,467 - httpx - INFO - HTTP Request: POST https://api.telegram.org/bot7093436536:AAEvjyOBDmUYkoOkO2zxZnzplRy8Thhz0Ps/getUpdates "HTTP/1.1 200 OK"
2025-05-23 16:08:03,552 - httpx - INFO - HTTP Request: POST https://api.telegram.org/bot7093436536:AAEvjyOBDmUYkoOkO2zxZnzplRy8Thhz0Ps/getUpdates "HTTP/1.1 200 OK"
2025-05-23 16:08:13,641 - httpx - INFO - HTTP Request: POST https://api.telegram.org/bot7093436536:AAEvjyOBDmUYkoOkO2zxZnzplRy8Thhz0Ps/getUpdates "HTTP/1.1 200 OK"
2025-05-23 16:08:23,730 - httpx - INFO - HTTP Request: POST https://api.telegram.org/bot7093436536:AAEvjyOBDmUYkoOkO2zxZnzplRy8Thhz0Ps/getUpdates "HTTP/1.1 200 OK"
2025-05-23 16:08:33,814 - httpx - INFO - HTTP Request: POST https://api.telegram.org/bot7093436536:AAEvjyOBDmUYkoOkO2zxZnzplRy8Thhz0Ps/getUpdates "HTTP/1.1 200 OK"
2025-05-23 16:08:43,897 - httpx - INFO - HTTP Request: POST https://api.telegram.org/bot7093436536:AAEvjyOBDmUYkoOkO2zxZnzplRy8Thhz0Ps/getUpdates "HTTP/1.1 200 OK"
2025-05-23 16:08:53,982 - httpx - INFO - HTTP Request: POST https://api.telegram.org/bot7093436536:AAEvjyOBDmUYkoOkO2zxZnzplRy8Thhz0Ps/getUpdates "HTTP/1.1 200 OK"
2025-05-23 16:09:04,072 - httpx - INFO - HTTP Request: POST https://api.telegram.org/bot7093436536:AAEvjyOBDmUYkoOkO2zxZnzplRy8Thhz0Ps/getUpdates "HTTP/1.1 200 OK"
2025-05-23 16:09:14,161 - httpx - INFO - HTTP Request: POST https://api.telegram.org/bot7093436536:AAEvjyOBDmUYkoOkO2zxZnzplRy8Thhz0Ps/getUpdates "HTTP/1.1 200 OK"
2025-05-23 16:09:24,245 - httpx - INFO - HTTP Request: POST https://api.telegram.org/bot7093436536:AAEvjyOBDmUYkoOkO2zxZnzplRy8Thhz0Ps/getUpdates "HTTP/1.1 200 OK"
2025-05-23 16:09:34,328 - httpx - INFO - HTTP Request: POST https://api.telegram.org/bot7093436536:AAEvjyOBDmUYkoOkO2zxZnzplRy8Thhz0Ps/getUpdates "HTTP/1.1 200 OK"
2025-05-23 16:09:44,436 - httpx - INFO - HTTP Request: POST https://api.telegram.org/bot7093436536:AAEvjyOBDmUYkoOkO2zxZnzplRy8Thhz0Ps/getUpdates "HTTP/1.1 200 OK"
2025-05-23 16:09:54,519 - httpx - INFO - HTTP Request: POST https://api.telegram.org/bot7093436536:AAEvjyOBDmUYkoOkO2zxZnzplRy8Thhz0Ps/getUpdates "HTTP/1.1 200 OK"
2025-05-23 16:10:04,603 - httpx - INFO - HTTP Request: POST https://api.telegram.org/bot7093436536:AAEvjyOBDmUYkoOkO2zxZnzplRy8Thhz0Ps/getUpdates "HTTP/1.1 200 OK"
2025-05-23 16:10:14,693 - httpx - INFO - HTTP Request: POST https://api.telegram.org/bot7093436536:AAEvjyOBDmUYkoOkO2zxZnzplRy8Thhz0Ps/getUpdates "HTTP/1.1 200 OK"
2025-05-23 16:10:24,781 - httpx - INFO - HTTP Request: POST https://api.telegram.org/bot7093436536:AAEvjyOBDmUYkoOkO2zxZnzplRy8Thhz0Ps/getUpdates "HTTP/1.1 200 OK"
2025-05-23 16:10:35,039 - httpx - INFO - HTTP Request: POST https://api.telegram.org/bot7093436536:AAEvjyOBDmUYkoOkO2zxZnzplRy8Thhz0Ps/getUpdates "HTTP/1.1 200 OK"
2025-05-23 16:10:45,125 - httpx - INFO - HTTP Request: POST https://api.telegram.org/bot7093436536:AAEvjyOBDmUYkoOkO2zxZnzplRy8Thhz0Ps/getUpdates "HTTP/1.1 200 OK"
2025-05-23 16:10:55,211 - httpx - INFO - HTTP Request: POST https://api.telegram.org/bot7093436536:AAEvjyOBDmUYkoOkO2zxZnzplRy8Thhz0Ps/getUpdates "HTTP/1.1 200 OK"
2025-05-23 16:11:05,298 - httpx - INFO - HTTP Request: POST https://api.telegram.org/bot7093436536:AAEvjyOBDmUYkoOkO2zxZnzplRy8Thhz0Ps/getUpdates "HTTP/1.1 200 OK"
2025-05-23 16:11:15,383 - httpx - INFO - HTTP Request: POST https://api.telegram.org/bot7093436536:AAEvjyOBDmUYkoOkO2zxZnzplRy8Thhz0Ps/getUpdates "HTTP/1.1 200 OK"
2025-05-23 16:11:25,471 - httpx - INFO - HTTP Request: POST https://api.telegram.org/bot7093436536:AAEvjyOBDmUYkoOkO2zxZnzplRy8Thhz0Ps/getUpdates "HTTP/1.1 200 OK"
2025-05-23 16:11:35,556 - httpx - INFO - HTTP Request: POST https://api.telegram.org/bot7093436536:AAEvjyOBDmUYkoOkO2zxZnzplRy8Thhz0Ps/getUpdates "HTTP/1.1 200 OK"
2025-05-23 16:11:45,642 - httpx - INFO - HTTP Request: POST https://api.telegram.org/bot7093436536:AAEvjyOBDmUYkoOkO2zxZnzplRy8Thhz0Ps/getUpdates "HTTP/1.1 200 OK"
2025-05-23 16:11:55,727 - httpx - INFO - HTTP Request: POST https://api.telegram.org/bot7093436536:AAEvjyOBDmUYkoOkO2zxZnzplRy8Thhz0Ps/getUpdates "HTTP/1.1 200 OK"
2025-05-23 16:12:05,813 - httpx - INFO - HTTP Request: POST https://api.telegram.org/bot7093436536:AAEvjyOBDmUYkoOkO2zxZnzplRy8Thhz0Ps/getUpdates "HTTP/1.1 200 OK"
2025-05-23 16:12:15,898 - httpx - INFO - HTTP Request: POST https://api.telegram.org/bot7093436536:AAEvjyOBDmUYkoOkO2zxZnzplRy8Thhz0Ps/getUpdates "HTTP/1.1 200 OK"
2025-05-23 16:12:25,983 - httpx - INFO - HTTP Request: POST https://api.telegram.org/bot7093436536:AAEvjyOBDmUYkoOkO2zxZnzplRy8Thhz0Ps/getUpdates "HTTP/1.1 200 OK"
2025-05-23 16:12:36,069 - httpx - INFO - HTTP Request: POST https://api.telegram.org/bot7093436536:AAEvjyOBDmUYkoOkO2zxZnzplRy8Thhz0Ps/getUpdates "HTTP/1.1 200 OK"
2025-05-23 16:12:46,194 - httpx - INFO - HTTP Request: POST https://api.telegram.org/bot7093436536:AAEvjyOBDmUYkoOkO2zxZnzplRy8Thhz0Ps/getUpdates "HTTP/1.1 200 OK"
2025-05-23 16:12:56,303 - httpx - INFO - HTTP Request: POST https://api.telegram.org/bot7093436536:AAEvjyOBDmUYkoOkO2zxZnzplRy8Thhz0Ps/getUpdates "HTTP/1.1 200 OK"
2025-05-23 16:13:06,388 - httpx - INFO - HTTP Request: POST https://api.telegram.org/bot7093436536:AAEvjyOBDmUYkoOkO2zxZnzplRy8Thhz0Ps/getUpdates "HTTP/1.1 200 OK"
2025-05-23 16:13:16,473 - httpx - INFO - HTTP Request: POST https://api.telegram.org/bot7093436536:AAEvjyOBDmUYkoOkO2zxZnzplRy8Thhz0Ps/getUpdates "HTTP/1.1 200 OK"
2025-05-23 16:13:26,559 - httpx - INFO - HTTP Request: POST https://api.telegram.org/bot7093436536:AAEvjyOBDmUYkoOkO2zxZnzplRy8Thhz0Ps/getUpdates "HTTP/1.1 200 OK"
2025-05-23 16:13:36,646 - httpx - INFO - HTTP Request: POST https://api.telegram.org/bot7093436536:AAEvjyOBDmUYkoOkO2zxZnzplRy8Thhz0Ps/getUpdates "HTTP/1.1 200 OK"
2025-05-23 16:13:46,744 - httpx - INFO - HTTP Request: POST https://api.telegram.org/bot7093436536:AAEvjyOBDmUYkoOkO2zxZnzplRy8Thhz0Ps/getUpdates "HTTP/1.1 200 OK"
2025-05-23 16:13:56,831 - httpx - INFO - HTTP Request: POST https://api.telegram.org/bot7093436536:AAEvjyOBDmUYkoOkO2zxZnzplRy8Thhz0Ps/getUpdates "HTTP/1.1 200 OK"
2025-05-23 16:14:06,917 - httpx - INFO - HTTP Request: POST https://api.telegram.org/bot7093436536:AAEvjyOBDmUYkoOkO2zxZnzplRy8Thhz0Ps/getUpdates "HTTP/1.1 200 OK"
2025-05-23 16:14:17,002 - httpx - INFO - HTTP Request: POST https://api.telegram.org/bot7093436536:AAEvjyOBDmUYkoOkO2zxZnzplRy8Thhz0Ps/getUpdates "HTTP/1.1 200 OK"
2025-05-23 16:14:22,127 - httpx - INFO - HTTP Request: POST https://api.telegram.org/bot7093436536:AAEvjyOBDmUYkoOkO2zxZnzplRy8Thhz0Ps/getUpdates "HTTP/1.1 200 OK"
2025-05-23 16:14:22,128 - telegram.ext.Application - INFO - Application is stopping. This might take a moment.
2025-05-23 16:14:22,128 - apscheduler.scheduler - INFO - Scheduler has been shut down
2025-05-23 16:14:22,138 - telegram.ext.Application - INFO - Application.stop() complete
2025-05-23 16:27:15,153 - httpx - INFO - HTTP Request: POST https://api.telegram.org/bot7093436536:AAEvjyOBDmUYkoOkO2zxZnzplRy8Thhz0Ps/getMe "HTTP/1.1 200 OK"
2025-05-23 16:27:15,249 - httpx - INFO - HTTP Request: POST https://api.telegram.org/bot7093436536:AAEvjyOBDmUYkoOkO2zxZnzplRy8Thhz0Ps/deleteWebhook "HTTP/1.1 200 OK"
2025-05-23 16:27:15,251 - apscheduler.scheduler - INFO - Scheduler started
2025-05-23 16:27:15,251 - telegram.ext.Application - INFO - Application started
2025-05-23 16:27:25,504 - httpx - INFO - HTTP Request: POST https://api.telegram.org/bot7093436536:AAEvjyOBDmUYkoOkO2zxZnzplRy8Thhz0Ps/getUpdates "HTTP/1.1 200 OK"
2025-05-23 16:27:35,591 - httpx - INFO - HTTP Request: POST https://api.telegram.org/bot7093436536:AAEvjyOBDmUYkoOkO2zxZnzplRy8Thhz0Ps/getUpdates "HTTP/1.1 200 OK"
2025-05-23 16:27:41,951 - httpx - INFO - HTTP Request: POST https://api.telegram.org/bot7093436536:AAEvjyOBDmUYkoOkO2zxZnzplRy8Thhz0Ps/getUpdates "HTTP/1.1 200 OK"
2025-05-23 16:27:42,111 - __main__ - ERROR - Database error in init_user: (psycopg2.errors.UndefinedColumn) column users.tone does not exist
LINE 1: ...AS users_fiat_currency, users.lang AS users_lang, users.tone...
                                                             ^

[SQL: SELECT users.id AS users_id, users.telegram_id AS users_telegram_id, users.fiat_currency AS users_fiat_currency, users.lang AS users_lang, users.tone AS users_tone, users.ton_wallet AS users_ton_wallet, users.evm_wallet AS users_evm_wallet, users.sol_wallet AS users_sol_wallet, users.created_at AS users_created_at, users.updated_at AS users_updated_at 
FROM users 
WHERE users.telegram_id = %(telegram_id_1)s 
 LIMIT %(param_1)s]
[parameters: {'telegram_id_1': 1675404036, 'param_1': 1}]
(Background on this error at: https://sqlalche.me/e/20/f405)
2025-05-23 16:27:42,192 - __main__ - ERROR - Start command failed: (psycopg2.errors.UndefinedColumn) column users.tone does not exist
LINE 1: ...AS users_fiat_currency, users.lang AS users_lang, users.tone...
                                                             ^

[SQL: SELECT users.id AS users_id, users.telegram_id AS users_telegram_id, users.fiat_currency AS users_fiat_currency, users.lang AS users_lang, users.tone AS users_tone, users.ton_wallet AS users_ton_wallet, users.evm_wallet AS users_evm_wallet, users.sol_wallet AS users_sol_wallet, users.created_at AS users_created_at, users.updated_at AS users_updated_at 
FROM users 
WHERE users.telegram_id = %(telegram_id_1)s 
 LIMIT %(param_1)s]
[parameters: {'telegram_id_1': 1675404036, 'param_1': 1}]
(Background on this error at: https://sqlalche.me/e/20/f405)
2025-05-23 16:27:42,485 - httpx - INFO - HTTP Request: POST https://api.telegram.org/bot7093436536:AAEvjyOBDmUYkoOkO2zxZnzplRy8Thhz0Ps/sendMessage "HTTP/1.1 200 OK"
2025-05-23 16:27:45,841 - httpx - INFO - HTTP Request: POST https://api.telegram.org/bot7093436536:AAEvjyOBDmUYkoOkO2zxZnzplRy8Thhz0Ps/getUpdates "HTTP/1.1 200 OK"
2025-05-23 16:27:51,191 - httpx - INFO - HTTP Request: POST https://api.telegram.org/bot7093436536:AAEvjyOBDmUYkoOkO2zxZnzplRy8Thhz0Ps/getUpdates "HTTP/1.1 200 OK"
2025-05-23 16:28:01,276 - httpx - INFO - HTTP Request: POST https://api.telegram.org/bot7093436536:AAEvjyOBDmUYkoOkO2zxZnzplRy8Thhz0Ps/getUpdates "HTTP/1.1 200 OK"
2025-05-23 16:28:11,370 - httpx - INFO - HTTP Request: POST https://api.telegram.org/bot7093436536:AAEvjyOBDmUYkoOkO2zxZnzplRy8Thhz0Ps/getUpdates "HTTP/1.1 200 OK"
2025-05-23 16:28:21,457 - httpx - INFO - HTTP Request: POST https://api.telegram.org/bot7093436536:AAEvjyOBDmUYkoOkO2zxZnzplRy8Thhz0Ps/getUpdates "HTTP/1.1 200 OK"
2025-05-23 16:28:31,547 - httpx - INFO - HTTP Request: POST https://api.telegram.org/bot7093436536:AAEvjyOBDmUYkoOkO2zxZnzplRy8Thhz0Ps/getUpdates "HTTP/1.1 200 OK"
2025-05-23 16:28:41,632 - httpx - INFO - HTTP Request: POST https://api.telegram.org/bot7093436536:AAEvjyOBDmUYkoOkO2zxZnzplRy8Thhz0Ps/getUpdates "HTTP/1.1 200 OK"
2025-05-23 16:28:51,716 - httpx - INFO - HTTP Request: POST https://api.telegram.org/bot7093436536:AAEvjyOBDmUYkoOkO2zxZnzplRy8Thhz0Ps/getUpdates "HTTP/1.1 200 OK"
2025-05-23 16:29:01,805 - httpx - INFO - HTTP Request: POST https://api.telegram.org/bot7093436536:AAEvjyOBDmUYkoOkO2zxZnzplRy8Thhz0Ps/getUpdates "HTTP/1.1 200 OK"
2025-05-23 16:29:11,889 - httpx - INFO - HTTP Request: POST https://api.telegram.org/bot7093436536:AAEvjyOBDmUYkoOkO2zxZnzplRy8Thhz0Ps/getUpdates "HTTP/1.1 200 OK"
2025-05-23 16:29:21,984 - httpx - INFO - HTTP Request: POST https://api.telegram.org/bot7093436536:AAEvjyOBDmUYkoOkO2zxZnzplRy8Thhz0Ps/getUpdates "HTTP/1.1 200 OK"
2025-05-23 16:29:32,071 - httpx - INFO - HTTP Request: POST https://api.telegram.org/bot7093436536:AAEvjyOBDmUYkoOkO2zxZnzplRy8Thhz0Ps/getUpdates "HTTP/1.1 200 OK"
2025-05-23 16:29:42,157 - httpx - INFO - HTTP Request: POST https://api.telegram.org/bot7093436536:AAEvjyOBDmUYkoOkO2zxZnzplRy8Thhz0Ps/getUpdates "HTTP/1.1 200 OK"
2025-05-23 16:29:52,243 - httpx - INFO - HTTP Request: POST https://api.telegram.org/bot7093436536:AAEvjyOBDmUYkoOkO2zxZnzplRy8Thhz0Ps/getUpdates "HTTP/1.1 200 OK"
2025-05-23 16:30:02,334 - httpx - INFO - HTTP Request: POST https://api.telegram.org/bot7093436536:AAEvjyOBDmUYkoOkO2zxZnzplRy8Thhz0Ps/getUpdates "HTTP/1.1 200 OK"
2025-05-23 16:30:12,428 - httpx - INFO - HTTP Request: POST https://api.telegram.org/bot7093436536:AAEvjyOBDmUYkoOkO2zxZnzplRy8Thhz0Ps/getUpdates "HTTP/1.1 200 OK"
2025-05-23 16:30:22,515 - httpx - INFO - HTTP Request: POST https://api.telegram.org/bot7093436536:AAEvjyOBDmUYkoOkO2zxZnzplRy8Thhz0Ps/getUpdates "HTTP/1.1 200 OK"
2025-05-23 16:30:32,600 - httpx - INFO - HTTP Request: POST https://api.telegram.org/bot7093436536:AAEvjyOBDmUYkoOkO2zxZnzplRy8Thhz0Ps/getUpdates "HTTP/1.1 200 OK"
2025-05-23 16:30:42,688 - httpx - INFO - HTTP Request: POST https://api.telegram.org/bot7093436536:AAEvjyOBDmUYkoOkO2zxZnzplRy8Thhz0Ps/getUpdates "HTTP/1.1 200 OK"
2025-05-23 16:30:52,779 - httpx - INFO - HTTP Request: POST https://api.telegram.org/bot7093436536:AAEvjyOBDmUYkoOkO2zxZnzplRy8Thhz0Ps/getUpdates "HTTP/1.1 200 OK"
2025-05-23 16:31:02,869 - httpx - INFO - HTTP Request: POST https://api.telegram.org/bot7093436536:AAEvjyOBDmUYkoOkO2zxZnzplRy8Thhz0Ps/getUpdates "HTTP/1.1 200 OK"
2025-05-23 16:31:12,957 - httpx - INFO - HTTP Request: POST https://api.telegram.org/bot7093436536:AAEvjyOBDmUYkoOkO2zxZnzplRy8Thhz0Ps/getUpdates "HTTP/1.1 200 OK"
2025-05-23 16:31:23,045 - httpx - INFO - HTTP Request: POST https://api.telegram.org/bot7093436536:AAEvjyOBDmUYkoOkO2zxZnzplRy8Thhz0Ps/getUpdates "HTTP/1.1 200 OK"
2025-05-23 16:31:33,132 - httpx - INFO - HTTP Request: POST https://api.telegram.org/bot7093436536:AAEvjyOBDmUYkoOkO2zxZnzplRy8Thhz0Ps/getUpdates "HTTP/1.1 200 OK"
2025-05-23 16:31:43,219 - httpx - INFO - HTTP Request: POST https://api.telegram.org/bot7093436536:AAEvjyOBDmUYkoOkO2zxZnzplRy8Thhz0Ps/getUpdates "HTTP/1.1 200 OK"
2025-05-23 16:31:53,305 - httpx - INFO - HTTP Request: POST https://api.telegram.org/bot7093436536:AAEvjyOBDmUYkoOkO2zxZnzplRy8Thhz0Ps/getUpdates "HTTP/1.1 200 OK"
2025-05-23 16:32:03,392 - httpx - INFO - HTTP Request: POST https://api.telegram.org/bot7093436536:AAEvjyOBDmUYkoOkO2zxZnzplRy8Thhz0Ps/getUpdates "HTTP/1.1 200 OK"
2025-05-23 16:32:13,477 - httpx - INFO - HTTP Request: POST https://api.telegram.org/bot7093436536:AAEvjyOBDmUYkoOkO2zxZnzplRy8Thhz0Ps/getUpdates "HTTP/1.1 200 OK"
2025-05-23 16:32:23,564 - httpx - INFO - HTTP Request: POST https://api.telegram.org/bot7093436536:AAEvjyOBDmUYkoOkO2zxZnzplRy8Thhz0Ps/getUpdates "HTTP/1.1 200 OK"
2025-05-23 16:32:33,651 - httpx - INFO - HTTP Request: POST https://api.telegram.org/bot7093436536:AAEvjyOBDmUYkoOkO2zxZnzplRy8Thhz0Ps/getUpdates "HTTP/1.1 200 OK"
2025-05-23 16:32:43,750 - httpx - INFO - HTTP Request: POST https://api.telegram.org/bot7093436536:AAEvjyOBDmUYkoOkO2zxZnzplRy8Thhz0Ps/getUpdates "HTTP/1.1 200 OK"
2025-05-23 16:32:53,843 - httpx - INFO - HTTP Request: POST https://api.telegram.org/bot7093436536:AAEvjyOBDmUYkoOkO2zxZnzplRy8Thhz0Ps/getUpdates "HTTP/1.1 200 OK"
2025-05-23 16:33:03,930 - httpx - INFO - HTTP Request: POST https://api.telegram.org/bot7093436536:AAEvjyOBDmUYkoOkO2zxZnzplRy8Thhz0Ps/getUpdates "HTTP/1.1 200 OK"
2025-05-23 16:33:14,016 - httpx - INFO - HTTP Request: POST https://api.telegram.org/bot7093436536:AAEvjyOBDmUYkoOkO2zxZnzplRy8Thhz0Ps/getUpdates "HTTP/1.1 200 OK"
2025-05-23 16:33:24,104 - httpx - INFO - HTTP Request: POST https://api.telegram.org/bot7093436536:AAEvjyOBDmUYkoOkO2zxZnzplRy8Thhz0Ps/getUpdates "HTTP/1.1 200 OK"
2025-05-23 16:33:34,197 - httpx - INFO - HTTP Request: POST https://api.telegram.org/bot7093436536:AAEvjyOBDmUYkoOkO2zxZnzplRy8Thhz0Ps/getUpdates "HTTP/1.1 200 OK"
2025-05-23 16:33:44,288 - httpx - INFO - HTTP Request: POST https://api.telegram.org/bot7093436536:AAEvjyOBDmUYkoOkO2zxZnzplRy8Thhz0Ps/getUpdates "HTTP/1.1 200 OK"
2025-05-23 16:33:54,376 - httpx - INFO - HTTP Request: POST https://api.telegram.org/bot7093436536:AAEvjyOBDmUYkoOkO2zxZnzplRy8Thhz0Ps/getUpdates "HTTP/1.1 200 OK"
2025-05-23 16:34:04,461 - httpx - INFO - HTTP Request: POST https://api.telegram.org/bot7093436536:AAEvjyOBDmUYkoOkO2zxZnzplRy8Thhz0Ps/getUpdates "HTTP/1.1 200 OK"
2025-05-23 16:34:14,548 - httpx - INFO - HTTP Request: POST https://api.telegram.org/bot7093436536:AAEvjyOBDmUYkoOkO2zxZnzplRy8Thhz0Ps/getUpdates "HTTP/1.1 200 OK"
2025-05-23 16:34:24,632 - httpx - INFO - HTTP Request: POST https://api.telegram.org/bot7093436536:AAEvjyOBDmUYkoOkO2zxZnzplRy8Thhz0Ps/getUpdates "HTTP/1.1 200 OK"
2025-05-23 16:34:34,723 - httpx - INFO - HTTP Request: POST https://api.telegram.org/bot7093436536:AAEvjyOBDmUYkoOkO2zxZnzplRy8Thhz0Ps/getUpdates "HTTP/1.1 200 OK"
2025-05-23 16:34:44,809 - httpx - INFO - HTTP Request: POST https://api.telegram.org/bot7093436536:AAEvjyOBDmUYkoOkO2zxZnzplRy8Thhz0Ps/getUpdates "HTTP/1.1 200 OK"
2025-05-23 16:34:54,897 - httpx - INFO - HTTP Request: POST https://api.telegram.org/bot7093436536:AAEvjyOBDmUYkoOkO2zxZnzplRy8Thhz0Ps/getUpdates "HTTP/1.1 200 OK"
2025-05-23 16:35:04,989 - httpx - INFO - HTTP Request: POST https://api.telegram.org/bot7093436536:AAEvjyOBDmUYkoOkO2zxZnzplRy8Thhz0Ps/getUpdates "HTTP/1.1 200 OK"
2025-05-23 16:35:15,092 - httpx - INFO - HTTP Request: POST https://api.telegram.org/bot7093436536:AAEvjyOBDmUYkoOkO2zxZnzplRy8Thhz0Ps/getUpdates "HTTP/1.1 200 OK"
2025-05-23 16:35:25,177 - httpx - INFO - HTTP Request: POST https://api.telegram.org/bot7093436536:AAEvjyOBDmUYkoOkO2zxZnzplRy8Thhz0Ps/getUpdates "HTTP/1.1 200 OK"
2025-05-23 16:35:35,262 - httpx - INFO - HTTP Request: POST https://api.telegram.org/bot7093436536:AAEvjyOBDmUYkoOkO2zxZnzplRy8Thhz0Ps/getUpdates "HTTP/1.1 200 OK"
2025-05-23 16:35:45,349 - httpx - INFO - HTTP Request: POST https://api.telegram.org/bot7093436536:AAEvjyOBDmUYkoOkO2zxZnzplRy8Thhz0Ps/getUpdates "HTTP/1.1 200 OK"
2025-05-23 16:35:55,437 - httpx - INFO - HTTP Request: POST https://api.telegram.org/bot7093436536:AAEvjyOBDmUYkoOkO2zxZnzplRy8Thhz0Ps/getUpdates "HTTP/1.1 200 OK"
2025-05-23 16:36:05,522 - httpx - INFO - HTTP Request: POST https://api.telegram.org/bot7093436536:AAEvjyOBDmUYkoOkO2zxZnzplRy8Thhz0Ps/getUpdates "HTTP/1.1 200 OK"
2025-05-23 16:36:15,616 - httpx - INFO - HTTP Request: POST https://api.telegram.org/bot7093436536:AAEvjyOBDmUYkoOkO2zxZnzplRy8Thhz0Ps/getUpdates "HTTP/1.1 200 OK"
2025-05-23 16:36:25,709 - httpx - INFO - HTTP Request: POST https://api.telegram.org/bot7093436536:AAEvjyOBDmUYkoOkO2zxZnzplRy8Thhz0Ps/getUpdates "HTTP/1.1 200 OK"
2025-05-23 16:36:35,806 - httpx - INFO - HTTP Request: POST https://api.telegram.org/bot7093436536:AAEvjyOBDmUYkoOkO2zxZnzplRy8Thhz0Ps/getUpdates "HTTP/1.1 200 OK"
2025-05-23 16:36:45,914 - httpx - INFO - HTTP Request: POST https://api.telegram.org/bot7093436536:AAEvjyOBDmUYkoOkO2zxZnzplRy8Thhz0Ps/getUpdates "HTTP/1.1 200 OK"
2025-05-23 16:36:56,001 - httpx - INFO - HTTP Request: POST https://api.telegram.org/bot7093436536:AAEvjyOBDmUYkoOkO2zxZnzplRy8Thhz0Ps/getUpdates "HTTP/1.1 200 OK"
2025-05-23 16:37:06,091 - httpx - INFO - HTTP Request: POST https://api.telegram.org/bot7093436536:AAEvjyOBDmUYkoOkO2zxZnzplRy8Thhz0Ps/getUpdates "HTTP/1.1 200 OK"
2025-05-23 16:37:16,178 - httpx - INFO - HTTP Request: POST https://api.telegram.org/bot7093436536:AAEvjyOBDmUYkoOkO2zxZnzplRy8Thhz0Ps/getUpdates "HTTP/1.1 200 OK"
2025-05-23 16:37:26,268 - httpx - INFO - HTTP Request: POST https://api.telegram.org/bot7093436536:AAEvjyOBDmUYkoOkO2zxZnzplRy8Thhz0Ps/getUpdates "HTTP/1.1 200 OK"
2025-05-23 16:37:36,358 - httpx - INFO - HTTP Request: POST https://api.telegram.org/bot7093436536:AAEvjyOBDmUYkoOkO2zxZnzplRy8Thhz0Ps/getUpdates "HTTP/1.1 200 OK"
2025-05-23 16:37:46,444 - httpx - INFO - HTTP Request: POST https://api.telegram.org/bot7093436536:AAEvjyOBDmUYkoOkO2zxZnzplRy8Thhz0Ps/getUpdates "HTTP/1.1 200 OK"
2025-05-23 16:37:56,536 - httpx - INFO - HTTP Request: POST https://api.telegram.org/bot7093436536:AAEvjyOBDmUYkoOkO2zxZnzplRy8Thhz0Ps/getUpdates "HTTP/1.1 200 OK"
2025-05-23 16:38:06,621 - httpx - INFO - HTTP Request: POST https://api.telegram.org/bot7093436536:AAEvjyOBDmUYkoOkO2zxZnzplRy8Thhz0Ps/getUpdates "HTTP/1.1 200 OK"
2025-05-23 16:38:16,709 - httpx - INFO - HTTP Request: POST https://api.telegram.org/bot7093436536:AAEvjyOBDmUYkoOkO2zxZnzplRy8Thhz0Ps/getUpdates "HTTP/1.1 200 OK"
2025-05-23 16:38:26,796 - httpx - INFO - HTTP Request: POST https://api.telegram.org/bot7093436536:AAEvjyOBDmUYkoOkO2zxZnzplRy8Thhz0Ps/getUpdates "HTTP/1.1 200 OK"
2025-05-23 16:38:36,883 - httpx - INFO - HTTP Request: POST https://api.telegram.org/bot7093436536:AAEvjyOBDmUYkoOkO2zxZnzplRy8Thhz0Ps/getUpdates "HTTP/1.1 200 OK"
2025-05-23 16:38:46,981 - httpx - INFO - HTTP Request: POST https://api.telegram.org/bot7093436536:AAEvjyOBDmUYkoOkO2zxZnzplRy8Thhz0Ps/getUpdates "HTTP/1.1 200 OK"
2025-05-23 16:38:57,067 - httpx - INFO - HTTP Request: POST https://api.telegram.org/bot7093436536:AAEvjyOBDmUYkoOkO2zxZnzplRy8Thhz0Ps/getUpdates "HTTP/1.1 200 OK"
2025-05-23 16:39:07,157 - httpx - INFO - HTTP Request: POST https://api.telegram.org/bot7093436536:AAEvjyOBDmUYkoOkO2zxZnzplRy8Thhz0Ps/getUpdates "HTTP/1.1 200 OK"
2025-05-23 16:39:17,243 - httpx - INFO - HTTP Request: POST https://api.telegram.org/bot7093436536:AAEvjyOBDmUYkoOkO2zxZnzplRy8Thhz0Ps/getUpdates "HTTP/1.1 200 OK"
2025-05-23 16:39:27,333 - httpx - INFO - HTTP Request: POST https://api.telegram.org/bot7093436536:AAEvjyOBDmUYkoOkO2zxZnzplRy8Thhz0Ps/getUpdates "HTTP/1.1 200 OK"
2025-05-23 16:39:37,419 - httpx - INFO - HTTP Request: POST https://api.telegram.org/bot7093436536:AAEvjyOBDmUYkoOkO2zxZnzplRy8Thhz0Ps/getUpdates "HTTP/1.1 200 OK"
2025-05-23 16:39:47,506 - httpx - INFO - HTTP Request: POST https://api.telegram.org/bot7093436536:AAEvjyOBDmUYkoOkO2zxZnzplRy8Thhz0Ps/getUpdates "HTTP/1.1 200 OK"
2025-05-23 16:39:57,600 - httpx - INFO - HTTP Request: POST https://api.telegram.org/bot7093436536:AAEvjyOBDmUYkoOkO2zxZnzplRy8Thhz0Ps/getUpdates "HTTP/1.1 200 OK"
2025-05-23 16:40:07,686 - httpx - INFO - HTTP Request: POST https://api.telegram.org/bot7093436536:AAEvjyOBDmUYkoOkO2zxZnzplRy8Thhz0Ps/getUpdates "HTTP/1.1 200 OK"
2025-05-23 16:40:17,780 - httpx - INFO - HTTP Request: POST https://api.telegram.org/bot7093436536:AAEvjyOBDmUYkoOkO2zxZnzplRy8Thhz0Ps/getUpdates "HTTP/1.1 200 OK"
2025-05-23 16:40:27,870 - httpx - INFO - HTTP Request: POST https://api.telegram.org/bot7093436536:AAEvjyOBDmUYkoOkO2zxZnzplRy8Thhz0Ps/getUpdates "HTTP/1.1 200 OK"
2025-05-23 16:40:36,179 - httpx - INFO - HTTP Request: POST https://api.telegram.org/bot7093436536:AAEvjyOBDmUYkoOkO2zxZnzplRy8Thhz0Ps/getUpdates "HTTP/1.1 200 OK"
2025-05-23 16:40:36,180 - telegram.ext.Application - INFO - Application is stopping. This might take a moment.
2025-05-23 16:40:36,180 - apscheduler.scheduler - INFO - Scheduler has been shut down
2025-05-23 16:40:36,191 - telegram.ext.Application - INFO - Application.stop() complete
2025-05-23 16:51:43,387 - httpx - INFO - HTTP Request: POST https://api.telegram.org/bot7093436536:AAEvjyOBDmUYkoOkO2zxZnzplRy8Thhz0Ps/getMe "HTTP/1.1 200 OK"
2025-05-23 16:51:43,482 - httpx - INFO - HTTP Request: POST https://api.telegram.org/bot7093436536:AAEvjyOBDmUYkoOkO2zxZnzplRy8Thhz0Ps/deleteWebhook "HTTP/1.1 200 OK"
2025-05-23 16:51:43,485 - apscheduler.scheduler - INFO - Scheduler started
2025-05-23 16:51:43,486 - telegram.ext.Application - INFO - Application started
2025-05-23 16:51:53,750 - httpx - INFO - HTTP Request: POST https://api.telegram.org/bot7093436536:AAEvjyOBDmUYkoOkO2zxZnzplRy8Thhz0Ps/getUpdates "HTTP/1.1 200 OK"
2025-05-23 16:52:03,838 - httpx - INFO - HTTP Request: POST https://api.telegram.org/bot7093436536:AAEvjyOBDmUYkoOkO2zxZnzplRy8Thhz0Ps/getUpdates "HTTP/1.1 200 OK"
2025-05-23 16:52:06,229 - httpx - INFO - HTTP Request: POST https://api.telegram.org/bot7093436536:AAEvjyOBDmUYkoOkO2zxZnzplRy8Thhz0Ps/getUpdates "HTTP/1.1 200 OK"
2025-05-23 16:52:06,395 - __main__ - ERROR - Database error in init_user: (psycopg2.errors.UndefinedColumn) column users.updated_at does not exist
LINE 1: ...sol_wallet, users.created_at AS users_created_at, users.upda...
                                                             ^
HINT:  Perhaps you meant to reference the column "users.created_at".

[SQL: SELECT users.id AS users_id, users.telegram_id AS users_telegram_id, users.fiat_currency AS users_fiat_currency, users.lang AS users_lang, users.tone AS users_tone, users.ton_wallet AS users_ton_wallet, users.evm_wallet AS users_evm_wallet, users.sol_wallet AS users_sol_wallet, users.created_at AS users_created_at, users.updated_at AS users_updated_at 
FROM users 
WHERE users.telegram_id = %(telegram_id_1)s 
 LIMIT %(param_1)s]
[parameters: {'telegram_id_1': 1675404036, 'param_1': 1}]
(Background on this error at: https://sqlalche.me/e/20/f405)
2025-05-23 16:52:06,472 - __main__ - ERROR - Start command failed: (psycopg2.errors.UndefinedColumn) column users.updated_at does not exist
LINE 1: ...sol_wallet, users.created_at AS users_created_at, users.upda...
                                                             ^
HINT:  Perhaps you meant to reference the column "users.created_at".

[SQL: SELECT users.id AS users_id, users.telegram_id AS users_telegram_id, users.fiat_currency AS users_fiat_currency, users.lang AS users_lang, users.tone AS users_tone, users.ton_wallet AS users_ton_wallet, users.evm_wallet AS users_evm_wallet, users.sol_wallet AS users_sol_wallet, users.created_at AS users_created_at, users.updated_at AS users_updated_at 
FROM users 
WHERE users.telegram_id = %(telegram_id_1)s 
 LIMIT %(param_1)s]
[parameters: {'telegram_id_1': 1675404036, 'param_1': 1}]
(Background on this error at: https://sqlalche.me/e/20/f405)
2025-05-23 16:52:06,748 - httpx - INFO - HTTP Request: POST https://api.telegram.org/bot7093436536:AAEvjyOBDmUYkoOkO2zxZnzplRy8Thhz0Ps/sendMessage "HTTP/1.1 200 OK"
2025-05-23 16:52:16,576 - httpx - INFO - HTTP Request: POST https://api.telegram.org/bot7093436536:AAEvjyOBDmUYkoOkO2zxZnzplRy8Thhz0Ps/getUpdates "HTTP/1.1 200 OK"
2025-05-23 16:52:26,669 - httpx - INFO - HTTP Request: POST https://api.telegram.org/bot7093436536:AAEvjyOBDmUYkoOkO2zxZnzplRy8Thhz0Ps/getUpdates "HTTP/1.1 200 OK"
2025-05-23 16:52:36,767 - httpx - INFO - HTTP Request: POST https://api.telegram.org/bot7093436536:AAEvjyOBDmUYkoOkO2zxZnzplRy8Thhz0Ps/getUpdates "HTTP/1.1 200 OK"
2025-05-23 16:52:43,142 - httpx - INFO - HTTP Request: POST https://api.telegram.org/bot7093436536:AAEvjyOBDmUYkoOkO2zxZnzplRy8Thhz0Ps/getUpdates "HTTP/1.1 200 OK"
2025-05-23 16:52:43,299 - __main__ - ERROR - Database error in init_user: (psycopg2.errors.UndefinedColumn) column users.updated_at does not exist
LINE 1: ...sol_wallet, users.created_at AS users_created_at, users.upda...
                                                             ^
HINT:  Perhaps you meant to reference the column "users.created_at".

[SQL: SELECT users.id AS users_id, users.telegram_id AS users_telegram_id, users.fiat_currency AS users_fiat_currency, users.lang AS users_lang, users.tone AS users_tone, users.ton_wallet AS users_ton_wallet, users.evm_wallet AS users_evm_wallet, users.sol_wallet AS users_sol_wallet, users.created_at AS users_created_at, users.updated_at AS users_updated_at 
FROM users 
WHERE users.telegram_id = %(telegram_id_1)s 
 LIMIT %(param_1)s]
[parameters: {'telegram_id_1': 1675404036, 'param_1': 1}]
(Background on this error at: https://sqlalche.me/e/20/f405)
2025-05-23 16:52:43,377 - __main__ - ERROR - Start command failed: (psycopg2.errors.UndefinedColumn) column users.updated_at does not exist
LINE 1: ...sol_wallet, users.created_at AS users_created_at, users.upda...
                                                             ^
HINT:  Perhaps you meant to reference the column "users.created_at".

[SQL: SELECT users.id AS users_id, users.telegram_id AS users_telegram_id, users.fiat_currency AS users_fiat_currency, users.lang AS users_lang, users.tone AS users_tone, users.ton_wallet AS users_ton_wallet, users.evm_wallet AS users_evm_wallet, users.sol_wallet AS users_sol_wallet, users.created_at AS users_created_at, users.updated_at AS users_updated_at 
FROM users 
WHERE users.telegram_id = %(telegram_id_1)s 
 LIMIT %(param_1)s]
[parameters: {'telegram_id_1': 1675404036, 'param_1': 1}]
(Background on this error at: https://sqlalche.me/e/20/f405)
2025-05-23 16:52:43,669 - httpx - INFO - HTTP Request: POST https://api.telegram.org/bot7093436536:AAEvjyOBDmUYkoOkO2zxZnzplRy8Thhz0Ps/sendMessage "HTTP/1.1 200 OK"
2025-05-23 16:52:53,466 - httpx - INFO - HTTP Request: POST https://api.telegram.org/bot7093436536:AAEvjyOBDmUYkoOkO2zxZnzplRy8Thhz0Ps/getUpdates "HTTP/1.1 200 OK"
2025-05-23 16:53:03,555 - httpx - INFO - HTTP Request: POST https://api.telegram.org/bot7093436536:AAEvjyOBDmUYkoOkO2zxZnzplRy8Thhz0Ps/getUpdates "HTTP/1.1 200 OK"
2025-05-23 16:53:13,648 - httpx - INFO - HTTP Request: POST https://api.telegram.org/bot7093436536:AAEvjyOBDmUYkoOkO2zxZnzplRy8Thhz0Ps/getUpdates "HTTP/1.1 200 OK"
2025-05-23 16:53:23,737 - httpx - INFO - HTTP Request: POST https://api.telegram.org/bot7093436536:AAEvjyOBDmUYkoOkO2zxZnzplRy8Thhz0Ps/getUpdates "HTTP/1.1 200 OK"
2025-05-23 16:53:33,830 - httpx - INFO - HTTP Request: POST https://api.telegram.org/bot7093436536:AAEvjyOBDmUYkoOkO2zxZnzplRy8Thhz0Ps/getUpdates "HTTP/1.1 200 OK"
2025-05-23 16:53:43,920 - httpx - INFO - HTTP Request: POST https://api.telegram.org/bot7093436536:AAEvjyOBDmUYkoOkO2zxZnzplRy8Thhz0Ps/getUpdates "HTTP/1.1 200 OK"
2025-05-23 16:53:54,008 - httpx - INFO - HTTP Request: POST https://api.telegram.org/bot7093436536:AAEvjyOBDmUYkoOkO2zxZnzplRy8Thhz0Ps/getUpdates "HTTP/1.1 200 OK"
2025-05-23 16:54:04,098 - httpx - INFO - HTTP Request: POST https://api.telegram.org/bot7093436536:AAEvjyOBDmUYkoOkO2zxZnzplRy8Thhz0Ps/getUpdates "HTTP/1.1 200 OK"
2025-05-23 16:54:14,190 - httpx - INFO - HTTP Request: POST https://api.telegram.org/bot7093436536:AAEvjyOBDmUYkoOkO2zxZnzplRy8Thhz0Ps/getUpdates "HTTP/1.1 200 OK"
2025-05-23 16:54:24,281 - httpx - INFO - HTTP Request: POST https://api.telegram.org/bot7093436536:AAEvjyOBDmUYkoOkO2zxZnzplRy8Thhz0Ps/getUpdates "HTTP/1.1 200 OK"
2025-05-23 16:54:34,376 - httpx - INFO - HTTP Request: POST https://api.telegram.org/bot7093436536:AAEvjyOBDmUYkoOkO2zxZnzplRy8Thhz0Ps/getUpdates "HTTP/1.1 200 OK"
2025-05-23 16:54:44,466 - httpx - INFO - HTTP Request: POST https://api.telegram.org/bot7093436536:AAEvjyOBDmUYkoOkO2zxZnzplRy8Thhz0Ps/getUpdates "HTTP/1.1 200 OK"
2025-05-23 16:54:54,559 - httpx - INFO - HTTP Request: POST https://api.telegram.org/bot7093436536:AAEvjyOBDmUYkoOkO2zxZnzplRy8Thhz0Ps/getUpdates "HTTP/1.1 200 OK"
2025-05-23 16:55:04,648 - httpx - INFO - HTTP Request: POST https://api.telegram.org/bot7093436536:AAEvjyOBDmUYkoOkO2zxZnzplRy8Thhz0Ps/getUpdates "HTTP/1.1 200 OK"
2025-05-23 16:55:14,743 - httpx - INFO - HTTP Request: POST https://api.telegram.org/bot7093436536:AAEvjyOBDmUYkoOkO2zxZnzplRy8Thhz0Ps/getUpdates "HTTP/1.1 200 OK"
2025-05-23 16:55:24,840 - httpx - INFO - HTTP Request: POST https://api.telegram.org/bot7093436536:AAEvjyOBDmUYkoOkO2zxZnzplRy8Thhz0Ps/getUpdates "HTTP/1.1 200 OK"
2025-05-23 16:55:34,933 - httpx - INFO - HTTP Request: POST https://api.telegram.org/bot7093436536:AAEvjyOBDmUYkoOkO2zxZnzplRy8Thhz0Ps/getUpdates "HTTP/1.1 200 OK"
2025-05-23 16:55:45,026 - httpx - INFO - HTTP Request: POST https://api.telegram.org/bot7093436536:AAEvjyOBDmUYkoOkO2zxZnzplRy8Thhz0Ps/getUpdates "HTTP/1.1 200 OK"
2025-05-23 16:55:55,115 - httpx - INFO - HTTP Request: POST https://api.telegram.org/bot7093436536:AAEvjyOBDmUYkoOkO2zxZnzplRy8Thhz0Ps/getUpdates "HTTP/1.1 200 OK"
2025-05-23 16:55:59,626 - httpx - INFO - HTTP Request: POST https://api.telegram.org/bot7093436536:AAEvjyOBDmUYkoOkO2zxZnzplRy8Thhz0Ps/getUpdates "HTTP/1.1 200 OK"
2025-05-23 16:55:59,627 - telegram.ext.Application - INFO - Application is stopping. This might take a moment.
2025-05-23 16:55:59,628 - apscheduler.scheduler - INFO - Scheduler has been shut down
2025-05-23 16:55:59,638 - telegram.ext.Application - INFO - Application.stop() complete
2025-05-23 16:59:57,143 - httpx - INFO - HTTP Request: POST https://api.telegram.org/bot7093436536:AAEvjyOBDmUYkoOkO2zxZnzplRy8Thhz0Ps/getMe "HTTP/1.1 200 OK"
2025-05-23 16:59:57,227 - httpx - INFO - HTTP Request: POST https://api.telegram.org/bot7093436536:AAEvjyOBDmUYkoOkO2zxZnzplRy8Thhz0Ps/deleteWebhook "HTTP/1.1 200 OK"
2025-05-23 16:59:57,228 - apscheduler.scheduler - INFO - Scheduler started
2025-05-23 16:59:57,229 - telegram.ext.Application - INFO - Application started
2025-05-23 17:00:07,499 - httpx - INFO - HTTP Request: POST https://api.telegram.org/bot7093436536:AAEvjyOBDmUYkoOkO2zxZnzplRy8Thhz0Ps/getUpdates "HTTP/1.1 200 OK"
2025-05-23 17:00:17,594 - httpx - INFO - HTTP Request: POST https://api.telegram.org/bot7093436536:AAEvjyOBDmUYkoOkO2zxZnzplRy8Thhz0Ps/getUpdates "HTTP/1.1 200 OK"
2025-05-23 17:00:27,690 - httpx - INFO - HTTP Request: POST https://api.telegram.org/bot7093436536:AAEvjyOBDmUYkoOkO2zxZnzplRy8Thhz0Ps/getUpdates "HTTP/1.1 200 OK"
2025-05-23 17:00:37,782 - httpx - INFO - HTTP Request: POST https://api.telegram.org/bot7093436536:AAEvjyOBDmUYkoOkO2zxZnzplRy8Thhz0Ps/getUpdates "HTTP/1.1 200 OK"
2025-05-23 17:00:47,870 - httpx - INFO - HTTP Request: POST https://api.telegram.org/bot7093436536:AAEvjyOBDmUYkoOkO2zxZnzplRy8Thhz0Ps/getUpdates "HTTP/1.1 200 OK"
2025-05-23 17:00:57,960 - httpx - INFO - HTTP Request: POST https://api.telegram.org/bot7093436536:AAEvjyOBDmUYkoOkO2zxZnzplRy8Thhz0Ps/getUpdates "HTTP/1.1 200 OK"
2025-05-23 17:01:08,048 - httpx - INFO - HTTP Request: POST https://api.telegram.org/bot7093436536:AAEvjyOBDmUYkoOkO2zxZnzplRy8Thhz0Ps/getUpdates "HTTP/1.1 200 OK"
2025-05-23 17:01:18,143 - httpx - INFO - HTTP Request: POST https://api.telegram.org/bot7093436536:AAEvjyOBDmUYkoOkO2zxZnzplRy8Thhz0Ps/getUpdates "HTTP/1.1 200 OK"
2025-05-23 17:01:28,233 - httpx - INFO - HTTP Request: POST https://api.telegram.org/bot7093436536:AAEvjyOBDmUYkoOkO2zxZnzplRy8Thhz0Ps/getUpdates "HTTP/1.1 200 OK"
2025-05-23 17:01:38,330 - httpx - INFO - HTTP Request: POST https://api.telegram.org/bot7093436536:AAEvjyOBDmUYkoOkO2zxZnzplRy8Thhz0Ps/getUpdates "HTTP/1.1 200 OK"
2025-05-23 17:01:48,422 - httpx - INFO - HTTP Request: POST https://api.telegram.org/bot7093436536:AAEvjyOBDmUYkoOkO2zxZnzplRy8Thhz0Ps/getUpdates "HTTP/1.1 200 OK"
2025-05-23 17:01:58,518 - httpx - INFO - HTTP Request: POST https://api.telegram.org/bot7093436536:AAEvjyOBDmUYkoOkO2zxZnzplRy8Thhz0Ps/getUpdates "HTTP/1.1 200 OK"
2025-05-23 17:02:08,605 - httpx - INFO - HTTP Request: POST https://api.telegram.org/bot7093436536:AAEvjyOBDmUYkoOkO2zxZnzplRy8Thhz0Ps/getUpdates "HTTP/1.1 200 OK"
2025-05-23 17:02:18,696 - httpx - INFO - HTTP Request: POST https://api.telegram.org/bot7093436536:AAEvjyOBDmUYkoOkO2zxZnzplRy8Thhz0Ps/getUpdates "HTTP/1.1 200 OK"
2025-05-23 17:02:28,784 - httpx - INFO - HTTP Request: POST https://api.telegram.org/bot7093436536:AAEvjyOBDmUYkoOkO2zxZnzplRy8Thhz0Ps/getUpdates "HTTP/1.1 200 OK"
2025-05-23 17:02:38,874 - httpx - INFO - HTTP Request: POST https://api.telegram.org/bot7093436536:AAEvjyOBDmUYkoOkO2zxZnzplRy8Thhz0Ps/getUpdates "HTTP/1.1 200 OK"
2025-05-23 17:02:48,966 - httpx - INFO - HTTP Request: POST https://api.telegram.org/bot7093436536:AAEvjyOBDmUYkoOkO2zxZnzplRy8Thhz0Ps/getUpdates "HTTP/1.1 200 OK"
2025-05-23 17:02:59,059 - httpx - INFO - HTTP Request: POST https://api.telegram.org/bot7093436536:AAEvjyOBDmUYkoOkO2zxZnzplRy8Thhz0Ps/getUpdates "HTTP/1.1 200 OK"
2025-05-23 17:03:09,147 - httpx - INFO - HTTP Request: POST https://api.telegram.org/bot7093436536:AAEvjyOBDmUYkoOkO2zxZnzplRy8Thhz0Ps/getUpdates "HTTP/1.1 200 OK"
2025-05-23 17:03:19,237 - httpx - INFO - HTTP Request: POST https://api.telegram.org/bot7093436536:AAEvjyOBDmUYkoOkO2zxZnzplRy8Thhz0Ps/getUpdates "HTTP/1.1 200 OK"
2025-05-23 17:03:29,330 - httpx - INFO - HTTP Request: POST https://api.telegram.org/bot7093436536:AAEvjyOBDmUYkoOkO2zxZnzplRy8Thhz0Ps/getUpdates "HTTP/1.1 200 OK"
2025-05-23 17:03:39,419 - httpx - INFO - HTTP Request: POST https://api.telegram.org/bot7093436536:AAEvjyOBDmUYkoOkO2zxZnzplRy8Thhz0Ps/getUpdates "HTTP/1.1 200 OK"
2025-05-23 17:03:49,508 - httpx - INFO - HTTP Request: POST https://api.telegram.org/bot7093436536:AAEvjyOBDmUYkoOkO2zxZnzplRy8Thhz0Ps/getUpdates "HTTP/1.1 200 OK"
2025-05-23 17:03:59,597 - httpx - INFO - HTTP Request: POST https://api.telegram.org/bot7093436536:AAEvjyOBDmUYkoOkO2zxZnzplRy8Thhz0Ps/getUpdates "HTTP/1.1 200 OK"
2025-05-23 17:04:09,684 - httpx - INFO - HTTP Request: POST https://api.telegram.org/bot7093436536:AAEvjyOBDmUYkoOkO2zxZnzplRy8Thhz0Ps/getUpdates "HTTP/1.1 200 OK"
2025-05-23 17:04:19,773 - httpx - INFO - HTTP Request: POST https://api.telegram.org/bot7093436536:AAEvjyOBDmUYkoOkO2zxZnzplRy8Thhz0Ps/getUpdates "HTTP/1.1 200 OK"
2025-05-23 17:04:29,860 - httpx - INFO - HTTP Request: POST https://api.telegram.org/bot7093436536:AAEvjyOBDmUYkoOkO2zxZnzplRy8Thhz0Ps/getUpdates "HTTP/1.1 200 OK"
2025-05-23 17:04:30,172 - httpx - INFO - HTTP Request: POST https://api.telegram.org/bot7093436536:AAEvjyOBDmUYkoOkO2zxZnzplRy8Thhz0Ps/getUpdates "HTTP/1.1 200 OK"
2025-05-23 17:04:30,381 - geocoder.base - INFO - Requested http://ipinfo.io/json
2025-05-23 17:04:30,875 - httpx - INFO - HTTP Request: POST https://api.telegram.org/bot7093436536:AAEvjyOBDmUYkoOkO2zxZnzplRy8Thhz0Ps/sendMessage "HTTP/1.1 200 OK"
2025-05-23 17:04:40,634 - httpx - INFO - HTTP Request: POST https://api.telegram.org/bot7093436536:AAEvjyOBDmUYkoOkO2zxZnzplRy8Thhz0Ps/getUpdates "HTTP/1.1 200 OK"
2025-05-23 17:04:50,723 - httpx - INFO - HTTP Request: POST https://api.telegram.org/bot7093436536:AAEvjyOBDmUYkoOkO2zxZnzplRy8Thhz0Ps/getUpdates "HTTP/1.1 200 OK"
2025-05-23 17:04:51,277 - httpx - INFO - HTTP Request: POST https://api.telegram.org/bot7093436536:AAEvjyOBDmUYkoOkO2zxZnzplRy8Thhz0Ps/getUpdates "HTTP/1.1 200 OK"
2025-05-23 17:04:52,087 - httpx - INFO - HTTP Request: POST https://api.openai.com/v1/chat/completions "HTTP/1.1 429 Too Many Requests"
2025-05-23 17:04:52,088 - openai._base_client - INFO - Retrying request to /chat/completions in 0.767380 seconds
2025-05-23 17:04:52,953 - httpx - INFO - HTTP Request: POST https://api.openai.com/v1/chat/completions "HTTP/1.1 429 Too Many Requests"
2025-05-23 17:04:52,954 - openai._base_client - INFO - Retrying request to /chat/completions in 1.759245 seconds
2025-05-23 17:04:54,819 - httpx - INFO - HTTP Request: POST https://api.openai.com/v1/chat/completions "HTTP/1.1 429 Too Many Requests"
2025-05-23 17:04:54,820 - __main__ - ERROR - OpenAI error: Error code: 429 - {'error': {'message': 'You exceeded your current quota, please check your plan and billing details. For more information on this error, read the docs: https://platform.openai.com/docs/guides/error-codes/api-errors.', 'type': 'insufficient_quota', 'param': None, 'code': 'insufficient_quota'}}
2025-05-23 17:04:55,102 - httpx - INFO - HTTP Request: POST https://api.telegram.org/bot7093436536:AAEvjyOBDmUYkoOkO2zxZnzplRy8Thhz0Ps/sendMessage "HTTP/1.1 200 OK"
2025-05-23 17:05:04,910 - httpx - INFO - HTTP Request: POST https://api.telegram.org/bot7093436536:AAEvjyOBDmUYkoOkO2zxZnzplRy8Thhz0Ps/getUpdates "HTTP/1.1 200 OK"
2025-05-23 17:05:14,999 - httpx - INFO - HTTP Request: POST https://api.telegram.org/bot7093436536:AAEvjyOBDmUYkoOkO2zxZnzplRy8Thhz0Ps/getUpdates "HTTP/1.1 200 OK"
2025-05-23 17:05:19,388 - httpx - INFO - HTTP Request: POST https://api.telegram.org/bot7093436536:AAEvjyOBDmUYkoOkO2zxZnzplRy8Thhz0Ps/getUpdates "HTTP/1.1 200 OK"
2025-05-23 17:05:19,961 - httpx - INFO - HTTP Request: POST https://api.telegram.org/bot7093436536:AAEvjyOBDmUYkoOkO2zxZnzplRy8Thhz0Ps/sendMessage "HTTP/1.1 200 OK"
2025-05-23 17:05:29,700 - httpx - INFO - HTTP Request: POST https://api.telegram.org/bot7093436536:AAEvjyOBDmUYkoOkO2zxZnzplRy8Thhz0Ps/getUpdates "HTTP/1.1 200 OK"
2025-05-23 17:05:31,478 - httpx - INFO - HTTP Request: POST https://api.telegram.org/bot7093436536:AAEvjyOBDmUYkoOkO2zxZnzplRy8Thhz0Ps/getUpdates "HTTP/1.1 200 OK"
2025-05-23 17:05:31,777 - httpx - INFO - HTTP Request: POST https://api.openai.com/v1/chat/completions "HTTP/1.1 429 Too Many Requests"
2025-05-23 17:05:31,777 - openai._base_client - INFO - Retrying request to /chat/completions in 0.929520 seconds
2025-05-23 17:05:32,821 - httpx - INFO - HTTP Request: POST https://api.openai.com/v1/chat/completions "HTTP/1.1 429 Too Many Requests"
2025-05-23 17:05:32,821 - openai._base_client - INFO - Retrying request to /chat/completions in 1.501146 seconds
2025-05-23 17:05:34,445 - httpx - INFO - HTTP Request: POST https://api.openai.com/v1/chat/completions "HTTP/1.1 429 Too Many Requests"
2025-05-23 17:05:34,446 - __main__ - ERROR - OpenAI error: Error code: 429 - {'error': {'message': 'You exceeded your current quota, please check your plan and billing details. For more information on this error, read the docs: https://platform.openai.com/docs/guides/error-codes/api-errors.', 'type': 'insufficient_quota', 'param': None, 'code': 'insufficient_quota'}}
2025-05-23 17:05:34,935 - httpx - INFO - HTTP Request: POST https://api.telegram.org/bot7093436536:AAEvjyOBDmUYkoOkO2zxZnzplRy8Thhz0Ps/sendMessage "HTTP/1.1 200 OK"
2025-05-23 17:05:44,534 - httpx - INFO - HTTP Request: POST https://api.telegram.org/bot7093436536:AAEvjyOBDmUYkoOkO2zxZnzplRy8Thhz0Ps/getUpdates "HTTP/1.1 200 OK"
2025-05-23 17:05:54,625 - httpx - INFO - HTTP Request: POST https://api.telegram.org/bot7093436536:AAEvjyOBDmUYkoOkO2zxZnzplRy8Thhz0Ps/getUpdates "HTTP/1.1 200 OK"
2025-05-23 17:06:04,716 - httpx - INFO - HTTP Request: POST https://api.telegram.org/bot7093436536:AAEvjyOBDmUYkoOkO2zxZnzplRy8Thhz0Ps/getUpdates "HTTP/1.1 200 OK"
2025-05-23 17:06:14,807 - httpx - INFO - HTTP Request: POST https://api.telegram.org/bot7093436536:AAEvjyOBDmUYkoOkO2zxZnzplRy8Thhz0Ps/getUpdates "HTTP/1.1 200 OK"
2025-05-23 17:06:24,898 - httpx - INFO - HTTP Request: POST https://api.telegram.org/bot7093436536:AAEvjyOBDmUYkoOkO2zxZnzplRy8Thhz0Ps/getUpdates "HTTP/1.1 200 OK"
2025-05-23 17:06:34,987 - httpx - INFO - HTTP Request: POST https://api.telegram.org/bot7093436536:AAEvjyOBDmUYkoOkO2zxZnzplRy8Thhz0Ps/getUpdates "HTTP/1.1 200 OK"
2025-05-23 17:06:41,287 - httpx - INFO - HTTP Request: POST https://api.telegram.org/bot7093436536:AAEvjyOBDmUYkoOkO2zxZnzplRy8Thhz0Ps/getUpdates "HTTP/1.1 200 OK"
2025-05-23 17:06:41,586 - httpx - INFO - HTTP Request: POST https://api.openai.com/v1/chat/completions "HTTP/1.1 429 Too Many Requests"
2025-05-23 17:06:41,587 - openai._base_client - INFO - Retrying request to /chat/completions in 0.905258 seconds
2025-05-23 17:06:42,595 - httpx - INFO - HTTP Request: POST https://api.openai.com/v1/chat/completions "HTTP/1.1 429 Too Many Requests"
2025-05-23 17:06:42,595 - openai._base_client - INFO - Retrying request to /chat/completions in 1.551211 seconds
2025-05-23 17:06:44,247 - httpx - INFO - HTTP Request: POST https://api.openai.com/v1/chat/completions "HTTP/1.1 429 Too Many Requests"
2025-05-23 17:06:44,247 - __main__ - ERROR - OpenAI error: Error code: 429 - {'error': {'message': 'You exceeded your current quota, please check your plan and billing details. For more information on this error, read the docs: https://platform.openai.com/docs/guides/error-codes/api-errors.', 'type': 'insufficient_quota', 'param': None, 'code': 'insufficient_quota'}}
2025-05-23 17:06:44,527 - httpx - INFO - HTTP Request: POST https://api.telegram.org/bot7093436536:AAEvjyOBDmUYkoOkO2zxZnzplRy8Thhz0Ps/sendMessage "HTTP/1.1 200 OK"
2025-05-23 17:06:54,348 - httpx - INFO - HTTP Request: POST https://api.telegram.org/bot7093436536:AAEvjyOBDmUYkoOkO2zxZnzplRy8Thhz0Ps/getUpdates "HTTP/1.1 200 OK"
2025-05-23 17:06:56,458 - httpx - INFO - HTTP Request: POST https://api.telegram.org/bot7093436536:AAEvjyOBDmUYkoOkO2zxZnzplRy8Thhz0Ps/getUpdates "HTTP/1.1 200 OK"
2025-05-23 17:06:56,773 - httpx - INFO - HTTP Request: POST https://api.openai.com/v1/chat/completions "HTTP/1.1 429 Too Many Requests"
2025-05-23 17:06:56,774 - openai._base_client - INFO - Retrying request to /chat/completions in 0.979684 seconds
2025-05-23 17:06:57,875 - httpx - INFO - HTTP Request: POST https://api.openai.com/v1/chat/completions "HTTP/1.1 429 Too Many Requests"
2025-05-23 17:06:57,875 - openai._base_client - INFO - Retrying request to /chat/completions in 1.666786 seconds
2025-05-23 17:06:59,655 - httpx - INFO - HTTP Request: POST https://api.openai.com/v1/chat/completions "HTTP/1.1 429 Too Many Requests"
2025-05-23 17:06:59,655 - __main__ - ERROR - OpenAI error: Error code: 429 - {'error': {'message': 'You exceeded your current quota, please check your plan and billing details. For more information on this error, read the docs: https://platform.openai.com/docs/guides/error-codes/api-errors.', 'type': 'insufficient_quota', 'param': None, 'code': 'insufficient_quota'}}
2025-05-23 17:06:59,926 - httpx - INFO - HTTP Request: POST https://api.telegram.org/bot7093436536:AAEvjyOBDmUYkoOkO2zxZnzplRy8Thhz0Ps/sendMessage "HTTP/1.1 200 OK"
2025-05-23 17:07:05,801 - httpx - INFO - HTTP Request: POST https://api.telegram.org/bot7093436536:AAEvjyOBDmUYkoOkO2zxZnzplRy8Thhz0Ps/getUpdates "HTTP/1.1 200 OK"
2025-05-23 17:07:06,112 - httpx - INFO - HTTP Request: POST https://api.openai.com/v1/chat/completions "HTTP/1.1 429 Too Many Requests"
2025-05-23 17:07:06,113 - openai._base_client - INFO - Retrying request to /chat/completions in 0.949937 seconds
2025-05-23 17:07:07,329 - httpx - INFO - HTTP Request: POST https://api.openai.com/v1/chat/completions "HTTP/1.1 429 Too Many Requests"
2025-05-23 17:07:07,330 - openai._base_client - INFO - Retrying request to /chat/completions in 1.847614 seconds
2025-05-23 17:07:09,279 - httpx - INFO - HTTP Request: POST https://api.openai.com/v1/chat/completions "HTTP/1.1 429 Too Many Requests"
2025-05-23 17:07:09,280 - __main__ - ERROR - OpenAI error: Error code: 429 - {'error': {'message': 'You exceeded your current quota, please check your plan and billing details. For more information on this error, read the docs: https://platform.openai.com/docs/guides/error-codes/api-errors.', 'type': 'insufficient_quota', 'param': None, 'code': 'insufficient_quota'}}
2025-05-23 17:07:09,576 - httpx - INFO - HTTP Request: POST https://api.telegram.org/bot7093436536:AAEvjyOBDmUYkoOkO2zxZnzplRy8Thhz0Ps/sendMessage "HTTP/1.1 200 OK"
2025-05-23 17:07:19,368 - httpx - INFO - HTTP Request: POST https://api.telegram.org/bot7093436536:AAEvjyOBDmUYkoOkO2zxZnzplRy8Thhz0Ps/getUpdates "HTTP/1.1 200 OK"
2025-05-23 17:07:29,459 - httpx - INFO - HTTP Request: POST https://api.telegram.org/bot7093436536:AAEvjyOBDmUYkoOkO2zxZnzplRy8Thhz0Ps/getUpdates "HTTP/1.1 200 OK"
2025-05-23 17:07:37,903 - httpx - INFO - HTTP Request: POST https://api.telegram.org/bot7093436536:AAEvjyOBDmUYkoOkO2zxZnzplRy8Thhz0Ps/getUpdates "HTTP/1.1 200 OK"
2025-05-23 17:07:38,522 - httpx - INFO - HTTP Request: POST https://api.openai.com/v1/chat/completions "HTTP/1.1 429 Too Many Requests"
2025-05-23 17:07:38,523 - openai._base_client - INFO - Retrying request to /chat/completions in 0.810707 seconds
2025-05-23 17:07:39,433 - httpx - INFO - HTTP Request: POST https://api.openai.com/v1/chat/completions "HTTP/1.1 429 Too Many Requests"
2025-05-23 17:07:39,433 - openai._base_client - INFO - Retrying request to /chat/completions in 1.731087 seconds
2025-05-23 17:07:41,271 - httpx - INFO - HTTP Request: POST https://api.openai.com/v1/chat/completions "HTTP/1.1 429 Too Many Requests"
2025-05-23 17:07:41,271 - __main__ - ERROR - OpenAI error: Error code: 429 - {'error': {'message': 'You exceeded your current quota, please check your plan and billing details. For more information on this error, read the docs: https://platform.openai.com/docs/guides/error-codes/api-errors.', 'type': 'insufficient_quota', 'param': None, 'code': 'insufficient_quota'}}
2025-05-23 17:07:41,559 - httpx - INFO - HTTP Request: POST https://api.telegram.org/bot7093436536:AAEvjyOBDmUYkoOkO2zxZnzplRy8Thhz0Ps/sendMessage "HTTP/1.1 200 OK"
2025-05-23 17:07:51,360 - httpx - INFO - HTTP Request: POST https://api.telegram.org/bot7093436536:AAEvjyOBDmUYkoOkO2zxZnzplRy8Thhz0Ps/getUpdates "HTTP/1.1 200 OK"
2025-05-23 17:08:01,449 - httpx - INFO - HTTP Request: POST https://api.telegram.org/bot7093436536:AAEvjyOBDmUYkoOkO2zxZnzplRy8Thhz0Ps/getUpdates "HTTP/1.1 200 OK"
2025-05-23 17:08:11,543 - httpx - INFO - HTTP Request: POST https://api.telegram.org/bot7093436536:AAEvjyOBDmUYkoOkO2zxZnzplRy8Thhz0Ps/getUpdates "HTTP/1.1 200 OK"
2025-05-23 17:08:21,634 - httpx - INFO - HTTP Request: POST https://api.telegram.org/bot7093436536:AAEvjyOBDmUYkoOkO2zxZnzplRy8Thhz0Ps/getUpdates "HTTP/1.1 200 OK"
2025-05-23 17:08:31,729 - httpx - INFO - HTTP Request: POST https://api.telegram.org/bot7093436536:AAEvjyOBDmUYkoOkO2zxZnzplRy8Thhz0Ps/getUpdates "HTTP/1.1 200 OK"
2025-05-23 17:08:33,117 - httpx - INFO - HTTP Request: POST https://api.telegram.org/bot7093436536:AAEvjyOBDmUYkoOkO2zxZnzplRy8Thhz0Ps/getUpdates "HTTP/1.1 200 OK"
2025-05-23 17:08:33,416 - httpx - INFO - HTTP Request: POST https://api.openai.com/v1/chat/completions "HTTP/1.1 429 Too Many Requests"
2025-05-23 17:08:33,416 - openai._base_client - INFO - Retrying request to /chat/completions in 0.933735 seconds
2025-05-23 17:08:34,456 - httpx - INFO - HTTP Request: POST https://api.openai.com/v1/chat/completions "HTTP/1.1 429 Too Many Requests"
2025-05-23 17:08:34,457 - openai._base_client - INFO - Retrying request to /chat/completions in 1.569775 seconds
2025-05-23 17:08:36,129 - httpx - INFO - HTTP Request: POST https://api.openai.com/v1/chat/completions "HTTP/1.1 429 Too Many Requests"
2025-05-23 17:08:36,129 - __main__ - ERROR - OpenAI error: Error code: 429 - {'error': {'message': 'You exceeded your current quota, please check your plan and billing details. For more information on this error, read the docs: https://platform.openai.com/docs/guides/error-codes/api-errors.', 'type': 'insufficient_quota', 'param': None, 'code': 'insufficient_quota'}}
2025-05-23 17:08:36,411 - httpx - INFO - HTTP Request: POST https://api.telegram.org/bot7093436536:AAEvjyOBDmUYkoOkO2zxZnzplRy8Thhz0Ps/sendMessage "HTTP/1.1 200 OK"
2025-05-23 17:08:46,245 - httpx - INFO - HTTP Request: POST https://api.telegram.org/bot7093436536:AAEvjyOBDmUYkoOkO2zxZnzplRy8Thhz0Ps/getUpdates "HTTP/1.1 200 OK"
2025-05-23 17:08:56,335 - httpx - INFO - HTTP Request: POST https://api.telegram.org/bot7093436536:AAEvjyOBDmUYkoOkO2zxZnzplRy8Thhz0Ps/getUpdates "HTTP/1.1 200 OK"
2025-05-23 17:09:06,421 - httpx - INFO - HTTP Request: POST https://api.telegram.org/bot7093436536:AAEvjyOBDmUYkoOkO2zxZnzplRy8Thhz0Ps/getUpdates "HTTP/1.1 200 OK"
2025-05-23 17:09:08,913 - httpx - INFO - HTTP Request: POST https://api.telegram.org/bot7093436536:AAEvjyOBDmUYkoOkO2zxZnzplRy8Thhz0Ps/getUpdates "HTTP/1.1 200 OK"
2025-05-23 17:09:19,002 - httpx - INFO - HTTP Request: POST https://api.telegram.org/bot7093436536:AAEvjyOBDmUYkoOkO2zxZnzplRy8Thhz0Ps/getUpdates "HTTP/1.1 200 OK"
2025-05-23 17:09:29,090 - httpx - INFO - HTTP Request: POST https://api.telegram.org/bot7093436536:AAEvjyOBDmUYkoOkO2zxZnzplRy8Thhz0Ps/getUpdates "HTTP/1.1 200 OK"
2025-05-23 17:09:39,180 - httpx - INFO - HTTP Request: POST https://api.telegram.org/bot7093436536:AAEvjyOBDmUYkoOkO2zxZnzplRy8Thhz0Ps/getUpdates "HTTP/1.1 200 OK"
2025-05-23 17:09:49,270 - httpx - INFO - HTTP Request: POST https://api.telegram.org/bot7093436536:AAEvjyOBDmUYkoOkO2zxZnzplRy8Thhz0Ps/getUpdates "HTTP/1.1 200 OK"
2025-05-23 17:09:59,359 - httpx - INFO - HTTP Request: POST https://api.telegram.org/bot7093436536:AAEvjyOBDmUYkoOkO2zxZnzplRy8Thhz0Ps/getUpdates "HTTP/1.1 200 OK"
2025-05-23 17:10:09,454 - httpx - INFO - HTTP Request: POST https://api.telegram.org/bot7093436536:AAEvjyOBDmUYkoOkO2zxZnzplRy8Thhz0Ps/getUpdates "HTTP/1.1 200 OK"
2025-05-23 17:10:19,544 - httpx - INFO - HTTP Request: POST https://api.telegram.org/bot7093436536:AAEvjyOBDmUYkoOkO2zxZnzplRy8Thhz0Ps/getUpdates "HTTP/1.1 200 OK"
2025-05-23 17:10:29,635 - httpx - INFO - HTTP Request: POST https://api.telegram.org/bot7093436536:AAEvjyOBDmUYkoOkO2zxZnzplRy8Thhz0Ps/getUpdates "HTTP/1.1 200 OK"
2025-05-23 17:10:39,725 - httpx - INFO - HTTP Request: POST https://api.telegram.org/bot7093436536:AAEvjyOBDmUYkoOkO2zxZnzplRy8Thhz0Ps/getUpdates "HTTP/1.1 200 OK"
2025-05-23 17:10:49,813 - httpx - INFO - HTTP Request: POST https://api.telegram.org/bot7093436536:AAEvjyOBDmUYkoOkO2zxZnzplRy8Thhz0Ps/getUpdates "HTTP/1.1 200 OK"
2025-05-23 17:10:59,900 - httpx - INFO - HTTP Request: POST https://api.telegram.org/bot7093436536:AAEvjyOBDmUYkoOkO2zxZnzplRy8Thhz0Ps/getUpdates "HTTP/1.1 200 OK"
2025-05-23 17:11:09,988 - httpx - INFO - HTTP Request: POST https://api.telegram.org/bot7093436536:AAEvjyOBDmUYkoOkO2zxZnzplRy8Thhz0Ps/getUpdates "HTTP/1.1 200 OK"
2025-05-23 17:11:20,082 - httpx - INFO - HTTP Request: POST https://api.telegram.org/bot7093436536:AAEvjyOBDmUYkoOkO2zxZnzplRy8Thhz0Ps/getUpdates "HTTP/1.1 200 OK"
2025-05-23 17:11:30,176 - httpx - INFO - HTTP Request: POST https://api.telegram.org/bot7093436536:AAEvjyOBDmUYkoOkO2zxZnzplRy8Thhz0Ps/getUpdates "HTTP/1.1 200 OK"
2025-05-23 17:11:34,019 - httpx - INFO - HTTP Request: POST https://api.telegram.org/bot7093436536:AAEvjyOBDmUYkoOkO2zxZnzplRy8Thhz0Ps/getUpdates "HTTP/1.1 200 OK"
2025-05-23 17:11:34,322 - httpx - INFO - HTTP Request: POST https://api.openai.com/v1/chat/completions "HTTP/1.1 429 Too Many Requests"
2025-05-23 17:11:34,322 - openai._base_client - INFO - Retrying request to /chat/completions in 0.895050 seconds
2025-05-23 17:11:35,327 - httpx - INFO - HTTP Request: POST https://api.openai.com/v1/chat/completions "HTTP/1.1 429 Too Many Requests"
2025-05-23 17:11:35,327 - openai._base_client - INFO - Retrying request to /chat/completions in 1.563459 seconds
2025-05-23 17:11:36,991 - httpx - INFO - HTTP Request: POST https://api.openai.com/v1/chat/completions "HTTP/1.1 429 Too Many Requests"
2025-05-23 17:11:36,991 - __main__ - ERROR - OpenAI error: Error code: 429 - {'error': {'message': 'You exceeded your current quota, please check your plan and billing details. For more information on this error, read the docs: https://platform.openai.com/docs/guides/error-codes/api-errors.', 'type': 'insufficient_quota', 'param': None, 'code': 'insufficient_quota'}}
2025-05-23 17:11:37,294 - httpx - INFO - HTTP Request: POST https://api.telegram.org/bot7093436536:AAEvjyOBDmUYkoOkO2zxZnzplRy8Thhz0Ps/sendMessage "HTTP/1.1 200 OK"
2025-05-23 17:11:47,082 - httpx - INFO - HTTP Request: POST https://api.telegram.org/bot7093436536:AAEvjyOBDmUYkoOkO2zxZnzplRy8Thhz0Ps/getUpdates "HTTP/1.1 200 OK"
2025-05-23 17:11:55,207 - httpx - INFO - HTTP Request: POST https://api.telegram.org/bot7093436536:AAEvjyOBDmUYkoOkO2zxZnzplRy8Thhz0Ps/getUpdates "HTTP/1.1 200 OK"
2025-05-23 17:11:55,518 - httpx - INFO - HTTP Request: POST https://api.openai.com/v1/chat/completions "HTTP/1.1 429 Too Many Requests"
2025-05-23 17:11:55,518 - openai._base_client - INFO - Retrying request to /chat/completions in 0.880022 seconds
2025-05-23 17:11:56,506 - httpx - INFO - HTTP Request: POST https://api.openai.com/v1/chat/completions "HTTP/1.1 429 Too Many Requests"
2025-05-23 17:11:56,506 - openai._base_client - INFO - Retrying request to /chat/completions in 1.892758 seconds
2025-05-23 17:11:58,504 - httpx - INFO - HTTP Request: POST https://api.openai.com/v1/chat/completions "HTTP/1.1 429 Too Many Requests"
2025-05-23 17:11:58,507 - __main__ - ERROR - OpenAI error: Error code: 429 - {'error': {'message': 'You exceeded your current quota, please check your plan and billing details. For more information on this error, read the docs: https://platform.openai.com/docs/guides/error-codes/api-errors.', 'type': 'insufficient_quota', 'param': None, 'code': 'insufficient_quota'}}
2025-05-23 17:11:58,805 - httpx - INFO - HTTP Request: POST https://api.telegram.org/bot7093436536:AAEvjyOBDmUYkoOkO2zxZnzplRy8Thhz0Ps/sendMessage "HTTP/1.1 200 OK"
2025-05-23 17:12:08,597 - httpx - INFO - HTTP Request: POST https://api.telegram.org/bot7093436536:AAEvjyOBDmUYkoOkO2zxZnzplRy8Thhz0Ps/getUpdates "HTTP/1.1 200 OK"
2025-05-23 17:12:18,692 - httpx - INFO - HTTP Request: POST https://api.telegram.org/bot7093436536:AAEvjyOBDmUYkoOkO2zxZnzplRy8Thhz0Ps/getUpdates "HTTP/1.1 200 OK"
2025-05-23 17:12:28,780 - httpx - INFO - HTTP Request: POST https://api.telegram.org/bot7093436536:AAEvjyOBDmUYkoOkO2zxZnzplRy8Thhz0Ps/getUpdates "HTTP/1.1 200 OK"
2025-05-23 17:12:38,872 - httpx - INFO - HTTP Request: POST https://api.telegram.org/bot7093436536:AAEvjyOBDmUYkoOkO2zxZnzplRy8Thhz0Ps/getUpdates "HTTP/1.1 200 OK"
2025-05-23 17:12:48,965 - httpx - INFO - HTTP Request: POST https://api.telegram.org/bot7093436536:AAEvjyOBDmUYkoOkO2zxZnzplRy8Thhz0Ps/getUpdates "HTTP/1.1 200 OK"
2025-05-23 17:12:59,052 - httpx - INFO - HTTP Request: POST https://api.telegram.org/bot7093436536:AAEvjyOBDmUYkoOkO2zxZnzplRy8Thhz0Ps/getUpdates "HTTP/1.1 200 OK"
2025-05-23 17:13:09,142 - httpx - INFO - HTTP Request: POST https://api.telegram.org/bot7093436536:AAEvjyOBDmUYkoOkO2zxZnzplRy8Thhz0Ps/getUpdates "HTTP/1.1 200 OK"
2025-05-23 17:13:19,231 - httpx - INFO - HTTP Request: POST https://api.telegram.org/bot7093436536:AAEvjyOBDmUYkoOkO2zxZnzplRy8Thhz0Ps/getUpdates "HTTP/1.1 200 OK"
2025-05-23 17:13:29,320 - httpx - INFO - HTTP Request: POST https://api.telegram.org/bot7093436536:AAEvjyOBDmUYkoOkO2zxZnzplRy8Thhz0Ps/getUpdates "HTTP/1.1 200 OK"
2025-05-23 17:13:39,411 - httpx - INFO - HTTP Request: POST https://api.telegram.org/bot7093436536:AAEvjyOBDmUYkoOkO2zxZnzplRy8Thhz0Ps/getUpdates "HTTP/1.1 200 OK"
2025-05-23 17:13:49,499 - httpx - INFO - HTTP Request: POST https://api.telegram.org/bot7093436536:AAEvjyOBDmUYkoOkO2zxZnzplRy8Thhz0Ps/getUpdates "HTTP/1.1 200 OK"
2025-05-23 17:13:59,587 - httpx - INFO - HTTP Request: POST https://api.telegram.org/bot7093436536:AAEvjyOBDmUYkoOkO2zxZnzplRy8Thhz0Ps/getUpdates "HTTP/1.1 200 OK"
2025-05-23 17:14:09,675 - httpx - INFO - HTTP Request: POST https://api.telegram.org/bot7093436536:AAEvjyOBDmUYkoOkO2zxZnzplRy8Thhz0Ps/getUpdates "HTTP/1.1 200 OK"
2025-05-23 17:14:19,763 - httpx - INFO - HTTP Request: POST https://api.telegram.org/bot7093436536:AAEvjyOBDmUYkoOkO2zxZnzplRy8Thhz0Ps/getUpdates "HTTP/1.1 200 OK"
2025-05-23 17:14:29,857 - httpx - INFO - HTTP Request: POST https://api.telegram.org/bot7093436536:AAEvjyOBDmUYkoOkO2zxZnzplRy8Thhz0Ps/getUpdates "HTTP/1.1 200 OK"
2025-05-23 17:14:39,947 - httpx - INFO - HTTP Request: POST https://api.telegram.org/bot7093436536:AAEvjyOBDmUYkoOkO2zxZnzplRy8Thhz0Ps/getUpdates "HTTP/1.1 200 OK"
2025-05-23 17:14:50,039 - httpx - INFO - HTTP Request: POST https://api.telegram.org/bot7093436536:AAEvjyOBDmUYkoOkO2zxZnzplRy8Thhz0Ps/getUpdates "HTTP/1.1 200 OK"
2025-05-23 17:15:00,128 - httpx - INFO - HTTP Request: POST https://api.telegram.org/bot7093436536:AAEvjyOBDmUYkoOkO2zxZnzplRy8Thhz0Ps/getUpdates "HTTP/1.1 200 OK"
2025-05-23 17:15:10,217 - httpx - INFO - HTTP Request: POST https://api.telegram.org/bot7093436536:AAEvjyOBDmUYkoOkO2zxZnzplRy8Thhz0Ps/getUpdates "HTTP/1.1 200 OK"
2025-05-23 17:15:20,309 - httpx - INFO - HTTP Request: POST https://api.telegram.org/bot7093436536:AAEvjyOBDmUYkoOkO2zxZnzplRy8Thhz0Ps/getUpdates "HTTP/1.1 200 OK"
2025-05-23 17:15:30,399 - httpx - INFO - HTTP Request: POST https://api.telegram.org/bot7093436536:AAEvjyOBDmUYkoOkO2zxZnzplRy8Thhz0Ps/getUpdates "HTTP/1.1 200 OK"
2025-05-23 17:15:40,488 - httpx - INFO - HTTP Request: POST https://api.telegram.org/bot7093436536:AAEvjyOBDmUYkoOkO2zxZnzplRy8Thhz0Ps/getUpdates "HTTP/1.1 200 OK"
2025-05-23 17:15:50,579 - httpx - INFO - HTTP Request: POST https://api.telegram.org/bot7093436536:AAEvjyOBDmUYkoOkO2zxZnzplRy8Thhz0Ps/getUpdates "HTTP/1.1 200 OK"
2025-05-23 17:16:00,667 - httpx - INFO - HTTP Request: POST https://api.telegram.org/bot7093436536:AAEvjyOBDmUYkoOkO2zxZnzplRy8Thhz0Ps/getUpdates "HTTP/1.1 200 OK"
2025-05-23 17:16:10,925 - httpx - INFO - HTTP Request: POST https://api.telegram.org/bot7093436536:AAEvjyOBDmUYkoOkO2zxZnzplRy8Thhz0Ps/getUpdates "HTTP/1.1 200 OK"
2025-05-23 17:16:21,009 - httpx - INFO - HTTP Request: POST https://api.telegram.org/bot7093436536:AAEvjyOBDmUYkoOkO2zxZnzplRy8Thhz0Ps/getUpdates "HTTP/1.1 200 OK"
2025-05-23 17:16:31,093 - httpx - INFO - HTTP Request: POST https://api.telegram.org/bot7093436536:AAEvjyOBDmUYkoOkO2zxZnzplRy8Thhz0Ps/getUpdates "HTTP/1.1 200 OK"
2025-05-23 17:16:41,177 - httpx - INFO - HTTP Request: POST https://api.telegram.org/bot7093436536:AAEvjyOBDmUYkoOkO2zxZnzplRy8Thhz0Ps/getUpdates "HTTP/1.1 200 OK"
2025-05-23 17:16:51,261 - httpx - INFO - HTTP Request: POST https://api.telegram.org/bot7093436536:AAEvjyOBDmUYkoOkO2zxZnzplRy8Thhz0Ps/getUpdates "HTTP/1.1 200 OK"
2025-05-23 17:17:01,345 - httpx - INFO - HTTP Request: POST https://api.telegram.org/bot7093436536:AAEvjyOBDmUYkoOkO2zxZnzplRy8Thhz0Ps/getUpdates "HTTP/1.1 200 OK"
2025-05-23 17:17:11,430 - httpx - INFO - HTTP Request: POST https://api.telegram.org/bot7093436536:AAEvjyOBDmUYkoOkO2zxZnzplRy8Thhz0Ps/getUpdates "HTTP/1.1 200 OK"
2025-05-23 17:17:21,514 - httpx - INFO - HTTP Request: POST https://api.telegram.org/bot7093436536:AAEvjyOBDmUYkoOkO2zxZnzplRy8Thhz0Ps/getUpdates "HTTP/1.1 200 OK"
2025-05-23 17:17:31,600 - httpx - INFO - HTTP Request: POST https://api.telegram.org/bot7093436536:AAEvjyOBDmUYkoOkO2zxZnzplRy8Thhz0Ps/getUpdates "HTTP/1.1 200 OK"
2025-05-23 17:17:41,683 - httpx - INFO - HTTP Request: POST https://api.telegram.org/bot7093436536:AAEvjyOBDmUYkoOkO2zxZnzplRy8Thhz0Ps/getUpdates "HTTP/1.1 200 OK"
2025-05-23 17:17:51,768 - httpx - INFO - HTTP Request: POST https://api.telegram.org/bot7093436536:AAEvjyOBDmUYkoOkO2zxZnzplRy8Thhz0Ps/getUpdates "HTTP/1.1 200 OK"
2025-05-23 17:18:01,854 - httpx - INFO - HTTP Request: POST https://api.telegram.org/bot7093436536:AAEvjyOBDmUYkoOkO2zxZnzplRy8Thhz0Ps/getUpdates "HTTP/1.1 200 OK"
2025-05-23 17:18:11,938 - httpx - INFO - HTTP Request: POST https://api.telegram.org/bot7093436536:AAEvjyOBDmUYkoOkO2zxZnzplRy8Thhz0Ps/getUpdates "HTTP/1.1 200 OK"
2025-05-23 17:18:22,023 - httpx - INFO - HTTP Request: POST https://api.telegram.org/bot7093436536:AAEvjyOBDmUYkoOkO2zxZnzplRy8Thhz0Ps/getUpdates "HTTP/1.1 200 OK"
2025-05-23 17:18:32,107 - httpx - INFO - HTTP Request: POST https://api.telegram.org/bot7093436536:AAEvjyOBDmUYkoOkO2zxZnzplRy8Thhz0Ps/getUpdates "HTTP/1.1 200 OK"
2025-05-23 17:18:42,190 - httpx - INFO - HTTP Request: POST https://api.telegram.org/bot7093436536:AAEvjyOBDmUYkoOkO2zxZnzplRy8Thhz0Ps/getUpdates "HTTP/1.1 200 OK"
2025-05-23 17:18:52,275 - httpx - INFO - HTTP Request: POST https://api.telegram.org/bot7093436536:AAEvjyOBDmUYkoOkO2zxZnzplRy8Thhz0Ps/getUpdates "HTTP/1.1 200 OK"
2025-05-23 17:19:02,360 - httpx - INFO - HTTP Request: POST https://api.telegram.org/bot7093436536:AAEvjyOBDmUYkoOkO2zxZnzplRy8Thhz0Ps/getUpdates "HTTP/1.1 200 OK"
2025-05-23 17:19:12,444 - httpx - INFO - HTTP Request: POST https://api.telegram.org/bot7093436536:AAEvjyOBDmUYkoOkO2zxZnzplRy8Thhz0Ps/getUpdates "HTTP/1.1 200 OK"
2025-05-23 17:19:22,531 - httpx - INFO - HTTP Request: POST https://api.telegram.org/bot7093436536:AAEvjyOBDmUYkoOkO2zxZnzplRy8Thhz0Ps/getUpdates "HTTP/1.1 200 OK"
2025-05-23 17:19:32,616 - httpx - INFO - HTTP Request: POST https://api.telegram.org/bot7093436536:AAEvjyOBDmUYkoOkO2zxZnzplRy8Thhz0Ps/getUpdates "HTTP/1.1 200 OK"
2025-05-23 17:19:42,700 - httpx - INFO - HTTP Request: POST https://api.telegram.org/bot7093436536:AAEvjyOBDmUYkoOkO2zxZnzplRy8Thhz0Ps/getUpdates "HTTP/1.1 200 OK"
2025-05-23 17:19:52,804 - httpx - INFO - HTTP Request: POST https://api.telegram.org/bot7093436536:AAEvjyOBDmUYkoOkO2zxZnzplRy8Thhz0Ps/getUpdates "HTTP/1.1 200 OK"
2025-05-23 17:20:02,894 - httpx - INFO - HTTP Request: POST https://api.telegram.org/bot7093436536:AAEvjyOBDmUYkoOkO2zxZnzplRy8Thhz0Ps/getUpdates "HTTP/1.1 200 OK"
2025-05-23 17:20:12,994 - httpx - INFO - HTTP Request: POST https://api.telegram.org/bot7093436536:AAEvjyOBDmUYkoOkO2zxZnzplRy8Thhz0Ps/getUpdates "HTTP/1.1 200 OK"
2025-05-23 17:20:23,079 - httpx - INFO - HTTP Request: POST https://api.telegram.org/bot7093436536:AAEvjyOBDmUYkoOkO2zxZnzplRy8Thhz0Ps/getUpdates "HTTP/1.1 200 OK"
2025-05-23 17:20:33,162 - httpx - INFO - HTTP Request: POST https://api.telegram.org/bot7093436536:AAEvjyOBDmUYkoOkO2zxZnzplRy8Thhz0Ps/getUpdates "HTTP/1.1 200 OK"
2025-05-23 17:20:43,268 - httpx - INFO - HTTP Request: POST https://api.telegram.org/bot7093436536:AAEvjyOBDmUYkoOkO2zxZnzplRy8Thhz0Ps/getUpdates "HTTP/1.1 200 OK"
2025-05-23 17:20:53,352 - httpx - INFO - HTTP Request: POST https://api.telegram.org/bot7093436536:AAEvjyOBDmUYkoOkO2zxZnzplRy8Thhz0Ps/getUpdates "HTTP/1.1 200 OK"
2025-05-23 17:21:03,438 - httpx - INFO - HTTP Request: POST https://api.telegram.org/bot7093436536:AAEvjyOBDmUYkoOkO2zxZnzplRy8Thhz0Ps/getUpdates "HTTP/1.1 200 OK"
2025-05-23 17:21:13,523 - httpx - INFO - HTTP Request: POST https://api.telegram.org/bot7093436536:AAEvjyOBDmUYkoOkO2zxZnzplRy8Thhz0Ps/getUpdates "HTTP/1.1 200 OK"
2025-05-23 17:21:23,607 - httpx - INFO - HTTP Request: POST https://api.telegram.org/bot7093436536:AAEvjyOBDmUYkoOkO2zxZnzplRy8Thhz0Ps/getUpdates "HTTP/1.1 200 OK"
2025-05-23 17:21:33,692 - httpx - INFO - HTTP Request: POST https://api.telegram.org/bot7093436536:AAEvjyOBDmUYkoOkO2zxZnzplRy8Thhz0Ps/getUpdates "HTTP/1.1 200 OK"
2025-05-23 17:21:43,775 - httpx - INFO - HTTP Request: POST https://api.telegram.org/bot7093436536:AAEvjyOBDmUYkoOkO2zxZnzplRy8Thhz0Ps/getUpdates "HTTP/1.1 200 OK"
2025-05-23 17:21:53,859 - httpx - INFO - HTTP Request: POST https://api.telegram.org/bot7093436536:AAEvjyOBDmUYkoOkO2zxZnzplRy8Thhz0Ps/getUpdates "HTTP/1.1 200 OK"
2025-05-23 17:22:03,943 - httpx - INFO - HTTP Request: POST https://api.telegram.org/bot7093436536:AAEvjyOBDmUYkoOkO2zxZnzplRy8Thhz0Ps/getUpdates "HTTP/1.1 200 OK"
2025-05-23 17:22:14,029 - httpx - INFO - HTTP Request: POST https://api.telegram.org/bot7093436536:AAEvjyOBDmUYkoOkO2zxZnzplRy8Thhz0Ps/getUpdates "HTTP/1.1 200 OK"
2025-05-23 17:22:24,115 - httpx - INFO - HTTP Request: POST https://api.telegram.org/bot7093436536:AAEvjyOBDmUYkoOkO2zxZnzplRy8Thhz0Ps/getUpdates "HTTP/1.1 200 OK"
2025-05-23 17:22:34,199 - httpx - INFO - HTTP Request: POST https://api.telegram.org/bot7093436536:AAEvjyOBDmUYkoOkO2zxZnzplRy8Thhz0Ps/getUpdates "HTTP/1.1 200 OK"
2025-05-23 17:22:44,282 - httpx - INFO - HTTP Request: POST https://api.telegram.org/bot7093436536:AAEvjyOBDmUYkoOkO2zxZnzplRy8Thhz0Ps/getUpdates "HTTP/1.1 200 OK"
2025-05-23 17:22:54,367 - httpx - INFO - HTTP Request: POST https://api.telegram.org/bot7093436536:AAEvjyOBDmUYkoOkO2zxZnzplRy8Thhz0Ps/getUpdates "HTTP/1.1 200 OK"
2025-05-23 17:23:04,455 - httpx - INFO - HTTP Request: POST https://api.telegram.org/bot7093436536:AAEvjyOBDmUYkoOkO2zxZnzplRy8Thhz0Ps/getUpdates "HTTP/1.1 200 OK"
2025-05-23 17:23:14,541 - httpx - INFO - HTTP Request: POST https://api.telegram.org/bot7093436536:AAEvjyOBDmUYkoOkO2zxZnzplRy8Thhz0Ps/getUpdates "HTTP/1.1 200 OK"
2025-05-23 17:23:24,626 - httpx - INFO - HTTP Request: POST https://api.telegram.org/bot7093436536:AAEvjyOBDmUYkoOkO2zxZnzplRy8Thhz0Ps/getUpdates "HTTP/1.1 200 OK"
2025-05-23 17:23:34,712 - httpx - INFO - HTTP Request: POST https://api.telegram.org/bot7093436536:AAEvjyOBDmUYkoOkO2zxZnzplRy8Thhz0Ps/getUpdates "HTTP/1.1 200 OK"
2025-05-23 17:23:44,801 - httpx - INFO - HTTP Request: POST https://api.telegram.org/bot7093436536:AAEvjyOBDmUYkoOkO2zxZnzplRy8Thhz0Ps/getUpdates "HTTP/1.1 200 OK"
2025-05-23 17:23:54,886 - httpx - INFO - HTTP Request: POST https://api.telegram.org/bot7093436536:AAEvjyOBDmUYkoOkO2zxZnzplRy8Thhz0Ps/getUpdates "HTTP/1.1 200 OK"
2025-05-23 17:24:04,970 - httpx - INFO - HTTP Request: POST https://api.telegram.org/bot7093436536:AAEvjyOBDmUYkoOkO2zxZnzplRy8Thhz0Ps/getUpdates "HTTP/1.1 200 OK"
2025-05-23 17:24:15,054 - httpx - INFO - HTTP Request: POST https://api.telegram.org/bot7093436536:AAEvjyOBDmUYkoOkO2zxZnzplRy8Thhz0Ps/getUpdates "HTTP/1.1 200 OK"
2025-05-23 17:24:25,139 - httpx - INFO - HTTP Request: POST https://api.telegram.org/bot7093436536:AAEvjyOBDmUYkoOkO2zxZnzplRy8Thhz0Ps/getUpdates "HTTP/1.1 200 OK"
2025-05-23 17:24:35,224 - httpx - INFO - HTTP Request: POST https://api.telegram.org/bot7093436536:AAEvjyOBDmUYkoOkO2zxZnzplRy8Thhz0Ps/getUpdates "HTTP/1.1 200 OK"
2025-05-23 17:24:45,308 - httpx - INFO - HTTP Request: POST https://api.telegram.org/bot7093436536:AAEvjyOBDmUYkoOkO2zxZnzplRy8Thhz0Ps/getUpdates "HTTP/1.1 200 OK"
2025-05-23 17:24:55,391 - httpx - INFO - HTTP Request: POST https://api.telegram.org/bot7093436536:AAEvjyOBDmUYkoOkO2zxZnzplRy8Thhz0Ps/getUpdates "HTTP/1.1 200 OK"
2025-05-23 17:25:05,476 - httpx - INFO - HTTP Request: POST https://api.telegram.org/bot7093436536:AAEvjyOBDmUYkoOkO2zxZnzplRy8Thhz0Ps/getUpdates "HTTP/1.1 200 OK"
2025-05-23 17:25:15,560 - httpx - INFO - HTTP Request: POST https://api.telegram.org/bot7093436536:AAEvjyOBDmUYkoOkO2zxZnzplRy8Thhz0Ps/getUpdates "HTTP/1.1 200 OK"
2025-05-23 17:25:25,643 - httpx - INFO - HTTP Request: POST https://api.telegram.org/bot7093436536:AAEvjyOBDmUYkoOkO2zxZnzplRy8Thhz0Ps/getUpdates "HTTP/1.1 200 OK"
2025-05-23 17:25:35,728 - httpx - INFO - HTTP Request: POST https://api.telegram.org/bot7093436536:AAEvjyOBDmUYkoOkO2zxZnzplRy8Thhz0Ps/getUpdates "HTTP/1.1 200 OK"
2025-05-23 17:25:45,814 - httpx - INFO - HTTP Request: POST https://api.telegram.org/bot7093436536:AAEvjyOBDmUYkoOkO2zxZnzplRy8Thhz0Ps/getUpdates "HTTP/1.1 200 OK"
2025-05-23 17:25:55,897 - httpx - INFO - HTTP Request: POST https://api.telegram.org/bot7093436536:AAEvjyOBDmUYkoOkO2zxZnzplRy8Thhz0Ps/getUpdates "HTTP/1.1 200 OK"
2025-05-23 17:26:05,982 - httpx - INFO - HTTP Request: POST https://api.telegram.org/bot7093436536:AAEvjyOBDmUYkoOkO2zxZnzplRy8Thhz0Ps/getUpdates "HTTP/1.1 200 OK"
2025-05-23 17:26:16,065 - httpx - INFO - HTTP Request: POST https://api.telegram.org/bot7093436536:AAEvjyOBDmUYkoOkO2zxZnzplRy8Thhz0Ps/getUpdates "HTTP/1.1 200 OK"
2025-05-23 17:26:26,151 - httpx - INFO - HTTP Request: POST https://api.telegram.org/bot7093436536:AAEvjyOBDmUYkoOkO2zxZnzplRy8Thhz0Ps/getUpdates "HTTP/1.1 200 OK"
2025-05-23 17:26:36,235 - httpx - INFO - HTTP Request: POST https://api.telegram.org/bot7093436536:AAEvjyOBDmUYkoOkO2zxZnzplRy8Thhz0Ps/getUpdates "HTTP/1.1 200 OK"
2025-05-23 17:26:46,345 - httpx - INFO - HTTP Request: POST https://api.telegram.org/bot7093436536:AAEvjyOBDmUYkoOkO2zxZnzplRy8Thhz0Ps/getUpdates "HTTP/1.1 200 OK"
2025-05-23 17:26:56,443 - httpx - INFO - HTTP Request: POST https://api.telegram.org/bot7093436536:AAEvjyOBDmUYkoOkO2zxZnzplRy8Thhz0Ps/getUpdates "HTTP/1.1 200 OK"
2025-05-23 17:27:06,536 - httpx - INFO - HTTP Request: POST https://api.telegram.org/bot7093436536:AAEvjyOBDmUYkoOkO2zxZnzplRy8Thhz0Ps/getUpdates "HTTP/1.1 200 OK"
2025-05-23 17:27:16,625 - httpx - INFO - HTTP Request: POST https://api.telegram.org/bot7093436536:AAEvjyOBDmUYkoOkO2zxZnzplRy8Thhz0Ps/getUpdates "HTTP/1.1 200 OK"
2025-05-23 17:27:26,709 - httpx - INFO - HTTP Request: POST https://api.telegram.org/bot7093436536:AAEvjyOBDmUYkoOkO2zxZnzplRy8Thhz0Ps/getUpdates "HTTP/1.1 200 OK"
2025-05-23 17:27:36,795 - httpx - INFO - HTTP Request: POST https://api.telegram.org/bot7093436536:AAEvjyOBDmUYkoOkO2zxZnzplRy8Thhz0Ps/getUpdates "HTTP/1.1 200 OK"
2025-05-23 17:27:46,878 - httpx - INFO - HTTP Request: POST https://api.telegram.org/bot7093436536:AAEvjyOBDmUYkoOkO2zxZnzplRy8Thhz0Ps/getUpdates "HTTP/1.1 200 OK"
2025-05-23 17:27:56,962 - httpx - INFO - HTTP Request: POST https://api.telegram.org/bot7093436536:AAEvjyOBDmUYkoOkO2zxZnzplRy8Thhz0Ps/getUpdates "HTTP/1.1 200 OK"
2025-05-23 17:28:07,047 - httpx - INFO - HTTP Request: POST https://api.telegram.org/bot7093436536:AAEvjyOBDmUYkoOkO2zxZnzplRy8Thhz0Ps/getUpdates "HTTP/1.1 200 OK"
2025-05-23 17:28:17,140 - httpx - INFO - HTTP Request: POST https://api.telegram.org/bot7093436536:AAEvjyOBDmUYkoOkO2zxZnzplRy8Thhz0Ps/getUpdates "HTTP/1.1 200 OK"
2025-05-23 17:28:27,224 - httpx - INFO - HTTP Request: POST https://api.telegram.org/bot7093436536:AAEvjyOBDmUYkoOkO2zxZnzplRy8Thhz0Ps/getUpdates "HTTP/1.1 200 OK"
2025-05-23 17:28:37,308 - httpx - INFO - HTTP Request: POST https://api.telegram.org/bot7093436536:AAEvjyOBDmUYkoOkO2zxZnzplRy8Thhz0Ps/getUpdates "HTTP/1.1 200 OK"
2025-05-23 17:28:47,401 - httpx - INFO - HTTP Request: POST https://api.telegram.org/bot7093436536:AAEvjyOBDmUYkoOkO2zxZnzplRy8Thhz0Ps/getUpdates "HTTP/1.1 200 OK"
2025-05-23 17:28:57,486 - httpx - INFO - HTTP Request: POST https://api.telegram.org/bot7093436536:AAEvjyOBDmUYkoOkO2zxZnzplRy8Thhz0Ps/getUpdates "HTTP/1.1 200 OK"
2025-05-23 17:29:07,569 - httpx - INFO - HTTP Request: POST https://api.telegram.org/bot7093436536:AAEvjyOBDmUYkoOkO2zxZnzplRy8Thhz0Ps/getUpdates "HTTP/1.1 200 OK"
2025-05-23 17:29:17,655 - httpx - INFO - HTTP Request: POST https://api.telegram.org/bot7093436536:AAEvjyOBDmUYkoOkO2zxZnzplRy8Thhz0Ps/getUpdates "HTTP/1.1 200 OK"
2025-05-23 17:29:27,741 - httpx - INFO - HTTP Request: POST https://api.telegram.org/bot7093436536:AAEvjyOBDmUYkoOkO2zxZnzplRy8Thhz0Ps/getUpdates "HTTP/1.1 200 OK"
2025-05-23 17:29:37,827 - httpx - INFO - HTTP Request: POST https://api.telegram.org/bot7093436536:AAEvjyOBDmUYkoOkO2zxZnzplRy8Thhz0Ps/getUpdates "HTTP/1.1 200 OK"
2025-05-23 17:29:47,921 - httpx - INFO - HTTP Request: POST https://api.telegram.org/bot7093436536:AAEvjyOBDmUYkoOkO2zxZnzplRy8Thhz0Ps/getUpdates "HTTP/1.1 200 OK"
2025-05-23 17:29:58,004 - httpx - INFO - HTTP Request: POST https://api.telegram.org/bot7093436536:AAEvjyOBDmUYkoOkO2zxZnzplRy8Thhz0Ps/getUpdates "HTTP/1.1 200 OK"
2025-05-23 17:30:08,090 - httpx - INFO - HTTP Request: POST https://api.telegram.org/bot7093436536:AAEvjyOBDmUYkoOkO2zxZnzplRy8Thhz0Ps/getUpdates "HTTP/1.1 200 OK"
2025-05-23 17:30:18,174 - httpx - INFO - HTTP Request: POST https://api.telegram.org/bot7093436536:AAEvjyOBDmUYkoOkO2zxZnzplRy8Thhz0Ps/getUpdates "HTTP/1.1 200 OK"
2025-05-23 17:30:28,258 - httpx - INFO - HTTP Request: POST https://api.telegram.org/bot7093436536:AAEvjyOBDmUYkoOkO2zxZnzplRy8Thhz0Ps/getUpdates "HTTP/1.1 200 OK"
2025-05-23 17:30:38,341 - httpx - INFO - HTTP Request: POST https://api.telegram.org/bot7093436536:AAEvjyOBDmUYkoOkO2zxZnzplRy8Thhz0Ps/getUpdates "HTTP/1.1 200 OK"
2025-05-23 17:30:48,428 - httpx - INFO - HTTP Request: POST https://api.telegram.org/bot7093436536:AAEvjyOBDmUYkoOkO2zxZnzplRy8Thhz0Ps/getUpdates "HTTP/1.1 200 OK"
2025-05-23 17:30:58,536 - httpx - INFO - HTTP Request: POST https://api.telegram.org/bot7093436536:AAEvjyOBDmUYkoOkO2zxZnzplRy8Thhz0Ps/getUpdates "HTTP/1.1 200 OK"
2025-05-23 17:31:08,620 - httpx - INFO - HTTP Request: POST https://api.telegram.org/bot7093436536:AAEvjyOBDmUYkoOkO2zxZnzplRy8Thhz0Ps/getUpdates "HTTP/1.1 200 OK"
2025-05-23 17:31:18,703 - httpx - INFO - HTTP Request: POST https://api.telegram.org/bot7093436536:AAEvjyOBDmUYkoOkO2zxZnzplRy8Thhz0Ps/getUpdates "HTTP/1.1 200 OK"
2025-05-23 17:31:28,787 - httpx - INFO - HTTP Request: POST https://api.telegram.org/bot7093436536:AAEvjyOBDmUYkoOkO2zxZnzplRy8Thhz0Ps/getUpdates "HTTP/1.1 200 OK"
2025-05-23 17:31:38,870 - httpx - INFO - HTTP Request: POST https://api.telegram.org/bot7093436536:AAEvjyOBDmUYkoOkO2zxZnzplRy8Thhz0Ps/getUpdates "HTTP/1.1 200 OK"
2025-05-23 17:31:48,953 - httpx - INFO - HTTP Request: POST https://api.telegram.org/bot7093436536:AAEvjyOBDmUYkoOkO2zxZnzplRy8Thhz0Ps/getUpdates "HTTP/1.1 200 OK"
2025-05-23 17:31:59,037 - httpx - INFO - HTTP Request: POST https://api.telegram.org/bot7093436536:AAEvjyOBDmUYkoOkO2zxZnzplRy8Thhz0Ps/getUpdates "HTTP/1.1 200 OK"
2025-05-23 17:32:09,123 - httpx - INFO - HTTP Request: POST https://api.telegram.org/bot7093436536:AAEvjyOBDmUYkoOkO2zxZnzplRy8Thhz0Ps/getUpdates "HTTP/1.1 200 OK"
2025-05-23 17:32:19,220 - httpx - INFO - HTTP Request: POST https://api.telegram.org/bot7093436536:AAEvjyOBDmUYkoOkO2zxZnzplRy8Thhz0Ps/getUpdates "HTTP/1.1 200 OK"
2025-05-23 17:32:29,304 - httpx - INFO - HTTP Request: POST https://api.telegram.org/bot7093436536:AAEvjyOBDmUYkoOkO2zxZnzplRy8Thhz0Ps/getUpdates "HTTP/1.1 200 OK"
2025-05-23 17:32:39,388 - httpx - INFO - HTTP Request: POST https://api.telegram.org/bot7093436536:AAEvjyOBDmUYkoOkO2zxZnzplRy8Thhz0Ps/getUpdates "HTTP/1.1 200 OK"
2025-05-23 17:32:49,471 - httpx - INFO - HTTP Request: POST https://api.telegram.org/bot7093436536:AAEvjyOBDmUYkoOkO2zxZnzplRy8Thhz0Ps/getUpdates "HTTP/1.1 200 OK"
2025-05-23 17:32:59,741 - httpx - INFO - HTTP Request: POST https://api.telegram.org/bot7093436536:AAEvjyOBDmUYkoOkO2zxZnzplRy8Thhz0Ps/getUpdates "HTTP/1.1 200 OK"
2025-05-23 17:33:09,832 - httpx - INFO - HTTP Request: POST https://api.telegram.org/bot7093436536:AAEvjyOBDmUYkoOkO2zxZnzplRy8Thhz0Ps/getUpdates "HTTP/1.1 200 OK"
2025-05-23 17:33:19,921 - httpx - INFO - HTTP Request: POST https://api.telegram.org/bot7093436536:AAEvjyOBDmUYkoOkO2zxZnzplRy8Thhz0Ps/getUpdates "HTTP/1.1 200 OK"
2025-05-23 17:33:30,010 - httpx - INFO - HTTP Request: POST https://api.telegram.org/bot7093436536:AAEvjyOBDmUYkoOkO2zxZnzplRy8Thhz0Ps/getUpdates "HTTP/1.1 200 OK"
2025-05-23 17:33:40,101 - httpx - INFO - HTTP Request: POST https://api.telegram.org/bot7093436536:AAEvjyOBDmUYkoOkO2zxZnzplRy8Thhz0Ps/getUpdates "HTTP/1.1 200 OK"
2025-05-23 17:33:50,192 - httpx - INFO - HTTP Request: POST https://api.telegram.org/bot7093436536:AAEvjyOBDmUYkoOkO2zxZnzplRy8Thhz0Ps/getUpdates "HTTP/1.1 200 OK"
2025-05-23 17:34:00,289 - httpx - INFO - HTTP Request: POST https://api.telegram.org/bot7093436536:AAEvjyOBDmUYkoOkO2zxZnzplRy8Thhz0Ps/getUpdates "HTTP/1.1 200 OK"
2025-05-23 17:34:10,377 - httpx - INFO - HTTP Request: POST https://api.telegram.org/bot7093436536:AAEvjyOBDmUYkoOkO2zxZnzplRy8Thhz0Ps/getUpdates "HTTP/1.1 200 OK"
2025-05-23 17:34:20,465 - httpx - INFO - HTTP Request: POST https://api.telegram.org/bot7093436536:AAEvjyOBDmUYkoOkO2zxZnzplRy8Thhz0Ps/getUpdates "HTTP/1.1 200 OK"
2025-05-23 17:34:30,554 - httpx - INFO - HTTP Request: POST https://api.telegram.org/bot7093436536:AAEvjyOBDmUYkoOkO2zxZnzplRy8Thhz0Ps/getUpdates "HTTP/1.1 200 OK"
2025-05-23 17:34:40,644 - httpx - INFO - HTTP Request: POST https://api.telegram.org/bot7093436536:AAEvjyOBDmUYkoOkO2zxZnzplRy8Thhz0Ps/getUpdates "HTTP/1.1 200 OK"
2025-05-23 17:34:50,733 - httpx - INFO - HTTP Request: POST https://api.telegram.org/bot7093436536:AAEvjyOBDmUYkoOkO2zxZnzplRy8Thhz0Ps/getUpdates "HTTP/1.1 200 OK"
2025-05-23 17:35:00,841 - httpx - INFO - HTTP Request: POST https://api.telegram.org/bot7093436536:AAEvjyOBDmUYkoOkO2zxZnzplRy8Thhz0Ps/getUpdates "HTTP/1.1 200 OK"
2025-05-23 17:35:10,931 - httpx - INFO - HTTP Request: POST https://api.telegram.org/bot7093436536:AAEvjyOBDmUYkoOkO2zxZnzplRy8Thhz0Ps/getUpdates "HTTP/1.1 200 OK"
2025-05-23 17:35:21,021 - httpx - INFO - HTTP Request: POST https://api.telegram.org/bot7093436536:AAEvjyOBDmUYkoOkO2zxZnzplRy8Thhz0Ps/getUpdates "HTTP/1.1 200 OK"
2025-05-23 17:35:31,116 - httpx - INFO - HTTP Request: POST https://api.telegram.org/bot7093436536:AAEvjyOBDmUYkoOkO2zxZnzplRy8Thhz0Ps/getUpdates "HTTP/1.1 200 OK"
2025-05-23 17:35:41,212 - httpx - INFO - HTTP Request: POST https://api.telegram.org/bot7093436536:AAEvjyOBDmUYkoOkO2zxZnzplRy8Thhz0Ps/getUpdates "HTTP/1.1 200 OK"
2025-05-23 17:35:51,306 - httpx - INFO - HTTP Request: POST https://api.telegram.org/bot7093436536:AAEvjyOBDmUYkoOkO2zxZnzplRy8Thhz0Ps/getUpdates "HTTP/1.1 200 OK"
2025-05-23 17:36:01,400 - httpx - INFO - HTTP Request: POST https://api.telegram.org/bot7093436536:AAEvjyOBDmUYkoOkO2zxZnzplRy8Thhz0Ps/getUpdates "HTTP/1.1 200 OK"
2025-05-23 17:36:11,489 - httpx - INFO - HTTP Request: POST https://api.telegram.org/bot7093436536:AAEvjyOBDmUYkoOkO2zxZnzplRy8Thhz0Ps/getUpdates "HTTP/1.1 200 OK"
2025-05-23 17:36:21,578 - httpx - INFO - HTTP Request: POST https://api.telegram.org/bot7093436536:AAEvjyOBDmUYkoOkO2zxZnzplRy8Thhz0Ps/getUpdates "HTTP/1.1 200 OK"
2025-05-23 17:36:31,668 - httpx - INFO - HTTP Request: POST https://api.telegram.org/bot7093436536:AAEvjyOBDmUYkoOkO2zxZnzplRy8Thhz0Ps/getUpdates "HTTP/1.1 200 OK"
2025-05-23 17:36:41,756 - httpx - INFO - HTTP Request: POST https://api.telegram.org/bot7093436536:AAEvjyOBDmUYkoOkO2zxZnzplRy8Thhz0Ps/getUpdates "HTTP/1.1 200 OK"
2025-05-23 17:36:51,846 - httpx - INFO - HTTP Request: POST https://api.telegram.org/bot7093436536:AAEvjyOBDmUYkoOkO2zxZnzplRy8Thhz0Ps/getUpdates "HTTP/1.1 200 OK"
2025-05-23 17:37:01,934 - httpx - INFO - HTTP Request: POST https://api.telegram.org/bot7093436536:AAEvjyOBDmUYkoOkO2zxZnzplRy8Thhz0Ps/getUpdates "HTTP/1.1 200 OK"
2025-05-23 17:37:12,023 - httpx - INFO - HTTP Request: POST https://api.telegram.org/bot7093436536:AAEvjyOBDmUYkoOkO2zxZnzplRy8Thhz0Ps/getUpdates "HTTP/1.1 200 OK"
2025-05-23 17:37:22,112 - httpx - INFO - HTTP Request: POST https://api.telegram.org/bot7093436536:AAEvjyOBDmUYkoOkO2zxZnzplRy8Thhz0Ps/getUpdates "HTTP/1.1 200 OK"
2025-05-23 17:37:32,199 - httpx - INFO - HTTP Request: POST https://api.telegram.org/bot7093436536:AAEvjyOBDmUYkoOkO2zxZnzplRy8Thhz0Ps/getUpdates "HTTP/1.1 200 OK"
2025-05-23 17:37:42,287 - httpx - INFO - HTTP Request: POST https://api.telegram.org/bot7093436536:AAEvjyOBDmUYkoOkO2zxZnzplRy8Thhz0Ps/getUpdates "HTTP/1.1 200 OK"
2025-05-23 17:37:52,378 - httpx - INFO - HTTP Request: POST https://api.telegram.org/bot7093436536:AAEvjyOBDmUYkoOkO2zxZnzplRy8Thhz0Ps/getUpdates "HTTP/1.1 200 OK"
2025-05-23 17:38:02,469 - httpx - INFO - HTTP Request: POST https://api.telegram.org/bot7093436536:AAEvjyOBDmUYkoOkO2zxZnzplRy8Thhz0Ps/getUpdates "HTTP/1.1 200 OK"
2025-05-23 17:38:12,557 - httpx - INFO - HTTP Request: POST https://api.telegram.org/bot7093436536:AAEvjyOBDmUYkoOkO2zxZnzplRy8Thhz0Ps/getUpdates "HTTP/1.1 200 OK"
2025-05-23 17:38:22,655 - httpx - INFO - HTTP Request: POST https://api.telegram.org/bot7093436536:AAEvjyOBDmUYkoOkO2zxZnzplRy8Thhz0Ps/getUpdates "HTTP/1.1 200 OK"
2025-05-23 17:38:32,743 - httpx - INFO - HTTP Request: POST https://api.telegram.org/bot7093436536:AAEvjyOBDmUYkoOkO2zxZnzplRy8Thhz0Ps/getUpdates "HTTP/1.1 200 OK"
2025-05-23 17:38:42,832 - httpx - INFO - HTTP Request: POST https://api.telegram.org/bot7093436536:AAEvjyOBDmUYkoOkO2zxZnzplRy8Thhz0Ps/getUpdates "HTTP/1.1 200 OK"
2025-05-23 17:38:52,921 - httpx - INFO - HTTP Request: POST https://api.telegram.org/bot7093436536:AAEvjyOBDmUYkoOkO2zxZnzplRy8Thhz0Ps/getUpdates "HTTP/1.1 200 OK"
2025-05-23 17:39:03,010 - httpx - INFO - HTTP Request: POST https://api.telegram.org/bot7093436536:AAEvjyOBDmUYkoOkO2zxZnzplRy8Thhz0Ps/getUpdates "HTTP/1.1 200 OK"
2025-05-23 17:39:13,099 - httpx - INFO - HTTP Request: POST https://api.telegram.org/bot7093436536:AAEvjyOBDmUYkoOkO2zxZnzplRy8Thhz0Ps/getUpdates "HTTP/1.1 200 OK"
2025-05-23 17:39:23,186 - httpx - INFO - HTTP Request: POST https://api.telegram.org/bot7093436536:AAEvjyOBDmUYkoOkO2zxZnzplRy8Thhz0Ps/getUpdates "HTTP/1.1 200 OK"
2025-05-23 17:39:33,274 - httpx - INFO - HTTP Request: POST https://api.telegram.org/bot7093436536:AAEvjyOBDmUYkoOkO2zxZnzplRy8Thhz0Ps/getUpdates "HTTP/1.1 200 OK"
2025-05-23 17:39:43,366 - httpx - INFO - HTTP Request: POST https://api.telegram.org/bot7093436536:AAEvjyOBDmUYkoOkO2zxZnzplRy8Thhz0Ps/getUpdates "HTTP/1.1 200 OK"
2025-05-23 17:39:53,454 - httpx - INFO - HTTP Request: POST https://api.telegram.org/bot7093436536:AAEvjyOBDmUYkoOkO2zxZnzplRy8Thhz0Ps/getUpdates "HTTP/1.1 200 OK"
2025-05-23 17:40:03,547 - httpx - INFO - HTTP Request: POST https://api.telegram.org/bot7093436536:AAEvjyOBDmUYkoOkO2zxZnzplRy8Thhz0Ps/getUpdates "HTTP/1.1 200 OK"
2025-05-23 17:40:13,638 - httpx - INFO - HTTP Request: POST https://api.telegram.org/bot7093436536:AAEvjyOBDmUYkoOkO2zxZnzplRy8Thhz0Ps/getUpdates "HTTP/1.1 200 OK"
2025-05-23 17:40:23,726 - httpx - INFO - HTTP Request: POST https://api.telegram.org/bot7093436536:AAEvjyOBDmUYkoOkO2zxZnzplRy8Thhz0Ps/getUpdates "HTTP/1.1 200 OK"
2025-05-23 17:40:33,815 - httpx - INFO - HTTP Request: POST https://api.telegram.org/bot7093436536:AAEvjyOBDmUYkoOkO2zxZnzplRy8Thhz0Ps/getUpdates "HTTP/1.1 200 OK"
2025-05-23 17:40:43,911 - httpx - INFO - HTTP Request: POST https://api.telegram.org/bot7093436536:AAEvjyOBDmUYkoOkO2zxZnzplRy8Thhz0Ps/getUpdates "HTTP/1.1 200 OK"
2025-05-23 17:40:54,000 - httpx - INFO - HTTP Request: POST https://api.telegram.org/bot7093436536:AAEvjyOBDmUYkoOkO2zxZnzplRy8Thhz0Ps/getUpdates "HTTP/1.1 200 OK"
2025-05-23 17:41:04,091 - httpx - INFO - HTTP Request: POST https://api.telegram.org/bot7093436536:AAEvjyOBDmUYkoOkO2zxZnzplRy8Thhz0Ps/getUpdates "HTTP/1.1 200 OK"
2025-05-23 17:41:14,197 - httpx - INFO - HTTP Request: POST https://api.telegram.org/bot7093436536:AAEvjyOBDmUYkoOkO2zxZnzplRy8Thhz0Ps/getUpdates "HTTP/1.1 200 OK"
2025-05-23 17:41:24,288 - httpx - INFO - HTTP Request: POST https://api.telegram.org/bot7093436536:AAEvjyOBDmUYkoOkO2zxZnzplRy8Thhz0Ps/getUpdates "HTTP/1.1 200 OK"
2025-05-23 17:41:34,376 - httpx - INFO - HTTP Request: POST https://api.telegram.org/bot7093436536:AAEvjyOBDmUYkoOkO2zxZnzplRy8Thhz0Ps/getUpdates "HTTP/1.1 200 OK"
2025-05-23 17:41:44,468 - httpx - INFO - HTTP Request: POST https://api.telegram.org/bot7093436536:AAEvjyOBDmUYkoOkO2zxZnzplRy8Thhz0Ps/getUpdates "HTTP/1.1 200 OK"
2025-05-23 17:41:54,555 - httpx - INFO - HTTP Request: POST https://api.telegram.org/bot7093436536:AAEvjyOBDmUYkoOkO2zxZnzplRy8Thhz0Ps/getUpdates "HTTP/1.1 200 OK"
2025-05-23 17:42:04,644 - httpx - INFO - HTTP Request: POST https://api.telegram.org/bot7093436536:AAEvjyOBDmUYkoOkO2zxZnzplRy8Thhz0Ps/getUpdates "HTTP/1.1 200 OK"
2025-05-23 17:42:14,734 - httpx - INFO - HTTP Request: POST https://api.telegram.org/bot7093436536:AAEvjyOBDmUYkoOkO2zxZnzplRy8Thhz0Ps/getUpdates "HTTP/1.1 200 OK"
2025-05-23 17:42:24,826 - httpx - INFO - HTTP Request: POST https://api.telegram.org/bot7093436536:AAEvjyOBDmUYkoOkO2zxZnzplRy8Thhz0Ps/getUpdates "HTTP/1.1 200 OK"
2025-05-23 17:42:34,916 - httpx - INFO - HTTP Request: POST https://api.telegram.org/bot7093436536:AAEvjyOBDmUYkoOkO2zxZnzplRy8Thhz0Ps/getUpdates "HTTP/1.1 200 OK"
2025-05-23 17:42:45,004 - httpx - INFO - HTTP Request: POST https://api.telegram.org/bot7093436536:AAEvjyOBDmUYkoOkO2zxZnzplRy8Thhz0Ps/getUpdates "HTTP/1.1 200 OK"
2025-05-23 17:42:55,098 - httpx - INFO - HTTP Request: POST https://api.telegram.org/bot7093436536:AAEvjyOBDmUYkoOkO2zxZnzplRy8Thhz0Ps/getUpdates "HTTP/1.1 200 OK"
2025-05-23 17:43:05,186 - httpx - INFO - HTTP Request: POST https://api.telegram.org/bot7093436536:AAEvjyOBDmUYkoOkO2zxZnzplRy8Thhz0Ps/getUpdates "HTTP/1.1 200 OK"
2025-05-23 17:43:15,275 - httpx - INFO - HTTP Request: POST https://api.telegram.org/bot7093436536:AAEvjyOBDmUYkoOkO2zxZnzplRy8Thhz0Ps/getUpdates "HTTP/1.1 200 OK"
2025-05-23 17:43:25,363 - httpx - INFO - HTTP Request: POST https://api.telegram.org/bot7093436536:AAEvjyOBDmUYkoOkO2zxZnzplRy8Thhz0Ps/getUpdates "HTTP/1.1 200 OK"
2025-05-23 17:43:35,453 - httpx - INFO - HTTP Request: POST https://api.telegram.org/bot7093436536:AAEvjyOBDmUYkoOkO2zxZnzplRy8Thhz0Ps/getUpdates "HTTP/1.1 200 OK"
2025-05-23 17:43:45,545 - httpx - INFO - HTTP Request: POST https://api.telegram.org/bot7093436536:AAEvjyOBDmUYkoOkO2zxZnzplRy8Thhz0Ps/getUpdates "HTTP/1.1 200 OK"
2025-05-23 17:43:55,633 - httpx - INFO - HTTP Request: POST https://api.telegram.org/bot7093436536:AAEvjyOBDmUYkoOkO2zxZnzplRy8Thhz0Ps/getUpdates "HTTP/1.1 200 OK"
2025-05-23 17:44:05,731 - httpx - INFO - HTTP Request: POST https://api.telegram.org/bot7093436536:AAEvjyOBDmUYkoOkO2zxZnzplRy8Thhz0Ps/getUpdates "HTTP/1.1 200 OK"
2025-05-23 17:44:15,819 - httpx - INFO - HTTP Request: POST https://api.telegram.org/bot7093436536:AAEvjyOBDmUYkoOkO2zxZnzplRy8Thhz0Ps/getUpdates "HTTP/1.1 200 OK"
2025-05-23 17:44:25,907 - httpx - INFO - HTTP Request: POST https://api.telegram.org/bot7093436536:AAEvjyOBDmUYkoOkO2zxZnzplRy8Thhz0Ps/getUpdates "HTTP/1.1 200 OK"
2025-05-23 17:44:35,995 - httpx - INFO - HTTP Request: POST https://api.telegram.org/bot7093436536:AAEvjyOBDmUYkoOkO2zxZnzplRy8Thhz0Ps/getUpdates "HTTP/1.1 200 OK"
2025-05-23 17:44:46,095 - httpx - INFO - HTTP Request: POST https://api.telegram.org/bot7093436536:AAEvjyOBDmUYkoOkO2zxZnzplRy8Thhz0Ps/getUpdates "HTTP/1.1 200 OK"
2025-05-23 17:44:56,187 - httpx - INFO - HTTP Request: POST https://api.telegram.org/bot7093436536:AAEvjyOBDmUYkoOkO2zxZnzplRy8Thhz0Ps/getUpdates "HTTP/1.1 200 OK"
2025-05-23 17:45:06,280 - httpx - INFO - HTTP Request: POST https://api.telegram.org/bot7093436536:AAEvjyOBDmUYkoOkO2zxZnzplRy8Thhz0Ps/getUpdates "HTTP/1.1 200 OK"
2025-05-23 17:45:16,382 - httpx - INFO - HTTP Request: POST https://api.telegram.org/bot7093436536:AAEvjyOBDmUYkoOkO2zxZnzplRy8Thhz0Ps/getUpdates "HTTP/1.1 200 OK"
2025-05-23 17:45:26,471 - httpx - INFO - HTTP Request: POST https://api.telegram.org/bot7093436536:AAEvjyOBDmUYkoOkO2zxZnzplRy8Thhz0Ps/getUpdates "HTTP/1.1 200 OK"
2025-05-23 17:45:36,560 - httpx - INFO - HTTP Request: POST https://api.telegram.org/bot7093436536:AAEvjyOBDmUYkoOkO2zxZnzplRy8Thhz0Ps/getUpdates "HTTP/1.1 200 OK"
2025-05-23 17:45:46,648 - httpx - INFO - HTTP Request: POST https://api.telegram.org/bot7093436536:AAEvjyOBDmUYkoOkO2zxZnzplRy8Thhz0Ps/getUpdates "HTTP/1.1 200 OK"
2025-05-23 17:45:56,738 - httpx - INFO - HTTP Request: POST https://api.telegram.org/bot7093436536:AAEvjyOBDmUYkoOkO2zxZnzplRy8Thhz0Ps/getUpdates "HTTP/1.1 200 OK"
2025-05-23 17:46:06,827 - httpx - INFO - HTTP Request: POST https://api.telegram.org/bot7093436536:AAEvjyOBDmUYkoOkO2zxZnzplRy8Thhz0Ps/getUpdates "HTTP/1.1 200 OK"
2025-05-23 17:46:16,915 - httpx - INFO - HTTP Request: POST https://api.telegram.org/bot7093436536:AAEvjyOBDmUYkoOkO2zxZnzplRy8Thhz0Ps/getUpdates "HTTP/1.1 200 OK"
2025-05-23 17:46:27,006 - httpx - INFO - HTTP Request: POST https://api.telegram.org/bot7093436536:AAEvjyOBDmUYkoOkO2zxZnzplRy8Thhz0Ps/getUpdates "HTTP/1.1 200 OK"
2025-05-23 17:46:37,094 - httpx - INFO - HTTP Request: POST https://api.telegram.org/bot7093436536:AAEvjyOBDmUYkoOkO2zxZnzplRy8Thhz0Ps/getUpdates "HTTP/1.1 200 OK"
2025-05-23 17:46:47,184 - httpx - INFO - HTTP Request: POST https://api.telegram.org/bot7093436536:AAEvjyOBDmUYkoOkO2zxZnzplRy8Thhz0Ps/getUpdates "HTTP/1.1 200 OK"
2025-05-23 17:46:57,272 - httpx - INFO - HTTP Request: POST https://api.telegram.org/bot7093436536:AAEvjyOBDmUYkoOkO2zxZnzplRy8Thhz0Ps/getUpdates "HTTP/1.1 200 OK"
2025-05-23 17:47:07,360 - httpx - INFO - HTTP Request: POST https://api.telegram.org/bot7093436536:AAEvjyOBDmUYkoOkO2zxZnzplRy8Thhz0Ps/getUpdates "HTTP/1.1 200 OK"
2025-05-23 17:47:17,447 - httpx - INFO - HTTP Request: POST https://api.telegram.org/bot7093436536:AAEvjyOBDmUYkoOkO2zxZnzplRy8Thhz0Ps/getUpdates "HTTP/1.1 200 OK"
2025-05-23 17:47:27,537 - httpx - INFO - HTTP Request: POST https://api.telegram.org/bot7093436536:AAEvjyOBDmUYkoOkO2zxZnzplRy8Thhz0Ps/getUpdates "HTTP/1.1 200 OK"
2025-05-23 17:47:37,625 - httpx - INFO - HTTP Request: POST https://api.telegram.org/bot7093436536:AAEvjyOBDmUYkoOkO2zxZnzplRy8Thhz0Ps/getUpdates "HTTP/1.1 200 OK"
2025-05-23 17:47:47,725 - httpx - INFO - HTTP Request: POST https://api.telegram.org/bot7093436536:AAEvjyOBDmUYkoOkO2zxZnzplRy8Thhz0Ps/getUpdates "HTTP/1.1 200 OK"
2025-05-23 17:47:57,816 - httpx - INFO - HTTP Request: POST https://api.telegram.org/bot7093436536:AAEvjyOBDmUYkoOkO2zxZnzplRy8Thhz0Ps/getUpdates "HTTP/1.1 200 OK"
2025-05-23 17:48:07,907 - httpx - INFO - HTTP Request: POST https://api.telegram.org/bot7093436536:AAEvjyOBDmUYkoOkO2zxZnzplRy8Thhz0Ps/getUpdates "HTTP/1.1 200 OK"
2025-05-23 17:48:17,999 - httpx - INFO - HTTP Request: POST https://api.telegram.org/bot7093436536:AAEvjyOBDmUYkoOkO2zxZnzplRy8Thhz0Ps/getUpdates "HTTP/1.1 200 OK"
2025-05-23 17:48:28,090 - httpx - INFO - HTTP Request: POST https://api.telegram.org/bot7093436536:AAEvjyOBDmUYkoOkO2zxZnzplRy8Thhz0Ps/getUpdates "HTTP/1.1 200 OK"
2025-05-23 17:48:38,178 - httpx - INFO - HTTP Request: POST https://api.telegram.org/bot7093436536:AAEvjyOBDmUYkoOkO2zxZnzplRy8Thhz0Ps/getUpdates "HTTP/1.1 200 OK"
2025-05-23 17:48:48,268 - httpx - INFO - HTTP Request: POST https://api.telegram.org/bot7093436536:AAEvjyOBDmUYkoOkO2zxZnzplRy8Thhz0Ps/getUpdates "HTTP/1.1 200 OK"
2025-05-23 17:48:58,358 - httpx - INFO - HTTP Request: POST https://api.telegram.org/bot7093436536:AAEvjyOBDmUYkoOkO2zxZnzplRy8Thhz0Ps/getUpdates "HTTP/1.1 200 OK"
2025-05-23 17:49:08,447 - httpx - INFO - HTTP Request: POST https://api.telegram.org/bot7093436536:AAEvjyOBDmUYkoOkO2zxZnzplRy8Thhz0Ps/getUpdates "HTTP/1.1 200 OK"
2025-05-23 17:49:18,539 - httpx - INFO - HTTP Request: POST https://api.telegram.org/bot7093436536:AAEvjyOBDmUYkoOkO2zxZnzplRy8Thhz0Ps/getUpdates "HTTP/1.1 200 OK"
2025-05-23 17:49:28,627 - httpx - INFO - HTTP Request: POST https://api.telegram.org/bot7093436536:AAEvjyOBDmUYkoOkO2zxZnzplRy8Thhz0Ps/getUpdates "HTTP/1.1 200 OK"
2025-05-23 17:49:38,718 - httpx - INFO - HTTP Request: POST https://api.telegram.org/bot7093436536:AAEvjyOBDmUYkoOkO2zxZnzplRy8Thhz0Ps/getUpdates "HTTP/1.1 200 OK"
2025-05-23 17:49:48,963 - httpx - INFO - HTTP Request: POST https://api.telegram.org/bot7093436536:AAEvjyOBDmUYkoOkO2zxZnzplRy8Thhz0Ps/getUpdates "HTTP/1.1 200 OK"
2025-05-23 17:49:59,045 - httpx - INFO - HTTP Request: POST https://api.telegram.org/bot7093436536:AAEvjyOBDmUYkoOkO2zxZnzplRy8Thhz0Ps/getUpdates "HTTP/1.1 200 OK"
2025-05-23 17:50:09,129 - httpx - INFO - HTTP Request: POST https://api.telegram.org/bot7093436536:AAEvjyOBDmUYkoOkO2zxZnzplRy8Thhz0Ps/getUpdates "HTTP/1.1 200 OK"
2025-05-23 17:50:19,211 - httpx - INFO - HTTP Request: POST https://api.telegram.org/bot7093436536:AAEvjyOBDmUYkoOkO2zxZnzplRy8Thhz0Ps/getUpdates "HTTP/1.1 200 OK"
2025-05-23 17:50:29,297 - httpx - INFO - HTTP Request: POST https://api.telegram.org/bot7093436536:AAEvjyOBDmUYkoOkO2zxZnzplRy8Thhz0Ps/getUpdates "HTTP/1.1 200 OK"
2025-05-23 17:50:39,380 - httpx - INFO - HTTP Request: POST https://api.telegram.org/bot7093436536:AAEvjyOBDmUYkoOkO2zxZnzplRy8Thhz0Ps/getUpdates "HTTP/1.1 200 OK"
2025-05-23 17:50:49,462 - httpx - INFO - HTTP Request: POST https://api.telegram.org/bot7093436536:AAEvjyOBDmUYkoOkO2zxZnzplRy8Thhz0Ps/getUpdates "HTTP/1.1 200 OK"
2025-05-23 17:50:59,543 - httpx - INFO - HTTP Request: POST https://api.telegram.org/bot7093436536:AAEvjyOBDmUYkoOkO2zxZnzplRy8Thhz0Ps/getUpdates "HTTP/1.1 200 OK"
2025-05-23 17:51:09,623 - httpx - INFO - HTTP Request: POST https://api.telegram.org/bot7093436536:AAEvjyOBDmUYkoOkO2zxZnzplRy8Thhz0Ps/getUpdates "HTTP/1.1 200 OK"
2025-05-23 17:51:19,706 - httpx - INFO - HTTP Request: POST https://api.telegram.org/bot7093436536:AAEvjyOBDmUYkoOkO2zxZnzplRy8Thhz0Ps/getUpdates "HTTP/1.1 200 OK"
2025-05-23 17:51:29,790 - httpx - INFO - HTTP Request: POST https://api.telegram.org/bot7093436536:AAEvjyOBDmUYkoOkO2zxZnzplRy8Thhz0Ps/getUpdates "HTTP/1.1 200 OK"
2025-05-23 17:51:39,874 - httpx - INFO - HTTP Request: POST https://api.telegram.org/bot7093436536:AAEvjyOBDmUYkoOkO2zxZnzplRy8Thhz0Ps/getUpdates "HTTP/1.1 200 OK"
2025-05-23 17:51:49,957 - httpx - INFO - HTTP Request: POST https://api.telegram.org/bot7093436536:AAEvjyOBDmUYkoOkO2zxZnzplRy8Thhz0Ps/getUpdates "HTTP/1.1 200 OK"
2025-05-23 17:52:00,039 - httpx - INFO - HTTP Request: POST https://api.telegram.org/bot7093436536:AAEvjyOBDmUYkoOkO2zxZnzplRy8Thhz0Ps/getUpdates "HTTP/1.1 200 OK"
2025-05-23 17:52:10,124 - httpx - INFO - HTTP Request: POST https://api.telegram.org/bot7093436536:AAEvjyOBDmUYkoOkO2zxZnzplRy8Thhz0Ps/getUpdates "HTTP/1.1 200 OK"
2025-05-23 17:52:20,206 - httpx - INFO - HTTP Request: POST https://api.telegram.org/bot7093436536:AAEvjyOBDmUYkoOkO2zxZnzplRy8Thhz0Ps/getUpdates "HTTP/1.1 200 OK"
2025-05-23 17:52:30,286 - httpx - INFO - HTTP Request: POST https://api.telegram.org/bot7093436536:AAEvjyOBDmUYkoOkO2zxZnzplRy8Thhz0Ps/getUpdates "HTTP/1.1 200 OK"
2025-05-23 17:52:40,369 - httpx - INFO - HTTP Request: POST https://api.telegram.org/bot7093436536:AAEvjyOBDmUYkoOkO2zxZnzplRy8Thhz0Ps/getUpdates "HTTP/1.1 200 OK"
2025-05-23 17:52:50,454 - httpx - INFO - HTTP Request: POST https://api.telegram.org/bot7093436536:AAEvjyOBDmUYkoOkO2zxZnzplRy8Thhz0Ps/getUpdates "HTTP/1.1 200 OK"
2025-05-23 17:53:00,537 - httpx - INFO - HTTP Request: POST https://api.telegram.org/bot7093436536:AAEvjyOBDmUYkoOkO2zxZnzplRy8Thhz0Ps/getUpdates "HTTP/1.1 200 OK"
2025-05-23 17:53:10,619 - httpx - INFO - HTTP Request: POST https://api.telegram.org/bot7093436536:AAEvjyOBDmUYkoOkO2zxZnzplRy8Thhz0Ps/getUpdates "HTTP/1.1 200 OK"
2025-05-23 17:53:20,704 - httpx - INFO - HTTP Request: POST https://api.telegram.org/bot7093436536:AAEvjyOBDmUYkoOkO2zxZnzplRy8Thhz0Ps/getUpdates "HTTP/1.1 200 OK"
2025-05-23 17:53:30,786 - httpx - INFO - HTTP Request: POST https://api.telegram.org/bot7093436536:AAEvjyOBDmUYkoOkO2zxZnzplRy8Thhz0Ps/getUpdates "HTTP/1.1 200 OK"
2025-05-23 17:53:40,871 - httpx - INFO - HTTP Request: POST https://api.telegram.org/bot7093436536:AAEvjyOBDmUYkoOkO2zxZnzplRy8Thhz0Ps/getUpdates "HTTP/1.1 200 OK"
2025-05-23 17:53:50,955 - httpx - INFO - HTTP Request: POST https://api.telegram.org/bot7093436536:AAEvjyOBDmUYkoOkO2zxZnzplRy8Thhz0Ps/getUpdates "HTTP/1.1 200 OK"
2025-05-23 17:54:01,039 - httpx - INFO - HTTP Request: POST https://api.telegram.org/bot7093436536:AAEvjyOBDmUYkoOkO2zxZnzplRy8Thhz0Ps/getUpdates "HTTP/1.1 200 OK"
2025-05-23 17:54:11,121 - httpx - INFO - HTTP Request: POST https://api.telegram.org/bot7093436536:AAEvjyOBDmUYkoOkO2zxZnzplRy8Thhz0Ps/getUpdates "HTTP/1.1 200 OK"
2025-05-23 17:54:21,202 - httpx - INFO - HTTP Request: POST https://api.telegram.org/bot7093436536:AAEvjyOBDmUYkoOkO2zxZnzplRy8Thhz0Ps/getUpdates "HTTP/1.1 200 OK"
2025-05-23 17:54:31,283 - httpx - INFO - HTTP Request: POST https://api.telegram.org/bot7093436536:AAEvjyOBDmUYkoOkO2zxZnzplRy8Thhz0Ps/getUpdates "HTTP/1.1 200 OK"
2025-05-23 17:54:41,367 - httpx - INFO - HTTP Request: POST https://api.telegram.org/bot7093436536:AAEvjyOBDmUYkoOkO2zxZnzplRy8Thhz0Ps/getUpdates "HTTP/1.1 200 OK"
2025-05-23 17:54:51,453 - httpx - INFO - HTTP Request: POST https://api.telegram.org/bot7093436536:AAEvjyOBDmUYkoOkO2zxZnzplRy8Thhz0Ps/getUpdates "HTTP/1.1 200 OK"
2025-05-23 17:55:01,538 - httpx - INFO - HTTP Request: POST https://api.telegram.org/bot7093436536:AAEvjyOBDmUYkoOkO2zxZnzplRy8Thhz0Ps/getUpdates "HTTP/1.1 200 OK"
2025-05-23 17:55:11,621 - httpx - INFO - HTTP Request: POST https://api.telegram.org/bot7093436536:AAEvjyOBDmUYkoOkO2zxZnzplRy8Thhz0Ps/getUpdates "HTTP/1.1 200 OK"
2025-05-23 17:55:21,702 - httpx - INFO - HTTP Request: POST https://api.telegram.org/bot7093436536:AAEvjyOBDmUYkoOkO2zxZnzplRy8Thhz0Ps/getUpdates "HTTP/1.1 200 OK"
2025-05-23 17:55:31,784 - httpx - INFO - HTTP Request: POST https://api.telegram.org/bot7093436536:AAEvjyOBDmUYkoOkO2zxZnzplRy8Thhz0Ps/getUpdates "HTTP/1.1 200 OK"
2025-05-23 17:55:41,871 - httpx - INFO - HTTP Request: POST https://api.telegram.org/bot7093436536:AAEvjyOBDmUYkoOkO2zxZnzplRy8Thhz0Ps/getUpdates "HTTP/1.1 200 OK"
2025-05-23 17:55:51,954 - httpx - INFO - HTTP Request: POST https://api.telegram.org/bot7093436536:AAEvjyOBDmUYkoOkO2zxZnzplRy8Thhz0Ps/getUpdates "HTTP/1.1 200 OK"
2025-05-23 17:56:02,038 - httpx - INFO - HTTP Request: POST https://api.telegram.org/bot7093436536:AAEvjyOBDmUYkoOkO2zxZnzplRy8Thhz0Ps/getUpdates "HTTP/1.1 200 OK"
2025-05-23 17:56:12,120 - httpx - INFO - HTTP Request: POST https://api.telegram.org/bot7093436536:AAEvjyOBDmUYkoOkO2zxZnzplRy8Thhz0Ps/getUpdates "HTTP/1.1 200 OK"
2025-05-23 17:56:22,203 - httpx - INFO - HTTP Request: POST https://api.telegram.org/bot7093436536:AAEvjyOBDmUYkoOkO2zxZnzplRy8Thhz0Ps/getUpdates "HTTP/1.1 200 OK"
2025-05-23 17:56:32,290 - httpx - INFO - HTTP Request: POST https://api.telegram.org/bot7093436536:AAEvjyOBDmUYkoOkO2zxZnzplRy8Thhz0Ps/getUpdates "HTTP/1.1 200 OK"
2025-05-23 17:56:42,375 - httpx - INFO - HTTP Request: POST https://api.telegram.org/bot7093436536:AAEvjyOBDmUYkoOkO2zxZnzplRy8Thhz0Ps/getUpdates "HTTP/1.1 200 OK"
2025-05-23 17:56:52,458 - httpx - INFO - HTTP Request: POST https://api.telegram.org/bot7093436536:AAEvjyOBDmUYkoOkO2zxZnzplRy8Thhz0Ps/getUpdates "HTTP/1.1 200 OK"
2025-05-23 17:57:02,539 - httpx - INFO - HTTP Request: POST https://api.telegram.org/bot7093436536:AAEvjyOBDmUYkoOkO2zxZnzplRy8Thhz0Ps/getUpdates "HTTP/1.1 200 OK"
2025-05-23 17:57:12,622 - httpx - INFO - HTTP Request: POST https://api.telegram.org/bot7093436536:AAEvjyOBDmUYkoOkO2zxZnzplRy8Thhz0Ps/getUpdates "HTTP/1.1 200 OK"
2025-05-23 17:57:22,704 - httpx - INFO - HTTP Request: POST https://api.telegram.org/bot7093436536:AAEvjyOBDmUYkoOkO2zxZnzplRy8Thhz0Ps/getUpdates "HTTP/1.1 200 OK"
2025-05-23 17:57:32,790 - httpx - INFO - HTTP Request: POST https://api.telegram.org/bot7093436536:AAEvjyOBDmUYkoOkO2zxZnzplRy8Thhz0Ps/getUpdates "HTTP/1.1 200 OK"
2025-05-23 17:57:42,872 - httpx - INFO - HTTP Request: POST https://api.telegram.org/bot7093436536:AAEvjyOBDmUYkoOkO2zxZnzplRy8Thhz0Ps/getUpdates "HTTP/1.1 200 OK"
2025-05-23 17:57:52,954 - httpx - INFO - HTTP Request: POST https://api.telegram.org/bot7093436536:AAEvjyOBDmUYkoOkO2zxZnzplRy8Thhz0Ps/getUpdates "HTTP/1.1 200 OK"
2025-05-23 17:58:03,041 - httpx - INFO - HTTP Request: POST https://api.telegram.org/bot7093436536:AAEvjyOBDmUYkoOkO2zxZnzplRy8Thhz0Ps/getUpdates "HTTP/1.1 200 OK"
2025-05-23 17:58:13,126 - httpx - INFO - HTTP Request: POST https://api.telegram.org/bot7093436536:AAEvjyOBDmUYkoOkO2zxZnzplRy8Thhz0Ps/getUpdates "HTTP/1.1 200 OK"
2025-05-23 17:58:23,209 - httpx - INFO - HTTP Request: POST https://api.telegram.org/bot7093436536:AAEvjyOBDmUYkoOkO2zxZnzplRy8Thhz0Ps/getUpdates "HTTP/1.1 200 OK"
2025-05-23 17:58:33,292 - httpx - INFO - HTTP Request: POST https://api.telegram.org/bot7093436536:AAEvjyOBDmUYkoOkO2zxZnzplRy8Thhz0Ps/getUpdates "HTTP/1.1 200 OK"
2025-05-23 17:58:43,374 - httpx - INFO - HTTP Request: POST https://api.telegram.org/bot7093436536:AAEvjyOBDmUYkoOkO2zxZnzplRy8Thhz0Ps/getUpdates "HTTP/1.1 200 OK"
2025-05-23 17:58:53,457 - httpx - INFO - HTTP Request: POST https://api.telegram.org/bot7093436536:AAEvjyOBDmUYkoOkO2zxZnzplRy8Thhz0Ps/getUpdates "HTTP/1.1 200 OK"
2025-05-23 17:59:03,538 - httpx - INFO - HTTP Request: POST https://api.telegram.org/bot7093436536:AAEvjyOBDmUYkoOkO2zxZnzplRy8Thhz0Ps/getUpdates "HTTP/1.1 200 OK"
2025-05-23 17:59:13,620 - httpx - INFO - HTTP Request: POST https://api.telegram.org/bot7093436536:AAEvjyOBDmUYkoOkO2zxZnzplRy8Thhz0Ps/getUpdates "HTTP/1.1 200 OK"
2025-05-23 17:59:23,702 - httpx - INFO - HTTP Request: POST https://api.telegram.org/bot7093436536:AAEvjyOBDmUYkoOkO2zxZnzplRy8Thhz0Ps/getUpdates "HTTP/1.1 200 OK"
2025-05-23 17:59:33,788 - httpx - INFO - HTTP Request: POST https://api.telegram.org/bot7093436536:AAEvjyOBDmUYkoOkO2zxZnzplRy8Thhz0Ps/getUpdates "HTTP/1.1 200 OK"
2025-05-23 17:59:43,872 - httpx - INFO - HTTP Request: POST https://api.telegram.org/bot7093436536:AAEvjyOBDmUYkoOkO2zxZnzplRy8Thhz0Ps/getUpdates "HTTP/1.1 200 OK"
2025-05-23 17:59:53,955 - httpx - INFO - HTTP Request: POST https://api.telegram.org/bot7093436536:AAEvjyOBDmUYkoOkO2zxZnzplRy8Thhz0Ps/getUpdates "HTTP/1.1 200 OK"
2025-05-23 18:00:04,037 - httpx - INFO - HTTP Request: POST https://api.telegram.org/bot7093436536:AAEvjyOBDmUYkoOkO2zxZnzplRy8Thhz0Ps/getUpdates "HTTP/1.1 200 OK"
2025-05-23 18:00:14,123 - httpx - INFO - HTTP Request: POST https://api.telegram.org/bot7093436536:AAEvjyOBDmUYkoOkO2zxZnzplRy8Thhz0Ps/getUpdates "HTTP/1.1 200 OK"
2025-05-23 18:00:24,207 - httpx - INFO - HTTP Request: POST https://api.telegram.org/bot7093436536:AAEvjyOBDmUYkoOkO2zxZnzplRy8Thhz0Ps/getUpdates "HTTP/1.1 200 OK"
2025-05-23 18:00:34,290 - httpx - INFO - HTTP Request: POST https://api.telegram.org/bot7093436536:AAEvjyOBDmUYkoOkO2zxZnzplRy8Thhz0Ps/getUpdates "HTTP/1.1 200 OK"
2025-05-23 18:00:44,375 - httpx - INFO - HTTP Request: POST https://api.telegram.org/bot7093436536:AAEvjyOBDmUYkoOkO2zxZnzplRy8Thhz0Ps/getUpdates "HTTP/1.1 200 OK"
2025-05-23 18:00:54,464 - httpx - INFO - HTTP Request: POST https://api.telegram.org/bot7093436536:AAEvjyOBDmUYkoOkO2zxZnzplRy8Thhz0Ps/getUpdates "HTTP/1.1 200 OK"
2025-05-23 18:01:04,552 - httpx - INFO - HTTP Request: POST https://api.telegram.org/bot7093436536:AAEvjyOBDmUYkoOkO2zxZnzplRy8Thhz0Ps/getUpdates "HTTP/1.1 200 OK"
2025-05-23 18:01:14,633 - httpx - INFO - HTTP Request: POST https://api.telegram.org/bot7093436536:AAEvjyOBDmUYkoOkO2zxZnzplRy8Thhz0Ps/getUpdates "HTTP/1.1 200 OK"
2025-05-23 18:01:24,714 - httpx - INFO - HTTP Request: POST https://api.telegram.org/bot7093436536:AAEvjyOBDmUYkoOkO2zxZnzplRy8Thhz0Ps/getUpdates "HTTP/1.1 200 OK"
2025-05-23 18:01:34,796 - httpx - INFO - HTTP Request: POST https://api.telegram.org/bot7093436536:AAEvjyOBDmUYkoOkO2zxZnzplRy8Thhz0Ps/getUpdates "HTTP/1.1 200 OK"
2025-05-23 18:01:44,878 - httpx - INFO - HTTP Request: POST https://api.telegram.org/bot7093436536:AAEvjyOBDmUYkoOkO2zxZnzplRy8Thhz0Ps/getUpdates "HTTP/1.1 200 OK"
2025-05-23 18:01:54,960 - httpx - INFO - HTTP Request: POST https://api.telegram.org/bot7093436536:AAEvjyOBDmUYkoOkO2zxZnzplRy8Thhz0Ps/getUpdates "HTTP/1.1 200 OK"
2025-05-23 18:02:05,044 - httpx - INFO - HTTP Request: POST https://api.telegram.org/bot7093436536:AAEvjyOBDmUYkoOkO2zxZnzplRy8Thhz0Ps/getUpdates "HTTP/1.1 200 OK"
2025-05-23 18:02:15,128 - httpx - INFO - HTTP Request: POST https://api.telegram.org/bot7093436536:AAEvjyOBDmUYkoOkO2zxZnzplRy8Thhz0Ps/getUpdates "HTTP/1.1 200 OK"
2025-05-23 18:02:25,215 - httpx - INFO - HTTP Request: POST https://api.telegram.org/bot7093436536:AAEvjyOBDmUYkoOkO2zxZnzplRy8Thhz0Ps/getUpdates "HTTP/1.1 200 OK"
2025-05-23 18:02:35,295 - httpx - INFO - HTTP Request: POST https://api.telegram.org/bot7093436536:AAEvjyOBDmUYkoOkO2zxZnzplRy8Thhz0Ps/getUpdates "HTTP/1.1 200 OK"
2025-05-23 18:02:45,376 - httpx - INFO - HTTP Request: POST https://api.telegram.org/bot7093436536:AAEvjyOBDmUYkoOkO2zxZnzplRy8Thhz0Ps/getUpdates "HTTP/1.1 200 OK"
2025-05-23 18:02:55,460 - httpx - INFO - HTTP Request: POST https://api.telegram.org/bot7093436536:AAEvjyOBDmUYkoOkO2zxZnzplRy8Thhz0Ps/getUpdates "HTTP/1.1 200 OK"
2025-05-23 18:03:05,544 - httpx - INFO - HTTP Request: POST https://api.telegram.org/bot7093436536:AAEvjyOBDmUYkoOkO2zxZnzplRy8Thhz0Ps/getUpdates "HTTP/1.1 200 OK"
2025-05-23 18:03:15,628 - httpx - INFO - HTTP Request: POST https://api.telegram.org/bot7093436536:AAEvjyOBDmUYkoOkO2zxZnzplRy8Thhz0Ps/getUpdates "HTTP/1.1 200 OK"
2025-05-23 18:03:25,715 - httpx - INFO - HTTP Request: POST https://api.telegram.org/bot7093436536:AAEvjyOBDmUYkoOkO2zxZnzplRy8Thhz0Ps/getUpdates "HTTP/1.1 200 OK"
2025-05-23 18:03:35,800 - httpx - INFO - HTTP Request: POST https://api.telegram.org/bot7093436536:AAEvjyOBDmUYkoOkO2zxZnzplRy8Thhz0Ps/getUpdates "HTTP/1.1 200 OK"
2025-05-23 18:03:45,884 - httpx - INFO - HTTP Request: POST https://api.telegram.org/bot7093436536:AAEvjyOBDmUYkoOkO2zxZnzplRy8Thhz0Ps/getUpdates "HTTP/1.1 200 OK"
2025-05-23 18:03:55,699 - httpx - INFO - HTTP Request: POST https://api.telegram.org/bot7093436536:AAEvjyOBDmUYkoOkO2zxZnzplRy8Thhz0Ps/getUpdates "HTTP/1.1 200 OK"
2025-05-23 18:03:56,171 - httpx - INFO - HTTP Request: POST https://api.telegram.org/bot7093436536:AAEvjyOBDmUYkoOkO2zxZnzplRy8Thhz0Ps/sendMessage "HTTP/1.1 200 OK"
2025-05-23 18:04:05,954 - httpx - INFO - HTTP Request: POST https://api.telegram.org/bot7093436536:AAEvjyOBDmUYkoOkO2zxZnzplRy8Thhz0Ps/getUpdates "HTTP/1.1 200 OK"
2025-05-23 18:04:16,042 - httpx - INFO - HTTP Request: POST https://api.telegram.org/bot7093436536:AAEvjyOBDmUYkoOkO2zxZnzplRy8Thhz0Ps/getUpdates "HTTP/1.1 200 OK"
2025-05-23 18:04:26,122 - httpx - INFO - HTTP Request: POST https://api.telegram.org/bot7093436536:AAEvjyOBDmUYkoOkO2zxZnzplRy8Thhz0Ps/getUpdates "HTTP/1.1 200 OK"
2025-05-23 18:04:36,205 - httpx - INFO - HTTP Request: POST https://api.telegram.org/bot7093436536:AAEvjyOBDmUYkoOkO2zxZnzplRy8Thhz0Ps/getUpdates "HTTP/1.1 200 OK"
2025-05-23 18:04:46,288 - httpx - INFO - HTTP Request: POST https://api.telegram.org/bot7093436536:AAEvjyOBDmUYkoOkO2zxZnzplRy8Thhz0Ps/getUpdates "HTTP/1.1 200 OK"
2025-05-23 18:04:56,371 - httpx - INFO - HTTP Request: POST https://api.telegram.org/bot7093436536:AAEvjyOBDmUYkoOkO2zxZnzplRy8Thhz0Ps/getUpdates "HTTP/1.1 200 OK"
2025-05-23 18:05:06,452 - httpx - INFO - HTTP Request: POST https://api.telegram.org/bot7093436536:AAEvjyOBDmUYkoOkO2zxZnzplRy8Thhz0Ps/getUpdates "HTTP/1.1 200 OK"
2025-05-23 18:05:07,402 - httpx - INFO - HTTP Request: POST https://api.telegram.org/bot7093436536:AAEvjyOBDmUYkoOkO2zxZnzplRy8Thhz0Ps/getUpdates "HTTP/1.1 200 OK"
2025-05-23 18:05:07,978 - httpx - INFO - HTTP Request: POST https://api.openai.com/v1/chat/completions "HTTP/1.1 429 Too Many Requests"
2025-05-23 18:05:07,978 - openai._base_client - INFO - Retrying request to /chat/completions in 0.995600 seconds
2025-05-23 18:05:09,083 - httpx - INFO - HTTP Request: POST https://api.openai.com/v1/chat/completions "HTTP/1.1 429 Too Many Requests"
2025-05-23 18:05:09,083 - openai._base_client - INFO - Retrying request to /chat/completions in 1.563187 seconds
2025-05-23 18:05:10,750 - httpx - INFO - HTTP Request: POST https://api.openai.com/v1/chat/completions "HTTP/1.1 429 Too Many Requests"
2025-05-23 18:05:10,750 - __main__ - ERROR - OpenAI error: Error code: 429 - {'error': {'message': 'You exceeded your current quota, please check your plan and billing details. For more information on this error, read the docs: https://platform.openai.com/docs/guides/error-codes/api-errors.', 'type': 'insufficient_quota', 'param': None, 'code': 'insufficient_quota'}}
2025-05-23 18:05:11,041 - httpx - INFO - HTTP Request: POST https://api.telegram.org/bot7093436536:AAEvjyOBDmUYkoOkO2zxZnzplRy8Thhz0Ps/sendMessage "HTTP/1.1 200 OK"
2025-05-23 18:05:20,831 - httpx - INFO - HTTP Request: POST https://api.telegram.org/bot7093436536:AAEvjyOBDmUYkoOkO2zxZnzplRy8Thhz0Ps/getUpdates "HTTP/1.1 200 OK"
2025-05-23 18:05:30,913 - httpx - INFO - HTTP Request: POST https://api.telegram.org/bot7093436536:AAEvjyOBDmUYkoOkO2zxZnzplRy8Thhz0Ps/getUpdates "HTTP/1.1 200 OK"
2025-05-23 18:05:40,997 - httpx - INFO - HTTP Request: POST https://api.telegram.org/bot7093436536:AAEvjyOBDmUYkoOkO2zxZnzplRy8Thhz0Ps/getUpdates "HTTP/1.1 200 OK"
2025-05-23 18:05:51,085 - httpx - INFO - HTTP Request: POST https://api.telegram.org/bot7093436536:AAEvjyOBDmUYkoOkO2zxZnzplRy8Thhz0Ps/getUpdates "HTTP/1.1 200 OK"
2025-05-23 18:06:01,166 - httpx - INFO - HTTP Request: POST https://api.telegram.org/bot7093436536:AAEvjyOBDmUYkoOkO2zxZnzplRy8Thhz0Ps/getUpdates "HTTP/1.1 200 OK"
2025-05-23 18:06:11,249 - httpx - INFO - HTTP Request: POST https://api.telegram.org/bot7093436536:AAEvjyOBDmUYkoOkO2zxZnzplRy8Thhz0Ps/getUpdates "HTTP/1.1 200 OK"
2025-05-23 18:06:21,330 - httpx - INFO - HTTP Request: POST https://api.telegram.org/bot7093436536:AAEvjyOBDmUYkoOkO2zxZnzplRy8Thhz0Ps/getUpdates "HTTP/1.1 200 OK"
2025-05-23 18:06:31,594 - httpx - INFO - HTTP Request: POST https://api.telegram.org/bot7093436536:AAEvjyOBDmUYkoOkO2zxZnzplRy8Thhz0Ps/getUpdates "HTTP/1.1 200 OK"
2025-05-23 18:06:41,686 - httpx - INFO - HTTP Request: POST https://api.telegram.org/bot7093436536:AAEvjyOBDmUYkoOkO2zxZnzplRy8Thhz0Ps/getUpdates "HTTP/1.1 200 OK"
2025-05-23 18:06:51,778 - httpx - INFO - HTTP Request: POST https://api.telegram.org/bot7093436536:AAEvjyOBDmUYkoOkO2zxZnzplRy8Thhz0Ps/getUpdates "HTTP/1.1 200 OK"
2025-05-23 18:07:01,863 - httpx - INFO - HTTP Request: POST https://api.telegram.org/bot7093436536:AAEvjyOBDmUYkoOkO2zxZnzplRy8Thhz0Ps/getUpdates "HTTP/1.1 200 OK"
2025-05-23 18:07:11,950 - httpx - INFO - HTTP Request: POST https://api.telegram.org/bot7093436536:AAEvjyOBDmUYkoOkO2zxZnzplRy8Thhz0Ps/getUpdates "HTTP/1.1 200 OK"
2025-05-23 18:07:22,040 - httpx - INFO - HTTP Request: POST https://api.telegram.org/bot7093436536:AAEvjyOBDmUYkoOkO2zxZnzplRy8Thhz0Ps/getUpdates "HTTP/1.1 200 OK"
2025-05-23 18:07:32,124 - httpx - INFO - HTTP Request: POST https://api.telegram.org/bot7093436536:AAEvjyOBDmUYkoOkO2zxZnzplRy8Thhz0Ps/getUpdates "HTTP/1.1 200 OK"
2025-05-23 18:07:42,212 - httpx - INFO - HTTP Request: POST https://api.telegram.org/bot7093436536:AAEvjyOBDmUYkoOkO2zxZnzplRy8Thhz0Ps/getUpdates "HTTP/1.1 200 OK"
2025-05-23 18:07:52,296 - httpx - INFO - HTTP Request: POST https://api.telegram.org/bot7093436536:AAEvjyOBDmUYkoOkO2zxZnzplRy8Thhz0Ps/getUpdates "HTTP/1.1 200 OK"
2025-05-23 18:08:02,383 - httpx - INFO - HTTP Request: POST https://api.telegram.org/bot7093436536:AAEvjyOBDmUYkoOkO2zxZnzplRy8Thhz0Ps/getUpdates "HTTP/1.1 200 OK"
2025-05-23 18:08:12,467 - httpx - INFO - HTTP Request: POST https://api.telegram.org/bot7093436536:AAEvjyOBDmUYkoOkO2zxZnzplRy8Thhz0Ps/getUpdates "HTTP/1.1 200 OK"
2025-05-23 18:08:22,551 - httpx - INFO - HTTP Request: POST https://api.telegram.org/bot7093436536:AAEvjyOBDmUYkoOkO2zxZnzplRy8Thhz0Ps/getUpdates "HTTP/1.1 200 OK"
2025-05-23 18:08:32,636 - httpx - INFO - HTTP Request: POST https://api.telegram.org/bot7093436536:AAEvjyOBDmUYkoOkO2zxZnzplRy8Thhz0Ps/getUpdates "HTTP/1.1 200 OK"
2025-05-23 18:08:42,720 - httpx - INFO - HTTP Request: POST https://api.telegram.org/bot7093436536:AAEvjyOBDmUYkoOkO2zxZnzplRy8Thhz0Ps/getUpdates "HTTP/1.1 200 OK"
2025-05-23 18:08:52,804 - httpx - INFO - HTTP Request: POST https://api.telegram.org/bot7093436536:AAEvjyOBDmUYkoOkO2zxZnzplRy8Thhz0Ps/getUpdates "HTTP/1.1 200 OK"
2025-05-23 18:09:02,892 - httpx - INFO - HTTP Request: POST https://api.telegram.org/bot7093436536:AAEvjyOBDmUYkoOkO2zxZnzplRy8Thhz0Ps/getUpdates "HTTP/1.1 200 OK"
2025-05-23 18:09:12,976 - httpx - INFO - HTTP Request: POST https://api.telegram.org/bot7093436536:AAEvjyOBDmUYkoOkO2zxZnzplRy8Thhz0Ps/getUpdates "HTTP/1.1 200 OK"
2025-05-23 18:09:23,060 - httpx - INFO - HTTP Request: POST https://api.telegram.org/bot7093436536:AAEvjyOBDmUYkoOkO2zxZnzplRy8Thhz0Ps/getUpdates "HTTP/1.1 200 OK"
2025-05-23 18:09:33,146 - httpx - INFO - HTTP Request: POST https://api.telegram.org/bot7093436536:AAEvjyOBDmUYkoOkO2zxZnzplRy8Thhz0Ps/getUpdates "HTTP/1.1 200 OK"
2025-05-23 18:09:43,234 - httpx - INFO - HTTP Request: POST https://api.telegram.org/bot7093436536:AAEvjyOBDmUYkoOkO2zxZnzplRy8Thhz0Ps/getUpdates "HTTP/1.1 200 OK"
2025-05-23 18:09:53,319 - httpx - INFO - HTTP Request: POST https://api.telegram.org/bot7093436536:AAEvjyOBDmUYkoOkO2zxZnzplRy8Thhz0Ps/getUpdates "HTTP/1.1 200 OK"
2025-05-23 18:10:03,405 - httpx - INFO - HTTP Request: POST https://api.telegram.org/bot7093436536:AAEvjyOBDmUYkoOkO2zxZnzplRy8Thhz0Ps/getUpdates "HTTP/1.1 200 OK"
2025-05-23 18:10:13,491 - httpx - INFO - HTTP Request: POST https://api.telegram.org/bot7093436536:AAEvjyOBDmUYkoOkO2zxZnzplRy8Thhz0Ps/getUpdates "HTTP/1.1 200 OK"
2025-05-23 18:10:23,577 - httpx - INFO - HTTP Request: POST https://api.telegram.org/bot7093436536:AAEvjyOBDmUYkoOkO2zxZnzplRy8Thhz0Ps/getUpdates "HTTP/1.1 200 OK"
2025-05-23 18:10:33,661 - httpx - INFO - HTTP Request: POST https://api.telegram.org/bot7093436536:AAEvjyOBDmUYkoOkO2zxZnzplRy8Thhz0Ps/getUpdates "HTTP/1.1 200 OK"
2025-05-23 18:10:43,746 - httpx - INFO - HTTP Request: POST https://api.telegram.org/bot7093436536:AAEvjyOBDmUYkoOkO2zxZnzplRy8Thhz0Ps/getUpdates "HTTP/1.1 200 OK"
2025-05-23 18:10:53,830 - httpx - INFO - HTTP Request: POST https://api.telegram.org/bot7093436536:AAEvjyOBDmUYkoOkO2zxZnzplRy8Thhz0Ps/getUpdates "HTTP/1.1 200 OK"
2025-05-23 18:11:03,917 - httpx - INFO - HTTP Request: POST https://api.telegram.org/bot7093436536:AAEvjyOBDmUYkoOkO2zxZnzplRy8Thhz0Ps/getUpdates "HTTP/1.1 200 OK"
2025-05-23 18:11:14,003 - httpx - INFO - HTTP Request: POST https://api.telegram.org/bot7093436536:AAEvjyOBDmUYkoOkO2zxZnzplRy8Thhz0Ps/getUpdates "HTTP/1.1 200 OK"
2025-05-23 18:11:24,086 - httpx - INFO - HTTP Request: POST https://api.telegram.org/bot7093436536:AAEvjyOBDmUYkoOkO2zxZnzplRy8Thhz0Ps/getUpdates "HTTP/1.1 200 OK"
2025-05-23 18:11:34,173 - httpx - INFO - HTTP Request: POST https://api.telegram.org/bot7093436536:AAEvjyOBDmUYkoOkO2zxZnzplRy8Thhz0Ps/getUpdates "HTTP/1.1 200 OK"
2025-05-23 18:11:44,265 - httpx - INFO - HTTP Request: POST https://api.telegram.org/bot7093436536:AAEvjyOBDmUYkoOkO2zxZnzplRy8Thhz0Ps/getUpdates "HTTP/1.1 200 OK"
2025-05-23 18:11:54,351 - httpx - INFO - HTTP Request: POST https://api.telegram.org/bot7093436536:AAEvjyOBDmUYkoOkO2zxZnzplRy8Thhz0Ps/getUpdates "HTTP/1.1 200 OK"
2025-05-23 18:12:04,436 - httpx - INFO - HTTP Request: POST https://api.telegram.org/bot7093436536:AAEvjyOBDmUYkoOkO2zxZnzplRy8Thhz0Ps/getUpdates "HTTP/1.1 200 OK"
2025-05-23 18:12:14,522 - httpx - INFO - HTTP Request: POST https://api.telegram.org/bot7093436536:AAEvjyOBDmUYkoOkO2zxZnzplRy8Thhz0Ps/getUpdates "HTTP/1.1 200 OK"
2025-05-23 18:12:24,608 - httpx - INFO - HTTP Request: POST https://api.telegram.org/bot7093436536:AAEvjyOBDmUYkoOkO2zxZnzplRy8Thhz0Ps/getUpdates "HTTP/1.1 200 OK"
2025-05-23 18:12:34,693 - httpx - INFO - HTTP Request: POST https://api.telegram.org/bot7093436536:AAEvjyOBDmUYkoOkO2zxZnzplRy8Thhz0Ps/getUpdates "HTTP/1.1 200 OK"
2025-05-23 18:12:44,781 - httpx - INFO - HTTP Request: POST https://api.telegram.org/bot7093436536:AAEvjyOBDmUYkoOkO2zxZnzplRy8Thhz0Ps/getUpdates "HTTP/1.1 200 OK"
2025-05-23 18:12:54,868 - httpx - INFO - HTTP Request: POST https://api.telegram.org/bot7093436536:AAEvjyOBDmUYkoOkO2zxZnzplRy8Thhz0Ps/getUpdates "HTTP/1.1 200 OK"
2025-05-23 18:13:04,953 - httpx - INFO - HTTP Request: POST https://api.telegram.org/bot7093436536:AAEvjyOBDmUYkoOkO2zxZnzplRy8Thhz0Ps/getUpdates "HTTP/1.1 200 OK"
2025-05-23 18:13:15,036 - httpx - INFO - HTTP Request: POST https://api.telegram.org/bot7093436536:AAEvjyOBDmUYkoOkO2zxZnzplRy8Thhz0Ps/getUpdates "HTTP/1.1 200 OK"
2025-05-23 18:13:25,124 - httpx - INFO - HTTP Request: POST https://api.telegram.org/bot7093436536:AAEvjyOBDmUYkoOkO2zxZnzplRy8Thhz0Ps/getUpdates "HTTP/1.1 200 OK"
2025-05-23 18:13:35,215 - httpx - INFO - HTTP Request: POST https://api.telegram.org/bot7093436536:AAEvjyOBDmUYkoOkO2zxZnzplRy8Thhz0Ps/getUpdates "HTTP/1.1 200 OK"
2025-05-23 18:13:45,299 - httpx - INFO - HTTP Request: POST https://api.telegram.org/bot7093436536:AAEvjyOBDmUYkoOkO2zxZnzplRy8Thhz0Ps/getUpdates "HTTP/1.1 200 OK"
2025-05-23 18:13:55,384 - httpx - INFO - HTTP Request: POST https://api.telegram.org/bot7093436536:AAEvjyOBDmUYkoOkO2zxZnzplRy8Thhz0Ps/getUpdates "HTTP/1.1 200 OK"
2025-05-23 18:14:05,471 - httpx - INFO - HTTP Request: POST https://api.telegram.org/bot7093436536:AAEvjyOBDmUYkoOkO2zxZnzplRy8Thhz0Ps/getUpdates "HTTP/1.1 200 OK"
2025-05-23 18:14:15,557 - httpx - INFO - HTTP Request: POST https://api.telegram.org/bot7093436536:AAEvjyOBDmUYkoOkO2zxZnzplRy8Thhz0Ps/getUpdates "HTTP/1.1 200 OK"
2025-05-23 18:14:25,641 - httpx - INFO - HTTP Request: POST https://api.telegram.org/bot7093436536:AAEvjyOBDmUYkoOkO2zxZnzplRy8Thhz0Ps/getUpdates "HTTP/1.1 200 OK"
2025-05-23 18:14:35,728 - httpx - INFO - HTTP Request: POST https://api.telegram.org/bot7093436536:AAEvjyOBDmUYkoOkO2zxZnzplRy8Thhz0Ps/getUpdates "HTTP/1.1 200 OK"
2025-05-23 18:14:45,812 - httpx - INFO - HTTP Request: POST https://api.telegram.org/bot7093436536:AAEvjyOBDmUYkoOkO2zxZnzplRy8Thhz0Ps/getUpdates "HTTP/1.1 200 OK"
2025-05-23 18:14:55,897 - httpx - INFO - HTTP Request: POST https://api.telegram.org/bot7093436536:AAEvjyOBDmUYkoOkO2zxZnzplRy8Thhz0Ps/getUpdates "HTTP/1.1 200 OK"
2025-05-23 18:15:05,983 - httpx - INFO - HTTP Request: POST https://api.telegram.org/bot7093436536:AAEvjyOBDmUYkoOkO2zxZnzplRy8Thhz0Ps/getUpdates "HTTP/1.1 200 OK"
2025-05-23 18:15:16,068 - httpx - INFO - HTTP Request: POST https://api.telegram.org/bot7093436536:AAEvjyOBDmUYkoOkO2zxZnzplRy8Thhz0Ps/getUpdates "HTTP/1.1 200 OK"
2025-05-23 18:15:26,153 - httpx - INFO - HTTP Request: POST https://api.telegram.org/bot7093436536:AAEvjyOBDmUYkoOkO2zxZnzplRy8Thhz0Ps/getUpdates "HTTP/1.1 200 OK"
2025-05-23 18:15:36,240 - httpx - INFO - HTTP Request: POST https://api.telegram.org/bot7093436536:AAEvjyOBDmUYkoOkO2zxZnzplRy8Thhz0Ps/getUpdates "HTTP/1.1 200 OK"
2025-05-23 18:15:46,324 - httpx - INFO - HTTP Request: POST https://api.telegram.org/bot7093436536:AAEvjyOBDmUYkoOkO2zxZnzplRy8Thhz0Ps/getUpdates "HTTP/1.1 200 OK"
2025-05-23 18:15:56,413 - httpx - INFO - HTTP Request: POST https://api.telegram.org/bot7093436536:AAEvjyOBDmUYkoOkO2zxZnzplRy8Thhz0Ps/getUpdates "HTTP/1.1 200 OK"
2025-05-23 18:16:06,498 - httpx - INFO - HTTP Request: POST https://api.telegram.org/bot7093436536:AAEvjyOBDmUYkoOkO2zxZnzplRy8Thhz0Ps/getUpdates "HTTP/1.1 200 OK"
2025-05-23 18:16:16,584 - httpx - INFO - HTTP Request: POST https://api.telegram.org/bot7093436536:AAEvjyOBDmUYkoOkO2zxZnzplRy8Thhz0Ps/getUpdates "HTTP/1.1 200 OK"
2025-05-23 18:16:26,675 - httpx - INFO - HTTP Request: POST https://api.telegram.org/bot7093436536:AAEvjyOBDmUYkoOkO2zxZnzplRy8Thhz0Ps/getUpdates "HTTP/1.1 200 OK"
2025-05-23 18:16:36,759 - httpx - INFO - HTTP Request: POST https://api.telegram.org/bot7093436536:AAEvjyOBDmUYkoOkO2zxZnzplRy8Thhz0Ps/getUpdates "HTTP/1.1 200 OK"
2025-05-23 18:16:46,846 - httpx - INFO - HTTP Request: POST https://api.telegram.org/bot7093436536:AAEvjyOBDmUYkoOkO2zxZnzplRy8Thhz0Ps/getUpdates "HTTP/1.1 200 OK"
2025-05-23 18:16:56,931 - httpx - INFO - HTTP Request: POST https://api.telegram.org/bot7093436536:AAEvjyOBDmUYkoOkO2zxZnzplRy8Thhz0Ps/getUpdates "HTTP/1.1 200 OK"
2025-05-23 18:17:07,019 - httpx - INFO - HTTP Request: POST https://api.telegram.org/bot7093436536:AAEvjyOBDmUYkoOkO2zxZnzplRy8Thhz0Ps/getUpdates "HTTP/1.1 200 OK"
2025-05-23 18:17:17,103 - httpx - INFO - HTTP Request: POST https://api.telegram.org/bot7093436536:AAEvjyOBDmUYkoOkO2zxZnzplRy8Thhz0Ps/getUpdates "HTTP/1.1 200 OK"
2025-05-23 18:17:27,189 - httpx - INFO - HTTP Request: POST https://api.telegram.org/bot7093436536:AAEvjyOBDmUYkoOkO2zxZnzplRy8Thhz0Ps/getUpdates "HTTP/1.1 200 OK"
2025-05-23 18:17:37,289 - httpx - INFO - HTTP Request: POST https://api.telegram.org/bot7093436536:AAEvjyOBDmUYkoOkO2zxZnzplRy8Thhz0Ps/getUpdates "HTTP/1.1 200 OK"
2025-05-23 18:17:47,374 - httpx - INFO - HTTP Request: POST https://api.telegram.org/bot7093436536:AAEvjyOBDmUYkoOkO2zxZnzplRy8Thhz0Ps/getUpdates "HTTP/1.1 200 OK"
2025-05-23 18:17:57,462 - httpx - INFO - HTTP Request: POST https://api.telegram.org/bot7093436536:AAEvjyOBDmUYkoOkO2zxZnzplRy8Thhz0Ps/getUpdates "HTTP/1.1 200 OK"
2025-05-23 18:18:07,548 - httpx - INFO - HTTP Request: POST https://api.telegram.org/bot7093436536:AAEvjyOBDmUYkoOkO2zxZnzplRy8Thhz0Ps/getUpdates "HTTP/1.1 200 OK"
2025-05-23 18:18:17,637 - httpx - INFO - HTTP Request: POST https://api.telegram.org/bot7093436536:AAEvjyOBDmUYkoOkO2zxZnzplRy8Thhz0Ps/getUpdates "HTTP/1.1 200 OK"
2025-05-23 18:18:27,721 - httpx - INFO - HTTP Request: POST https://api.telegram.org/bot7093436536:AAEvjyOBDmUYkoOkO2zxZnzplRy8Thhz0Ps/getUpdates "HTTP/1.1 200 OK"
2025-05-23 18:18:37,808 - httpx - INFO - HTTP Request: POST https://api.telegram.org/bot7093436536:AAEvjyOBDmUYkoOkO2zxZnzplRy8Thhz0Ps/getUpdates "HTTP/1.1 200 OK"
2025-05-23 18:18:47,896 - httpx - INFO - HTTP Request: POST https://api.telegram.org/bot7093436536:AAEvjyOBDmUYkoOkO2zxZnzplRy8Thhz0Ps/getUpdates "HTTP/1.1 200 OK"
2025-05-23 18:18:57,983 - httpx - INFO - HTTP Request: POST https://api.telegram.org/bot7093436536:AAEvjyOBDmUYkoOkO2zxZnzplRy8Thhz0Ps/getUpdates "HTTP/1.1 200 OK"
2025-05-23 18:19:08,070 - httpx - INFO - HTTP Request: POST https://api.telegram.org/bot7093436536:AAEvjyOBDmUYkoOkO2zxZnzplRy8Thhz0Ps/getUpdates "HTTP/1.1 200 OK"
2025-05-23 18:19:18,173 - httpx - INFO - HTTP Request: POST https://api.telegram.org/bot7093436536:AAEvjyOBDmUYkoOkO2zxZnzplRy8Thhz0Ps/getUpdates "HTTP/1.1 200 OK"
2025-05-23 18:19:28,257 - httpx - INFO - HTTP Request: POST https://api.telegram.org/bot7093436536:AAEvjyOBDmUYkoOkO2zxZnzplRy8Thhz0Ps/getUpdates "HTTP/1.1 200 OK"
2025-05-23 18:19:38,347 - httpx - INFO - HTTP Request: POST https://api.telegram.org/bot7093436536:AAEvjyOBDmUYkoOkO2zxZnzplRy8Thhz0Ps/getUpdates "HTTP/1.1 200 OK"
2025-05-23 18:19:48,431 - httpx - INFO - HTTP Request: POST https://api.telegram.org/bot7093436536:AAEvjyOBDmUYkoOkO2zxZnzplRy8Thhz0Ps/getUpdates "HTTP/1.1 200 OK"
2025-05-23 18:19:58,521 - httpx - INFO - HTTP Request: POST https://api.telegram.org/bot7093436536:AAEvjyOBDmUYkoOkO2zxZnzplRy8Thhz0Ps/getUpdates "HTTP/1.1 200 OK"
2025-05-23 18:20:08,610 - httpx - INFO - HTTP Request: POST https://api.telegram.org/bot7093436536:AAEvjyOBDmUYkoOkO2zxZnzplRy8Thhz0Ps/getUpdates "HTTP/1.1 200 OK"
2025-05-23 18:20:18,695 - httpx - INFO - HTTP Request: POST https://api.telegram.org/bot7093436536:AAEvjyOBDmUYkoOkO2zxZnzplRy8Thhz0Ps/getUpdates "HTTP/1.1 200 OK"
2025-05-23 18:20:28,784 - httpx - INFO - HTTP Request: POST https://api.telegram.org/bot7093436536:AAEvjyOBDmUYkoOkO2zxZnzplRy8Thhz0Ps/getUpdates "HTTP/1.1 200 OK"
2025-05-23 18:20:38,869 - httpx - INFO - HTTP Request: POST https://api.telegram.org/bot7093436536:AAEvjyOBDmUYkoOkO2zxZnzplRy8Thhz0Ps/getUpdates "HTTP/1.1 200 OK"
2025-05-23 18:20:48,955 - httpx - INFO - HTTP Request: POST https://api.telegram.org/bot7093436536:AAEvjyOBDmUYkoOkO2zxZnzplRy8Thhz0Ps/getUpdates "HTTP/1.1 200 OK"
2025-05-23 18:20:59,039 - httpx - INFO - HTTP Request: POST https://api.telegram.org/bot7093436536:AAEvjyOBDmUYkoOkO2zxZnzplRy8Thhz0Ps/getUpdates "HTTP/1.1 200 OK"
2025-05-23 18:21:09,131 - httpx - INFO - HTTP Request: POST https://api.telegram.org/bot7093436536:AAEvjyOBDmUYkoOkO2zxZnzplRy8Thhz0Ps/getUpdates "HTTP/1.1 200 OK"
2025-05-23 18:21:19,216 - httpx - INFO - HTTP Request: POST https://api.telegram.org/bot7093436536:AAEvjyOBDmUYkoOkO2zxZnzplRy8Thhz0Ps/getUpdates "HTTP/1.1 200 OK"
2025-05-23 18:21:29,302 - httpx - INFO - HTTP Request: POST https://api.telegram.org/bot7093436536:AAEvjyOBDmUYkoOkO2zxZnzplRy8Thhz0Ps/getUpdates "HTTP/1.1 200 OK"
2025-05-23 18:21:39,393 - httpx - INFO - HTTP Request: POST https://api.telegram.org/bot7093436536:AAEvjyOBDmUYkoOkO2zxZnzplRy8Thhz0Ps/getUpdates "HTTP/1.1 200 OK"
2025-05-23 18:21:49,483 - httpx - INFO - HTTP Request: POST https://api.telegram.org/bot7093436536:AAEvjyOBDmUYkoOkO2zxZnzplRy8Thhz0Ps/getUpdates "HTTP/1.1 200 OK"
2025-05-23 18:21:59,566 - httpx - INFO - HTTP Request: POST https://api.telegram.org/bot7093436536:AAEvjyOBDmUYkoOkO2zxZnzplRy8Thhz0Ps/getUpdates "HTTP/1.1 200 OK"
2025-05-23 18:22:09,651 - httpx - INFO - HTTP Request: POST https://api.telegram.org/bot7093436536:AAEvjyOBDmUYkoOkO2zxZnzplRy8Thhz0Ps/getUpdates "HTTP/1.1 200 OK"
2025-05-23 18:22:19,737 - httpx - INFO - HTTP Request: POST https://api.telegram.org/bot7093436536:AAEvjyOBDmUYkoOkO2zxZnzplRy8Thhz0Ps/getUpdates "HTTP/1.1 200 OK"
2025-05-23 18:22:29,832 - httpx - INFO - HTTP Request: POST https://api.telegram.org/bot7093436536:AAEvjyOBDmUYkoOkO2zxZnzplRy8Thhz0Ps/getUpdates "HTTP/1.1 200 OK"
2025-05-23 18:22:39,920 - httpx - INFO - HTTP Request: POST https://api.telegram.org/bot7093436536:AAEvjyOBDmUYkoOkO2zxZnzplRy8Thhz0Ps/getUpdates "HTTP/1.1 200 OK"
2025-05-23 18:22:50,004 - httpx - INFO - HTTP Request: POST https://api.telegram.org/bot7093436536:AAEvjyOBDmUYkoOkO2zxZnzplRy8Thhz0Ps/getUpdates "HTTP/1.1 200 OK"
2025-05-23 18:23:00,092 - httpx - INFO - HTTP Request: POST https://api.telegram.org/bot7093436536:AAEvjyOBDmUYkoOkO2zxZnzplRy8Thhz0Ps/getUpdates "HTTP/1.1 200 OK"
2025-05-23 18:23:10,176 - httpx - INFO - HTTP Request: POST https://api.telegram.org/bot7093436536:AAEvjyOBDmUYkoOkO2zxZnzplRy8Thhz0Ps/getUpdates "HTTP/1.1 200 OK"
2025-05-23 18:23:20,438 - httpx - INFO - HTTP Request: POST https://api.telegram.org/bot7093436536:AAEvjyOBDmUYkoOkO2zxZnzplRy8Thhz0Ps/getUpdates "HTTP/1.1 200 OK"
2025-05-23 18:23:30,526 - httpx - INFO - HTTP Request: POST https://api.telegram.org/bot7093436536:AAEvjyOBDmUYkoOkO2zxZnzplRy8Thhz0Ps/getUpdates "HTTP/1.1 200 OK"
2025-05-23 18:23:40,613 - httpx - INFO - HTTP Request: POST https://api.telegram.org/bot7093436536:AAEvjyOBDmUYkoOkO2zxZnzplRy8Thhz0Ps/getUpdates "HTTP/1.1 200 OK"
2025-05-23 18:23:50,702 - httpx - INFO - HTTP Request: POST https://api.telegram.org/bot7093436536:AAEvjyOBDmUYkoOkO2zxZnzplRy8Thhz0Ps/getUpdates "HTTP/1.1 200 OK"
2025-05-23 18:24:00,793 - httpx - INFO - HTTP Request: POST https://api.telegram.org/bot7093436536:AAEvjyOBDmUYkoOkO2zxZnzplRy8Thhz0Ps/getUpdates "HTTP/1.1 200 OK"
2025-05-23 18:24:10,880 - httpx - INFO - HTTP Request: POST https://api.telegram.org/bot7093436536:AAEvjyOBDmUYkoOkO2zxZnzplRy8Thhz0Ps/getUpdates "HTTP/1.1 200 OK"
2025-05-23 18:24:20,968 - httpx - INFO - HTTP Request: POST https://api.telegram.org/bot7093436536:AAEvjyOBDmUYkoOkO2zxZnzplRy8Thhz0Ps/getUpdates "HTTP/1.1 200 OK"
2025-05-23 18:24:31,054 - httpx - INFO - HTTP Request: POST https://api.telegram.org/bot7093436536:AAEvjyOBDmUYkoOkO2zxZnzplRy8Thhz0Ps/getUpdates "HTTP/1.1 200 OK"
2025-05-23 18:24:41,144 - httpx - INFO - HTTP Request: POST https://api.telegram.org/bot7093436536:AAEvjyOBDmUYkoOkO2zxZnzplRy8Thhz0Ps/getUpdates "HTTP/1.1 200 OK"
2025-05-23 18:24:51,233 - httpx - INFO - HTTP Request: POST https://api.telegram.org/bot7093436536:AAEvjyOBDmUYkoOkO2zxZnzplRy8Thhz0Ps/getUpdates "HTTP/1.1 200 OK"
2025-05-23 18:25:01,321 - httpx - INFO - HTTP Request: POST https://api.telegram.org/bot7093436536:AAEvjyOBDmUYkoOkO2zxZnzplRy8Thhz0Ps/getUpdates "HTTP/1.1 200 OK"
2025-05-23 18:25:11,410 - httpx - INFO - HTTP Request: POST https://api.telegram.org/bot7093436536:AAEvjyOBDmUYkoOkO2zxZnzplRy8Thhz0Ps/getUpdates "HTTP/1.1 200 OK"
2025-05-23 18:25:21,497 - httpx - INFO - HTTP Request: POST https://api.telegram.org/bot7093436536:AAEvjyOBDmUYkoOkO2zxZnzplRy8Thhz0Ps/getUpdates "HTTP/1.1 200 OK"
2025-05-23 18:25:31,584 - httpx - INFO - HTTP Request: POST https://api.telegram.org/bot7093436536:AAEvjyOBDmUYkoOkO2zxZnzplRy8Thhz0Ps/getUpdates "HTTP/1.1 200 OK"
2025-05-23 18:25:41,674 - httpx - INFO - HTTP Request: POST https://api.telegram.org/bot7093436536:AAEvjyOBDmUYkoOkO2zxZnzplRy8Thhz0Ps/getUpdates "HTTP/1.1 200 OK"
2025-05-23 18:25:51,762 - httpx - INFO - HTTP Request: POST https://api.telegram.org/bot7093436536:AAEvjyOBDmUYkoOkO2zxZnzplRy8Thhz0Ps/getUpdates "HTTP/1.1 200 OK"
2025-05-23 18:26:01,849 - httpx - INFO - HTTP Request: POST https://api.telegram.org/bot7093436536:AAEvjyOBDmUYkoOkO2zxZnzplRy8Thhz0Ps/getUpdates "HTTP/1.1 200 OK"
2025-05-23 18:26:11,936 - httpx - INFO - HTTP Request: POST https://api.telegram.org/bot7093436536:AAEvjyOBDmUYkoOkO2zxZnzplRy8Thhz0Ps/getUpdates "HTTP/1.1 200 OK"
2025-05-23 18:26:22,024 - httpx - INFO - HTTP Request: POST https://api.telegram.org/bot7093436536:AAEvjyOBDmUYkoOkO2zxZnzplRy8Thhz0Ps/getUpdates "HTTP/1.1 200 OK"
2025-05-23 18:26:32,117 - httpx - INFO - HTTP Request: POST https://api.telegram.org/bot7093436536:AAEvjyOBDmUYkoOkO2zxZnzplRy8Thhz0Ps/getUpdates "HTTP/1.1 200 OK"
2025-05-23 18:26:42,239 - httpx - INFO - HTTP Request: POST https://api.telegram.org/bot7093436536:AAEvjyOBDmUYkoOkO2zxZnzplRy8Thhz0Ps/getUpdates "HTTP/1.1 200 OK"
2025-05-23 18:26:52,325 - httpx - INFO - HTTP Request: POST https://api.telegram.org/bot7093436536:AAEvjyOBDmUYkoOkO2zxZnzplRy8Thhz0Ps/getUpdates "HTTP/1.1 200 OK"
2025-05-23 18:27:02,413 - httpx - INFO - HTTP Request: POST https://api.telegram.org/bot7093436536:AAEvjyOBDmUYkoOkO2zxZnzplRy8Thhz0Ps/getUpdates "HTTP/1.1 200 OK"
2025-05-23 18:27:12,499 - httpx - INFO - HTTP Request: POST https://api.telegram.org/bot7093436536:AAEvjyOBDmUYkoOkO2zxZnzplRy8Thhz0Ps/getUpdates "HTTP/1.1 200 OK"
2025-05-23 18:27:22,587 - httpx - INFO - HTTP Request: POST https://api.telegram.org/bot7093436536:AAEvjyOBDmUYkoOkO2zxZnzplRy8Thhz0Ps/getUpdates "HTTP/1.1 200 OK"
2025-05-23 18:27:32,699 - httpx - INFO - HTTP Request: POST https://api.telegram.org/bot7093436536:AAEvjyOBDmUYkoOkO2zxZnzplRy8Thhz0Ps/getUpdates "HTTP/1.1 200 OK"
2025-05-23 18:27:42,787 - httpx - INFO - HTTP Request: POST https://api.telegram.org/bot7093436536:AAEvjyOBDmUYkoOkO2zxZnzplRy8Thhz0Ps/getUpdates "HTTP/1.1 200 OK"
2025-05-23 18:27:52,874 - httpx - INFO - HTTP Request: POST https://api.telegram.org/bot7093436536:AAEvjyOBDmUYkoOkO2zxZnzplRy8Thhz0Ps/getUpdates "HTTP/1.1 200 OK"
2025-05-23 18:28:02,962 - httpx - INFO - HTTP Request: POST https://api.telegram.org/bot7093436536:AAEvjyOBDmUYkoOkO2zxZnzplRy8Thhz0Ps/getUpdates "HTTP/1.1 200 OK"
2025-05-23 18:28:13,050 - httpx - INFO - HTTP Request: POST https://api.telegram.org/bot7093436536:AAEvjyOBDmUYkoOkO2zxZnzplRy8Thhz0Ps/getUpdates "HTTP/1.1 200 OK"
2025-05-23 18:28:23,139 - httpx - INFO - HTTP Request: POST https://api.telegram.org/bot7093436536:AAEvjyOBDmUYkoOkO2zxZnzplRy8Thhz0Ps/getUpdates "HTTP/1.1 200 OK"
2025-05-23 18:28:33,226 - httpx - INFO - HTTP Request: POST https://api.telegram.org/bot7093436536:AAEvjyOBDmUYkoOkO2zxZnzplRy8Thhz0Ps/getUpdates "HTTP/1.1 200 OK"
2025-05-23 18:28:43,314 - httpx - INFO - HTTP Request: POST https://api.telegram.org/bot7093436536:AAEvjyOBDmUYkoOkO2zxZnzplRy8Thhz0Ps/getUpdates "HTTP/1.1 200 OK"
2025-05-23 18:28:53,401 - httpx - INFO - HTTP Request: POST https://api.telegram.org/bot7093436536:AAEvjyOBDmUYkoOkO2zxZnzplRy8Thhz0Ps/getUpdates "HTTP/1.1 200 OK"
2025-05-23 18:29:03,487 - httpx - INFO - HTTP Request: POST https://api.telegram.org/bot7093436536:AAEvjyOBDmUYkoOkO2zxZnzplRy8Thhz0Ps/getUpdates "HTTP/1.1 200 OK"
2025-05-23 18:29:13,574 - httpx - INFO - HTTP Request: POST https://api.telegram.org/bot7093436536:AAEvjyOBDmUYkoOkO2zxZnzplRy8Thhz0Ps/getUpdates "HTTP/1.1 200 OK"
2025-05-23 18:29:23,661 - httpx - INFO - HTTP Request: POST https://api.telegram.org/bot7093436536:AAEvjyOBDmUYkoOkO2zxZnzplRy8Thhz0Ps/getUpdates "HTTP/1.1 200 OK"
2025-05-23 18:29:33,749 - httpx - INFO - HTTP Request: POST https://api.telegram.org/bot7093436536:AAEvjyOBDmUYkoOkO2zxZnzplRy8Thhz0Ps/getUpdates "HTTP/1.1 200 OK"
2025-05-23 18:29:43,837 - httpx - INFO - HTTP Request: POST https://api.telegram.org/bot7093436536:AAEvjyOBDmUYkoOkO2zxZnzplRy8Thhz0Ps/getUpdates "HTTP/1.1 200 OK"
2025-05-23 18:29:53,923 - httpx - INFO - HTTP Request: POST https://api.telegram.org/bot7093436536:AAEvjyOBDmUYkoOkO2zxZnzplRy8Thhz0Ps/getUpdates "HTTP/1.1 200 OK"
2025-05-23 18:30:04,012 - httpx - INFO - HTTP Request: POST https://api.telegram.org/bot7093436536:AAEvjyOBDmUYkoOkO2zxZnzplRy8Thhz0Ps/getUpdates "HTTP/1.1 200 OK"
2025-05-23 18:30:14,100 - httpx - INFO - HTTP Request: POST https://api.telegram.org/bot7093436536:AAEvjyOBDmUYkoOkO2zxZnzplRy8Thhz0Ps/getUpdates "HTTP/1.1 200 OK"
2025-05-23 18:30:24,187 - httpx - INFO - HTTP Request: POST https://api.telegram.org/bot7093436536:AAEvjyOBDmUYkoOkO2zxZnzplRy8Thhz0Ps/getUpdates "HTTP/1.1 200 OK"
2025-05-23 18:30:34,274 - httpx - INFO - HTTP Request: POST https://api.telegram.org/bot7093436536:AAEvjyOBDmUYkoOkO2zxZnzplRy8Thhz0Ps/getUpdates "HTTP/1.1 200 OK"
2025-05-23 18:30:44,369 - httpx - INFO - HTTP Request: POST https://api.telegram.org/bot7093436536:AAEvjyOBDmUYkoOkO2zxZnzplRy8Thhz0Ps/getUpdates "HTTP/1.1 200 OK"
2025-05-23 18:30:54,456 - httpx - INFO - HTTP Request: POST https://api.telegram.org/bot7093436536:AAEvjyOBDmUYkoOkO2zxZnzplRy8Thhz0Ps/getUpdates "HTTP/1.1 200 OK"
2025-05-23 18:31:04,548 - httpx - INFO - HTTP Request: POST https://api.telegram.org/bot7093436536:AAEvjyOBDmUYkoOkO2zxZnzplRy8Thhz0Ps/getUpdates "HTTP/1.1 200 OK"
2025-05-23 18:31:14,635 - httpx - INFO - HTTP Request: POST https://api.telegram.org/bot7093436536:AAEvjyOBDmUYkoOkO2zxZnzplRy8Thhz0Ps/getUpdates "HTTP/1.1 200 OK"
2025-05-23 18:31:24,722 - httpx - INFO - HTTP Request: POST https://api.telegram.org/bot7093436536:AAEvjyOBDmUYkoOkO2zxZnzplRy8Thhz0Ps/getUpdates "HTTP/1.1 200 OK"
2025-05-23 18:31:34,809 - httpx - INFO - HTTP Request: POST https://api.telegram.org/bot7093436536:AAEvjyOBDmUYkoOkO2zxZnzplRy8Thhz0Ps/getUpdates "HTTP/1.1 200 OK"
2025-05-23 18:31:44,896 - httpx - INFO - HTTP Request: POST https://api.telegram.org/bot7093436536:AAEvjyOBDmUYkoOkO2zxZnzplRy8Thhz0Ps/getUpdates "HTTP/1.1 200 OK"
2025-05-23 18:31:54,983 - httpx - INFO - HTTP Request: POST https://api.telegram.org/bot7093436536:AAEvjyOBDmUYkoOkO2zxZnzplRy8Thhz0Ps/getUpdates "HTTP/1.1 200 OK"
2025-05-23 18:32:05,071 - httpx - INFO - HTTP Request: POST https://api.telegram.org/bot7093436536:AAEvjyOBDmUYkoOkO2zxZnzplRy8Thhz0Ps/getUpdates "HTTP/1.1 200 OK"
2025-05-23 18:32:15,160 - httpx - INFO - HTTP Request: POST https://api.telegram.org/bot7093436536:AAEvjyOBDmUYkoOkO2zxZnzplRy8Thhz0Ps/getUpdates "HTTP/1.1 200 OK"
2025-05-23 18:32:25,248 - httpx - INFO - HTTP Request: POST https://api.telegram.org/bot7093436536:AAEvjyOBDmUYkoOkO2zxZnzplRy8Thhz0Ps/getUpdates "HTTP/1.1 200 OK"
2025-05-23 18:32:35,335 - httpx - INFO - HTTP Request: POST https://api.telegram.org/bot7093436536:AAEvjyOBDmUYkoOkO2zxZnzplRy8Thhz0Ps/getUpdates "HTTP/1.1 200 OK"
2025-05-23 18:32:45,423 - httpx - INFO - HTTP Request: POST https://api.telegram.org/bot7093436536:AAEvjyOBDmUYkoOkO2zxZnzplRy8Thhz0Ps/getUpdates "HTTP/1.1 200 OK"
2025-05-23 18:32:55,509 - httpx - INFO - HTTP Request: POST https://api.telegram.org/bot7093436536:AAEvjyOBDmUYkoOkO2zxZnzplRy8Thhz0Ps/getUpdates "HTTP/1.1 200 OK"
2025-05-23 18:33:05,596 - httpx - INFO - HTTP Request: POST https://api.telegram.org/bot7093436536:AAEvjyOBDmUYkoOkO2zxZnzplRy8Thhz0Ps/getUpdates "HTTP/1.1 200 OK"
2025-05-23 18:33:15,684 - httpx - INFO - HTTP Request: POST https://api.telegram.org/bot7093436536:AAEvjyOBDmUYkoOkO2zxZnzplRy8Thhz0Ps/getUpdates "HTTP/1.1 200 OK"
2025-05-23 18:33:25,770 - httpx - INFO - HTTP Request: POST https://api.telegram.org/bot7093436536:AAEvjyOBDmUYkoOkO2zxZnzplRy8Thhz0Ps/getUpdates "HTTP/1.1 200 OK"
2025-05-23 18:33:35,856 - httpx - INFO - HTTP Request: POST https://api.telegram.org/bot7093436536:AAEvjyOBDmUYkoOkO2zxZnzplRy8Thhz0Ps/getUpdates "HTTP/1.1 200 OK"
2025-05-23 18:33:45,943 - httpx - INFO - HTTP Request: POST https://api.telegram.org/bot7093436536:AAEvjyOBDmUYkoOkO2zxZnzplRy8Thhz0Ps/getUpdates "HTTP/1.1 200 OK"
2025-05-23 18:33:56,031 - httpx - INFO - HTTP Request: POST https://api.telegram.org/bot7093436536:AAEvjyOBDmUYkoOkO2zxZnzplRy8Thhz0Ps/getUpdates "HTTP/1.1 200 OK"
2025-05-23 18:34:06,118 - httpx - INFO - HTTP Request: POST https://api.telegram.org/bot7093436536:AAEvjyOBDmUYkoOkO2zxZnzplRy8Thhz0Ps/getUpdates "HTTP/1.1 200 OK"
2025-05-23 18:34:16,206 - httpx - INFO - HTTP Request: POST https://api.telegram.org/bot7093436536:AAEvjyOBDmUYkoOkO2zxZnzplRy8Thhz0Ps/getUpdates "HTTP/1.1 200 OK"
2025-05-23 18:34:26,293 - httpx - INFO - HTTP Request: POST https://api.telegram.org/bot7093436536:AAEvjyOBDmUYkoOkO2zxZnzplRy8Thhz0Ps/getUpdates "HTTP/1.1 200 OK"
2025-05-23 18:34:36,380 - httpx - INFO - HTTP Request: POST https://api.telegram.org/bot7093436536:AAEvjyOBDmUYkoOkO2zxZnzplRy8Thhz0Ps/getUpdates "HTTP/1.1 200 OK"
2025-05-23 18:34:46,466 - httpx - INFO - HTTP Request: POST https://api.telegram.org/bot7093436536:AAEvjyOBDmUYkoOkO2zxZnzplRy8Thhz0Ps/getUpdates "HTTP/1.1 200 OK"
2025-05-23 18:34:56,553 - httpx - INFO - HTTP Request: POST https://api.telegram.org/bot7093436536:AAEvjyOBDmUYkoOkO2zxZnzplRy8Thhz0Ps/getUpdates "HTTP/1.1 200 OK"
2025-05-23 18:35:06,640 - httpx - INFO - HTTP Request: POST https://api.telegram.org/bot7093436536:AAEvjyOBDmUYkoOkO2zxZnzplRy8Thhz0Ps/getUpdates "HTTP/1.1 200 OK"
2025-05-23 18:35:16,728 - httpx - INFO - HTTP Request: POST https://api.telegram.org/bot7093436536:AAEvjyOBDmUYkoOkO2zxZnzplRy8Thhz0Ps/getUpdates "HTTP/1.1 200 OK"
2025-05-23 18:35:26,815 - httpx - INFO - HTTP Request: POST https://api.telegram.org/bot7093436536:AAEvjyOBDmUYkoOkO2zxZnzplRy8Thhz0Ps/getUpdates "HTTP/1.1 200 OK"
2025-05-23 18:35:36,903 - httpx - INFO - HTTP Request: POST https://api.telegram.org/bot7093436536:AAEvjyOBDmUYkoOkO2zxZnzplRy8Thhz0Ps/getUpdates "HTTP/1.1 200 OK"
2025-05-23 18:35:46,991 - httpx - INFO - HTTP Request: POST https://api.telegram.org/bot7093436536:AAEvjyOBDmUYkoOkO2zxZnzplRy8Thhz0Ps/getUpdates "HTTP/1.1 200 OK"
2025-05-23 18:35:57,078 - httpx - INFO - HTTP Request: POST https://api.telegram.org/bot7093436536:AAEvjyOBDmUYkoOkO2zxZnzplRy8Thhz0Ps/getUpdates "HTTP/1.1 200 OK"
2025-05-23 18:36:07,165 - httpx - INFO - HTTP Request: POST https://api.telegram.org/bot7093436536:AAEvjyOBDmUYkoOkO2zxZnzplRy8Thhz0Ps/getUpdates "HTTP/1.1 200 OK"
2025-05-23 18:36:17,252 - httpx - INFO - HTTP Request: POST https://api.telegram.org/bot7093436536:AAEvjyOBDmUYkoOkO2zxZnzplRy8Thhz0Ps/getUpdates "HTTP/1.1 200 OK"
2025-05-23 18:36:27,340 - httpx - INFO - HTTP Request: POST https://api.telegram.org/bot7093436536:AAEvjyOBDmUYkoOkO2zxZnzplRy8Thhz0Ps/getUpdates "HTTP/1.1 200 OK"
2025-05-23 18:36:37,426 - httpx - INFO - HTTP Request: POST https://api.telegram.org/bot7093436536:AAEvjyOBDmUYkoOkO2zxZnzplRy8Thhz0Ps/getUpdates "HTTP/1.1 200 OK"
2025-05-23 18:36:47,516 - httpx - INFO - HTTP Request: POST https://api.telegram.org/bot7093436536:AAEvjyOBDmUYkoOkO2zxZnzplRy8Thhz0Ps/getUpdates "HTTP/1.1 200 OK"
2025-05-23 18:36:57,622 - httpx - INFO - HTTP Request: POST https://api.telegram.org/bot7093436536:AAEvjyOBDmUYkoOkO2zxZnzplRy8Thhz0Ps/getUpdates "HTTP/1.1 200 OK"
2025-05-23 18:37:07,709 - httpx - INFO - HTTP Request: POST https://api.telegram.org/bot7093436536:AAEvjyOBDmUYkoOkO2zxZnzplRy8Thhz0Ps/getUpdates "HTTP/1.1 200 OK"
2025-05-23 18:37:17,795 - httpx - INFO - HTTP Request: POST https://api.telegram.org/bot7093436536:AAEvjyOBDmUYkoOkO2zxZnzplRy8Thhz0Ps/getUpdates "HTTP/1.1 200 OK"
2025-05-23 18:37:27,882 - httpx - INFO - HTTP Request: POST https://api.telegram.org/bot7093436536:AAEvjyOBDmUYkoOkO2zxZnzplRy8Thhz0Ps/getUpdates "HTTP/1.1 200 OK"
2025-05-23 18:37:37,971 - httpx - INFO - HTTP Request: POST https://api.telegram.org/bot7093436536:AAEvjyOBDmUYkoOkO2zxZnzplRy8Thhz0Ps/getUpdates "HTTP/1.1 200 OK"
2025-05-23 18:37:48,059 - httpx - INFO - HTTP Request: POST https://api.telegram.org/bot7093436536:AAEvjyOBDmUYkoOkO2zxZnzplRy8Thhz0Ps/getUpdates "HTTP/1.1 200 OK"
2025-05-23 18:37:58,146 - httpx - INFO - HTTP Request: POST https://api.telegram.org/bot7093436536:AAEvjyOBDmUYkoOkO2zxZnzplRy8Thhz0Ps/getUpdates "HTTP/1.1 200 OK"
2025-05-23 18:38:08,233 - httpx - INFO - HTTP Request: POST https://api.telegram.org/bot7093436536:AAEvjyOBDmUYkoOkO2zxZnzplRy8Thhz0Ps/getUpdates "HTTP/1.1 200 OK"
2025-05-23 18:38:18,320 - httpx - INFO - HTTP Request: POST https://api.telegram.org/bot7093436536:AAEvjyOBDmUYkoOkO2zxZnzplRy8Thhz0Ps/getUpdates "HTTP/1.1 200 OK"
2025-05-23 18:38:28,420 - httpx - INFO - HTTP Request: POST https://api.telegram.org/bot7093436536:AAEvjyOBDmUYkoOkO2zxZnzplRy8Thhz0Ps/getUpdates "HTTP/1.1 200 OK"
2025-05-23 18:38:38,507 - httpx - INFO - HTTP Request: POST https://api.telegram.org/bot7093436536:AAEvjyOBDmUYkoOkO2zxZnzplRy8Thhz0Ps/getUpdates "HTTP/1.1 200 OK"
2025-05-23 18:38:48,594 - httpx - INFO - HTTP Request: POST https://api.telegram.org/bot7093436536:AAEvjyOBDmUYkoOkO2zxZnzplRy8Thhz0Ps/getUpdates "HTTP/1.1 200 OK"
2025-05-23 18:38:58,681 - httpx - INFO - HTTP Request: POST https://api.telegram.org/bot7093436536:AAEvjyOBDmUYkoOkO2zxZnzplRy8Thhz0Ps/getUpdates "HTTP/1.1 200 OK"
2025-05-23 18:39:08,768 - httpx - INFO - HTTP Request: POST https://api.telegram.org/bot7093436536:AAEvjyOBDmUYkoOkO2zxZnzplRy8Thhz0Ps/getUpdates "HTTP/1.1 200 OK"
2025-05-23 18:39:18,854 - httpx - INFO - HTTP Request: POST https://api.telegram.org/bot7093436536:AAEvjyOBDmUYkoOkO2zxZnzplRy8Thhz0Ps/getUpdates "HTTP/1.1 200 OK"
2025-05-23 18:39:28,945 - httpx - INFO - HTTP Request: POST https://api.telegram.org/bot7093436536:AAEvjyOBDmUYkoOkO2zxZnzplRy8Thhz0Ps/getUpdates "HTTP/1.1 200 OK"
2025-05-23 18:39:39,032 - httpx - INFO - HTTP Request: POST https://api.telegram.org/bot7093436536:AAEvjyOBDmUYkoOkO2zxZnzplRy8Thhz0Ps/getUpdates "HTTP/1.1 200 OK"
2025-05-23 18:39:49,120 - httpx - INFO - HTTP Request: POST https://api.telegram.org/bot7093436536:AAEvjyOBDmUYkoOkO2zxZnzplRy8Thhz0Ps/getUpdates "HTTP/1.1 200 OK"
2025-05-23 18:39:59,209 - httpx - INFO - HTTP Request: POST https://api.telegram.org/bot7093436536:AAEvjyOBDmUYkoOkO2zxZnzplRy8Thhz0Ps/getUpdates "HTTP/1.1 200 OK"
2025-05-23 18:40:09,453 - httpx - INFO - HTTP Request: POST https://api.telegram.org/bot7093436536:AAEvjyOBDmUYkoOkO2zxZnzplRy8Thhz0Ps/getUpdates "HTTP/1.1 200 OK"
2025-05-23 18:40:19,537 - httpx - INFO - HTTP Request: POST https://api.telegram.org/bot7093436536:AAEvjyOBDmUYkoOkO2zxZnzplRy8Thhz0Ps/getUpdates "HTTP/1.1 200 OK"
2025-05-23 18:40:29,618 - httpx - INFO - HTTP Request: POST https://api.telegram.org/bot7093436536:AAEvjyOBDmUYkoOkO2zxZnzplRy8Thhz0Ps/getUpdates "HTTP/1.1 200 OK"
2025-05-23 18:40:39,699 - httpx - INFO - HTTP Request: POST https://api.telegram.org/bot7093436536:AAEvjyOBDmUYkoOkO2zxZnzplRy8Thhz0Ps/getUpdates "HTTP/1.1 200 OK"
2025-05-23 18:40:49,782 - httpx - INFO - HTTP Request: POST https://api.telegram.org/bot7093436536:AAEvjyOBDmUYkoOkO2zxZnzplRy8Thhz0Ps/getUpdates "HTTP/1.1 200 OK"
2025-05-23 18:40:59,863 - httpx - INFO - HTTP Request: POST https://api.telegram.org/bot7093436536:AAEvjyOBDmUYkoOkO2zxZnzplRy8Thhz0Ps/getUpdates "HTTP/1.1 200 OK"
2025-05-23 18:41:09,946 - httpx - INFO - HTTP Request: POST https://api.telegram.org/bot7093436536:AAEvjyOBDmUYkoOkO2zxZnzplRy8Thhz0Ps/getUpdates "HTTP/1.1 200 OK"
2025-05-23 18:41:20,029 - httpx - INFO - HTTP Request: POST https://api.telegram.org/bot7093436536:AAEvjyOBDmUYkoOkO2zxZnzplRy8Thhz0Ps/getUpdates "HTTP/1.1 200 OK"
2025-05-23 18:41:30,112 - httpx - INFO - HTTP Request: POST https://api.telegram.org/bot7093436536:AAEvjyOBDmUYkoOkO2zxZnzplRy8Thhz0Ps/getUpdates "HTTP/1.1 200 OK"
2025-05-23 18:41:40,193 - httpx - INFO - HTTP Request: POST https://api.telegram.org/bot7093436536:AAEvjyOBDmUYkoOkO2zxZnzplRy8Thhz0Ps/getUpdates "HTTP/1.1 200 OK"
2025-05-23 18:41:50,281 - httpx - INFO - HTTP Request: POST https://api.telegram.org/bot7093436536:AAEvjyOBDmUYkoOkO2zxZnzplRy8Thhz0Ps/getUpdates "HTTP/1.1 200 OK"
2025-05-23 18:42:00,361 - httpx - INFO - HTTP Request: POST https://api.telegram.org/bot7093436536:AAEvjyOBDmUYkoOkO2zxZnzplRy8Thhz0Ps/getUpdates "HTTP/1.1 200 OK"
2025-05-23 18:42:10,441 - httpx - INFO - HTTP Request: POST https://api.telegram.org/bot7093436536:AAEvjyOBDmUYkoOkO2zxZnzplRy8Thhz0Ps/getUpdates "HTTP/1.1 200 OK"
2025-05-23 18:42:20,522 - httpx - INFO - HTTP Request: POST https://api.telegram.org/bot7093436536:AAEvjyOBDmUYkoOkO2zxZnzplRy8Thhz0Ps/getUpdates "HTTP/1.1 200 OK"
2025-05-23 18:42:30,615 - httpx - INFO - HTTP Request: POST https://api.telegram.org/bot7093436536:AAEvjyOBDmUYkoOkO2zxZnzplRy8Thhz0Ps/getUpdates "HTTP/1.1 200 OK"
2025-05-23 18:42:40,696 - httpx - INFO - HTTP Request: POST https://api.telegram.org/bot7093436536:AAEvjyOBDmUYkoOkO2zxZnzplRy8Thhz0Ps/getUpdates "HTTP/1.1 200 OK"
2025-05-23 18:42:50,778 - httpx - INFO - HTTP Request: POST https://api.telegram.org/bot7093436536:AAEvjyOBDmUYkoOkO2zxZnzplRy8Thhz0Ps/getUpdates "HTTP/1.1 200 OK"
2025-05-23 18:43:00,859 - httpx - INFO - HTTP Request: POST https://api.telegram.org/bot7093436536:AAEvjyOBDmUYkoOkO2zxZnzplRy8Thhz0Ps/getUpdates "HTTP/1.1 200 OK"
2025-05-23 18:43:10,942 - httpx - INFO - HTTP Request: POST https://api.telegram.org/bot7093436536:AAEvjyOBDmUYkoOkO2zxZnzplRy8Thhz0Ps/getUpdates "HTTP/1.1 200 OK"
2025-05-23 18:43:21,023 - httpx - INFO - HTTP Request: POST https://api.telegram.org/bot7093436536:AAEvjyOBDmUYkoOkO2zxZnzplRy8Thhz0Ps/getUpdates "HTTP/1.1 200 OK"
2025-05-23 18:43:31,105 - httpx - INFO - HTTP Request: POST https://api.telegram.org/bot7093436536:AAEvjyOBDmUYkoOkO2zxZnzplRy8Thhz0Ps/getUpdates "HTTP/1.1 200 OK"
2025-05-23 18:43:41,186 - httpx - INFO - HTTP Request: POST https://api.telegram.org/bot7093436536:AAEvjyOBDmUYkoOkO2zxZnzplRy8Thhz0Ps/getUpdates "HTTP/1.1 200 OK"
2025-05-23 18:43:51,266 - httpx - INFO - HTTP Request: POST https://api.telegram.org/bot7093436536:AAEvjyOBDmUYkoOkO2zxZnzplRy8Thhz0Ps/getUpdates "HTTP/1.1 200 OK"
2025-05-23 18:44:01,347 - httpx - INFO - HTTP Request: POST https://api.telegram.org/bot7093436536:AAEvjyOBDmUYkoOkO2zxZnzplRy8Thhz0Ps/getUpdates "HTTP/1.1 200 OK"
2025-05-23 18:44:11,429 - httpx - INFO - HTTP Request: POST https://api.telegram.org/bot7093436536:AAEvjyOBDmUYkoOkO2zxZnzplRy8Thhz0Ps/getUpdates "HTTP/1.1 200 OK"
2025-05-23 18:44:21,510 - httpx - INFO - HTTP Request: POST https://api.telegram.org/bot7093436536:AAEvjyOBDmUYkoOkO2zxZnzplRy8Thhz0Ps/getUpdates "HTTP/1.1 200 OK"
2025-05-23 18:44:31,613 - httpx - INFO - HTTP Request: POST https://api.telegram.org/bot7093436536:AAEvjyOBDmUYkoOkO2zxZnzplRy8Thhz0Ps/getUpdates "HTTP/1.1 200 OK"
2025-05-23 18:44:41,694 - httpx - INFO - HTTP Request: POST https://api.telegram.org/bot7093436536:AAEvjyOBDmUYkoOkO2zxZnzplRy8Thhz0Ps/getUpdates "HTTP/1.1 200 OK"
2025-05-23 18:44:51,775 - httpx - INFO - HTTP Request: POST https://api.telegram.org/bot7093436536:AAEvjyOBDmUYkoOkO2zxZnzplRy8Thhz0Ps/getUpdates "HTTP/1.1 200 OK"
2025-05-23 18:45:01,867 - httpx - INFO - HTTP Request: POST https://api.telegram.org/bot7093436536:AAEvjyOBDmUYkoOkO2zxZnzplRy8Thhz0Ps/getUpdates "HTTP/1.1 200 OK"
2025-05-23 18:45:11,952 - httpx - INFO - HTTP Request: POST https://api.telegram.org/bot7093436536:AAEvjyOBDmUYkoOkO2zxZnzplRy8Thhz0Ps/getUpdates "HTTP/1.1 200 OK"
2025-05-23 18:45:22,049 - httpx - INFO - HTTP Request: POST https://api.telegram.org/bot7093436536:AAEvjyOBDmUYkoOkO2zxZnzplRy8Thhz0Ps/getUpdates "HTTP/1.1 200 OK"
2025-05-23 18:45:32,132 - httpx - INFO - HTTP Request: POST https://api.telegram.org/bot7093436536:AAEvjyOBDmUYkoOkO2zxZnzplRy8Thhz0Ps/getUpdates "HTTP/1.1 200 OK"
2025-05-23 18:45:42,220 - httpx - INFO - HTTP Request: POST https://api.telegram.org/bot7093436536:AAEvjyOBDmUYkoOkO2zxZnzplRy8Thhz0Ps/getUpdates "HTTP/1.1 200 OK"
2025-05-23 18:45:52,302 - httpx - INFO - HTTP Request: POST https://api.telegram.org/bot7093436536:AAEvjyOBDmUYkoOkO2zxZnzplRy8Thhz0Ps/getUpdates "HTTP/1.1 200 OK"
2025-05-23 18:46:02,382 - httpx - INFO - HTTP Request: POST https://api.telegram.org/bot7093436536:AAEvjyOBDmUYkoOkO2zxZnzplRy8Thhz0Ps/getUpdates "HTTP/1.1 200 OK"
2025-05-23 18:46:12,465 - httpx - INFO - HTTP Request: POST https://api.telegram.org/bot7093436536:AAEvjyOBDmUYkoOkO2zxZnzplRy8Thhz0Ps/getUpdates "HTTP/1.1 200 OK"
2025-05-23 18:46:22,551 - httpx - INFO - HTTP Request: POST https://api.telegram.org/bot7093436536:AAEvjyOBDmUYkoOkO2zxZnzplRy8Thhz0Ps/getUpdates "HTTP/1.1 200 OK"
2025-05-23 18:46:32,631 - httpx - INFO - HTTP Request: POST https://api.telegram.org/bot7093436536:AAEvjyOBDmUYkoOkO2zxZnzplRy8Thhz0Ps/getUpdates "HTTP/1.1 200 OK"
2025-05-23 18:46:42,713 - httpx - INFO - HTTP Request: POST https://api.telegram.org/bot7093436536:AAEvjyOBDmUYkoOkO2zxZnzplRy8Thhz0Ps/getUpdates "HTTP/1.1 200 OK"
2025-05-23 18:46:52,794 - httpx - INFO - HTTP Request: POST https://api.telegram.org/bot7093436536:AAEvjyOBDmUYkoOkO2zxZnzplRy8Thhz0Ps/getUpdates "HTTP/1.1 200 OK"
2025-05-23 18:47:02,885 - httpx - INFO - HTTP Request: POST https://api.telegram.org/bot7093436536:AAEvjyOBDmUYkoOkO2zxZnzplRy8Thhz0Ps/getUpdates "HTTP/1.1 200 OK"
2025-05-23 18:47:12,966 - httpx - INFO - HTTP Request: POST https://api.telegram.org/bot7093436536:AAEvjyOBDmUYkoOkO2zxZnzplRy8Thhz0Ps/getUpdates "HTTP/1.1 200 OK"
2025-05-23 18:47:23,048 - httpx - INFO - HTTP Request: POST https://api.telegram.org/bot7093436536:AAEvjyOBDmUYkoOkO2zxZnzplRy8Thhz0Ps/getUpdates "HTTP/1.1 200 OK"
2025-05-23 18:47:33,147 - httpx - INFO - HTTP Request: POST https://api.telegram.org/bot7093436536:AAEvjyOBDmUYkoOkO2zxZnzplRy8Thhz0Ps/getUpdates "HTTP/1.1 200 OK"
2025-05-23 18:47:43,229 - httpx - INFO - HTTP Request: POST https://api.telegram.org/bot7093436536:AAEvjyOBDmUYkoOkO2zxZnzplRy8Thhz0Ps/getUpdates "HTTP/1.1 200 OK"
2025-05-23 18:47:53,313 - httpx - INFO - HTTP Request: POST https://api.telegram.org/bot7093436536:AAEvjyOBDmUYkoOkO2zxZnzplRy8Thhz0Ps/getUpdates "HTTP/1.1 200 OK"
2025-05-23 18:48:03,395 - httpx - INFO - HTTP Request: POST https://api.telegram.org/bot7093436536:AAEvjyOBDmUYkoOkO2zxZnzplRy8Thhz0Ps/getUpdates "HTTP/1.1 200 OK"
2025-05-23 18:48:13,477 - httpx - INFO - HTTP Request: POST https://api.telegram.org/bot7093436536:AAEvjyOBDmUYkoOkO2zxZnzplRy8Thhz0Ps/getUpdates "HTTP/1.1 200 OK"
2025-05-23 18:48:23,574 - httpx - INFO - HTTP Request: POST https://api.telegram.org/bot7093436536:AAEvjyOBDmUYkoOkO2zxZnzplRy8Thhz0Ps/getUpdates "HTTP/1.1 200 OK"
2025-05-23 18:48:33,657 - httpx - INFO - HTTP Request: POST https://api.telegram.org/bot7093436536:AAEvjyOBDmUYkoOkO2zxZnzplRy8Thhz0Ps/getUpdates "HTTP/1.1 200 OK"
2025-05-23 18:48:43,737 - httpx - INFO - HTTP Request: POST https://api.telegram.org/bot7093436536:AAEvjyOBDmUYkoOkO2zxZnzplRy8Thhz0Ps/getUpdates "HTTP/1.1 200 OK"
2025-05-23 18:48:53,823 - httpx - INFO - HTTP Request: POST https://api.telegram.org/bot7093436536:AAEvjyOBDmUYkoOkO2zxZnzplRy8Thhz0Ps/getUpdates "HTTP/1.1 200 OK"
2025-05-23 18:49:03,906 - httpx - INFO - HTTP Request: POST https://api.telegram.org/bot7093436536:AAEvjyOBDmUYkoOkO2zxZnzplRy8Thhz0Ps/getUpdates "HTTP/1.1 200 OK"
2025-05-23 18:49:13,994 - httpx - INFO - HTTP Request: POST https://api.telegram.org/bot7093436536:AAEvjyOBDmUYkoOkO2zxZnzplRy8Thhz0Ps/getUpdates "HTTP/1.1 200 OK"
2025-05-23 18:49:24,076 - httpx - INFO - HTTP Request: POST https://api.telegram.org/bot7093436536:AAEvjyOBDmUYkoOkO2zxZnzplRy8Thhz0Ps/getUpdates "HTTP/1.1 200 OK"
2025-05-23 18:49:34,159 - httpx - INFO - HTTP Request: POST https://api.telegram.org/bot7093436536:AAEvjyOBDmUYkoOkO2zxZnzplRy8Thhz0Ps/getUpdates "HTTP/1.1 200 OK"
2025-05-23 18:49:44,243 - httpx - INFO - HTTP Request: POST https://api.telegram.org/bot7093436536:AAEvjyOBDmUYkoOkO2zxZnzplRy8Thhz0Ps/getUpdates "HTTP/1.1 200 OK"
2025-05-23 18:49:54,325 - httpx - INFO - HTTP Request: POST https://api.telegram.org/bot7093436536:AAEvjyOBDmUYkoOkO2zxZnzplRy8Thhz0Ps/getUpdates "HTTP/1.1 200 OK"
2025-05-23 18:50:04,405 - httpx - INFO - HTTP Request: POST https://api.telegram.org/bot7093436536:AAEvjyOBDmUYkoOkO2zxZnzplRy8Thhz0Ps/getUpdates "HTTP/1.1 200 OK"
2025-05-23 18:50:14,488 - httpx - INFO - HTTP Request: POST https://api.telegram.org/bot7093436536:AAEvjyOBDmUYkoOkO2zxZnzplRy8Thhz0Ps/getUpdates "HTTP/1.1 200 OK"
2025-05-23 18:50:24,570 - httpx - INFO - HTTP Request: POST https://api.telegram.org/bot7093436536:AAEvjyOBDmUYkoOkO2zxZnzplRy8Thhz0Ps/getUpdates "HTTP/1.1 200 OK"
2025-05-23 18:50:34,654 - httpx - INFO - HTTP Request: POST https://api.telegram.org/bot7093436536:AAEvjyOBDmUYkoOkO2zxZnzplRy8Thhz0Ps/getUpdates "HTTP/1.1 200 OK"
2025-05-23 18:50:44,735 - httpx - INFO - HTTP Request: POST https://api.telegram.org/bot7093436536:AAEvjyOBDmUYkoOkO2zxZnzplRy8Thhz0Ps/getUpdates "HTTP/1.1 200 OK"
2025-05-23 18:50:54,819 - httpx - INFO - HTTP Request: POST https://api.telegram.org/bot7093436536:AAEvjyOBDmUYkoOkO2zxZnzplRy8Thhz0Ps/getUpdates "HTTP/1.1 200 OK"
2025-05-23 18:51:04,901 - httpx - INFO - HTTP Request: POST https://api.telegram.org/bot7093436536:AAEvjyOBDmUYkoOkO2zxZnzplRy8Thhz0Ps/getUpdates "HTTP/1.1 200 OK"
2025-05-23 18:51:15,011 - httpx - INFO - HTTP Request: POST https://api.telegram.org/bot7093436536:AAEvjyOBDmUYkoOkO2zxZnzplRy8Thhz0Ps/getUpdates "HTTP/1.1 200 OK"
2025-05-23 18:51:25,095 - httpx - INFO - HTTP Request: POST https://api.telegram.org/bot7093436536:AAEvjyOBDmUYkoOkO2zxZnzplRy8Thhz0Ps/getUpdates "HTTP/1.1 200 OK"
2025-05-23 18:51:35,179 - httpx - INFO - HTTP Request: POST https://api.telegram.org/bot7093436536:AAEvjyOBDmUYkoOkO2zxZnzplRy8Thhz0Ps/getUpdates "HTTP/1.1 200 OK"
2025-05-23 18:51:45,261 - httpx - INFO - HTTP Request: POST https://api.telegram.org/bot7093436536:AAEvjyOBDmUYkoOkO2zxZnzplRy8Thhz0Ps/getUpdates "HTTP/1.1 200 OK"
2025-05-23 18:51:55,358 - httpx - INFO - HTTP Request: POST https://api.telegram.org/bot7093436536:AAEvjyOBDmUYkoOkO2zxZnzplRy8Thhz0Ps/getUpdates "HTTP/1.1 200 OK"
2025-05-23 18:52:05,440 - httpx - INFO - HTTP Request: POST https://api.telegram.org/bot7093436536:AAEvjyOBDmUYkoOkO2zxZnzplRy8Thhz0Ps/getUpdates "HTTP/1.1 200 OK"
2025-05-23 18:52:15,522 - httpx - INFO - HTTP Request: POST https://api.telegram.org/bot7093436536:AAEvjyOBDmUYkoOkO2zxZnzplRy8Thhz0Ps/getUpdates "HTTP/1.1 200 OK"
2025-05-23 18:52:25,603 - httpx - INFO - HTTP Request: POST https://api.telegram.org/bot7093436536:AAEvjyOBDmUYkoOkO2zxZnzplRy8Thhz0Ps/getUpdates "HTTP/1.1 200 OK"
2025-05-23 18:52:35,684 - httpx - INFO - HTTP Request: POST https://api.telegram.org/bot7093436536:AAEvjyOBDmUYkoOkO2zxZnzplRy8Thhz0Ps/getUpdates "HTTP/1.1 200 OK"
2025-05-23 18:52:45,784 - httpx - INFO - HTTP Request: POST https://api.telegram.org/bot7093436536:AAEvjyOBDmUYkoOkO2zxZnzplRy8Thhz0Ps/getUpdates "HTTP/1.1 200 OK"
2025-05-23 18:52:55,867 - httpx - INFO - HTTP Request: POST https://api.telegram.org/bot7093436536:AAEvjyOBDmUYkoOkO2zxZnzplRy8Thhz0Ps/getUpdates "HTTP/1.1 200 OK"
2025-05-23 18:53:05,965 - httpx - INFO - HTTP Request: POST https://api.telegram.org/bot7093436536:AAEvjyOBDmUYkoOkO2zxZnzplRy8Thhz0Ps/getUpdates "HTTP/1.1 200 OK"
2025-05-23 18:53:16,053 - httpx - INFO - HTTP Request: POST https://api.telegram.org/bot7093436536:AAEvjyOBDmUYkoOkO2zxZnzplRy8Thhz0Ps/getUpdates "HTTP/1.1 200 OK"
2025-05-23 18:53:26,138 - httpx - INFO - HTTP Request: POST https://api.telegram.org/bot7093436536:AAEvjyOBDmUYkoOkO2zxZnzplRy8Thhz0Ps/getUpdates "HTTP/1.1 200 OK"
2025-05-23 18:53:36,218 - httpx - INFO - HTTP Request: POST https://api.telegram.org/bot7093436536:AAEvjyOBDmUYkoOkO2zxZnzplRy8Thhz0Ps/getUpdates "HTTP/1.1 200 OK"
2025-05-23 18:53:46,298 - httpx - INFO - HTTP Request: POST https://api.telegram.org/bot7093436536:AAEvjyOBDmUYkoOkO2zxZnzplRy8Thhz0Ps/getUpdates "HTTP/1.1 200 OK"
2025-05-23 18:53:56,379 - httpx - INFO - HTTP Request: POST https://api.telegram.org/bot7093436536:AAEvjyOBDmUYkoOkO2zxZnzplRy8Thhz0Ps/getUpdates "HTTP/1.1 200 OK"
2025-05-23 18:54:06,461 - httpx - INFO - HTTP Request: POST https://api.telegram.org/bot7093436536:AAEvjyOBDmUYkoOkO2zxZnzplRy8Thhz0Ps/getUpdates "HTTP/1.1 200 OK"
2025-05-23 18:54:16,544 - httpx - INFO - HTTP Request: POST https://api.telegram.org/bot7093436536:AAEvjyOBDmUYkoOkO2zxZnzplRy8Thhz0Ps/getUpdates "HTTP/1.1 200 OK"
2025-05-23 18:54:26,625 - httpx - INFO - HTTP Request: POST https://api.telegram.org/bot7093436536:AAEvjyOBDmUYkoOkO2zxZnzplRy8Thhz0Ps/getUpdates "HTTP/1.1 200 OK"
2025-05-23 18:54:36,705 - httpx - INFO - HTTP Request: POST https://api.telegram.org/bot7093436536:AAEvjyOBDmUYkoOkO2zxZnzplRy8Thhz0Ps/getUpdates "HTTP/1.1 200 OK"
2025-05-23 18:54:46,787 - httpx - INFO - HTTP Request: POST https://api.telegram.org/bot7093436536:AAEvjyOBDmUYkoOkO2zxZnzplRy8Thhz0Ps/getUpdates "HTTP/1.1 200 OK"
2025-05-23 18:54:56,876 - httpx - INFO - HTTP Request: POST https://api.telegram.org/bot7093436536:AAEvjyOBDmUYkoOkO2zxZnzplRy8Thhz0Ps/getUpdates "HTTP/1.1 200 OK"
2025-05-23 18:55:06,958 - httpx - INFO - HTTP Request: POST https://api.telegram.org/bot7093436536:AAEvjyOBDmUYkoOkO2zxZnzplRy8Thhz0Ps/getUpdates "HTTP/1.1 200 OK"
2025-05-23 18:55:17,039 - httpx - INFO - HTTP Request: POST https://api.telegram.org/bot7093436536:AAEvjyOBDmUYkoOkO2zxZnzplRy8Thhz0Ps/getUpdates "HTTP/1.1 200 OK"
2025-05-23 18:55:27,119 - httpx - INFO - HTTP Request: POST https://api.telegram.org/bot7093436536:AAEvjyOBDmUYkoOkO2zxZnzplRy8Thhz0Ps/getUpdates "HTTP/1.1 200 OK"
2025-05-23 18:55:37,202 - httpx - INFO - HTTP Request: POST https://api.telegram.org/bot7093436536:AAEvjyOBDmUYkoOkO2zxZnzplRy8Thhz0Ps/getUpdates "HTTP/1.1 200 OK"
2025-05-23 18:55:47,287 - httpx - INFO - HTTP Request: POST https://api.telegram.org/bot7093436536:AAEvjyOBDmUYkoOkO2zxZnzplRy8Thhz0Ps/getUpdates "HTTP/1.1 200 OK"
2025-05-23 18:55:57,368 - httpx - INFO - HTTP Request: POST https://api.telegram.org/bot7093436536:AAEvjyOBDmUYkoOkO2zxZnzplRy8Thhz0Ps/getUpdates "HTTP/1.1 200 OK"
2025-05-23 18:56:07,460 - httpx - INFO - HTTP Request: POST https://api.telegram.org/bot7093436536:AAEvjyOBDmUYkoOkO2zxZnzplRy8Thhz0Ps/getUpdates "HTTP/1.1 200 OK"
2025-05-23 18:56:17,546 - httpx - INFO - HTTP Request: POST https://api.telegram.org/bot7093436536:AAEvjyOBDmUYkoOkO2zxZnzplRy8Thhz0Ps/getUpdates "HTTP/1.1 200 OK"
2025-05-23 18:56:27,628 - httpx - INFO - HTTP Request: POST https://api.telegram.org/bot7093436536:AAEvjyOBDmUYkoOkO2zxZnzplRy8Thhz0Ps/getUpdates "HTTP/1.1 200 OK"
2025-05-23 18:56:37,710 - httpx - INFO - HTTP Request: POST https://api.telegram.org/bot7093436536:AAEvjyOBDmUYkoOkO2zxZnzplRy8Thhz0Ps/getUpdates "HTTP/1.1 200 OK"
2025-05-23 18:56:47,796 - httpx - INFO - HTTP Request: POST https://api.telegram.org/bot7093436536:AAEvjyOBDmUYkoOkO2zxZnzplRy8Thhz0Ps/getUpdates "HTTP/1.1 200 OK"
2025-05-23 18:56:58,060 - httpx - INFO - HTTP Request: POST https://api.telegram.org/bot7093436536:AAEvjyOBDmUYkoOkO2zxZnzplRy8Thhz0Ps/getUpdates "HTTP/1.1 200 OK"
2025-05-23 18:57:08,149 - httpx - INFO - HTTP Request: POST https://api.telegram.org/bot7093436536:AAEvjyOBDmUYkoOkO2zxZnzplRy8Thhz0Ps/getUpdates "HTTP/1.1 200 OK"
2025-05-23 18:57:18,237 - httpx - INFO - HTTP Request: POST https://api.telegram.org/bot7093436536:AAEvjyOBDmUYkoOkO2zxZnzplRy8Thhz0Ps/getUpdates "HTTP/1.1 200 OK"
2025-05-23 18:57:28,328 - httpx - INFO - HTTP Request: POST https://api.telegram.org/bot7093436536:AAEvjyOBDmUYkoOkO2zxZnzplRy8Thhz0Ps/getUpdates "HTTP/1.1 200 OK"
2025-05-23 18:57:38,416 - httpx - INFO - HTTP Request: POST https://api.telegram.org/bot7093436536:AAEvjyOBDmUYkoOkO2zxZnzplRy8Thhz0Ps/getUpdates "HTTP/1.1 200 OK"
2025-05-23 18:57:48,504 - httpx - INFO - HTTP Request: POST https://api.telegram.org/bot7093436536:AAEvjyOBDmUYkoOkO2zxZnzplRy8Thhz0Ps/getUpdates "HTTP/1.1 200 OK"
2025-05-23 18:57:58,602 - httpx - INFO - HTTP Request: POST https://api.telegram.org/bot7093436536:AAEvjyOBDmUYkoOkO2zxZnzplRy8Thhz0Ps/getUpdates "HTTP/1.1 200 OK"
2025-05-23 18:58:08,693 - httpx - INFO - HTTP Request: POST https://api.telegram.org/bot7093436536:AAEvjyOBDmUYkoOkO2zxZnzplRy8Thhz0Ps/getUpdates "HTTP/1.1 200 OK"
2025-05-23 18:58:18,781 - httpx - INFO - HTTP Request: POST https://api.telegram.org/bot7093436536:AAEvjyOBDmUYkoOkO2zxZnzplRy8Thhz0Ps/getUpdates "HTTP/1.1 200 OK"
2025-05-23 18:58:28,868 - httpx - INFO - HTTP Request: POST https://api.telegram.org/bot7093436536:AAEvjyOBDmUYkoOkO2zxZnzplRy8Thhz0Ps/getUpdates "HTTP/1.1 200 OK"
2025-05-23 18:58:38,960 - httpx - INFO - HTTP Request: POST https://api.telegram.org/bot7093436536:AAEvjyOBDmUYkoOkO2zxZnzplRy8Thhz0Ps/getUpdates "HTTP/1.1 200 OK"
2025-05-23 18:58:49,048 - httpx - INFO - HTTP Request: POST https://api.telegram.org/bot7093436536:AAEvjyOBDmUYkoOkO2zxZnzplRy8Thhz0Ps/getUpdates "HTTP/1.1 200 OK"
2025-05-23 18:58:59,136 - httpx - INFO - HTTP Request: POST https://api.telegram.org/bot7093436536:AAEvjyOBDmUYkoOkO2zxZnzplRy8Thhz0Ps/getUpdates "HTTP/1.1 200 OK"
2025-05-23 18:59:09,225 - httpx - INFO - HTTP Request: POST https://api.telegram.org/bot7093436536:AAEvjyOBDmUYkoOkO2zxZnzplRy8Thhz0Ps/getUpdates "HTTP/1.1 200 OK"
2025-05-23 18:59:19,314 - httpx - INFO - HTTP Request: POST https://api.telegram.org/bot7093436536:AAEvjyOBDmUYkoOkO2zxZnzplRy8Thhz0Ps/getUpdates "HTTP/1.1 200 OK"
2025-05-23 18:59:29,402 - httpx - INFO - HTTP Request: POST https://api.telegram.org/bot7093436536:AAEvjyOBDmUYkoOkO2zxZnzplRy8Thhz0Ps/getUpdates "HTTP/1.1 200 OK"
2025-05-23 18:59:39,490 - httpx - INFO - HTTP Request: POST https://api.telegram.org/bot7093436536:AAEvjyOBDmUYkoOkO2zxZnzplRy8Thhz0Ps/getUpdates "HTTP/1.1 200 OK"
2025-05-23 18:59:49,581 - httpx - INFO - HTTP Request: POST https://api.telegram.org/bot7093436536:AAEvjyOBDmUYkoOkO2zxZnzplRy8Thhz0Ps/getUpdates "HTTP/1.1 200 OK"
2025-05-23 18:59:59,671 - httpx - INFO - HTTP Request: POST https://api.telegram.org/bot7093436536:AAEvjyOBDmUYkoOkO2zxZnzplRy8Thhz0Ps/getUpdates "HTTP/1.1 200 OK"
2025-05-23 19:00:09,761 - httpx - INFO - HTTP Request: POST https://api.telegram.org/bot7093436536:AAEvjyOBDmUYkoOkO2zxZnzplRy8Thhz0Ps/getUpdates "HTTP/1.1 200 OK"
2025-05-23 19:00:19,850 - httpx - INFO - HTTP Request: POST https://api.telegram.org/bot7093436536:AAEvjyOBDmUYkoOkO2zxZnzplRy8Thhz0Ps/getUpdates "HTTP/1.1 200 OK"
2025-05-23 19:00:29,938 - httpx - INFO - HTTP Request: POST https://api.telegram.org/bot7093436536:AAEvjyOBDmUYkoOkO2zxZnzplRy8Thhz0Ps/getUpdates "HTTP/1.1 200 OK"
2025-05-23 19:00:40,027 - httpx - INFO - HTTP Request: POST https://api.telegram.org/bot7093436536:AAEvjyOBDmUYkoOkO2zxZnzplRy8Thhz0Ps/getUpdates "HTTP/1.1 200 OK"
2025-05-23 19:00:50,116 - httpx - INFO - HTTP Request: POST https://api.telegram.org/bot7093436536:AAEvjyOBDmUYkoOkO2zxZnzplRy8Thhz0Ps/getUpdates "HTTP/1.1 200 OK"
2025-05-23 19:01:00,206 - httpx - INFO - HTTP Request: POST https://api.telegram.org/bot7093436536:AAEvjyOBDmUYkoOkO2zxZnzplRy8Thhz0Ps/getUpdates "HTTP/1.1 200 OK"
2025-05-23 19:01:10,311 - httpx - INFO - HTTP Request: POST https://api.telegram.org/bot7093436536:AAEvjyOBDmUYkoOkO2zxZnzplRy8Thhz0Ps/getUpdates "HTTP/1.1 200 OK"
2025-05-23 19:01:20,400 - httpx - INFO - HTTP Request: POST https://api.telegram.org/bot7093436536:AAEvjyOBDmUYkoOkO2zxZnzplRy8Thhz0Ps/getUpdates "HTTP/1.1 200 OK"
2025-05-23 19:01:30,489 - httpx - INFO - HTTP Request: POST https://api.telegram.org/bot7093436536:AAEvjyOBDmUYkoOkO2zxZnzplRy8Thhz0Ps/getUpdates "HTTP/1.1 200 OK"
2025-05-23 19:01:40,587 - httpx - INFO - HTTP Request: POST https://api.telegram.org/bot7093436536:AAEvjyOBDmUYkoOkO2zxZnzplRy8Thhz0Ps/getUpdates "HTTP/1.1 200 OK"
2025-05-23 19:01:50,675 - httpx - INFO - HTTP Request: POST https://api.telegram.org/bot7093436536:AAEvjyOBDmUYkoOkO2zxZnzplRy8Thhz0Ps/getUpdates "HTTP/1.1 200 OK"
2025-05-23 19:02:00,762 - httpx - INFO - HTTP Request: POST https://api.telegram.org/bot7093436536:AAEvjyOBDmUYkoOkO2zxZnzplRy8Thhz0Ps/getUpdates "HTTP/1.1 200 OK"
2025-05-23 19:02:10,855 - httpx - INFO - HTTP Request: POST https://api.telegram.org/bot7093436536:AAEvjyOBDmUYkoOkO2zxZnzplRy8Thhz0Ps/getUpdates "HTTP/1.1 200 OK"
2025-05-23 19:02:20,942 - httpx - INFO - HTTP Request: POST https://api.telegram.org/bot7093436536:AAEvjyOBDmUYkoOkO2zxZnzplRy8Thhz0Ps/getUpdates "HTTP/1.1 200 OK"
2025-05-23 19:02:31,039 - httpx - INFO - HTTP Request: POST https://api.telegram.org/bot7093436536:AAEvjyOBDmUYkoOkO2zxZnzplRy8Thhz0Ps/getUpdates "HTTP/1.1 200 OK"
2025-05-23 19:02:41,130 - httpx - INFO - HTTP Request: POST https://api.telegram.org/bot7093436536:AAEvjyOBDmUYkoOkO2zxZnzplRy8Thhz0Ps/getUpdates "HTTP/1.1 200 OK"
2025-05-23 19:02:51,224 - httpx - INFO - HTTP Request: POST https://api.telegram.org/bot7093436536:AAEvjyOBDmUYkoOkO2zxZnzplRy8Thhz0Ps/getUpdates "HTTP/1.1 200 OK"
2025-05-23 19:03:01,312 - httpx - INFO - HTTP Request: POST https://api.telegram.org/bot7093436536:AAEvjyOBDmUYkoOkO2zxZnzplRy8Thhz0Ps/getUpdates "HTTP/1.1 200 OK"
2025-05-23 19:03:11,401 - httpx - INFO - HTTP Request: POST https://api.telegram.org/bot7093436536:AAEvjyOBDmUYkoOkO2zxZnzplRy8Thhz0Ps/getUpdates "HTTP/1.1 200 OK"
2025-05-23 19:03:21,490 - httpx - INFO - HTTP Request: POST https://api.telegram.org/bot7093436536:AAEvjyOBDmUYkoOkO2zxZnzplRy8Thhz0Ps/getUpdates "HTTP/1.1 200 OK"
2025-05-23 19:03:31,577 - httpx - INFO - HTTP Request: POST https://api.telegram.org/bot7093436536:AAEvjyOBDmUYkoOkO2zxZnzplRy8Thhz0Ps/getUpdates "HTTP/1.1 200 OK"
2025-05-23 19:03:41,668 - httpx - INFO - HTTP Request: POST https://api.telegram.org/bot7093436536:AAEvjyOBDmUYkoOkO2zxZnzplRy8Thhz0Ps/getUpdates "HTTP/1.1 200 OK"
2025-05-23 19:03:51,758 - httpx - INFO - HTTP Request: POST https://api.telegram.org/bot7093436536:AAEvjyOBDmUYkoOkO2zxZnzplRy8Thhz0Ps/getUpdates "HTTP/1.1 200 OK"
2025-05-23 19:04:01,868 - httpx - INFO - HTTP Request: POST https://api.telegram.org/bot7093436536:AAEvjyOBDmUYkoOkO2zxZnzplRy8Thhz0Ps/getUpdates "HTTP/1.1 200 OK"
2025-05-23 19:04:11,958 - httpx - INFO - HTTP Request: POST https://api.telegram.org/bot7093436536:AAEvjyOBDmUYkoOkO2zxZnzplRy8Thhz0Ps/getUpdates "HTTP/1.1 200 OK"
2025-05-23 19:04:22,046 - httpx - INFO - HTTP Request: POST https://api.telegram.org/bot7093436536:AAEvjyOBDmUYkoOkO2zxZnzplRy8Thhz0Ps/getUpdates "HTTP/1.1 200 OK"
2025-05-23 19:04:32,134 - httpx - INFO - HTTP Request: POST https://api.telegram.org/bot7093436536:AAEvjyOBDmUYkoOkO2zxZnzplRy8Thhz0Ps/getUpdates "HTTP/1.1 200 OK"
2025-05-23 19:04:42,225 - httpx - INFO - HTTP Request: POST https://api.telegram.org/bot7093436536:AAEvjyOBDmUYkoOkO2zxZnzplRy8Thhz0Ps/getUpdates "HTTP/1.1 200 OK"
2025-05-23 19:04:52,314 - httpx - INFO - HTTP Request: POST https://api.telegram.org/bot7093436536:AAEvjyOBDmUYkoOkO2zxZnzplRy8Thhz0Ps/getUpdates "HTTP/1.1 200 OK"
2025-05-23 19:05:02,405 - httpx - INFO - HTTP Request: POST https://api.telegram.org/bot7093436536:AAEvjyOBDmUYkoOkO2zxZnzplRy8Thhz0Ps/getUpdates "HTTP/1.1 200 OK"
2025-05-23 19:05:12,499 - httpx - INFO - HTTP Request: POST https://api.telegram.org/bot7093436536:AAEvjyOBDmUYkoOkO2zxZnzplRy8Thhz0Ps/getUpdates "HTTP/1.1 200 OK"
2025-05-23 19:05:22,593 - httpx - INFO - HTTP Request: POST https://api.telegram.org/bot7093436536:AAEvjyOBDmUYkoOkO2zxZnzplRy8Thhz0Ps/getUpdates "HTTP/1.1 200 OK"
2025-05-23 19:05:32,685 - httpx - INFO - HTTP Request: POST https://api.telegram.org/bot7093436536:AAEvjyOBDmUYkoOkO2zxZnzplRy8Thhz0Ps/getUpdates "HTTP/1.1 200 OK"
2025-05-23 19:05:42,774 - httpx - INFO - HTTP Request: POST https://api.telegram.org/bot7093436536:AAEvjyOBDmUYkoOkO2zxZnzplRy8Thhz0Ps/getUpdates "HTTP/1.1 200 OK"
2025-05-23 19:05:52,862 - httpx - INFO - HTTP Request: POST https://api.telegram.org/bot7093436536:AAEvjyOBDmUYkoOkO2zxZnzplRy8Thhz0Ps/getUpdates "HTTP/1.1 200 OK"
2025-05-23 19:06:02,949 - httpx - INFO - HTTP Request: POST https://api.telegram.org/bot7093436536:AAEvjyOBDmUYkoOkO2zxZnzplRy8Thhz0Ps/getUpdates "HTTP/1.1 200 OK"
2025-05-23 19:06:13,038 - httpx - INFO - HTTP Request: POST https://api.telegram.org/bot7093436536:AAEvjyOBDmUYkoOkO2zxZnzplRy8Thhz0Ps/getUpdates "HTTP/1.1 200 OK"
2025-05-23 19:06:23,133 - httpx - INFO - HTTP Request: POST https://api.telegram.org/bot7093436536:AAEvjyOBDmUYkoOkO2zxZnzplRy8Thhz0Ps/getUpdates "HTTP/1.1 200 OK"
2025-05-23 19:06:33,220 - httpx - INFO - HTTP Request: POST https://api.telegram.org/bot7093436536:AAEvjyOBDmUYkoOkO2zxZnzplRy8Thhz0Ps/getUpdates "HTTP/1.1 200 OK"
2025-05-23 19:06:43,311 - httpx - INFO - HTTP Request: POST https://api.telegram.org/bot7093436536:AAEvjyOBDmUYkoOkO2zxZnzplRy8Thhz0Ps/getUpdates "HTTP/1.1 200 OK"
2025-05-23 19:06:53,403 - httpx - INFO - HTTP Request: POST https://api.telegram.org/bot7093436536:AAEvjyOBDmUYkoOkO2zxZnzplRy8Thhz0Ps/getUpdates "HTTP/1.1 200 OK"
2025-05-23 19:07:03,497 - httpx - INFO - HTTP Request: POST https://api.telegram.org/bot7093436536:AAEvjyOBDmUYkoOkO2zxZnzplRy8Thhz0Ps/getUpdates "HTTP/1.1 200 OK"
2025-05-23 19:07:13,592 - httpx - INFO - HTTP Request: POST https://api.telegram.org/bot7093436536:AAEvjyOBDmUYkoOkO2zxZnzplRy8Thhz0Ps/getUpdates "HTTP/1.1 200 OK"
2025-05-23 19:07:23,681 - httpx - INFO - HTTP Request: POST https://api.telegram.org/bot7093436536:AAEvjyOBDmUYkoOkO2zxZnzplRy8Thhz0Ps/getUpdates "HTTP/1.1 200 OK"
2025-05-23 19:07:33,775 - httpx - INFO - HTTP Request: POST https://api.telegram.org/bot7093436536:AAEvjyOBDmUYkoOkO2zxZnzplRy8Thhz0Ps/getUpdates "HTTP/1.1 200 OK"
2025-05-23 19:07:43,867 - httpx - INFO - HTTP Request: POST https://api.telegram.org/bot7093436536:AAEvjyOBDmUYkoOkO2zxZnzplRy8Thhz0Ps/getUpdates "HTTP/1.1 200 OK"
2025-05-23 19:07:53,958 - httpx - INFO - HTTP Request: POST https://api.telegram.org/bot7093436536:AAEvjyOBDmUYkoOkO2zxZnzplRy8Thhz0Ps/getUpdates "HTTP/1.1 200 OK"
2025-05-23 19:08:04,049 - httpx - INFO - HTTP Request: POST https://api.telegram.org/bot7093436536:AAEvjyOBDmUYkoOkO2zxZnzplRy8Thhz0Ps/getUpdates "HTTP/1.1 200 OK"
2025-05-23 19:08:14,139 - httpx - INFO - HTTP Request: POST https://api.telegram.org/bot7093436536:AAEvjyOBDmUYkoOkO2zxZnzplRy8Thhz0Ps/getUpdates "HTTP/1.1 200 OK"
2025-05-23 19:08:24,236 - httpx - INFO - HTTP Request: POST https://api.telegram.org/bot7093436536:AAEvjyOBDmUYkoOkO2zxZnzplRy8Thhz0Ps/getUpdates "HTTP/1.1 200 OK"
2025-05-23 19:08:34,327 - httpx - INFO - HTTP Request: POST https://api.telegram.org/bot7093436536:AAEvjyOBDmUYkoOkO2zxZnzplRy8Thhz0Ps/getUpdates "HTTP/1.1 200 OK"
2025-05-23 19:08:44,414 - httpx - INFO - HTTP Request: POST https://api.telegram.org/bot7093436536:AAEvjyOBDmUYkoOkO2zxZnzplRy8Thhz0Ps/getUpdates "HTTP/1.1 200 OK"
2025-05-23 19:08:54,504 - httpx - INFO - HTTP Request: POST https://api.telegram.org/bot7093436536:AAEvjyOBDmUYkoOkO2zxZnzplRy8Thhz0Ps/getUpdates "HTTP/1.1 200 OK"
2025-05-23 19:09:04,595 - httpx - INFO - HTTP Request: POST https://api.telegram.org/bot7093436536:AAEvjyOBDmUYkoOkO2zxZnzplRy8Thhz0Ps/getUpdates "HTTP/1.1 200 OK"
2025-05-23 19:09:14,684 - httpx - INFO - HTTP Request: POST https://api.telegram.org/bot7093436536:AAEvjyOBDmUYkoOkO2zxZnzplRy8Thhz0Ps/getUpdates "HTTP/1.1 200 OK"
2025-05-23 19:09:24,771 - httpx - INFO - HTTP Request: POST https://api.telegram.org/bot7093436536:AAEvjyOBDmUYkoOkO2zxZnzplRy8Thhz0Ps/getUpdates "HTTP/1.1 200 OK"
2025-05-23 19:09:34,863 - httpx - INFO - HTTP Request: POST https://api.telegram.org/bot7093436536:AAEvjyOBDmUYkoOkO2zxZnzplRy8Thhz0Ps/getUpdates "HTTP/1.1 200 OK"
2025-05-23 19:09:44,955 - httpx - INFO - HTTP Request: POST https://api.telegram.org/bot7093436536:AAEvjyOBDmUYkoOkO2zxZnzplRy8Thhz0Ps/getUpdates "HTTP/1.1 200 OK"
2025-05-23 19:09:55,049 - httpx - INFO - HTTP Request: POST https://api.telegram.org/bot7093436536:AAEvjyOBDmUYkoOkO2zxZnzplRy8Thhz0Ps/getUpdates "HTTP/1.1 200 OK"
2025-05-23 19:10:05,143 - httpx - INFO - HTTP Request: POST https://api.telegram.org/bot7093436536:AAEvjyOBDmUYkoOkO2zxZnzplRy8Thhz0Ps/getUpdates "HTTP/1.1 200 OK"
2025-05-23 19:10:15,240 - httpx - INFO - HTTP Request: POST https://api.telegram.org/bot7093436536:AAEvjyOBDmUYkoOkO2zxZnzplRy8Thhz0Ps/getUpdates "HTTP/1.1 200 OK"
2025-05-23 19:10:25,342 - httpx - INFO - HTTP Request: POST https://api.telegram.org/bot7093436536:AAEvjyOBDmUYkoOkO2zxZnzplRy8Thhz0Ps/getUpdates "HTTP/1.1 200 OK"
2025-05-23 19:10:35,433 - httpx - INFO - HTTP Request: POST https://api.telegram.org/bot7093436536:AAEvjyOBDmUYkoOkO2zxZnzplRy8Thhz0Ps/getUpdates "HTTP/1.1 200 OK"
2025-05-23 19:10:45,522 - httpx - INFO - HTTP Request: POST https://api.telegram.org/bot7093436536:AAEvjyOBDmUYkoOkO2zxZnzplRy8Thhz0Ps/getUpdates "HTTP/1.1 200 OK"
2025-05-23 19:10:55,610 - httpx - INFO - HTTP Request: POST https://api.telegram.org/bot7093436536:AAEvjyOBDmUYkoOkO2zxZnzplRy8Thhz0Ps/getUpdates "HTTP/1.1 200 OK"
2025-05-23 19:11:05,702 - httpx - INFO - HTTP Request: POST https://api.telegram.org/bot7093436536:AAEvjyOBDmUYkoOkO2zxZnzplRy8Thhz0Ps/getUpdates "HTTP/1.1 200 OK"
2025-05-23 19:11:15,793 - httpx - INFO - HTTP Request: POST https://api.telegram.org/bot7093436536:AAEvjyOBDmUYkoOkO2zxZnzplRy8Thhz0Ps/getUpdates "HTTP/1.1 200 OK"
2025-05-23 19:11:25,887 - httpx - INFO - HTTP Request: POST https://api.telegram.org/bot7093436536:AAEvjyOBDmUYkoOkO2zxZnzplRy8Thhz0Ps/getUpdates "HTTP/1.1 200 OK"
2025-05-23 19:11:35,975 - httpx - INFO - HTTP Request: POST https://api.telegram.org/bot7093436536:AAEvjyOBDmUYkoOkO2zxZnzplRy8Thhz0Ps/getUpdates "HTTP/1.1 200 OK"
2025-05-23 19:11:46,064 - httpx - INFO - HTTP Request: POST https://api.telegram.org/bot7093436536:AAEvjyOBDmUYkoOkO2zxZnzplRy8Thhz0Ps/getUpdates "HTTP/1.1 200 OK"
2025-05-23 19:11:56,154 - httpx - INFO - HTTP Request: POST https://api.telegram.org/bot7093436536:AAEvjyOBDmUYkoOkO2zxZnzplRy8Thhz0Ps/getUpdates "HTTP/1.1 200 OK"
2025-05-23 19:12:06,242 - httpx - INFO - HTTP Request: POST https://api.telegram.org/bot7093436536:AAEvjyOBDmUYkoOkO2zxZnzplRy8Thhz0Ps/getUpdates "HTTP/1.1 200 OK"
2025-05-23 19:12:16,334 - httpx - INFO - HTTP Request: POST https://api.telegram.org/bot7093436536:AAEvjyOBDmUYkoOkO2zxZnzplRy8Thhz0Ps/getUpdates "HTTP/1.1 200 OK"
2025-05-23 19:12:26,427 - httpx - INFO - HTTP Request: POST https://api.telegram.org/bot7093436536:AAEvjyOBDmUYkoOkO2zxZnzplRy8Thhz0Ps/getUpdates "HTTP/1.1 200 OK"
2025-05-23 19:12:36,516 - httpx - INFO - HTTP Request: POST https://api.telegram.org/bot7093436536:AAEvjyOBDmUYkoOkO2zxZnzplRy8Thhz0Ps/getUpdates "HTTP/1.1 200 OK"
2025-05-23 19:12:46,609 - httpx - INFO - HTTP Request: POST https://api.telegram.org/bot7093436536:AAEvjyOBDmUYkoOkO2zxZnzplRy8Thhz0Ps/getUpdates "HTTP/1.1 200 OK"
2025-05-23 19:12:56,703 - httpx - INFO - HTTP Request: POST https://api.telegram.org/bot7093436536:AAEvjyOBDmUYkoOkO2zxZnzplRy8Thhz0Ps/getUpdates "HTTP/1.1 200 OK"
2025-05-23 19:13:06,791 - httpx - INFO - HTTP Request: POST https://api.telegram.org/bot7093436536:AAEvjyOBDmUYkoOkO2zxZnzplRy8Thhz0Ps/getUpdates "HTTP/1.1 200 OK"
2025-05-23 19:13:16,884 - httpx - INFO - HTTP Request: POST https://api.telegram.org/bot7093436536:AAEvjyOBDmUYkoOkO2zxZnzplRy8Thhz0Ps/getUpdates "HTTP/1.1 200 OK"
2025-05-23 19:13:26,974 - httpx - INFO - HTTP Request: POST https://api.telegram.org/bot7093436536:AAEvjyOBDmUYkoOkO2zxZnzplRy8Thhz0Ps/getUpdates "HTTP/1.1 200 OK"
2025-05-23 19:13:37,072 - httpx - INFO - HTTP Request: POST https://api.telegram.org/bot7093436536:AAEvjyOBDmUYkoOkO2zxZnzplRy8Thhz0Ps/getUpdates "HTTP/1.1 200 OK"
2025-05-23 19:13:47,326 - httpx - INFO - HTTP Request: POST https://api.telegram.org/bot7093436536:AAEvjyOBDmUYkoOkO2zxZnzplRy8Thhz0Ps/getUpdates "HTTP/1.1 200 OK"
2025-05-23 19:13:57,418 - httpx - INFO - HTTP Request: POST https://api.telegram.org/bot7093436536:AAEvjyOBDmUYkoOkO2zxZnzplRy8Thhz0Ps/getUpdates "HTTP/1.1 200 OK"
2025-05-23 19:14:07,511 - httpx - INFO - HTTP Request: POST https://api.telegram.org/bot7093436536:AAEvjyOBDmUYkoOkO2zxZnzplRy8Thhz0Ps/getUpdates "HTTP/1.1 200 OK"
2025-05-23 19:14:17,598 - httpx - INFO - HTTP Request: POST https://api.telegram.org/bot7093436536:AAEvjyOBDmUYkoOkO2zxZnzplRy8Thhz0Ps/getUpdates "HTTP/1.1 200 OK"
2025-05-23 19:14:27,694 - httpx - INFO - HTTP Request: POST https://api.telegram.org/bot7093436536:AAEvjyOBDmUYkoOkO2zxZnzplRy8Thhz0Ps/getUpdates "HTTP/1.1 200 OK"
2025-05-23 19:14:37,780 - httpx - INFO - HTTP Request: POST https://api.telegram.org/bot7093436536:AAEvjyOBDmUYkoOkO2zxZnzplRy8Thhz0Ps/getUpdates "HTTP/1.1 200 OK"
2025-05-23 19:14:47,863 - httpx - INFO - HTTP Request: POST https://api.telegram.org/bot7093436536:AAEvjyOBDmUYkoOkO2zxZnzplRy8Thhz0Ps/getUpdates "HTTP/1.1 200 OK"
2025-05-23 19:14:57,952 - httpx - INFO - HTTP Request: POST https://api.telegram.org/bot7093436536:AAEvjyOBDmUYkoOkO2zxZnzplRy8Thhz0Ps/getUpdates "HTTP/1.1 200 OK"
2025-05-23 19:15:08,043 - httpx - INFO - HTTP Request: POST https://api.telegram.org/bot7093436536:AAEvjyOBDmUYkoOkO2zxZnzplRy8Thhz0Ps/getUpdates "HTTP/1.1 200 OK"
2025-05-23 19:15:11,264 - httpx - INFO - HTTP Request: POST https://api.telegram.org/bot7093436536:AAEvjyOBDmUYkoOkO2zxZnzplRy8Thhz0Ps/getUpdates "HTTP/1.1 200 OK"
2025-05-23 19:15:11,724 - httpx - INFO - HTTP Request: POST https://api.telegram.org/bot7093436536:AAEvjyOBDmUYkoOkO2zxZnzplRy8Thhz0Ps/sendMessage "HTTP/1.1 200 OK"
2025-05-23 19:15:21,524 - httpx - INFO - HTTP Request: POST https://api.telegram.org/bot7093436536:AAEvjyOBDmUYkoOkO2zxZnzplRy8Thhz0Ps/getUpdates "HTTP/1.1 200 OK"
2025-05-23 19:15:31,608 - httpx - INFO - HTTP Request: POST https://api.telegram.org/bot7093436536:AAEvjyOBDmUYkoOkO2zxZnzplRy8Thhz0Ps/getUpdates "HTTP/1.1 200 OK"
2025-05-23 19:15:41,692 - httpx - INFO - HTTP Request: POST https://api.telegram.org/bot7093436536:AAEvjyOBDmUYkoOkO2zxZnzplRy8Thhz0Ps/getUpdates "HTTP/1.1 200 OK"
2025-05-23 19:15:51,776 - httpx - INFO - HTTP Request: POST https://api.telegram.org/bot7093436536:AAEvjyOBDmUYkoOkO2zxZnzplRy8Thhz0Ps/getUpdates "HTTP/1.1 200 OK"
2025-05-23 19:16:01,862 - httpx - INFO - HTTP Request: POST https://api.telegram.org/bot7093436536:AAEvjyOBDmUYkoOkO2zxZnzplRy8Thhz0Ps/getUpdates "HTTP/1.1 200 OK"
2025-05-23 19:16:11,947 - httpx - INFO - HTTP Request: POST https://api.telegram.org/bot7093436536:AAEvjyOBDmUYkoOkO2zxZnzplRy8Thhz0Ps/getUpdates "HTTP/1.1 200 OK"
2025-05-23 19:16:22,033 - httpx - INFO - HTTP Request: POST https://api.telegram.org/bot7093436536:AAEvjyOBDmUYkoOkO2zxZnzplRy8Thhz0Ps/getUpdates "HTTP/1.1 200 OK"
2025-05-23 19:16:32,119 - httpx - INFO - HTTP Request: POST https://api.telegram.org/bot7093436536:AAEvjyOBDmUYkoOkO2zxZnzplRy8Thhz0Ps/getUpdates "HTTP/1.1 200 OK"
2025-05-23 19:16:42,203 - httpx - INFO - HTTP Request: POST https://api.telegram.org/bot7093436536:AAEvjyOBDmUYkoOkO2zxZnzplRy8Thhz0Ps/getUpdates "HTTP/1.1 200 OK"
2025-05-23 19:16:52,290 - httpx - INFO - HTTP Request: POST https://api.telegram.org/bot7093436536:AAEvjyOBDmUYkoOkO2zxZnzplRy8Thhz0Ps/getUpdates "HTTP/1.1 200 OK"
2025-05-23 19:17:02,373 - httpx - INFO - HTTP Request: POST https://api.telegram.org/bot7093436536:AAEvjyOBDmUYkoOkO2zxZnzplRy8Thhz0Ps/getUpdates "HTTP/1.1 200 OK"
2025-05-23 19:17:12,462 - httpx - INFO - HTTP Request: POST https://api.telegram.org/bot7093436536:AAEvjyOBDmUYkoOkO2zxZnzplRy8Thhz0Ps/getUpdates "HTTP/1.1 200 OK"
2025-05-23 19:17:22,548 - httpx - INFO - HTTP Request: POST https://api.telegram.org/bot7093436536:AAEvjyOBDmUYkoOkO2zxZnzplRy8Thhz0Ps/getUpdates "HTTP/1.1 200 OK"
2025-05-23 19:17:32,636 - httpx - INFO - HTTP Request: POST https://api.telegram.org/bot7093436536:AAEvjyOBDmUYkoOkO2zxZnzplRy8Thhz0Ps/getUpdates "HTTP/1.1 200 OK"
2025-05-23 19:17:42,721 - httpx - INFO - HTTP Request: POST https://api.telegram.org/bot7093436536:AAEvjyOBDmUYkoOkO2zxZnzplRy8Thhz0Ps/getUpdates "HTTP/1.1 200 OK"
2025-05-23 19:17:47,773 - httpx - INFO - HTTP Request: POST https://api.telegram.org/bot7093436536:AAEvjyOBDmUYkoOkO2zxZnzplRy8Thhz0Ps/getUpdates "HTTP/1.1 200 OK"
2025-05-23 19:17:54,843 - httpx - INFO - HTTP Request: POST https://api.telegram.org/bot7093436536:AAEvjyOBDmUYkoOkO2zxZnzplRy8Thhz0Ps/getUpdates "HTTP/1.1 200 OK"
2025-05-23 19:17:55,313 - httpx - INFO - HTTP Request: POST https://api.telegram.org/bot7093436536:AAEvjyOBDmUYkoOkO2zxZnzplRy8Thhz0Ps/sendMessage "HTTP/1.1 200 OK"
2025-05-23 19:18:05,090 - httpx - INFO - HTTP Request: POST https://api.telegram.org/bot7093436536:AAEvjyOBDmUYkoOkO2zxZnzplRy8Thhz0Ps/getUpdates "HTTP/1.1 200 OK"
2025-05-23 19:18:15,178 - httpx - INFO - HTTP Request: POST https://api.telegram.org/bot7093436536:AAEvjyOBDmUYkoOkO2zxZnzplRy8Thhz0Ps/getUpdates "HTTP/1.1 200 OK"
2025-05-23 19:18:25,266 - httpx - INFO - HTTP Request: POST https://api.telegram.org/bot7093436536:AAEvjyOBDmUYkoOkO2zxZnzplRy8Thhz0Ps/getUpdates "HTTP/1.1 200 OK"
2025-05-23 19:18:35,355 - httpx - INFO - HTTP Request: POST https://api.telegram.org/bot7093436536:AAEvjyOBDmUYkoOkO2zxZnzplRy8Thhz0Ps/getUpdates "HTTP/1.1 200 OK"
2025-05-23 19:18:45,442 - httpx - INFO - HTTP Request: POST https://api.telegram.org/bot7093436536:AAEvjyOBDmUYkoOkO2zxZnzplRy8Thhz0Ps/getUpdates "HTTP/1.1 200 OK"
2025-05-23 19:18:55,527 - httpx - INFO - HTTP Request: POST https://api.telegram.org/bot7093436536:AAEvjyOBDmUYkoOkO2zxZnzplRy8Thhz0Ps/getUpdates "HTTP/1.1 200 OK"
2025-05-23 19:19:05,614 - httpx - INFO - HTTP Request: POST https://api.telegram.org/bot7093436536:AAEvjyOBDmUYkoOkO2zxZnzplRy8Thhz0Ps/getUpdates "HTTP/1.1 200 OK"
2025-05-23 19:19:15,707 - httpx - INFO - HTTP Request: POST https://api.telegram.org/bot7093436536:AAEvjyOBDmUYkoOkO2zxZnzplRy8Thhz0Ps/getUpdates "HTTP/1.1 200 OK"
2025-05-23 19:19:25,791 - httpx - INFO - HTTP Request: POST https://api.telegram.org/bot7093436536:AAEvjyOBDmUYkoOkO2zxZnzplRy8Thhz0Ps/getUpdates "HTTP/1.1 200 OK"
2025-05-23 19:19:35,877 - httpx - INFO - HTTP Request: POST https://api.telegram.org/bot7093436536:AAEvjyOBDmUYkoOkO2zxZnzplRy8Thhz0Ps/getUpdates "HTTP/1.1 200 OK"
2025-05-23 19:19:45,964 - httpx - INFO - HTTP Request: POST https://api.telegram.org/bot7093436536:AAEvjyOBDmUYkoOkO2zxZnzplRy8Thhz0Ps/getUpdates "HTTP/1.1 200 OK"
2025-05-23 19:19:56,050 - httpx - INFO - HTTP Request: POST https://api.telegram.org/bot7093436536:AAEvjyOBDmUYkoOkO2zxZnzplRy8Thhz0Ps/getUpdates "HTTP/1.1 200 OK"
2025-05-23 19:20:06,139 - httpx - INFO - HTTP Request: POST https://api.telegram.org/bot7093436536:AAEvjyOBDmUYkoOkO2zxZnzplRy8Thhz0Ps/getUpdates "HTTP/1.1 200 OK"
2025-05-23 19:20:16,229 - httpx - INFO - HTTP Request: POST https://api.telegram.org/bot7093436536:AAEvjyOBDmUYkoOkO2zxZnzplRy8Thhz0Ps/getUpdates "HTTP/1.1 200 OK"
2025-05-23 19:20:26,315 - httpx - INFO - HTTP Request: POST https://api.telegram.org/bot7093436536:AAEvjyOBDmUYkoOkO2zxZnzplRy8Thhz0Ps/getUpdates "HTTP/1.1 200 OK"
2025-05-23 19:20:36,399 - httpx - INFO - HTTP Request: POST https://api.telegram.org/bot7093436536:AAEvjyOBDmUYkoOkO2zxZnzplRy8Thhz0Ps/getUpdates "HTTP/1.1 200 OK"
2025-05-23 19:20:46,483 - httpx - INFO - HTTP Request: POST https://api.telegram.org/bot7093436536:AAEvjyOBDmUYkoOkO2zxZnzplRy8Thhz0Ps/getUpdates "HTTP/1.1 200 OK"
2025-05-23 19:20:56,569 - httpx - INFO - HTTP Request: POST https://api.telegram.org/bot7093436536:AAEvjyOBDmUYkoOkO2zxZnzplRy8Thhz0Ps/getUpdates "HTTP/1.1 200 OK"
2025-05-23 19:21:06,657 - httpx - INFO - HTTP Request: POST https://api.telegram.org/bot7093436536:AAEvjyOBDmUYkoOkO2zxZnzplRy8Thhz0Ps/getUpdates "HTTP/1.1 200 OK"
2025-05-23 19:21:16,744 - httpx - INFO - HTTP Request: POST https://api.telegram.org/bot7093436536:AAEvjyOBDmUYkoOkO2zxZnzplRy8Thhz0Ps/getUpdates "HTTP/1.1 200 OK"
2025-05-23 19:21:26,834 - httpx - INFO - HTTP Request: POST https://api.telegram.org/bot7093436536:AAEvjyOBDmUYkoOkO2zxZnzplRy8Thhz0Ps/getUpdates "HTTP/1.1 200 OK"
2025-05-23 19:21:36,918 - httpx - INFO - HTTP Request: POST https://api.telegram.org/bot7093436536:AAEvjyOBDmUYkoOkO2zxZnzplRy8Thhz0Ps/getUpdates "HTTP/1.1 200 OK"
2025-05-23 19:21:47,003 - httpx - INFO - HTTP Request: POST https://api.telegram.org/bot7093436536:AAEvjyOBDmUYkoOkO2zxZnzplRy8Thhz0Ps/getUpdates "HTTP/1.1 200 OK"
2025-05-23 19:21:57,092 - httpx - INFO - HTTP Request: POST https://api.telegram.org/bot7093436536:AAEvjyOBDmUYkoOkO2zxZnzplRy8Thhz0Ps/getUpdates "HTTP/1.1 200 OK"
2025-05-23 19:22:07,181 - httpx - INFO - HTTP Request: POST https://api.telegram.org/bot7093436536:AAEvjyOBDmUYkoOkO2zxZnzplRy8Thhz0Ps/getUpdates "HTTP/1.1 200 OK"
2025-05-23 19:22:17,272 - httpx - INFO - HTTP Request: POST https://api.telegram.org/bot7093436536:AAEvjyOBDmUYkoOkO2zxZnzplRy8Thhz0Ps/getUpdates "HTTP/1.1 200 OK"
2025-05-23 19:22:27,363 - httpx - INFO - HTTP Request: POST https://api.telegram.org/bot7093436536:AAEvjyOBDmUYkoOkO2zxZnzplRy8Thhz0Ps/getUpdates "HTTP/1.1 200 OK"
2025-05-23 19:22:37,450 - httpx - INFO - HTTP Request: POST https://api.telegram.org/bot7093436536:AAEvjyOBDmUYkoOkO2zxZnzplRy8Thhz0Ps/getUpdates "HTTP/1.1 200 OK"
2025-05-23 19:22:47,537 - httpx - INFO - HTTP Request: POST https://api.telegram.org/bot7093436536:AAEvjyOBDmUYkoOkO2zxZnzplRy8Thhz0Ps/getUpdates "HTTP/1.1 200 OK"
2025-05-23 19:22:57,625 - httpx - INFO - HTTP Request: POST https://api.telegram.org/bot7093436536:AAEvjyOBDmUYkoOkO2zxZnzplRy8Thhz0Ps/getUpdates "HTTP/1.1 200 OK"
2025-05-23 19:23:07,710 - httpx - INFO - HTTP Request: POST https://api.telegram.org/bot7093436536:AAEvjyOBDmUYkoOkO2zxZnzplRy8Thhz0Ps/getUpdates "HTTP/1.1 200 OK"
2025-05-23 19:23:17,795 - httpx - INFO - HTTP Request: POST https://api.telegram.org/bot7093436536:AAEvjyOBDmUYkoOkO2zxZnzplRy8Thhz0Ps/getUpdates "HTTP/1.1 200 OK"
2025-05-23 19:23:27,927 - httpx - INFO - HTTP Request: POST https://api.telegram.org/bot7093436536:AAEvjyOBDmUYkoOkO2zxZnzplRy8Thhz0Ps/getUpdates "HTTP/1.1 200 OK"
2025-05-23 19:23:38,015 - httpx - INFO - HTTP Request: POST https://api.telegram.org/bot7093436536:AAEvjyOBDmUYkoOkO2zxZnzplRy8Thhz0Ps/getUpdates "HTTP/1.1 200 OK"
2025-05-23 19:23:48,099 - httpx - INFO - HTTP Request: POST https://api.telegram.org/bot7093436536:AAEvjyOBDmUYkoOkO2zxZnzplRy8Thhz0Ps/getUpdates "HTTP/1.1 200 OK"
2025-05-23 19:23:58,187 - httpx - INFO - HTTP Request: POST https://api.telegram.org/bot7093436536:AAEvjyOBDmUYkoOkO2zxZnzplRy8Thhz0Ps/getUpdates "HTTP/1.1 200 OK"
2025-05-23 19:24:08,275 - httpx - INFO - HTTP Request: POST https://api.telegram.org/bot7093436536:AAEvjyOBDmUYkoOkO2zxZnzplRy8Thhz0Ps/getUpdates "HTTP/1.1 200 OK"
2025-05-23 19:24:18,376 - httpx - INFO - HTTP Request: POST https://api.telegram.org/bot7093436536:AAEvjyOBDmUYkoOkO2zxZnzplRy8Thhz0Ps/getUpdates "HTTP/1.1 200 OK"
2025-05-23 19:24:28,461 - httpx - INFO - HTTP Request: POST https://api.telegram.org/bot7093436536:AAEvjyOBDmUYkoOkO2zxZnzplRy8Thhz0Ps/getUpdates "HTTP/1.1 200 OK"
2025-05-23 19:24:38,548 - httpx - INFO - HTTP Request: POST https://api.telegram.org/bot7093436536:AAEvjyOBDmUYkoOkO2zxZnzplRy8Thhz0Ps/getUpdates "HTTP/1.1 200 OK"
2025-05-23 19:24:48,638 - httpx - INFO - HTTP Request: POST https://api.telegram.org/bot7093436536:AAEvjyOBDmUYkoOkO2zxZnzplRy8Thhz0Ps/getUpdates "HTTP/1.1 200 OK"
2025-05-23 19:24:58,735 - httpx - INFO - HTTP Request: POST https://api.telegram.org/bot7093436536:AAEvjyOBDmUYkoOkO2zxZnzplRy8Thhz0Ps/getUpdates "HTTP/1.1 200 OK"
2025-05-23 19:25:08,822 - httpx - INFO - HTTP Request: POST https://api.telegram.org/bot7093436536:AAEvjyOBDmUYkoOkO2zxZnzplRy8Thhz0Ps/getUpdates "HTTP/1.1 200 OK"
2025-05-23 19:25:18,911 - httpx - INFO - HTTP Request: POST https://api.telegram.org/bot7093436536:AAEvjyOBDmUYkoOkO2zxZnzplRy8Thhz0Ps/getUpdates "HTTP/1.1 200 OK"
2025-05-23 19:25:28,995 - httpx - INFO - HTTP Request: POST https://api.telegram.org/bot7093436536:AAEvjyOBDmUYkoOkO2zxZnzplRy8Thhz0Ps/getUpdates "HTTP/1.1 200 OK"
2025-05-23 19:25:39,081 - httpx - INFO - HTTP Request: POST https://api.telegram.org/bot7093436536:AAEvjyOBDmUYkoOkO2zxZnzplRy8Thhz0Ps/getUpdates "HTTP/1.1 200 OK"
2025-05-23 19:25:49,165 - httpx - INFO - HTTP Request: POST https://api.telegram.org/bot7093436536:AAEvjyOBDmUYkoOkO2zxZnzplRy8Thhz0Ps/getUpdates "HTTP/1.1 200 OK"
2025-05-23 19:25:59,261 - httpx - INFO - HTTP Request: POST https://api.telegram.org/bot7093436536:AAEvjyOBDmUYkoOkO2zxZnzplRy8Thhz0Ps/getUpdates "HTTP/1.1 200 OK"
2025-05-23 19:26:09,354 - httpx - INFO - HTTP Request: POST https://api.telegram.org/bot7093436536:AAEvjyOBDmUYkoOkO2zxZnzplRy8Thhz0Ps/getUpdates "HTTP/1.1 200 OK"
2025-05-23 19:26:19,443 - httpx - INFO - HTTP Request: POST https://api.telegram.org/bot7093436536:AAEvjyOBDmUYkoOkO2zxZnzplRy8Thhz0Ps/getUpdates "HTTP/1.1 200 OK"
2025-05-23 19:26:29,530 - httpx - INFO - HTTP Request: POST https://api.telegram.org/bot7093436536:AAEvjyOBDmUYkoOkO2zxZnzplRy8Thhz0Ps/getUpdates "HTTP/1.1 200 OK"
2025-05-23 19:26:39,615 - httpx - INFO - HTTP Request: POST https://api.telegram.org/bot7093436536:AAEvjyOBDmUYkoOkO2zxZnzplRy8Thhz0Ps/getUpdates "HTTP/1.1 200 OK"
2025-05-23 19:26:49,702 - httpx - INFO - HTTP Request: POST https://api.telegram.org/bot7093436536:AAEvjyOBDmUYkoOkO2zxZnzplRy8Thhz0Ps/getUpdates "HTTP/1.1 200 OK"
2025-05-23 19:26:59,789 - httpx - INFO - HTTP Request: POST https://api.telegram.org/bot7093436536:AAEvjyOBDmUYkoOkO2zxZnzplRy8Thhz0Ps/getUpdates "HTTP/1.1 200 OK"
2025-05-23 19:27:09,879 - httpx - INFO - HTTP Request: POST https://api.telegram.org/bot7093436536:AAEvjyOBDmUYkoOkO2zxZnzplRy8Thhz0Ps/getUpdates "HTTP/1.1 200 OK"
2025-05-23 19:27:19,974 - httpx - INFO - HTTP Request: POST https://api.telegram.org/bot7093436536:AAEvjyOBDmUYkoOkO2zxZnzplRy8Thhz0Ps/getUpdates "HTTP/1.1 200 OK"
2025-05-23 19:27:30,059 - httpx - INFO - HTTP Request: POST https://api.telegram.org/bot7093436536:AAEvjyOBDmUYkoOkO2zxZnzplRy8Thhz0Ps/getUpdates "HTTP/1.1 200 OK"
2025-05-23 19:27:40,146 - httpx - INFO - HTTP Request: POST https://api.telegram.org/bot7093436536:AAEvjyOBDmUYkoOkO2zxZnzplRy8Thhz0Ps/getUpdates "HTTP/1.1 200 OK"
2025-05-23 19:27:50,254 - httpx - INFO - HTTP Request: POST https://api.telegram.org/bot7093436536:AAEvjyOBDmUYkoOkO2zxZnzplRy8Thhz0Ps/getUpdates "HTTP/1.1 200 OK"
2025-05-23 19:28:00,341 - httpx - INFO - HTTP Request: POST https://api.telegram.org/bot7093436536:AAEvjyOBDmUYkoOkO2zxZnzplRy8Thhz0Ps/getUpdates "HTTP/1.1 200 OK"
2025-05-23 19:28:10,427 - httpx - INFO - HTTP Request: POST https://api.telegram.org/bot7093436536:AAEvjyOBDmUYkoOkO2zxZnzplRy8Thhz0Ps/getUpdates "HTTP/1.1 200 OK"
2025-05-23 19:28:20,511 - httpx - INFO - HTTP Request: POST https://api.telegram.org/bot7093436536:AAEvjyOBDmUYkoOkO2zxZnzplRy8Thhz0Ps/getUpdates "HTTP/1.1 200 OK"
2025-05-23 19:28:30,596 - httpx - INFO - HTTP Request: POST https://api.telegram.org/bot7093436536:AAEvjyOBDmUYkoOkO2zxZnzplRy8Thhz0Ps/getUpdates "HTTP/1.1 200 OK"
2025-05-23 19:28:40,694 - httpx - INFO - HTTP Request: POST https://api.telegram.org/bot7093436536:AAEvjyOBDmUYkoOkO2zxZnzplRy8Thhz0Ps/getUpdates "HTTP/1.1 200 OK"
2025-05-23 19:28:50,782 - httpx - INFO - HTTP Request: POST https://api.telegram.org/bot7093436536:AAEvjyOBDmUYkoOkO2zxZnzplRy8Thhz0Ps/getUpdates "HTTP/1.1 200 OK"
2025-05-23 19:29:00,869 - httpx - INFO - HTTP Request: POST https://api.telegram.org/bot7093436536:AAEvjyOBDmUYkoOkO2zxZnzplRy8Thhz0Ps/getUpdates "HTTP/1.1 200 OK"
2025-05-23 19:29:10,953 - httpx - INFO - HTTP Request: POST https://api.telegram.org/bot7093436536:AAEvjyOBDmUYkoOkO2zxZnzplRy8Thhz0Ps/getUpdates "HTTP/1.1 200 OK"
2025-05-23 19:29:21,043 - httpx - INFO - HTTP Request: POST https://api.telegram.org/bot7093436536:AAEvjyOBDmUYkoOkO2zxZnzplRy8Thhz0Ps/getUpdates "HTTP/1.1 200 OK"
2025-05-23 19:29:31,128 - httpx - INFO - HTTP Request: POST https://api.telegram.org/bot7093436536:AAEvjyOBDmUYkoOkO2zxZnzplRy8Thhz0Ps/getUpdates "HTTP/1.1 200 OK"
2025-05-23 19:29:41,212 - httpx - INFO - HTTP Request: POST https://api.telegram.org/bot7093436536:AAEvjyOBDmUYkoOkO2zxZnzplRy8Thhz0Ps/getUpdates "HTTP/1.1 200 OK"
2025-05-23 19:29:51,298 - httpx - INFO - HTTP Request: POST https://api.telegram.org/bot7093436536:AAEvjyOBDmUYkoOkO2zxZnzplRy8Thhz0Ps/getUpdates "HTTP/1.1 200 OK"
2025-05-23 19:30:01,387 - httpx - INFO - HTTP Request: POST https://api.telegram.org/bot7093436536:AAEvjyOBDmUYkoOkO2zxZnzplRy8Thhz0Ps/getUpdates "HTTP/1.1 200 OK"
2025-05-23 19:30:11,484 - httpx - INFO - HTTP Request: POST https://api.telegram.org/bot7093436536:AAEvjyOBDmUYkoOkO2zxZnzplRy8Thhz0Ps/getUpdates "HTTP/1.1 200 OK"
2025-05-23 19:30:21,737 - httpx - INFO - HTTP Request: POST https://api.telegram.org/bot7093436536:AAEvjyOBDmUYkoOkO2zxZnzplRy8Thhz0Ps/getUpdates "HTTP/1.1 200 OK"
2025-05-23 19:30:31,821 - httpx - INFO - HTTP Request: POST https://api.telegram.org/bot7093436536:AAEvjyOBDmUYkoOkO2zxZnzplRy8Thhz0Ps/getUpdates "HTTP/1.1 200 OK"
2025-05-23 19:30:41,907 - httpx - INFO - HTTP Request: POST https://api.telegram.org/bot7093436536:AAEvjyOBDmUYkoOkO2zxZnzplRy8Thhz0Ps/getUpdates "HTTP/1.1 200 OK"
2025-05-23 19:30:51,991 - httpx - INFO - HTTP Request: POST https://api.telegram.org/bot7093436536:AAEvjyOBDmUYkoOkO2zxZnzplRy8Thhz0Ps/getUpdates "HTTP/1.1 200 OK"
2025-05-23 19:31:02,074 - httpx - INFO - HTTP Request: POST https://api.telegram.org/bot7093436536:AAEvjyOBDmUYkoOkO2zxZnzplRy8Thhz0Ps/getUpdates "HTTP/1.1 200 OK"
2025-05-23 19:31:12,161 - httpx - INFO - HTTP Request: POST https://api.telegram.org/bot7093436536:AAEvjyOBDmUYkoOkO2zxZnzplRy8Thhz0Ps/getUpdates "HTTP/1.1 200 OK"
2025-05-23 19:31:22,245 - httpx - INFO - HTTP Request: POST https://api.telegram.org/bot7093436536:AAEvjyOBDmUYkoOkO2zxZnzplRy8Thhz0Ps/getUpdates "HTTP/1.1 200 OK"
2025-05-23 19:31:32,330 - httpx - INFO - HTTP Request: POST https://api.telegram.org/bot7093436536:AAEvjyOBDmUYkoOkO2zxZnzplRy8Thhz0Ps/getUpdates "HTTP/1.1 200 OK"
2025-05-23 19:31:42,413 - httpx - INFO - HTTP Request: POST https://api.telegram.org/bot7093436536:AAEvjyOBDmUYkoOkO2zxZnzplRy8Thhz0Ps/getUpdates "HTTP/1.1 200 OK"
2025-05-23 19:31:52,497 - httpx - INFO - HTTP Request: POST https://api.telegram.org/bot7093436536:AAEvjyOBDmUYkoOkO2zxZnzplRy8Thhz0Ps/getUpdates "HTTP/1.1 200 OK"
2025-05-23 19:32:02,581 - httpx - INFO - HTTP Request: POST https://api.telegram.org/bot7093436536:AAEvjyOBDmUYkoOkO2zxZnzplRy8Thhz0Ps/getUpdates "HTTP/1.1 200 OK"
2025-05-23 19:32:12,665 - httpx - INFO - HTTP Request: POST https://api.telegram.org/bot7093436536:AAEvjyOBDmUYkoOkO2zxZnzplRy8Thhz0Ps/getUpdates "HTTP/1.1 200 OK"
2025-05-23 19:32:22,749 - httpx - INFO - HTTP Request: POST https://api.telegram.org/bot7093436536:AAEvjyOBDmUYkoOkO2zxZnzplRy8Thhz0Ps/getUpdates "HTTP/1.1 200 OK"
2025-05-23 19:32:32,832 - httpx - INFO - HTTP Request: POST https://api.telegram.org/bot7093436536:AAEvjyOBDmUYkoOkO2zxZnzplRy8Thhz0Ps/getUpdates "HTTP/1.1 200 OK"
2025-05-23 19:32:42,916 - httpx - INFO - HTTP Request: POST https://api.telegram.org/bot7093436536:AAEvjyOBDmUYkoOkO2zxZnzplRy8Thhz0Ps/getUpdates "HTTP/1.1 200 OK"
2025-05-23 19:32:53,001 - httpx - INFO - HTTP Request: POST https://api.telegram.org/bot7093436536:AAEvjyOBDmUYkoOkO2zxZnzplRy8Thhz0Ps/getUpdates "HTTP/1.1 200 OK"
2025-05-23 19:33:03,084 - httpx - INFO - HTTP Request: POST https://api.telegram.org/bot7093436536:AAEvjyOBDmUYkoOkO2zxZnzplRy8Thhz0Ps/getUpdates "HTTP/1.1 200 OK"
2025-05-23 19:33:13,169 - httpx - INFO - HTTP Request: POST https://api.telegram.org/bot7093436536:AAEvjyOBDmUYkoOkO2zxZnzplRy8Thhz0Ps/getUpdates "HTTP/1.1 200 OK"
2025-05-23 19:33:23,253 - httpx - INFO - HTTP Request: POST https://api.telegram.org/bot7093436536:AAEvjyOBDmUYkoOkO2zxZnzplRy8Thhz0Ps/getUpdates "HTTP/1.1 200 OK"
2025-05-23 19:33:33,338 - httpx - INFO - HTTP Request: POST https://api.telegram.org/bot7093436536:AAEvjyOBDmUYkoOkO2zxZnzplRy8Thhz0Ps/getUpdates "HTTP/1.1 200 OK"
2025-05-23 19:33:43,422 - httpx - INFO - HTTP Request: POST https://api.telegram.org/bot7093436536:AAEvjyOBDmUYkoOkO2zxZnzplRy8Thhz0Ps/getUpdates "HTTP/1.1 200 OK"
2025-05-23 19:33:53,507 - httpx - INFO - HTTP Request: POST https://api.telegram.org/bot7093436536:AAEvjyOBDmUYkoOkO2zxZnzplRy8Thhz0Ps/getUpdates "HTTP/1.1 200 OK"
2025-05-23 19:34:03,591 - httpx - INFO - HTTP Request: POST https://api.telegram.org/bot7093436536:AAEvjyOBDmUYkoOkO2zxZnzplRy8Thhz0Ps/getUpdates "HTTP/1.1 200 OK"
2025-05-23 21:13:31,436 - httpx - INFO - HTTP Request: POST https://api.telegram.org/bot7093436536:AAEvjyOBDmUYkoOkO2zxZnzplRy8Thhz0Ps/getMe "HTTP/1.1 200 OK"
2025-05-23 21:13:31,521 - httpx - INFO - HTTP Request: POST https://api.telegram.org/bot7093436536:AAEvjyOBDmUYkoOkO2zxZnzplRy8Thhz0Ps/deleteWebhook "HTTP/1.1 200 OK"
2025-05-23 21:13:31,523 - apscheduler.scheduler - INFO - Scheduler started
2025-05-23 21:13:31,523 - telegram.ext.Application - INFO - Application started
2025-05-23 21:13:31,781 - httpx - INFO - HTTP Request: POST https://api.telegram.org/bot7093436536:AAEvjyOBDmUYkoOkO2zxZnzplRy8Thhz0Ps/getUpdates "HTTP/1.1 200 OK"
2025-05-23 21:13:32,057 - httpx - INFO - HTTP Request: POST https://api.telegram.org/bot7093436536:AAEvjyOBDmUYkoOkO2zxZnzplRy8Thhz0Ps/sendMessage "HTTP/1.1 200 OK"
2025-05-23 21:13:42,031 - httpx - INFO - HTTP Request: POST https://api.telegram.org/bot7093436536:AAEvjyOBDmUYkoOkO2zxZnzplRy8Thhz0Ps/getUpdates "HTTP/1.1 200 OK"
2025-05-23 21:13:52,119 - httpx - INFO - HTTP Request: POST https://api.telegram.org/bot7093436536:AAEvjyOBDmUYkoOkO2zxZnzplRy8Thhz0Ps/getUpdates "HTTP/1.1 200 OK"
2025-05-23 21:14:02,209 - httpx - INFO - HTTP Request: POST https://api.telegram.org/bot7093436536:AAEvjyOBDmUYkoOkO2zxZnzplRy8Thhz0Ps/getUpdates "HTTP/1.1 200 OK"
2025-05-23 21:14:12,297 - httpx - INFO - HTTP Request: POST https://api.telegram.org/bot7093436536:AAEvjyOBDmUYkoOkO2zxZnzplRy8Thhz0Ps/getUpdates "HTTP/1.1 200 OK"
2025-05-23 21:14:22,390 - httpx - INFO - HTTP Request: POST https://api.telegram.org/bot7093436536:AAEvjyOBDmUYkoOkO2zxZnzplRy8Thhz0Ps/getUpdates "HTTP/1.1 200 OK"
2025-05-23 21:14:32,480 - httpx - INFO - HTTP Request: POST https://api.telegram.org/bot7093436536:AAEvjyOBDmUYkoOkO2zxZnzplRy8Thhz0Ps/getUpdates "HTTP/1.1 200 OK"
2025-05-23 21:14:42,569 - httpx - INFO - HTTP Request: POST https://api.telegram.org/bot7093436536:AAEvjyOBDmUYkoOkO2zxZnzplRy8Thhz0Ps/getUpdates "HTTP/1.1 200 OK"
2025-05-23 21:14:52,655 - httpx - INFO - HTTP Request: POST https://api.telegram.org/bot7093436536:AAEvjyOBDmUYkoOkO2zxZnzplRy8Thhz0Ps/getUpdates "HTTP/1.1 200 OK"
2025-05-23 21:15:02,742 - httpx - INFO - HTTP Request: POST https://api.telegram.org/bot7093436536:AAEvjyOBDmUYkoOkO2zxZnzplRy8Thhz0Ps/getUpdates "HTTP/1.1 200 OK"
2025-05-23 21:15:12,835 - httpx - INFO - HTTP Request: POST https://api.telegram.org/bot7093436536:AAEvjyOBDmUYkoOkO2zxZnzplRy8Thhz0Ps/getUpdates "HTTP/1.1 200 OK"
2025-05-23 21:15:22,922 - httpx - INFO - HTTP Request: POST https://api.telegram.org/bot7093436536:AAEvjyOBDmUYkoOkO2zxZnzplRy8Thhz0Ps/getUpdates "HTTP/1.1 200 OK"
2025-05-23 21:15:33,016 - httpx - INFO - HTTP Request: POST https://api.telegram.org/bot7093436536:AAEvjyOBDmUYkoOkO2zxZnzplRy8Thhz0Ps/getUpdates "HTTP/1.1 200 OK"
2025-05-23 21:15:43,108 - httpx - INFO - HTTP Request: POST https://api.telegram.org/bot7093436536:AAEvjyOBDmUYkoOkO2zxZnzplRy8Thhz0Ps/getUpdates "HTTP/1.1 200 OK"
2025-05-23 21:15:53,198 - httpx - INFO - HTTP Request: POST https://api.telegram.org/bot7093436536:AAEvjyOBDmUYkoOkO2zxZnzplRy8Thhz0Ps/getUpdates "HTTP/1.1 200 OK"
2025-05-23 21:16:03,286 - httpx - INFO - HTTP Request: POST https://api.telegram.org/bot7093436536:AAEvjyOBDmUYkoOkO2zxZnzplRy8Thhz0Ps/getUpdates "HTTP/1.1 200 OK"
2025-05-23 21:16:13,375 - httpx - INFO - HTTP Request: POST https://api.telegram.org/bot7093436536:AAEvjyOBDmUYkoOkO2zxZnzplRy8Thhz0Ps/getUpdates "HTTP/1.1 200 OK"
2025-05-23 21:16:23,463 - httpx - INFO - HTTP Request: POST https://api.telegram.org/bot7093436536:AAEvjyOBDmUYkoOkO2zxZnzplRy8Thhz0Ps/getUpdates "HTTP/1.1 200 OK"
2025-05-23 21:16:33,556 - httpx - INFO - HTTP Request: POST https://api.telegram.org/bot7093436536:AAEvjyOBDmUYkoOkO2zxZnzplRy8Thhz0Ps/getUpdates "HTTP/1.1 200 OK"
2025-05-23 21:16:43,645 - httpx - INFO - HTTP Request: POST https://api.telegram.org/bot7093436536:AAEvjyOBDmUYkoOkO2zxZnzplRy8Thhz0Ps/getUpdates "HTTP/1.1 200 OK"
2025-05-23 21:16:53,730 - httpx - INFO - HTTP Request: POST https://api.telegram.org/bot7093436536:AAEvjyOBDmUYkoOkO2zxZnzplRy8Thhz0Ps/getUpdates "HTTP/1.1 200 OK"
2025-05-23 21:17:03,819 - httpx - INFO - HTTP Request: POST https://api.telegram.org/bot7093436536:AAEvjyOBDmUYkoOkO2zxZnzplRy8Thhz0Ps/getUpdates "HTTP/1.1 200 OK"
2025-05-23 21:17:13,915 - httpx - INFO - HTTP Request: POST https://api.telegram.org/bot7093436536:AAEvjyOBDmUYkoOkO2zxZnzplRy8Thhz0Ps/getUpdates "HTTP/1.1 200 OK"
2025-05-23 21:17:24,013 - httpx - INFO - HTTP Request: POST https://api.telegram.org/bot7093436536:AAEvjyOBDmUYkoOkO2zxZnzplRy8Thhz0Ps/getUpdates "HTTP/1.1 200 OK"
2025-05-23 21:17:34,110 - httpx - INFO - HTTP Request: POST https://api.telegram.org/bot7093436536:AAEvjyOBDmUYkoOkO2zxZnzplRy8Thhz0Ps/getUpdates "HTTP/1.1 200 OK"
2025-05-23 21:17:44,201 - httpx - INFO - HTTP Request: POST https://api.telegram.org/bot7093436536:AAEvjyOBDmUYkoOkO2zxZnzplRy8Thhz0Ps/getUpdates "HTTP/1.1 200 OK"
2025-05-23 21:17:54,289 - httpx - INFO - HTTP Request: POST https://api.telegram.org/bot7093436536:AAEvjyOBDmUYkoOkO2zxZnzplRy8Thhz0Ps/getUpdates "HTTP/1.1 200 OK"
2025-05-23 21:18:04,378 - httpx - INFO - HTTP Request: POST https://api.telegram.org/bot7093436536:AAEvjyOBDmUYkoOkO2zxZnzplRy8Thhz0Ps/getUpdates "HTTP/1.1 200 OK"
2025-05-23 21:18:14,469 - httpx - INFO - HTTP Request: POST https://api.telegram.org/bot7093436536:AAEvjyOBDmUYkoOkO2zxZnzplRy8Thhz0Ps/getUpdates "HTTP/1.1 200 OK"
2025-05-23 21:18:24,561 - httpx - INFO - HTTP Request: POST https://api.telegram.org/bot7093436536:AAEvjyOBDmUYkoOkO2zxZnzplRy8Thhz0Ps/getUpdates "HTTP/1.1 200 OK"
2025-05-23 21:18:34,649 - httpx - INFO - HTTP Request: POST https://api.telegram.org/bot7093436536:AAEvjyOBDmUYkoOkO2zxZnzplRy8Thhz0Ps/getUpdates "HTTP/1.1 200 OK"
2025-05-23 21:18:44,735 - httpx - INFO - HTTP Request: POST https://api.telegram.org/bot7093436536:AAEvjyOBDmUYkoOkO2zxZnzplRy8Thhz0Ps/getUpdates "HTTP/1.1 200 OK"
2025-05-23 21:18:54,823 - httpx - INFO - HTTP Request: POST https://api.telegram.org/bot7093436536:AAEvjyOBDmUYkoOkO2zxZnzplRy8Thhz0Ps/getUpdates "HTTP/1.1 200 OK"
2025-05-23 21:19:04,913 - httpx - INFO - HTTP Request: POST https://api.telegram.org/bot7093436536:AAEvjyOBDmUYkoOkO2zxZnzplRy8Thhz0Ps/getUpdates "HTTP/1.1 200 OK"
2025-05-23 21:19:15,007 - httpx - INFO - HTTP Request: POST https://api.telegram.org/bot7093436536:AAEvjyOBDmUYkoOkO2zxZnzplRy8Thhz0Ps/getUpdates "HTTP/1.1 200 OK"
2025-05-23 21:19:25,094 - httpx - INFO - HTTP Request: POST https://api.telegram.org/bot7093436536:AAEvjyOBDmUYkoOkO2zxZnzplRy8Thhz0Ps/getUpdates "HTTP/1.1 200 OK"
2025-05-23 21:19:35,181 - httpx - INFO - HTTP Request: POST https://api.telegram.org/bot7093436536:AAEvjyOBDmUYkoOkO2zxZnzplRy8Thhz0Ps/getUpdates "HTTP/1.1 200 OK"
2025-05-23 21:19:45,275 - httpx - INFO - HTTP Request: POST https://api.telegram.org/bot7093436536:AAEvjyOBDmUYkoOkO2zxZnzplRy8Thhz0Ps/getUpdates "HTTP/1.1 200 OK"
2025-05-23 21:19:55,360 - httpx - INFO - HTTP Request: POST https://api.telegram.org/bot7093436536:AAEvjyOBDmUYkoOkO2zxZnzplRy8Thhz0Ps/getUpdates "HTTP/1.1 200 OK"
2025-05-23 21:20:05,455 - httpx - INFO - HTTP Request: POST https://api.telegram.org/bot7093436536:AAEvjyOBDmUYkoOkO2zxZnzplRy8Thhz0Ps/getUpdates "HTTP/1.1 200 OK"
2025-05-23 21:20:15,563 - httpx - INFO - HTTP Request: POST https://api.telegram.org/bot7093436536:AAEvjyOBDmUYkoOkO2zxZnzplRy8Thhz0Ps/getUpdates "HTTP/1.1 200 OK"
2025-05-23 21:20:22,876 - httpx - INFO - HTTP Request: POST https://api.telegram.org/bot7093436536:AAEvjyOBDmUYkoOkO2zxZnzplRy8Thhz0Ps/getUpdates "HTTP/1.1 200 OK"
2025-05-23 21:20:22,876 - telegram.ext.Application - INFO - Application is stopping. This might take a moment.
2025-05-23 21:20:22,877 - apscheduler.scheduler - INFO - Scheduler has been shut down
2025-05-23 21:20:22,887 - telegram.ext.Application - INFO - Application.stop() complete
2025-05-23 21:20:31,818 - httpx - INFO - HTTP Request: POST https://api.telegram.org/bot7093436536:AAEvjyOBDmUYkoOkO2zxZnzplRy8Thhz0Ps/getMe "HTTP/1.1 200 OK"
2025-05-23 21:20:31,909 - httpx - INFO - HTTP Request: POST https://api.telegram.org/bot7093436536:AAEvjyOBDmUYkoOkO2zxZnzplRy8Thhz0Ps/deleteWebhook "HTTP/1.1 200 OK"
2025-05-23 21:20:31,911 - apscheduler.scheduler - INFO - Scheduler started
2025-05-23 21:20:31,911 - telegram.ext.Application - INFO - Application started
2025-05-23 21:20:42,172 - httpx - INFO - HTTP Request: POST https://api.telegram.org/bot7093436536:AAEvjyOBDmUYkoOkO2zxZnzplRy8Thhz0Ps/getUpdates "HTTP/1.1 200 OK"
2025-05-23 21:20:52,260 - httpx - INFO - HTTP Request: POST https://api.telegram.org/bot7093436536:AAEvjyOBDmUYkoOkO2zxZnzplRy8Thhz0Ps/getUpdates "HTTP/1.1 200 OK"
2025-05-23 21:21:02,349 - httpx - INFO - HTTP Request: POST https://api.telegram.org/bot7093436536:AAEvjyOBDmUYkoOkO2zxZnzplRy8Thhz0Ps/getUpdates "HTTP/1.1 200 OK"
2025-05-23 21:21:12,439 - httpx - INFO - HTTP Request: POST https://api.telegram.org/bot7093436536:AAEvjyOBDmUYkoOkO2zxZnzplRy8Thhz0Ps/getUpdates "HTTP/1.1 200 OK"
2025-05-23 21:21:22,547 - httpx - INFO - HTTP Request: POST https://api.telegram.org/bot7093436536:AAEvjyOBDmUYkoOkO2zxZnzplRy8Thhz0Ps/getUpdates "HTTP/1.1 200 OK"
2025-05-23 21:21:32,635 - httpx - INFO - HTTP Request: POST https://api.telegram.org/bot7093436536:AAEvjyOBDmUYkoOkO2zxZnzplRy8Thhz0Ps/getUpdates "HTTP/1.1 200 OK"
2025-05-23 21:21:42,723 - httpx - INFO - HTTP Request: POST https://api.telegram.org/bot7093436536:AAEvjyOBDmUYkoOkO2zxZnzplRy8Thhz0Ps/getUpdates "HTTP/1.1 200 OK"
2025-05-23 21:21:52,812 - httpx - INFO - HTTP Request: POST https://api.telegram.org/bot7093436536:AAEvjyOBDmUYkoOkO2zxZnzplRy8Thhz0Ps/getUpdates "HTTP/1.1 200 OK"
2025-05-23 21:22:02,900 - httpx - INFO - HTTP Request: POST https://api.telegram.org/bot7093436536:AAEvjyOBDmUYkoOkO2zxZnzplRy8Thhz0Ps/getUpdates "HTTP/1.1 200 OK"
2025-05-23 21:22:12,993 - httpx - INFO - HTTP Request: POST https://api.telegram.org/bot7093436536:AAEvjyOBDmUYkoOkO2zxZnzplRy8Thhz0Ps/getUpdates "HTTP/1.1 200 OK"
2025-05-23 21:22:23,079 - httpx - INFO - HTTP Request: POST https://api.telegram.org/bot7093436536:AAEvjyOBDmUYkoOkO2zxZnzplRy8Thhz0Ps/getUpdates "HTTP/1.1 200 OK"
2025-05-23 21:22:33,168 - httpx - INFO - HTTP Request: POST https://api.telegram.org/bot7093436536:AAEvjyOBDmUYkoOkO2zxZnzplRy8Thhz0Ps/getUpdates "HTTP/1.1 200 OK"
2025-05-23 21:22:43,259 - httpx - INFO - HTTP Request: POST https://api.telegram.org/bot7093436536:AAEvjyOBDmUYkoOkO2zxZnzplRy8Thhz0Ps/getUpdates "HTTP/1.1 200 OK"
2025-05-23 21:22:51,025 - httpx - INFO - HTTP Request: POST https://api.telegram.org/bot7093436536:AAEvjyOBDmUYkoOkO2zxZnzplRy8Thhz0Ps/getUpdates "HTTP/1.1 200 OK"
2025-05-23 21:22:51,025 - telegram.ext.Application - INFO - Application is stopping. This might take a moment.
2025-05-23 21:22:51,025 - apscheduler.scheduler - INFO - Scheduler has been shut down
2025-05-23 21:22:51,036 - telegram.ext.Application - INFO - Application.stop() complete
2025-05-23 21:26:45,990 - httpx - INFO - HTTP Request: POST https://api.telegram.org/bot7093436536:AAEvjyOBDmUYkoOkO2zxZnzplRy8Thhz0Ps/getMe "HTTP/1.1 200 OK"
2025-05-23 21:26:46,074 - httpx - INFO - HTTP Request: POST https://api.telegram.org/bot7093436536:AAEvjyOBDmUYkoOkO2zxZnzplRy8Thhz0Ps/deleteWebhook "HTTP/1.1 200 OK"
2025-05-23 21:26:46,075 - apscheduler.scheduler - INFO - Scheduler started
2025-05-23 21:26:46,075 - telegram.ext.Application - INFO - Application started
2025-05-23 21:26:46,325 - httpx - INFO - HTTP Request: POST https://api.telegram.org/bot7093436536:AAEvjyOBDmUYkoOkO2zxZnzplRy8Thhz0Ps/getUpdates "HTTP/1.1 200 OK"
2025-05-23 21:26:46,600 - httpx - INFO - HTTP Request: POST https://api.telegram.org/bot7093436536:AAEvjyOBDmUYkoOkO2zxZnzplRy8Thhz0Ps/sendMessage "HTTP/1.1 200 OK"
2025-05-23 21:26:56,575 - httpx - INFO - HTTP Request: POST https://api.telegram.org/bot7093436536:AAEvjyOBDmUYkoOkO2zxZnzplRy8Thhz0Ps/getUpdates "HTTP/1.1 200 OK"
2025-05-23 21:27:06,660 - httpx - INFO - HTTP Request: POST https://api.telegram.org/bot7093436536:AAEvjyOBDmUYkoOkO2zxZnzplRy8Thhz0Ps/getUpdates "HTTP/1.1 200 OK"
2025-05-23 21:27:09,649 - httpx - INFO - HTTP Request: POST https://api.telegram.org/bot7093436536:AAEvjyOBDmUYkoOkO2zxZnzplRy8Thhz0Ps/getUpdates "HTTP/1.1 200 OK"
2025-05-23 21:27:10,173 - httpx - INFO - HTTP Request: POST https://api.telegram.org/bot7093436536:AAEvjyOBDmUYkoOkO2zxZnzplRy8Thhz0Ps/sendMessage "HTTP/1.1 200 OK"
2025-05-23 21:27:19,891 - httpx - INFO - HTTP Request: POST https://api.telegram.org/bot7093436536:AAEvjyOBDmUYkoOkO2zxZnzplRy8Thhz0Ps/getUpdates "HTTP/1.1 200 OK"
2025-05-23 21:27:29,976 - httpx - INFO - HTTP Request: POST https://api.telegram.org/bot7093436536:AAEvjyOBDmUYkoOkO2zxZnzplRy8Thhz0Ps/getUpdates "HTTP/1.1 200 OK"
2025-05-23 21:27:40,062 - httpx - INFO - HTTP Request: POST https://api.telegram.org/bot7093436536:AAEvjyOBDmUYkoOkO2zxZnzplRy8Thhz0Ps/getUpdates "HTTP/1.1 200 OK"
2025-05-23 21:27:50,147 - httpx - INFO - HTTP Request: POST https://api.telegram.org/bot7093436536:AAEvjyOBDmUYkoOkO2zxZnzplRy8Thhz0Ps/getUpdates "HTTP/1.1 200 OK"
2025-05-23 21:28:00,232 - httpx - INFO - HTTP Request: POST https://api.telegram.org/bot7093436536:AAEvjyOBDmUYkoOkO2zxZnzplRy8Thhz0Ps/getUpdates "HTTP/1.1 200 OK"
2025-05-23 21:28:10,316 - httpx - INFO - HTTP Request: POST https://api.telegram.org/bot7093436536:AAEvjyOBDmUYkoOkO2zxZnzplRy8Thhz0Ps/getUpdates "HTTP/1.1 200 OK"
2025-05-23 21:28:20,401 - httpx - INFO - HTTP Request: POST https://api.telegram.org/bot7093436536:AAEvjyOBDmUYkoOkO2zxZnzplRy8Thhz0Ps/getUpdates "HTTP/1.1 200 OK"
2025-05-23 21:28:30,486 - httpx - INFO - HTTP Request: POST https://api.telegram.org/bot7093436536:AAEvjyOBDmUYkoOkO2zxZnzplRy8Thhz0Ps/getUpdates "HTTP/1.1 200 OK"
2025-05-23 21:28:40,572 - httpx - INFO - HTTP Request: POST https://api.telegram.org/bot7093436536:AAEvjyOBDmUYkoOkO2zxZnzplRy8Thhz0Ps/getUpdates "HTTP/1.1 200 OK"
2025-05-23 21:28:46,799 - httpx - INFO - HTTP Request: POST https://api.telegram.org/bot7093436536:AAEvjyOBDmUYkoOkO2zxZnzplRy8Thhz0Ps/getUpdates "HTTP/1.1 200 OK"
2025-05-23 21:28:56,885 - httpx - INFO - HTTP Request: POST https://api.telegram.org/bot7093436536:AAEvjyOBDmUYkoOkO2zxZnzplRy8Thhz0Ps/getUpdates "HTTP/1.1 200 OK"
2025-05-23 21:29:00,215 - httpx - INFO - HTTP Request: POST https://api.telegram.org/bot7093436536:AAEvjyOBDmUYkoOkO2zxZnzplRy8Thhz0Ps/getUpdates "HTTP/1.1 200 OK"
2025-05-23 21:29:10,298 - httpx - INFO - HTTP Request: POST https://api.telegram.org/bot7093436536:AAEvjyOBDmUYkoOkO2zxZnzplRy8Thhz0Ps/getUpdates "HTTP/1.1 200 OK"
2025-05-23 21:29:20,384 - httpx - INFO - HTTP Request: POST https://api.telegram.org/bot7093436536:AAEvjyOBDmUYkoOkO2zxZnzplRy8Thhz0Ps/getUpdates "HTTP/1.1 200 OK"
2025-05-23 21:29:30,468 - httpx - INFO - HTTP Request: POST https://api.telegram.org/bot7093436536:AAEvjyOBDmUYkoOkO2zxZnzplRy8Thhz0Ps/getUpdates "HTTP/1.1 200 OK"
2025-05-23 21:29:40,552 - httpx - INFO - HTTP Request: POST https://api.telegram.org/bot7093436536:AAEvjyOBDmUYkoOkO2zxZnzplRy8Thhz0Ps/getUpdates "HTTP/1.1 200 OK"
2025-05-23 21:29:50,636 - httpx - INFO - HTTP Request: POST https://api.telegram.org/bot7093436536:AAEvjyOBDmUYkoOkO2zxZnzplRy8Thhz0Ps/getUpdates "HTTP/1.1 200 OK"
2025-05-23 21:30:00,720 - httpx - INFO - HTTP Request: POST https://api.telegram.org/bot7093436536:AAEvjyOBDmUYkoOkO2zxZnzplRy8Thhz0Ps/getUpdates "HTTP/1.1 200 OK"
2025-05-23 21:30:10,805 - httpx - INFO - HTTP Request: POST https://api.telegram.org/bot7093436536:AAEvjyOBDmUYkoOkO2zxZnzplRy8Thhz0Ps/getUpdates "HTTP/1.1 200 OK"
2025-05-23 21:30:20,888 - httpx - INFO - HTTP Request: POST https://api.telegram.org/bot7093436536:AAEvjyOBDmUYkoOkO2zxZnzplRy8Thhz0Ps/getUpdates "HTTP/1.1 200 OK"
2025-05-23 21:30:30,973 - httpx - INFO - HTTP Request: POST https://api.telegram.org/bot7093436536:AAEvjyOBDmUYkoOkO2zxZnzplRy8Thhz0Ps/getUpdates "HTTP/1.1 200 OK"
2025-05-23 21:30:41,057 - httpx - INFO - HTTP Request: POST https://api.telegram.org/bot7093436536:AAEvjyOBDmUYkoOkO2zxZnzplRy8Thhz0Ps/getUpdates "HTTP/1.1 200 OK"
2025-05-23 21:30:51,141 - httpx - INFO - HTTP Request: POST https://api.telegram.org/bot7093436536:AAEvjyOBDmUYkoOkO2zxZnzplRy8Thhz0Ps/getUpdates "HTTP/1.1 200 OK"
2025-05-23 21:31:01,226 - httpx - INFO - HTTP Request: POST https://api.telegram.org/bot7093436536:AAEvjyOBDmUYkoOkO2zxZnzplRy8Thhz0Ps/getUpdates "HTTP/1.1 200 OK"
2025-05-23 21:31:11,312 - httpx - INFO - HTTP Request: POST https://api.telegram.org/bot7093436536:AAEvjyOBDmUYkoOkO2zxZnzplRy8Thhz0Ps/getUpdates "HTTP/1.1 200 OK"
2025-05-23 21:31:21,396 - httpx - INFO - HTTP Request: POST https://api.telegram.org/bot7093436536:AAEvjyOBDmUYkoOkO2zxZnzplRy8Thhz0Ps/getUpdates "HTTP/1.1 200 OK"
2025-05-23 21:31:31,483 - httpx - INFO - HTTP Request: POST https://api.telegram.org/bot7093436536:AAEvjyOBDmUYkoOkO2zxZnzplRy8Thhz0Ps/getUpdates "HTTP/1.1 200 OK"
2025-05-23 21:31:41,566 - httpx - INFO - HTTP Request: POST https://api.telegram.org/bot7093436536:AAEvjyOBDmUYkoOkO2zxZnzplRy8Thhz0Ps/getUpdates "HTTP/1.1 200 OK"
2025-05-23 21:31:51,651 - httpx - INFO - HTTP Request: POST https://api.telegram.org/bot7093436536:AAEvjyOBDmUYkoOkO2zxZnzplRy8Thhz0Ps/getUpdates "HTTP/1.1 200 OK"
2025-05-23 21:32:01,737 - httpx - INFO - HTTP Request: POST https://api.telegram.org/bot7093436536:AAEvjyOBDmUYkoOkO2zxZnzplRy8Thhz0Ps/getUpdates "HTTP/1.1 200 OK"
2025-05-23 21:32:11,822 - httpx - INFO - HTTP Request: POST https://api.telegram.org/bot7093436536:AAEvjyOBDmUYkoOkO2zxZnzplRy8Thhz0Ps/getUpdates "HTTP/1.1 200 OK"
2025-05-23 21:32:21,906 - httpx - INFO - HTTP Request: POST https://api.telegram.org/bot7093436536:AAEvjyOBDmUYkoOkO2zxZnzplRy8Thhz0Ps/getUpdates "HTTP/1.1 200 OK"
2025-05-23 21:32:31,991 - httpx - INFO - HTTP Request: POST https://api.telegram.org/bot7093436536:AAEvjyOBDmUYkoOkO2zxZnzplRy8Thhz0Ps/getUpdates "HTTP/1.1 200 OK"
2025-05-23 21:32:42,076 - httpx - INFO - HTTP Request: POST https://api.telegram.org/bot7093436536:AAEvjyOBDmUYkoOkO2zxZnzplRy8Thhz0Ps/getUpdates "HTTP/1.1 200 OK"
2025-05-23 21:32:52,160 - httpx - INFO - HTTP Request: POST https://api.telegram.org/bot7093436536:AAEvjyOBDmUYkoOkO2zxZnzplRy8Thhz0Ps/getUpdates "HTTP/1.1 200 OK"
2025-05-23 21:33:02,246 - httpx - INFO - HTTP Request: POST https://api.telegram.org/bot7093436536:AAEvjyOBDmUYkoOkO2zxZnzplRy8Thhz0Ps/getUpdates "HTTP/1.1 200 OK"
2025-05-23 21:33:12,331 - httpx - INFO - HTTP Request: POST https://api.telegram.org/bot7093436536:AAEvjyOBDmUYkoOkO2zxZnzplRy8Thhz0Ps/getUpdates "HTTP/1.1 200 OK"
2025-05-23 21:33:22,414 - httpx - INFO - HTTP Request: POST https://api.telegram.org/bot7093436536:AAEvjyOBDmUYkoOkO2zxZnzplRy8Thhz0Ps/getUpdates "HTTP/1.1 200 OK"
2025-05-23 21:33:32,499 - httpx - INFO - HTTP Request: POST https://api.telegram.org/bot7093436536:AAEvjyOBDmUYkoOkO2zxZnzplRy8Thhz0Ps/getUpdates "HTTP/1.1 200 OK"
2025-05-23 21:33:42,582 - httpx - INFO - HTTP Request: POST https://api.telegram.org/bot7093436536:AAEvjyOBDmUYkoOkO2zxZnzplRy8Thhz0Ps/getUpdates "HTTP/1.1 200 OK"
2025-05-23 21:33:52,667 - httpx - INFO - HTTP Request: POST https://api.telegram.org/bot7093436536:AAEvjyOBDmUYkoOkO2zxZnzplRy8Thhz0Ps/getUpdates "HTTP/1.1 200 OK"
2025-05-23 21:34:02,751 - httpx - INFO - HTTP Request: POST https://api.telegram.org/bot7093436536:AAEvjyOBDmUYkoOkO2zxZnzplRy8Thhz0Ps/getUpdates "HTTP/1.1 200 OK"
2025-05-23 21:34:12,837 - httpx - INFO - HTTP Request: POST https://api.telegram.org/bot7093436536:AAEvjyOBDmUYkoOkO2zxZnzplRy8Thhz0Ps/getUpdates "HTTP/1.1 200 OK"
2025-05-23 21:34:22,921 - httpx - INFO - HTTP Request: POST https://api.telegram.org/bot7093436536:AAEvjyOBDmUYkoOkO2zxZnzplRy8Thhz0Ps/getUpdates "HTTP/1.1 200 OK"
2025-05-23 21:34:33,007 - httpx - INFO - HTTP Request: POST https://api.telegram.org/bot7093436536:AAEvjyOBDmUYkoOkO2zxZnzplRy8Thhz0Ps/getUpdates "HTTP/1.1 200 OK"
2025-05-23 21:34:40,603 - httpx - INFO - HTTP Request: POST https://api.telegram.org/bot7093436536:AAEvjyOBDmUYkoOkO2zxZnzplRy8Thhz0Ps/getUpdates "HTTP/1.1 200 OK"
2025-05-23 21:34:40,604 - telegram.ext.Application - INFO - Application is stopping. This might take a moment.
2025-05-23 21:34:40,604 - apscheduler.scheduler - INFO - Scheduler has been shut down
2025-05-23 21:34:40,614 - telegram.ext.Application - INFO - Application.stop() complete
2025-05-23 21:35:58,584 - httpx - INFO - HTTP Request: POST https://api.telegram.org/bot7093436536:AAEvjyOBDmUYkoOkO2zxZnzplRy8Thhz0Ps/getMe "HTTP/1.1 200 OK"
2025-05-23 21:35:58,669 - httpx - INFO - HTTP Request: POST https://api.telegram.org/bot7093436536:AAEvjyOBDmUYkoOkO2zxZnzplRy8Thhz0Ps/deleteWebhook "HTTP/1.1 200 OK"
2025-05-23 21:35:58,672 - apscheduler.scheduler - INFO - Scheduler started
2025-05-23 21:35:58,672 - telegram.ext.Application - INFO - Application started
2025-05-23 21:36:06,003 - httpx - INFO - HTTP Request: POST https://api.telegram.org/bot7093436536:AAEvjyOBDmUYkoOkO2zxZnzplRy8Thhz0Ps/getUpdates "HTTP/1.1 200 OK"
2025-05-23 21:36:06,572 - httpx - INFO - HTTP Request: POST https://api.telegram.org/bot7093436536:AAEvjyOBDmUYkoOkO2zxZnzplRy8Thhz0Ps/sendMessage "HTTP/1.1 200 OK"
2025-05-23 21:36:16,302 - httpx - INFO - HTTP Request: POST https://api.telegram.org/bot7093436536:AAEvjyOBDmUYkoOkO2zxZnzplRy8Thhz0Ps/getUpdates "HTTP/1.1 200 OK"
2025-05-23 21:36:26,387 - httpx - INFO - HTTP Request: POST https://api.telegram.org/bot7093436536:AAEvjyOBDmUYkoOkO2zxZnzplRy8Thhz0Ps/getUpdates "HTTP/1.1 200 OK"
2025-05-23 21:36:36,471 - httpx - INFO - HTTP Request: POST https://api.telegram.org/bot7093436536:AAEvjyOBDmUYkoOkO2zxZnzplRy8Thhz0Ps/getUpdates "HTTP/1.1 200 OK"
2025-05-23 21:36:46,558 - httpx - INFO - HTTP Request: POST https://api.telegram.org/bot7093436536:AAEvjyOBDmUYkoOkO2zxZnzplRy8Thhz0Ps/getUpdates "HTTP/1.1 200 OK"
2025-05-23 21:36:49,743 - httpx - INFO - HTTP Request: POST https://api.telegram.org/bot7093436536:AAEvjyOBDmUYkoOkO2zxZnzplRy8Thhz0Ps/getUpdates "HTTP/1.1 200 OK"
2025-05-23 21:36:49,985 - utils - WARNING - fetch_crypto_rates error for TON: Expecting value: line 1 column 1 (char 0)
2025-05-23 21:36:50,095 - utils - WARNING - fetch_crypto_rates error for TON: 'ton'
2025-05-23 21:36:50,405 - httpx - INFO - HTTP Request: POST https://api.telegram.org/bot7093436536:AAEvjyOBDmUYkoOkO2zxZnzplRy8Thhz0Ps/sendMessage "HTTP/1.1 200 OK"
2025-05-23 21:37:00,181 - httpx - INFO - HTTP Request: POST https://api.telegram.org/bot7093436536:AAEvjyOBDmUYkoOkO2zxZnzplRy8Thhz0Ps/getUpdates "HTTP/1.1 200 OK"
2025-05-23 21:37:10,265 - httpx - INFO - HTTP Request: POST https://api.telegram.org/bot7093436536:AAEvjyOBDmUYkoOkO2zxZnzplRy8Thhz0Ps/getUpdates "HTTP/1.1 200 OK"
2025-05-23 21:37:20,349 - httpx - INFO - HTTP Request: POST https://api.telegram.org/bot7093436536:AAEvjyOBDmUYkoOkO2zxZnzplRy8Thhz0Ps/getUpdates "HTTP/1.1 200 OK"
2025-05-23 21:37:26,782 - httpx - INFO - HTTP Request: POST https://api.telegram.org/bot7093436536:AAEvjyOBDmUYkoOkO2zxZnzplRy8Thhz0Ps/getUpdates "HTTP/1.1 200 OK"
2025-05-23 21:37:27,509 - httpx - INFO - HTTP Request: POST https://api.openai.com/v1/chat/completions "HTTP/1.1 429 Too Many Requests"
2025-05-23 21:37:27,510 - openai._base_client - INFO - Retrying request to /chat/completions in 0.837578 seconds
2025-05-23 21:37:28,458 - httpx - INFO - HTTP Request: POST https://api.openai.com/v1/chat/completions "HTTP/1.1 429 Too Many Requests"
2025-05-23 21:37:28,458 - openai._base_client - INFO - Retrying request to /chat/completions in 1.707000 seconds
2025-05-23 21:37:30,271 - httpx - INFO - HTTP Request: POST https://api.openai.com/v1/chat/completions "HTTP/1.1 429 Too Many Requests"
2025-05-23 21:37:30,272 - __main__ - ERROR - OpenAI error: Error code: 429 - {'error': {'message': 'You exceeded your current quota, please check your plan and billing details. For more information on this error, read the docs: https://platform.openai.com/docs/guides/error-codes/api-errors.', 'type': 'insufficient_quota', 'param': None, 'code': 'insufficient_quota'}}
2025-05-23 21:37:30,552 - httpx - INFO - HTTP Request: POST https://api.telegram.org/bot7093436536:AAEvjyOBDmUYkoOkO2zxZnzplRy8Thhz0Ps/sendMessage "HTTP/1.1 200 OK"
2025-05-23 21:37:40,356 - httpx - INFO - HTTP Request: POST https://api.telegram.org/bot7093436536:AAEvjyOBDmUYkoOkO2zxZnzplRy8Thhz0Ps/getUpdates "HTTP/1.1 200 OK"
2025-05-23 21:37:50,441 - httpx - INFO - HTTP Request: POST https://api.telegram.org/bot7093436536:AAEvjyOBDmUYkoOkO2zxZnzplRy8Thhz0Ps/getUpdates "HTTP/1.1 200 OK"
2025-05-23 21:38:00,524 - httpx - INFO - HTTP Request: POST https://api.telegram.org/bot7093436536:AAEvjyOBDmUYkoOkO2zxZnzplRy8Thhz0Ps/getUpdates "HTTP/1.1 200 OK"
2025-05-23 21:38:10,608 - httpx - INFO - HTTP Request: POST https://api.telegram.org/bot7093436536:AAEvjyOBDmUYkoOkO2zxZnzplRy8Thhz0Ps/getUpdates "HTTP/1.1 200 OK"
2025-05-23 21:38:20,694 - httpx - INFO - HTTP Request: POST https://api.telegram.org/bot7093436536:AAEvjyOBDmUYkoOkO2zxZnzplRy8Thhz0Ps/getUpdates "HTTP/1.1 200 OK"
2025-05-23 21:38:30,777 - httpx - INFO - HTTP Request: POST https://api.telegram.org/bot7093436536:AAEvjyOBDmUYkoOkO2zxZnzplRy8Thhz0Ps/getUpdates "HTTP/1.1 200 OK"
2025-05-23 21:38:31,985 - httpx - INFO - HTTP Request: POST https://api.telegram.org/bot7093436536:AAEvjyOBDmUYkoOkO2zxZnzplRy8Thhz0Ps/getUpdates "HTTP/1.1 200 OK"
2025-05-23 21:38:32,465 - httpx - INFO - HTTP Request: POST https://api.telegram.org/bot7093436536:AAEvjyOBDmUYkoOkO2zxZnzplRy8Thhz0Ps/sendMessage "HTTP/1.1 200 OK"
2025-05-23 21:38:42,259 - httpx - INFO - HTTP Request: POST https://api.telegram.org/bot7093436536:AAEvjyOBDmUYkoOkO2zxZnzplRy8Thhz0Ps/getUpdates "HTTP/1.1 200 OK"
2025-05-23 21:38:52,346 - httpx - INFO - HTTP Request: POST https://api.telegram.org/bot7093436536:AAEvjyOBDmUYkoOkO2zxZnzplRy8Thhz0Ps/getUpdates "HTTP/1.1 200 OK"
2025-05-23 21:39:02,430 - httpx - INFO - HTTP Request: POST https://api.telegram.org/bot7093436536:AAEvjyOBDmUYkoOkO2zxZnzplRy8Thhz0Ps/getUpdates "HTTP/1.1 200 OK"
2025-05-23 21:39:12,517 - httpx - INFO - HTTP Request: POST https://api.telegram.org/bot7093436536:AAEvjyOBDmUYkoOkO2zxZnzplRy8Thhz0Ps/getUpdates "HTTP/1.1 200 OK"
2025-05-23 21:39:22,603 - httpx - INFO - HTTP Request: POST https://api.telegram.org/bot7093436536:AAEvjyOBDmUYkoOkO2zxZnzplRy8Thhz0Ps/getUpdates "HTTP/1.1 200 OK"
2025-05-23 21:39:32,696 - httpx - INFO - HTTP Request: POST https://api.telegram.org/bot7093436536:AAEvjyOBDmUYkoOkO2zxZnzplRy8Thhz0Ps/getUpdates "HTTP/1.1 200 OK"
2025-05-23 21:39:42,780 - httpx - INFO - HTTP Request: POST https://api.telegram.org/bot7093436536:AAEvjyOBDmUYkoOkO2zxZnzplRy8Thhz0Ps/getUpdates "HTTP/1.1 200 OK"
2025-05-23 21:39:52,864 - httpx - INFO - HTTP Request: POST https://api.telegram.org/bot7093436536:AAEvjyOBDmUYkoOkO2zxZnzplRy8Thhz0Ps/getUpdates "HTTP/1.1 200 OK"
2025-05-23 21:40:02,949 - httpx - INFO - HTTP Request: POST https://api.telegram.org/bot7093436536:AAEvjyOBDmUYkoOkO2zxZnzplRy8Thhz0Ps/getUpdates "HTTP/1.1 200 OK"
2025-05-23 21:40:13,033 - httpx - INFO - HTTP Request: POST https://api.telegram.org/bot7093436536:AAEvjyOBDmUYkoOkO2zxZnzplRy8Thhz0Ps/getUpdates "HTTP/1.1 200 OK"
2025-05-23 21:40:23,120 - httpx - INFO - HTTP Request: POST https://api.telegram.org/bot7093436536:AAEvjyOBDmUYkoOkO2zxZnzplRy8Thhz0Ps/getUpdates "HTTP/1.1 200 OK"
2025-05-23 21:40:33,205 - httpx - INFO - HTTP Request: POST https://api.telegram.org/bot7093436536:AAEvjyOBDmUYkoOkO2zxZnzplRy8Thhz0Ps/getUpdates "HTTP/1.1 200 OK"
2025-05-23 21:40:43,290 - httpx - INFO - HTTP Request: POST https://api.telegram.org/bot7093436536:AAEvjyOBDmUYkoOkO2zxZnzplRy8Thhz0Ps/getUpdates "HTTP/1.1 200 OK"
2025-05-23 21:40:53,376 - httpx - INFO - HTTP Request: POST https://api.telegram.org/bot7093436536:AAEvjyOBDmUYkoOkO2zxZnzplRy8Thhz0Ps/getUpdates "HTTP/1.1 200 OK"
2025-05-23 21:41:03,460 - httpx - INFO - HTTP Request: POST https://api.telegram.org/bot7093436536:AAEvjyOBDmUYkoOkO2zxZnzplRy8Thhz0Ps/getUpdates "HTTP/1.1 200 OK"
2025-05-23 21:41:13,543 - httpx - INFO - HTTP Request: POST https://api.telegram.org/bot7093436536:AAEvjyOBDmUYkoOkO2zxZnzplRy8Thhz0Ps/getUpdates "HTTP/1.1 200 OK"
2025-05-23 21:41:23,629 - httpx - INFO - HTTP Request: POST https://api.telegram.org/bot7093436536:AAEvjyOBDmUYkoOkO2zxZnzplRy8Thhz0Ps/getUpdates "HTTP/1.1 200 OK"
2025-05-23 21:41:33,716 - httpx - INFO - HTTP Request: POST https://api.telegram.org/bot7093436536:AAEvjyOBDmUYkoOkO2zxZnzplRy8Thhz0Ps/getUpdates "HTTP/1.1 200 OK"
2025-05-23 21:41:43,801 - httpx - INFO - HTTP Request: POST https://api.telegram.org/bot7093436536:AAEvjyOBDmUYkoOkO2zxZnzplRy8Thhz0Ps/getUpdates "HTTP/1.1 200 OK"
2025-05-23 21:41:53,886 - httpx - INFO - HTTP Request: POST https://api.telegram.org/bot7093436536:AAEvjyOBDmUYkoOkO2zxZnzplRy8Thhz0Ps/getUpdates "HTTP/1.1 200 OK"
2025-05-23 21:42:03,972 - httpx - INFO - HTTP Request: POST https://api.telegram.org/bot7093436536:AAEvjyOBDmUYkoOkO2zxZnzplRy8Thhz0Ps/getUpdates "HTTP/1.1 200 OK"
2025-05-23 21:42:14,055 - httpx - INFO - HTTP Request: POST https://api.telegram.org/bot7093436536:AAEvjyOBDmUYkoOkO2zxZnzplRy8Thhz0Ps/getUpdates "HTTP/1.1 200 OK"
2025-05-23 21:42:24,148 - httpx - INFO - HTTP Request: POST https://api.telegram.org/bot7093436536:AAEvjyOBDmUYkoOkO2zxZnzplRy8Thhz0Ps/getUpdates "HTTP/1.1 200 OK"
2025-05-23 21:42:34,234 - httpx - INFO - HTTP Request: POST https://api.telegram.org/bot7093436536:AAEvjyOBDmUYkoOkO2zxZnzplRy8Thhz0Ps/getUpdates "HTTP/1.1 200 OK"
2025-05-23 21:42:44,320 - httpx - INFO - HTTP Request: POST https://api.telegram.org/bot7093436536:AAEvjyOBDmUYkoOkO2zxZnzplRy8Thhz0Ps/getUpdates "HTTP/1.1 200 OK"
2025-05-23 21:42:54,405 - httpx - INFO - HTTP Request: POST https://api.telegram.org/bot7093436536:AAEvjyOBDmUYkoOkO2zxZnzplRy8Thhz0Ps/getUpdates "HTTP/1.1 200 OK"
2025-05-23 21:43:04,490 - httpx - INFO - HTTP Request: POST https://api.telegram.org/bot7093436536:AAEvjyOBDmUYkoOkO2zxZnzplRy8Thhz0Ps/getUpdates "HTTP/1.1 200 OK"
2025-05-23 21:43:14,576 - httpx - INFO - HTTP Request: POST https://api.telegram.org/bot7093436536:AAEvjyOBDmUYkoOkO2zxZnzplRy8Thhz0Ps/getUpdates "HTTP/1.1 200 OK"
2025-05-23 21:43:24,661 - httpx - INFO - HTTP Request: POST https://api.telegram.org/bot7093436536:AAEvjyOBDmUYkoOkO2zxZnzplRy8Thhz0Ps/getUpdates "HTTP/1.1 200 OK"
2025-05-23 21:43:34,756 - httpx - INFO - HTTP Request: POST https://api.telegram.org/bot7093436536:AAEvjyOBDmUYkoOkO2zxZnzplRy8Thhz0Ps/getUpdates "HTTP/1.1 200 OK"
2025-05-23 21:43:44,840 - httpx - INFO - HTTP Request: POST https://api.telegram.org/bot7093436536:AAEvjyOBDmUYkoOkO2zxZnzplRy8Thhz0Ps/getUpdates "HTTP/1.1 200 OK"
2025-05-23 21:43:54,924 - httpx - INFO - HTTP Request: POST https://api.telegram.org/bot7093436536:AAEvjyOBDmUYkoOkO2zxZnzplRy8Thhz0Ps/getUpdates "HTTP/1.1 200 OK"
2025-05-23 21:44:05,008 - httpx - INFO - HTTP Request: POST https://api.telegram.org/bot7093436536:AAEvjyOBDmUYkoOkO2zxZnzplRy8Thhz0Ps/getUpdates "HTTP/1.1 200 OK"
2025-05-23 21:44:15,093 - httpx - INFO - HTTP Request: POST https://api.telegram.org/bot7093436536:AAEvjyOBDmUYkoOkO2zxZnzplRy8Thhz0Ps/getUpdates "HTTP/1.1 200 OK"
2025-05-23 21:44:25,180 - httpx - INFO - HTTP Request: POST https://api.telegram.org/bot7093436536:AAEvjyOBDmUYkoOkO2zxZnzplRy8Thhz0Ps/getUpdates "HTTP/1.1 200 OK"
2025-05-23 21:44:35,263 - httpx - INFO - HTTP Request: POST https://api.telegram.org/bot7093436536:AAEvjyOBDmUYkoOkO2zxZnzplRy8Thhz0Ps/getUpdates "HTTP/1.1 200 OK"
2025-05-23 21:44:45,387 - httpx - INFO - HTTP Request: POST https://api.telegram.org/bot7093436536:AAEvjyOBDmUYkoOkO2zxZnzplRy8Thhz0Ps/getUpdates "HTTP/1.1 200 OK"
2025-05-23 21:44:55,476 - httpx - INFO - HTTP Request: POST https://api.telegram.org/bot7093436536:AAEvjyOBDmUYkoOkO2zxZnzplRy8Thhz0Ps/getUpdates "HTTP/1.1 200 OK"
2025-05-23 21:45:05,565 - httpx - INFO - HTTP Request: POST https://api.telegram.org/bot7093436536:AAEvjyOBDmUYkoOkO2zxZnzplRy8Thhz0Ps/getUpdates "HTTP/1.1 200 OK"
2025-05-23 21:45:15,653 - httpx - INFO - HTTP Request: POST https://api.telegram.org/bot7093436536:AAEvjyOBDmUYkoOkO2zxZnzplRy8Thhz0Ps/getUpdates "HTTP/1.1 200 OK"
2025-05-23 21:45:25,741 - httpx - INFO - HTTP Request: POST https://api.telegram.org/bot7093436536:AAEvjyOBDmUYkoOkO2zxZnzplRy8Thhz0Ps/getUpdates "HTTP/1.1 200 OK"
2025-05-23 21:45:35,826 - httpx - INFO - HTTP Request: POST https://api.telegram.org/bot7093436536:AAEvjyOBDmUYkoOkO2zxZnzplRy8Thhz0Ps/getUpdates "HTTP/1.1 200 OK"
2025-05-23 21:45:45,910 - httpx - INFO - HTTP Request: POST https://api.telegram.org/bot7093436536:AAEvjyOBDmUYkoOkO2zxZnzplRy8Thhz0Ps/getUpdates "HTTP/1.1 200 OK"
2025-05-23 21:45:55,998 - httpx - INFO - HTTP Request: POST https://api.telegram.org/bot7093436536:AAEvjyOBDmUYkoOkO2zxZnzplRy8Thhz0Ps/getUpdates "HTTP/1.1 200 OK"
2025-05-23 21:46:06,088 - httpx - INFO - HTTP Request: POST https://api.telegram.org/bot7093436536:AAEvjyOBDmUYkoOkO2zxZnzplRy8Thhz0Ps/getUpdates "HTTP/1.1 200 OK"
2025-05-23 21:46:16,178 - httpx - INFO - HTTP Request: POST https://api.telegram.org/bot7093436536:AAEvjyOBDmUYkoOkO2zxZnzplRy8Thhz0Ps/getUpdates "HTTP/1.1 200 OK"
2025-05-23 21:46:26,266 - httpx - INFO - HTTP Request: POST https://api.telegram.org/bot7093436536:AAEvjyOBDmUYkoOkO2zxZnzplRy8Thhz0Ps/getUpdates "HTTP/1.1 200 OK"
2025-05-23 21:46:36,351 - httpx - INFO - HTTP Request: POST https://api.telegram.org/bot7093436536:AAEvjyOBDmUYkoOkO2zxZnzplRy8Thhz0Ps/getUpdates "HTTP/1.1 200 OK"
2025-05-23 21:46:46,435 - httpx - INFO - HTTP Request: POST https://api.telegram.org/bot7093436536:AAEvjyOBDmUYkoOkO2zxZnzplRy8Thhz0Ps/getUpdates "HTTP/1.1 200 OK"
2025-05-23 21:46:56,521 - httpx - INFO - HTTP Request: POST https://api.telegram.org/bot7093436536:AAEvjyOBDmUYkoOkO2zxZnzplRy8Thhz0Ps/getUpdates "HTTP/1.1 200 OK"
2025-05-23 21:47:06,608 - httpx - INFO - HTTP Request: POST https://api.telegram.org/bot7093436536:AAEvjyOBDmUYkoOkO2zxZnzplRy8Thhz0Ps/getUpdates "HTTP/1.1 200 OK"
2025-05-23 21:47:16,692 - httpx - INFO - HTTP Request: POST https://api.telegram.org/bot7093436536:AAEvjyOBDmUYkoOkO2zxZnzplRy8Thhz0Ps/getUpdates "HTTP/1.1 200 OK"
2025-05-23 21:47:26,778 - httpx - INFO - HTTP Request: POST https://api.telegram.org/bot7093436536:AAEvjyOBDmUYkoOkO2zxZnzplRy8Thhz0Ps/getUpdates "HTTP/1.1 200 OK"
2025-05-23 21:47:36,871 - httpx - INFO - HTTP Request: POST https://api.telegram.org/bot7093436536:AAEvjyOBDmUYkoOkO2zxZnzplRy8Thhz0Ps/getUpdates "HTTP/1.1 200 OK"
2025-05-23 21:47:46,956 - httpx - INFO - HTTP Request: POST https://api.telegram.org/bot7093436536:AAEvjyOBDmUYkoOkO2zxZnzplRy8Thhz0Ps/getUpdates "HTTP/1.1 200 OK"
2025-05-23 21:47:57,041 - httpx - INFO - HTTP Request: POST https://api.telegram.org/bot7093436536:AAEvjyOBDmUYkoOkO2zxZnzplRy8Thhz0Ps/getUpdates "HTTP/1.1 200 OK"
2025-05-23 21:48:07,127 - httpx - INFO - HTTP Request: POST https://api.telegram.org/bot7093436536:AAEvjyOBDmUYkoOkO2zxZnzplRy8Thhz0Ps/getUpdates "HTTP/1.1 200 OK"
2025-05-23 21:48:17,210 - httpx - INFO - HTTP Request: POST https://api.telegram.org/bot7093436536:AAEvjyOBDmUYkoOkO2zxZnzplRy8Thhz0Ps/getUpdates "HTTP/1.1 200 OK"
2025-05-23 21:48:27,295 - httpx - INFO - HTTP Request: POST https://api.telegram.org/bot7093436536:AAEvjyOBDmUYkoOkO2zxZnzplRy8Thhz0Ps/getUpdates "HTTP/1.1 200 OK"
2025-05-23 21:48:37,378 - httpx - INFO - HTTP Request: POST https://api.telegram.org/bot7093436536:AAEvjyOBDmUYkoOkO2zxZnzplRy8Thhz0Ps/getUpdates "HTTP/1.1 200 OK"
2025-05-23 21:48:47,462 - httpx - INFO - HTTP Request: POST https://api.telegram.org/bot7093436536:AAEvjyOBDmUYkoOkO2zxZnzplRy8Thhz0Ps/getUpdates "HTTP/1.1 200 OK"
2025-05-23 21:48:57,546 - httpx - INFO - HTTP Request: POST https://api.telegram.org/bot7093436536:AAEvjyOBDmUYkoOkO2zxZnzplRy8Thhz0Ps/getUpdates "HTTP/1.1 200 OK"
2025-05-23 21:49:07,631 - httpx - INFO - HTTP Request: POST https://api.telegram.org/bot7093436536:AAEvjyOBDmUYkoOkO2zxZnzplRy8Thhz0Ps/getUpdates "HTTP/1.1 200 OK"
2025-05-23 21:49:17,717 - httpx - INFO - HTTP Request: POST https://api.telegram.org/bot7093436536:AAEvjyOBDmUYkoOkO2zxZnzplRy8Thhz0Ps/getUpdates "HTTP/1.1 200 OK"
2025-05-23 21:49:27,800 - httpx - INFO - HTTP Request: POST https://api.telegram.org/bot7093436536:AAEvjyOBDmUYkoOkO2zxZnzplRy8Thhz0Ps/getUpdates "HTTP/1.1 200 OK"
2025-05-23 21:49:37,884 - httpx - INFO - HTTP Request: POST https://api.telegram.org/bot7093436536:AAEvjyOBDmUYkoOkO2zxZnzplRy8Thhz0Ps/getUpdates "HTTP/1.1 200 OK"
2025-05-23 21:49:47,970 - httpx - INFO - HTTP Request: POST https://api.telegram.org/bot7093436536:AAEvjyOBDmUYkoOkO2zxZnzplRy8Thhz0Ps/getUpdates "HTTP/1.1 200 OK"
2025-05-23 21:49:58,055 - httpx - INFO - HTTP Request: POST https://api.telegram.org/bot7093436536:AAEvjyOBDmUYkoOkO2zxZnzplRy8Thhz0Ps/getUpdates "HTTP/1.1 200 OK"
2025-05-23 21:50:08,140 - httpx - INFO - HTTP Request: POST https://api.telegram.org/bot7093436536:AAEvjyOBDmUYkoOkO2zxZnzplRy8Thhz0Ps/getUpdates "HTTP/1.1 200 OK"
2025-05-23 21:50:18,224 - httpx - INFO - HTTP Request: POST https://api.telegram.org/bot7093436536:AAEvjyOBDmUYkoOkO2zxZnzplRy8Thhz0Ps/getUpdates "HTTP/1.1 200 OK"
2025-05-23 21:50:28,309 - httpx - INFO - HTTP Request: POST https://api.telegram.org/bot7093436536:AAEvjyOBDmUYkoOkO2zxZnzplRy8Thhz0Ps/getUpdates "HTTP/1.1 200 OK"
2025-05-23 21:50:38,393 - httpx - INFO - HTTP Request: POST https://api.telegram.org/bot7093436536:AAEvjyOBDmUYkoOkO2zxZnzplRy8Thhz0Ps/getUpdates "HTTP/1.1 200 OK"
2025-05-23 21:50:47,966 - httpx - INFO - HTTP Request: POST https://api.telegram.org/bot7093436536:AAEvjyOBDmUYkoOkO2zxZnzplRy8Thhz0Ps/getUpdates "HTTP/1.1 200 OK"
2025-05-23 21:50:47,966 - telegram.ext.Application - INFO - Application is stopping. This might take a moment.
2025-05-23 21:50:47,966 - apscheduler.scheduler - INFO - Scheduler has been shut down
2025-05-23 21:50:47,977 - telegram.ext.Application - INFO - Application.stop() complete
2025-05-23 21:58:10,136 - httpx - INFO - HTTP Request: POST https://api.telegram.org/bot7093436536:AAEvjyOBDmUYkoOkO2zxZnzplRy8Thhz0Ps/getMe "HTTP/1.1 200 OK"
2025-05-23 21:58:10,217 - httpx - INFO - HTTP Request: POST https://api.telegram.org/bot7093436536:AAEvjyOBDmUYkoOkO2zxZnzplRy8Thhz0Ps/deleteWebhook "HTTP/1.1 200 OK"
2025-05-23 21:58:10,219 - apscheduler.scheduler - INFO - Scheduler started
2025-05-23 21:58:10,219 - telegram.ext.Application - INFO - Application started
2025-05-23 21:58:20,481 - httpx - INFO - HTTP Request: POST https://api.telegram.org/bot7093436536:AAEvjyOBDmUYkoOkO2zxZnzplRy8Thhz0Ps/getUpdates "HTTP/1.1 200 OK"
2025-05-23 21:58:30,573 - httpx - INFO - HTTP Request: POST https://api.telegram.org/bot7093436536:AAEvjyOBDmUYkoOkO2zxZnzplRy8Thhz0Ps/getUpdates "HTTP/1.1 200 OK"
2025-05-23 21:58:40,662 - httpx - INFO - HTTP Request: POST https://api.telegram.org/bot7093436536:AAEvjyOBDmUYkoOkO2zxZnzplRy8Thhz0Ps/getUpdates "HTTP/1.1 200 OK"
2025-05-23 21:58:50,750 - httpx - INFO - HTTP Request: POST https://api.telegram.org/bot7093436536:AAEvjyOBDmUYkoOkO2zxZnzplRy8Thhz0Ps/getUpdates "HTTP/1.1 200 OK"
2025-05-23 21:58:55,218 - httpx - INFO - HTTP Request: POST https://api.telegram.org/bot7093436536:AAEvjyOBDmUYkoOkO2zxZnzplRy8Thhz0Ps/getUpdates "HTTP/1.1 200 OK"
2025-05-23 21:58:55,881 - httpx - INFO - HTTP Request: POST https://api.openai.com/v1/chat/completions "HTTP/1.1 429 Too Many Requests"
2025-05-23 21:58:55,881 - openai._base_client - INFO - Retrying request to /chat/completions in 0.979906 seconds
2025-05-23 21:58:56,957 - httpx - INFO - HTTP Request: POST https://api.openai.com/v1/chat/completions "HTTP/1.1 429 Too Many Requests"
2025-05-23 21:58:56,957 - openai._base_client - INFO - Retrying request to /chat/completions in 1.886626 seconds
2025-05-23 21:58:58,934 - httpx - INFO - HTTP Request: POST https://api.openai.com/v1/chat/completions "HTTP/1.1 429 Too Many Requests"
2025-05-23 21:58:58,934 - __main__ - ERROR - OpenAI error: Error code: 429 - {'error': {'message': 'You exceeded your current quota, please check your plan and billing details. For more information on this error, read the docs: https://platform.openai.com/docs/guides/error-codes/api-errors.', 'type': 'insufficient_quota', 'param': None, 'code': 'insufficient_quota'}}
2025-05-23 21:58:59,231 - httpx - INFO - HTTP Request: POST https://api.telegram.org/bot7093436536:AAEvjyOBDmUYkoOkO2zxZnzplRy8Thhz0Ps/sendMessage "HTTP/1.1 200 OK"
2025-05-23 21:59:09,032 - httpx - INFO - HTTP Request: POST https://api.telegram.org/bot7093436536:AAEvjyOBDmUYkoOkO2zxZnzplRy8Thhz0Ps/getUpdates "HTTP/1.1 200 OK"
2025-05-23 21:59:19,120 - httpx - INFO - HTTP Request: POST https://api.telegram.org/bot7093436536:AAEvjyOBDmUYkoOkO2zxZnzplRy8Thhz0Ps/getUpdates "HTTP/1.1 200 OK"
2025-05-23 21:59:29,209 - httpx - INFO - HTTP Request: POST https://api.telegram.org/bot7093436536:AAEvjyOBDmUYkoOkO2zxZnzplRy8Thhz0Ps/getUpdates "HTTP/1.1 200 OK"
2025-05-23 21:59:39,298 - httpx - INFO - HTTP Request: POST https://api.telegram.org/bot7093436536:AAEvjyOBDmUYkoOkO2zxZnzplRy8Thhz0Ps/getUpdates "HTTP/1.1 200 OK"
2025-05-23 21:59:49,389 - httpx - INFO - HTTP Request: POST https://api.telegram.org/bot7093436536:AAEvjyOBDmUYkoOkO2zxZnzplRy8Thhz0Ps/getUpdates "HTTP/1.1 200 OK"
2025-05-23 21:59:59,481 - httpx - INFO - HTTP Request: POST https://api.telegram.org/bot7093436536:AAEvjyOBDmUYkoOkO2zxZnzplRy8Thhz0Ps/getUpdates "HTTP/1.1 200 OK"
2025-05-23 22:00:03,028 - httpx - INFO - HTTP Request: POST https://api.telegram.org/bot7093436536:AAEvjyOBDmUYkoOkO2zxZnzplRy8Thhz0Ps/getUpdates "HTTP/1.1 200 OK"
2025-05-23 22:00:03,029 - telegram.ext.Application - INFO - Application is stopping. This might take a moment.
2025-05-23 22:00:03,030 - apscheduler.scheduler - INFO - Scheduler has been shut down
2025-05-23 22:00:03,041 - telegram.ext.Application - INFO - Application.stop() complete
2025-05-23 22:11:41,095 - httpx - INFO - HTTP Request: POST https://api.telegram.org/bot7093436536:AAEvjyOBDmUYkoOkO2zxZnzplRy8Thhz0Ps/getMe "HTTP/1.1 200 OK"
2025-05-23 22:11:41,179 - httpx - INFO - HTTP Request: POST https://api.telegram.org/bot7093436536:AAEvjyOBDmUYkoOkO2zxZnzplRy8Thhz0Ps/deleteWebhook "HTTP/1.1 200 OK"
2025-05-23 22:11:41,182 - apscheduler.scheduler - INFO - Scheduler started
2025-05-23 22:11:41,182 - telegram.ext.Application - INFO - Application started
2025-05-23 22:11:45,928 - httpx - INFO - HTTP Request: POST https://api.telegram.org/bot7093436536:AAEvjyOBDmUYkoOkO2zxZnzplRy8Thhz0Ps/getUpdates "HTTP/1.1 200 OK"
2025-05-23 22:11:45,928 - telegram.ext.Application - INFO - Application is stopping. This might take a moment.
2025-05-23 22:11:45,929 - apscheduler.scheduler - INFO - Scheduler has been shut down
2025-05-23 22:11:45,939 - telegram.ext.Application - INFO - Application.stop() complete
2025-05-23 22:12:27,629 - httpx - INFO - HTTP Request: POST https://api.telegram.org/bot7093436536:AAEvjyOBDmUYkoOkO2zxZnzplRy8Thhz0Ps/getMe "HTTP/1.1 200 OK"
2025-05-23 22:12:27,715 - httpx - INFO - HTTP Request: POST https://api.telegram.org/bot7093436536:AAEvjyOBDmUYkoOkO2zxZnzplRy8Thhz0Ps/deleteWebhook "HTTP/1.1 200 OK"
2025-05-23 22:12:27,717 - apscheduler.scheduler - INFO - Scheduler started
2025-05-23 22:12:27,717 - telegram.ext.Application - INFO - Application started
2025-05-23 22:12:37,986 - httpx - INFO - HTTP Request: POST https://api.telegram.org/bot7093436536:AAEvjyOBDmUYkoOkO2zxZnzplRy8Thhz0Ps/getUpdates "HTTP/1.1 200 OK"
2025-05-23 22:12:48,077 - httpx - INFO - HTTP Request: POST https://api.telegram.org/bot7093436536:AAEvjyOBDmUYkoOkO2zxZnzplRy8Thhz0Ps/getUpdates "HTTP/1.1 200 OK"
2025-05-23 22:12:54,097 - httpx - INFO - HTTP Request: POST https://api.telegram.org/bot7093436536:AAEvjyOBDmUYkoOkO2zxZnzplRy8Thhz0Ps/getUpdates "HTTP/1.1 200 OK"
2025-05-23 22:12:54,541 - httpx - INFO - HTTP Request: POST https://api.telegram.org/bot7093436536:AAEvjyOBDmUYkoOkO2zxZnzplRy8Thhz0Ps/sendMessage "HTTP/1.1 200 OK"
2025-05-23 22:13:04,368 - httpx - INFO - HTTP Request: POST https://api.telegram.org/bot7093436536:AAEvjyOBDmUYkoOkO2zxZnzplRy8Thhz0Ps/getUpdates "HTTP/1.1 200 OK"
2025-05-23 22:13:14,460 - httpx - INFO - HTTP Request: POST https://api.telegram.org/bot7093436536:AAEvjyOBDmUYkoOkO2zxZnzplRy8Thhz0Ps/getUpdates "HTTP/1.1 200 OK"
2025-05-23 22:13:24,549 - httpx - INFO - HTTP Request: POST https://api.telegram.org/bot7093436536:AAEvjyOBDmUYkoOkO2zxZnzplRy8Thhz0Ps/getUpdates "HTTP/1.1 200 OK"
2025-05-23 22:13:28,634 - httpx - INFO - HTTP Request: POST https://api.telegram.org/bot7093436536:AAEvjyOBDmUYkoOkO2zxZnzplRy8Thhz0Ps/getUpdates "HTTP/1.1 200 OK"
2025-05-23 22:13:28,919 - httpx - INFO - HTTP Request: POST https://api.telegram.org/bot7093436536:AAEvjyOBDmUYkoOkO2zxZnzplRy8Thhz0Ps/sendMessage "HTTP/1.1 200 OK"
2025-05-23 22:13:34,259 - httpx - INFO - HTTP Request: POST https://api.telegram.org/bot7093436536:AAEvjyOBDmUYkoOkO2zxZnzplRy8Thhz0Ps/getUpdates "HTTP/1.1 200 OK"
2025-05-23 22:13:34,541 - httpx - INFO - HTTP Request: POST https://api.telegram.org/bot7093436536:AAEvjyOBDmUYkoOkO2zxZnzplRy8Thhz0Ps/sendMessage "HTTP/1.1 200 OK"
2025-05-23 22:13:39,977 - httpx - INFO - HTTP Request: POST https://api.telegram.org/bot7093436536:AAEvjyOBDmUYkoOkO2zxZnzplRy8Thhz0Ps/getUpdates "HTTP/1.1 200 OK"
2025-05-23 22:13:39,978 - telegram.ext.Application - ERROR - No error handlers are registered, logging exception.
Traceback (most recent call last):
  File "/home/ubuntu/gigi-p2p-telegram-bot/venv/lib/python3.12/site-packages/telegram/ext/_application.py", line 1234, in process_update
    await coroutine
  File "/home/ubuntu/gigi-p2p-telegram-bot/venv/lib/python3.12/site-packages/telegram/ext/_basehandler.py", line 157, in handle_update
    return await self.callback(update, context)
           ^^^^^^^^^^^^^^^^^^^^^^^^^^^^^^^^^^^^
  File "/home/ubuntu/gigi-p2p-telegram-bot/bot.py", line 315, in message_handler
    response = handle_conversation(user_id, message)
               ^^^^^^^^^^^^^^^^^^^^^^^^^^^^^^^^^^^^^
  File "/home/ubuntu/gigi-p2p-telegram-bot/bot.py", line 182, in handle_conversation
    fiat_amount = amount * rate - 0.15
                  ~~~~~~~^~~~~~
TypeError: unsupported operand type(s) for *: 'float' and 'coroutine'
2025-05-23 22:13:50,096 - httpx - INFO - HTTP Request: POST https://api.telegram.org/bot7093436536:AAEvjyOBDmUYkoOkO2zxZnzplRy8Thhz0Ps/getUpdates "HTTP/1.1 200 OK"
2025-05-23 22:14:00,187 - httpx - INFO - HTTP Request: POST https://api.telegram.org/bot7093436536:AAEvjyOBDmUYkoOkO2zxZnzplRy8Thhz0Ps/getUpdates "HTTP/1.1 200 OK"
2025-05-23 22:14:10,280 - httpx - INFO - HTTP Request: POST https://api.telegram.org/bot7093436536:AAEvjyOBDmUYkoOkO2zxZnzplRy8Thhz0Ps/getUpdates "HTTP/1.1 200 OK"
2025-05-23 22:14:20,371 - httpx - INFO - HTTP Request: POST https://api.telegram.org/bot7093436536:AAEvjyOBDmUYkoOkO2zxZnzplRy8Thhz0Ps/getUpdates "HTTP/1.1 200 OK"
2025-05-23 22:14:30,465 - httpx - INFO - HTTP Request: POST https://api.telegram.org/bot7093436536:AAEvjyOBDmUYkoOkO2zxZnzplRy8Thhz0Ps/getUpdates "HTTP/1.1 200 OK"
2025-05-23 22:14:40,566 - httpx - INFO - HTTP Request: POST https://api.telegram.org/bot7093436536:AAEvjyOBDmUYkoOkO2zxZnzplRy8Thhz0Ps/getUpdates "HTTP/1.1 200 OK"
2025-05-23 22:14:48,335 - httpx - INFO - HTTP Request: POST https://api.telegram.org/bot7093436536:AAEvjyOBDmUYkoOkO2zxZnzplRy8Thhz0Ps/getUpdates "HTTP/1.1 200 OK"
2025-05-23 22:14:48,611 - httpx - INFO - HTTP Request: POST https://api.telegram.org/bot7093436536:AAEvjyOBDmUYkoOkO2zxZnzplRy8Thhz0Ps/sendMessage "HTTP/1.1 200 OK"
2025-05-23 22:14:53,405 - httpx - INFO - HTTP Request: POST https://api.telegram.org/bot7093436536:AAEvjyOBDmUYkoOkO2zxZnzplRy8Thhz0Ps/getUpdates "HTTP/1.1 200 OK"
2025-05-23 22:14:53,406 - telegram.ext.Application - ERROR - No error handlers are registered, logging exception.
Traceback (most recent call last):
  File "/home/ubuntu/gigi-p2p-telegram-bot/venv/lib/python3.12/site-packages/telegram/ext/_application.py", line 1234, in process_update
    await coroutine
  File "/home/ubuntu/gigi-p2p-telegram-bot/venv/lib/python3.12/site-packages/telegram/ext/_basehandler.py", line 157, in handle_update
    return await self.callback(update, context)
           ^^^^^^^^^^^^^^^^^^^^^^^^^^^^^^^^^^^^
  File "/home/ubuntu/gigi-p2p-telegram-bot/bot.py", line 315, in message_handler
    response = handle_conversation(user_id, message)
               ^^^^^^^^^^^^^^^^^^^^^^^^^^^^^^^^^^^^^
  File "/home/ubuntu/gigi-p2p-telegram-bot/bot.py", line 182, in handle_conversation
    fiat_amount = amount * rate - 0.15
                  ~~~~~~~^~~~~~
TypeError: unsupported operand type(s) for *: 'float' and 'coroutine'
2025-05-23 22:15:03,499 - httpx - INFO - HTTP Request: POST https://api.telegram.org/bot7093436536:AAEvjyOBDmUYkoOkO2zxZnzplRy8Thhz0Ps/getUpdates "HTTP/1.1 200 OK"
2025-05-23 22:15:13,595 - httpx - INFO - HTTP Request: POST https://api.telegram.org/bot7093436536:AAEvjyOBDmUYkoOkO2zxZnzplRy8Thhz0Ps/getUpdates "HTTP/1.1 200 OK"
2025-05-23 22:15:23,685 - httpx - INFO - HTTP Request: POST https://api.telegram.org/bot7093436536:AAEvjyOBDmUYkoOkO2zxZnzplRy8Thhz0Ps/getUpdates "HTTP/1.1 200 OK"
2025-05-23 22:15:24,907 - httpx - INFO - HTTP Request: POST https://api.telegram.org/bot7093436536:AAEvjyOBDmUYkoOkO2zxZnzplRy8Thhz0Ps/getUpdates "HTTP/1.1 200 OK"
2025-05-23 22:15:25,329 - httpx - INFO - HTTP Request: POST https://api.telegram.org/bot7093436536:AAEvjyOBDmUYkoOkO2zxZnzplRy8Thhz0Ps/sendMessage "HTTP/1.1 200 OK"
2025-05-23 22:15:35,156 - httpx - INFO - HTTP Request: POST https://api.telegram.org/bot7093436536:AAEvjyOBDmUYkoOkO2zxZnzplRy8Thhz0Ps/getUpdates "HTTP/1.1 200 OK"
2025-05-23 22:15:36,136 - httpx - INFO - HTTP Request: POST https://api.telegram.org/bot7093436536:AAEvjyOBDmUYkoOkO2zxZnzplRy8Thhz0Ps/getUpdates "HTTP/1.1 200 OK"
2025-05-23 22:15:36,416 - httpx - INFO - HTTP Request: POST https://api.telegram.org/bot7093436536:AAEvjyOBDmUYkoOkO2zxZnzplRy8Thhz0Ps/sendMessage "HTTP/1.1 200 OK"
2025-05-23 22:15:46,231 - httpx - INFO - HTTP Request: POST https://api.telegram.org/bot7093436536:AAEvjyOBDmUYkoOkO2zxZnzplRy8Thhz0Ps/getUpdates "HTTP/1.1 200 OK"
2025-05-23 22:15:52,134 - httpx - INFO - HTTP Request: POST https://api.telegram.org/bot7093436536:AAEvjyOBDmUYkoOkO2zxZnzplRy8Thhz0Ps/getUpdates "HTTP/1.1 200 OK"
2025-05-23 22:15:52,418 - httpx - INFO - HTTP Request: POST https://api.telegram.org/bot7093436536:AAEvjyOBDmUYkoOkO2zxZnzplRy8Thhz0Ps/sendMessage "HTTP/1.1 200 OK"
2025-05-23 22:16:02,225 - httpx - INFO - HTTP Request: POST https://api.telegram.org/bot7093436536:AAEvjyOBDmUYkoOkO2zxZnzplRy8Thhz0Ps/getUpdates "HTTP/1.1 200 OK"
2025-05-23 22:16:05,104 - httpx - INFO - HTTP Request: POST https://api.telegram.org/bot7093436536:AAEvjyOBDmUYkoOkO2zxZnzplRy8Thhz0Ps/getUpdates "HTTP/1.1 200 OK"
2025-05-23 22:16:05,376 - httpx - INFO - HTTP Request: POST https://api.telegram.org/bot7093436536:AAEvjyOBDmUYkoOkO2zxZnzplRy8Thhz0Ps/sendMessage "HTTP/1.1 200 OK"
2025-05-23 22:16:15,196 - httpx - INFO - HTTP Request: POST https://api.telegram.org/bot7093436536:AAEvjyOBDmUYkoOkO2zxZnzplRy8Thhz0Ps/getUpdates "HTTP/1.1 200 OK"
2025-05-23 22:16:25,288 - httpx - INFO - HTTP Request: POST https://api.telegram.org/bot7093436536:AAEvjyOBDmUYkoOkO2zxZnzplRy8Thhz0Ps/getUpdates "HTTP/1.1 200 OK"
2025-05-23 22:16:35,377 - httpx - INFO - HTTP Request: POST https://api.telegram.org/bot7093436536:AAEvjyOBDmUYkoOkO2zxZnzplRy8Thhz0Ps/getUpdates "HTTP/1.1 200 OK"
2025-05-23 22:16:45,469 - httpx - INFO - HTTP Request: POST https://api.telegram.org/bot7093436536:AAEvjyOBDmUYkoOkO2zxZnzplRy8Thhz0Ps/getUpdates "HTTP/1.1 200 OK"
2025-05-23 22:16:55,560 - httpx - INFO - HTTP Request: POST https://api.telegram.org/bot7093436536:AAEvjyOBDmUYkoOkO2zxZnzplRy8Thhz0Ps/getUpdates "HTTP/1.1 200 OK"
2025-05-23 22:17:05,653 - httpx - INFO - HTTP Request: POST https://api.telegram.org/bot7093436536:AAEvjyOBDmUYkoOkO2zxZnzplRy8Thhz0Ps/getUpdates "HTTP/1.1 200 OK"
2025-05-23 22:17:15,749 - httpx - INFO - HTTP Request: POST https://api.telegram.org/bot7093436536:AAEvjyOBDmUYkoOkO2zxZnzplRy8Thhz0Ps/getUpdates "HTTP/1.1 200 OK"
2025-05-23 22:17:23,407 - httpx - INFO - HTTP Request: POST https://api.telegram.org/bot7093436536:AAEvjyOBDmUYkoOkO2zxZnzplRy8Thhz0Ps/getUpdates "HTTP/1.1 200 OK"
2025-05-23 22:17:23,735 - httpx - INFO - HTTP Request: POST https://api.telegram.org/bot7093436536:AAEvjyOBDmUYkoOkO2zxZnzplRy8Thhz0Ps/sendMessage "HTTP/1.1 200 OK"
2025-05-23 22:17:29,141 - httpx - INFO - HTTP Request: POST https://api.telegram.org/bot7093436536:AAEvjyOBDmUYkoOkO2zxZnzplRy8Thhz0Ps/getUpdates "HTTP/1.1 200 OK"
2025-05-23 22:17:29,143 - telegram.ext.Application - ERROR - No error handlers are registered, logging exception.
Traceback (most recent call last):
  File "/home/ubuntu/gigi-p2p-telegram-bot/venv/lib/python3.12/site-packages/telegram/ext/_application.py", line 1234, in process_update
    await coroutine
  File "/home/ubuntu/gigi-p2p-telegram-bot/venv/lib/python3.12/site-packages/telegram/ext/_basehandler.py", line 157, in handle_update
    return await self.callback(update, context)
           ^^^^^^^^^^^^^^^^^^^^^^^^^^^^^^^^^^^^
  File "/home/ubuntu/gigi-p2p-telegram-bot/bot.py", line 315, in message_handler
    response = handle_conversation(user_id, message)
               ^^^^^^^^^^^^^^^^^^^^^^^^^^^^^^^^^^^^^
  File "/home/ubuntu/gigi-p2p-telegram-bot/bot.py", line 182, in handle_conversation
    fiat_amount = amount * rate - 0.15
                  ~~~~~~~^~~~~~
TypeError: unsupported operand type(s) for *: 'float' and 'coroutine'
2025-05-23 22:17:39,236 - httpx - INFO - HTTP Request: POST https://api.telegram.org/bot7093436536:AAEvjyOBDmUYkoOkO2zxZnzplRy8Thhz0Ps/getUpdates "HTTP/1.1 200 OK"
2025-05-23 22:17:49,329 - httpx - INFO - HTTP Request: POST https://api.telegram.org/bot7093436536:AAEvjyOBDmUYkoOkO2zxZnzplRy8Thhz0Ps/getUpdates "HTTP/1.1 200 OK"
2025-05-23 22:17:59,421 - httpx - INFO - HTTP Request: POST https://api.telegram.org/bot7093436536:AAEvjyOBDmUYkoOkO2zxZnzplRy8Thhz0Ps/getUpdates "HTTP/1.1 200 OK"
2025-05-23 22:18:09,512 - httpx - INFO - HTTP Request: POST https://api.telegram.org/bot7093436536:AAEvjyOBDmUYkoOkO2zxZnzplRy8Thhz0Ps/getUpdates "HTTP/1.1 200 OK"
2025-05-23 22:18:19,613 - httpx - INFO - HTTP Request: POST https://api.telegram.org/bot7093436536:AAEvjyOBDmUYkoOkO2zxZnzplRy8Thhz0Ps/getUpdates "HTTP/1.1 200 OK"
2025-05-23 22:18:29,708 - httpx - INFO - HTTP Request: POST https://api.telegram.org/bot7093436536:AAEvjyOBDmUYkoOkO2zxZnzplRy8Thhz0Ps/getUpdates "HTTP/1.1 200 OK"
2025-05-23 22:18:39,805 - httpx - INFO - HTTP Request: POST https://api.telegram.org/bot7093436536:AAEvjyOBDmUYkoOkO2zxZnzplRy8Thhz0Ps/getUpdates "HTTP/1.1 200 OK"
2025-05-23 22:18:49,895 - httpx - INFO - HTTP Request: POST https://api.telegram.org/bot7093436536:AAEvjyOBDmUYkoOkO2zxZnzplRy8Thhz0Ps/getUpdates "HTTP/1.1 200 OK"
2025-05-23 22:18:59,990 - httpx - INFO - HTTP Request: POST https://api.telegram.org/bot7093436536:AAEvjyOBDmUYkoOkO2zxZnzplRy8Thhz0Ps/getUpdates "HTTP/1.1 200 OK"
2025-05-23 22:19:10,083 - httpx - INFO - HTTP Request: POST https://api.telegram.org/bot7093436536:AAEvjyOBDmUYkoOkO2zxZnzplRy8Thhz0Ps/getUpdates "HTTP/1.1 200 OK"
2025-05-23 22:19:20,178 - httpx - INFO - HTTP Request: POST https://api.telegram.org/bot7093436536:AAEvjyOBDmUYkoOkO2zxZnzplRy8Thhz0Ps/getUpdates "HTTP/1.1 200 OK"
2025-05-23 22:19:30,272 - httpx - INFO - HTTP Request: POST https://api.telegram.org/bot7093436536:AAEvjyOBDmUYkoOkO2zxZnzplRy8Thhz0Ps/getUpdates "HTTP/1.1 200 OK"
2025-05-23 22:19:40,362 - httpx - INFO - HTTP Request: POST https://api.telegram.org/bot7093436536:AAEvjyOBDmUYkoOkO2zxZnzplRy8Thhz0Ps/getUpdates "HTTP/1.1 200 OK"
2025-05-23 22:19:50,460 - httpx - INFO - HTTP Request: POST https://api.telegram.org/bot7093436536:AAEvjyOBDmUYkoOkO2zxZnzplRy8Thhz0Ps/getUpdates "HTTP/1.1 200 OK"
2025-05-23 22:19:58,201 - httpx - INFO - HTTP Request: POST https://api.telegram.org/bot7093436536:AAEvjyOBDmUYkoOkO2zxZnzplRy8Thhz0Ps/getUpdates "HTTP/1.1 200 OK"
2025-05-23 22:19:58,202 - telegram.ext.Application - INFO - Application is stopping. This might take a moment.
2025-05-23 22:19:58,203 - apscheduler.scheduler - INFO - Scheduler has been shut down
2025-05-23 22:19:58,213 - telegram.ext.Application - INFO - Application.stop() complete
2025-05-23 22:20:55,114 - httpx - INFO - HTTP Request: POST https://api.telegram.org/bot7093436536:AAEvjyOBDmUYkoOkO2zxZnzplRy8Thhz0Ps/getMe "HTTP/1.1 200 OK"
2025-05-23 22:20:55,201 - httpx - INFO - HTTP Request: POST https://api.telegram.org/bot7093436536:AAEvjyOBDmUYkoOkO2zxZnzplRy8Thhz0Ps/deleteWebhook "HTTP/1.1 200 OK"
2025-05-23 22:20:55,203 - apscheduler.scheduler - INFO - Scheduler started
2025-05-23 22:20:55,203 - telegram.ext.Application - INFO - Application started
2025-05-23 22:21:05,467 - httpx - INFO - HTTP Request: POST https://api.telegram.org/bot7093436536:AAEvjyOBDmUYkoOkO2zxZnzplRy8Thhz0Ps/getUpdates "HTTP/1.1 200 OK"
2025-05-23 22:21:15,557 - httpx - INFO - HTTP Request: POST https://api.telegram.org/bot7093436536:AAEvjyOBDmUYkoOkO2zxZnzplRy8Thhz0Ps/getUpdates "HTTP/1.1 200 OK"
2025-05-23 22:21:25,646 - httpx - INFO - HTTP Request: POST https://api.telegram.org/bot7093436536:AAEvjyOBDmUYkoOkO2zxZnzplRy8Thhz0Ps/getUpdates "HTTP/1.1 200 OK"
2025-05-23 22:21:35,735 - httpx - INFO - HTTP Request: POST https://api.telegram.org/bot7093436536:AAEvjyOBDmUYkoOkO2zxZnzplRy8Thhz0Ps/getUpdates "HTTP/1.1 200 OK"
2025-05-23 22:21:45,822 - httpx - INFO - HTTP Request: POST https://api.telegram.org/bot7093436536:AAEvjyOBDmUYkoOkO2zxZnzplRy8Thhz0Ps/getUpdates "HTTP/1.1 200 OK"
2025-05-23 22:21:55,910 - httpx - INFO - HTTP Request: POST https://api.telegram.org/bot7093436536:AAEvjyOBDmUYkoOkO2zxZnzplRy8Thhz0Ps/getUpdates "HTTP/1.1 200 OK"
2025-05-23 22:22:05,999 - httpx - INFO - HTTP Request: POST https://api.telegram.org/bot7093436536:AAEvjyOBDmUYkoOkO2zxZnzplRy8Thhz0Ps/getUpdates "HTTP/1.1 200 OK"
2025-05-23 22:22:16,093 - httpx - INFO - HTTP Request: POST https://api.telegram.org/bot7093436536:AAEvjyOBDmUYkoOkO2zxZnzplRy8Thhz0Ps/getUpdates "HTTP/1.1 200 OK"
2025-05-23 22:22:26,180 - httpx - INFO - HTTP Request: POST https://api.telegram.org/bot7093436536:AAEvjyOBDmUYkoOkO2zxZnzplRy8Thhz0Ps/getUpdates "HTTP/1.1 200 OK"
2025-05-23 22:22:36,271 - httpx - INFO - HTTP Request: POST https://api.telegram.org/bot7093436536:AAEvjyOBDmUYkoOkO2zxZnzplRy8Thhz0Ps/getUpdates "HTTP/1.1 200 OK"
2025-05-23 22:22:46,358 - httpx - INFO - HTTP Request: POST https://api.telegram.org/bot7093436536:AAEvjyOBDmUYkoOkO2zxZnzplRy8Thhz0Ps/getUpdates "HTTP/1.1 200 OK"
2025-05-23 22:22:56,444 - httpx - INFO - HTTP Request: POST https://api.telegram.org/bot7093436536:AAEvjyOBDmUYkoOkO2zxZnzplRy8Thhz0Ps/getUpdates "HTTP/1.1 200 OK"
2025-05-23 22:23:06,531 - httpx - INFO - HTTP Request: POST https://api.telegram.org/bot7093436536:AAEvjyOBDmUYkoOkO2zxZnzplRy8Thhz0Ps/getUpdates "HTTP/1.1 200 OK"
2025-05-23 22:23:16,621 - httpx - INFO - HTTP Request: POST https://api.telegram.org/bot7093436536:AAEvjyOBDmUYkoOkO2zxZnzplRy8Thhz0Ps/getUpdates "HTTP/1.1 200 OK"
2025-05-23 22:23:26,716 - httpx - INFO - HTTP Request: POST https://api.telegram.org/bot7093436536:AAEvjyOBDmUYkoOkO2zxZnzplRy8Thhz0Ps/getUpdates "HTTP/1.1 200 OK"
2025-05-23 22:23:36,809 - httpx - INFO - HTTP Request: POST https://api.telegram.org/bot7093436536:AAEvjyOBDmUYkoOkO2zxZnzplRy8Thhz0Ps/getUpdates "HTTP/1.1 200 OK"
2025-05-23 22:23:46,900 - httpx - INFO - HTTP Request: POST https://api.telegram.org/bot7093436536:AAEvjyOBDmUYkoOkO2zxZnzplRy8Thhz0Ps/getUpdates "HTTP/1.1 200 OK"
2025-05-23 22:23:56,988 - httpx - INFO - HTTP Request: POST https://api.telegram.org/bot7093436536:AAEvjyOBDmUYkoOkO2zxZnzplRy8Thhz0Ps/getUpdates "HTTP/1.1 200 OK"
2025-05-23 22:24:07,074 - httpx - INFO - HTTP Request: POST https://api.telegram.org/bot7093436536:AAEvjyOBDmUYkoOkO2zxZnzplRy8Thhz0Ps/getUpdates "HTTP/1.1 200 OK"
2025-05-23 22:24:17,166 - httpx - INFO - HTTP Request: POST https://api.telegram.org/bot7093436536:AAEvjyOBDmUYkoOkO2zxZnzplRy8Thhz0Ps/getUpdates "HTTP/1.1 200 OK"
2025-05-23 22:24:27,253 - httpx - INFO - HTTP Request: POST https://api.telegram.org/bot7093436536:AAEvjyOBDmUYkoOkO2zxZnzplRy8Thhz0Ps/getUpdates "HTTP/1.1 200 OK"
2025-05-23 22:24:37,339 - httpx - INFO - HTTP Request: POST https://api.telegram.org/bot7093436536:AAEvjyOBDmUYkoOkO2zxZnzplRy8Thhz0Ps/getUpdates "HTTP/1.1 200 OK"
2025-05-23 22:24:47,425 - httpx - INFO - HTTP Request: POST https://api.telegram.org/bot7093436536:AAEvjyOBDmUYkoOkO2zxZnzplRy8Thhz0Ps/getUpdates "HTTP/1.1 200 OK"
2025-05-23 22:24:57,513 - httpx - INFO - HTTP Request: POST https://api.telegram.org/bot7093436536:AAEvjyOBDmUYkoOkO2zxZnzplRy8Thhz0Ps/getUpdates "HTTP/1.1 200 OK"
2025-05-23 22:25:07,600 - httpx - INFO - HTTP Request: POST https://api.telegram.org/bot7093436536:AAEvjyOBDmUYkoOkO2zxZnzplRy8Thhz0Ps/getUpdates "HTTP/1.1 200 OK"
2025-05-23 22:25:17,692 - httpx - INFO - HTTP Request: POST https://api.telegram.org/bot7093436536:AAEvjyOBDmUYkoOkO2zxZnzplRy8Thhz0Ps/getUpdates "HTTP/1.1 200 OK"
2025-05-23 22:25:27,778 - httpx - INFO - HTTP Request: POST https://api.telegram.org/bot7093436536:AAEvjyOBDmUYkoOkO2zxZnzplRy8Thhz0Ps/getUpdates "HTTP/1.1 200 OK"
2025-05-23 22:25:37,867 - httpx - INFO - HTTP Request: POST https://api.telegram.org/bot7093436536:AAEvjyOBDmUYkoOkO2zxZnzplRy8Thhz0Ps/getUpdates "HTTP/1.1 200 OK"
2025-05-23 22:25:47,954 - httpx - INFO - HTTP Request: POST https://api.telegram.org/bot7093436536:AAEvjyOBDmUYkoOkO2zxZnzplRy8Thhz0Ps/getUpdates "HTTP/1.1 200 OK"
2025-05-23 22:25:58,043 - httpx - INFO - HTTP Request: POST https://api.telegram.org/bot7093436536:AAEvjyOBDmUYkoOkO2zxZnzplRy8Thhz0Ps/getUpdates "HTTP/1.1 200 OK"
2025-05-23 22:26:08,135 - httpx - INFO - HTTP Request: POST https://api.telegram.org/bot7093436536:AAEvjyOBDmUYkoOkO2zxZnzplRy8Thhz0Ps/getUpdates "HTTP/1.1 200 OK"
2025-05-23 22:26:18,221 - httpx - INFO - HTTP Request: POST https://api.telegram.org/bot7093436536:AAEvjyOBDmUYkoOkO2zxZnzplRy8Thhz0Ps/getUpdates "HTTP/1.1 200 OK"
2025-05-23 22:26:28,307 - httpx - INFO - HTTP Request: POST https://api.telegram.org/bot7093436536:AAEvjyOBDmUYkoOkO2zxZnzplRy8Thhz0Ps/getUpdates "HTTP/1.1 200 OK"
2025-05-23 22:26:38,397 - httpx - INFO - HTTP Request: POST https://api.telegram.org/bot7093436536:AAEvjyOBDmUYkoOkO2zxZnzplRy8Thhz0Ps/getUpdates "HTTP/1.1 200 OK"
2025-05-23 22:26:48,485 - httpx - INFO - HTTP Request: POST https://api.telegram.org/bot7093436536:AAEvjyOBDmUYkoOkO2zxZnzplRy8Thhz0Ps/getUpdates "HTTP/1.1 200 OK"
2025-05-23 22:26:58,572 - httpx - INFO - HTTP Request: POST https://api.telegram.org/bot7093436536:AAEvjyOBDmUYkoOkO2zxZnzplRy8Thhz0Ps/getUpdates "HTTP/1.1 200 OK"
2025-05-23 22:27:08,659 - httpx - INFO - HTTP Request: POST https://api.telegram.org/bot7093436536:AAEvjyOBDmUYkoOkO2zxZnzplRy8Thhz0Ps/getUpdates "HTTP/1.1 200 OK"
2025-05-23 22:27:18,747 - httpx - INFO - HTTP Request: POST https://api.telegram.org/bot7093436536:AAEvjyOBDmUYkoOkO2zxZnzplRy8Thhz0Ps/getUpdates "HTTP/1.1 200 OK"
2025-05-23 22:27:28,837 - httpx - INFO - HTTP Request: POST https://api.telegram.org/bot7093436536:AAEvjyOBDmUYkoOkO2zxZnzplRy8Thhz0Ps/getUpdates "HTTP/1.1 200 OK"
2025-05-23 22:27:38,925 - httpx - INFO - HTTP Request: POST https://api.telegram.org/bot7093436536:AAEvjyOBDmUYkoOkO2zxZnzplRy8Thhz0Ps/getUpdates "HTTP/1.1 200 OK"
2025-05-23 22:27:49,013 - httpx - INFO - HTTP Request: POST https://api.telegram.org/bot7093436536:AAEvjyOBDmUYkoOkO2zxZnzplRy8Thhz0Ps/getUpdates "HTTP/1.1 200 OK"
2025-05-23 22:27:59,103 - httpx - INFO - HTTP Request: POST https://api.telegram.org/bot7093436536:AAEvjyOBDmUYkoOkO2zxZnzplRy8Thhz0Ps/getUpdates "HTTP/1.1 200 OK"
2025-05-23 22:28:09,190 - httpx - INFO - HTTP Request: POST https://api.telegram.org/bot7093436536:AAEvjyOBDmUYkoOkO2zxZnzplRy8Thhz0Ps/getUpdates "HTTP/1.1 200 OK"
2025-05-23 22:28:19,277 - httpx - INFO - HTTP Request: POST https://api.telegram.org/bot7093436536:AAEvjyOBDmUYkoOkO2zxZnzplRy8Thhz0Ps/getUpdates "HTTP/1.1 200 OK"
2025-05-23 22:28:25,338 - httpx - INFO - HTTP Request: POST https://api.telegram.org/bot7093436536:AAEvjyOBDmUYkoOkO2zxZnzplRy8Thhz0Ps/getUpdates "HTTP/1.1 200 OK"
2025-05-23 22:28:25,339 - telegram.ext.Application - INFO - Application is stopping. This might take a moment.
2025-05-23 22:28:25,339 - apscheduler.scheduler - INFO - Scheduler has been shut down
2025-05-23 22:28:25,349 - telegram.ext.Application - INFO - Application.stop() complete
2025-05-23 22:41:33,310 - httpx - INFO - HTTP Request: POST https://api.telegram.org/bot7093436536:AAEvjyOBDmUYkoOkO2zxZnzplRy8Thhz0Ps/getMe "HTTP/1.1 200 OK"
2025-05-23 22:41:33,390 - httpx - INFO - HTTP Request: POST https://api.telegram.org/bot7093436536:AAEvjyOBDmUYkoOkO2zxZnzplRy8Thhz0Ps/deleteWebhook "HTTP/1.1 200 OK"
2025-05-23 22:41:33,392 - apscheduler.scheduler - INFO - Scheduler started
2025-05-23 22:41:33,393 - telegram.ext.Application - INFO - Application started
2025-05-23 22:41:43,656 - httpx - INFO - HTTP Request: POST https://api.telegram.org/bot7093436536:AAEvjyOBDmUYkoOkO2zxZnzplRy8Thhz0Ps/getUpdates "HTTP/1.1 200 OK"
2025-05-23 22:41:53,746 - httpx - INFO - HTTP Request: POST https://api.telegram.org/bot7093436536:AAEvjyOBDmUYkoOkO2zxZnzplRy8Thhz0Ps/getUpdates "HTTP/1.1 200 OK"
2025-05-23 22:42:01,944 - httpx - INFO - HTTP Request: POST https://api.telegram.org/bot7093436536:AAEvjyOBDmUYkoOkO2zxZnzplRy8Thhz0Ps/getUpdates "HTTP/1.1 200 OK"
2025-05-23 22:42:02,399 - httpx - INFO - HTTP Request: POST https://api.telegram.org/bot7093436536:AAEvjyOBDmUYkoOkO2zxZnzplRy8Thhz0Ps/sendMessage "HTTP/1.1 200 OK"
2025-05-23 22:42:12,201 - httpx - INFO - HTTP Request: POST https://api.telegram.org/bot7093436536:AAEvjyOBDmUYkoOkO2zxZnzplRy8Thhz0Ps/getUpdates "HTTP/1.1 200 OK"
2025-05-23 22:42:22,289 - httpx - INFO - HTTP Request: POST https://api.telegram.org/bot7093436536:AAEvjyOBDmUYkoOkO2zxZnzplRy8Thhz0Ps/getUpdates "HTTP/1.1 200 OK"
2025-05-23 22:42:32,377 - httpx - INFO - HTTP Request: POST https://api.telegram.org/bot7093436536:AAEvjyOBDmUYkoOkO2zxZnzplRy8Thhz0Ps/getUpdates "HTTP/1.1 200 OK"
2025-05-23 22:42:42,465 - httpx - INFO - HTTP Request: POST https://api.telegram.org/bot7093436536:AAEvjyOBDmUYkoOkO2zxZnzplRy8Thhz0Ps/getUpdates "HTTP/1.1 200 OK"
2025-05-23 22:42:49,432 - httpx - INFO - HTTP Request: POST https://api.telegram.org/bot7093436536:AAEvjyOBDmUYkoOkO2zxZnzplRy8Thhz0Ps/getUpdates "HTTP/1.1 200 OK"
2025-05-23 22:42:49,772 - httpx - INFO - HTTP Request: POST https://api.telegram.org/bot7093436536:AAEvjyOBDmUYkoOkO2zxZnzplRy8Thhz0Ps/sendMessage "HTTP/1.1 200 OK"
2025-05-23 22:42:59,529 - httpx - INFO - HTTP Request: POST https://api.telegram.org/bot7093436536:AAEvjyOBDmUYkoOkO2zxZnzplRy8Thhz0Ps/getUpdates "HTTP/1.1 200 OK"
2025-05-23 22:43:09,618 - httpx - INFO - HTTP Request: POST https://api.telegram.org/bot7093436536:AAEvjyOBDmUYkoOkO2zxZnzplRy8Thhz0Ps/getUpdates "HTTP/1.1 200 OK"
2025-05-23 22:43:19,709 - httpx - INFO - HTTP Request: POST https://api.telegram.org/bot7093436536:AAEvjyOBDmUYkoOkO2zxZnzplRy8Thhz0Ps/getUpdates "HTTP/1.1 200 OK"
2025-05-23 22:43:29,806 - httpx - INFO - HTTP Request: POST https://api.telegram.org/bot7093436536:AAEvjyOBDmUYkoOkO2zxZnzplRy8Thhz0Ps/getUpdates "HTTP/1.1 200 OK"
2025-05-23 22:43:39,896 - httpx - INFO - HTTP Request: POST https://api.telegram.org/bot7093436536:AAEvjyOBDmUYkoOkO2zxZnzplRy8Thhz0Ps/getUpdates "HTTP/1.1 200 OK"
2025-05-23 22:43:49,992 - httpx - INFO - HTTP Request: POST https://api.telegram.org/bot7093436536:AAEvjyOBDmUYkoOkO2zxZnzplRy8Thhz0Ps/getUpdates "HTTP/1.1 200 OK"
2025-05-23 22:44:00,080 - httpx - INFO - HTTP Request: POST https://api.telegram.org/bot7093436536:AAEvjyOBDmUYkoOkO2zxZnzplRy8Thhz0Ps/getUpdates "HTTP/1.1 200 OK"
2025-05-23 22:44:10,169 - httpx - INFO - HTTP Request: POST https://api.telegram.org/bot7093436536:AAEvjyOBDmUYkoOkO2zxZnzplRy8Thhz0Ps/getUpdates "HTTP/1.1 200 OK"
2025-05-23 22:44:20,257 - httpx - INFO - HTTP Request: POST https://api.telegram.org/bot7093436536:AAEvjyOBDmUYkoOkO2zxZnzplRy8Thhz0Ps/getUpdates "HTTP/1.1 200 OK"
2025-05-23 22:44:30,371 - httpx - INFO - HTTP Request: POST https://api.telegram.org/bot7093436536:AAEvjyOBDmUYkoOkO2zxZnzplRy8Thhz0Ps/getUpdates "HTTP/1.1 200 OK"
2025-05-23 22:44:40,465 - httpx - INFO - HTTP Request: POST https://api.telegram.org/bot7093436536:AAEvjyOBDmUYkoOkO2zxZnzplRy8Thhz0Ps/getUpdates "HTTP/1.1 200 OK"
2025-05-23 22:44:50,553 - httpx - INFO - HTTP Request: POST https://api.telegram.org/bot7093436536:AAEvjyOBDmUYkoOkO2zxZnzplRy8Thhz0Ps/getUpdates "HTTP/1.1 200 OK"
2025-05-23 22:45:00,642 - httpx - INFO - HTTP Request: POST https://api.telegram.org/bot7093436536:AAEvjyOBDmUYkoOkO2zxZnzplRy8Thhz0Ps/getUpdates "HTTP/1.1 200 OK"
2025-05-23 22:45:10,730 - httpx - INFO - HTTP Request: POST https://api.telegram.org/bot7093436536:AAEvjyOBDmUYkoOkO2zxZnzplRy8Thhz0Ps/getUpdates "HTTP/1.1 200 OK"
2025-05-23 22:45:16,663 - httpx - INFO - HTTP Request: POST https://api.telegram.org/bot7093436536:AAEvjyOBDmUYkoOkO2zxZnzplRy8Thhz0Ps/getUpdates "HTTP/1.1 200 OK"
2025-05-23 22:45:17,137 - httpx - INFO - HTTP Request: POST https://api.telegram.org/bot7093436536:AAEvjyOBDmUYkoOkO2zxZnzplRy8Thhz0Ps/sendMessage "HTTP/1.1 200 OK"
2025-05-23 22:45:26,949 - httpx - INFO - HTTP Request: POST https://api.telegram.org/bot7093436536:AAEvjyOBDmUYkoOkO2zxZnzplRy8Thhz0Ps/getUpdates "HTTP/1.1 200 OK"
2025-05-23 22:45:29,741 - httpx - INFO - HTTP Request: POST https://api.telegram.org/bot7093436536:AAEvjyOBDmUYkoOkO2zxZnzplRy8Thhz0Ps/getUpdates "HTTP/1.1 200 OK"
2025-05-23 22:45:30,439 - httpx - INFO - HTTP Request: POST https://api.telegram.org/bot7093436536:AAEvjyOBDmUYkoOkO2zxZnzplRy8Thhz0Ps/sendMessage "HTTP/1.1 200 OK"
2025-05-23 22:45:38,106 - httpx - INFO - HTTP Request: POST https://api.telegram.org/bot7093436536:AAEvjyOBDmUYkoOkO2zxZnzplRy8Thhz0Ps/getUpdates "HTTP/1.1 200 OK"
2025-05-23 22:45:38,392 - httpx - INFO - HTTP Request: POST https://api.telegram.org/bot7093436536:AAEvjyOBDmUYkoOkO2zxZnzplRy8Thhz0Ps/sendMessage "HTTP/1.1 200 OK"
2025-05-23 22:45:45,512 - httpx - INFO - HTTP Request: POST https://api.telegram.org/bot7093436536:AAEvjyOBDmUYkoOkO2zxZnzplRy8Thhz0Ps/getUpdates "HTTP/1.1 200 OK"
2025-05-23 22:45:45,783 - httpx - INFO - HTTP Request: POST https://api.telegram.org/bot7093436536:AAEvjyOBDmUYkoOkO2zxZnzplRy8Thhz0Ps/sendMessage "HTTP/1.1 200 OK"
2025-05-23 22:45:50,808 - httpx - INFO - HTTP Request: POST https://api.telegram.org/bot7093436536:AAEvjyOBDmUYkoOkO2zxZnzplRy8Thhz0Ps/getUpdates "HTTP/1.1 200 OK"
2025-05-23 22:45:51,087 - httpx - INFO - HTTP Request: POST https://api.telegram.org/bot7093436536:AAEvjyOBDmUYkoOkO2zxZnzplRy8Thhz0Ps/sendMessage "HTTP/1.1 200 OK"
2025-05-23 22:46:00,898 - httpx - INFO - HTTP Request: POST https://api.telegram.org/bot7093436536:AAEvjyOBDmUYkoOkO2zxZnzplRy8Thhz0Ps/getUpdates "HTTP/1.1 200 OK"
2025-05-23 22:46:02,061 - httpx - INFO - HTTP Request: POST https://api.telegram.org/bot7093436536:AAEvjyOBDmUYkoOkO2zxZnzplRy8Thhz0Ps/getUpdates "HTTP/1.1 200 OK"
2025-05-23 22:46:02,335 - httpx - INFO - HTTP Request: POST https://api.telegram.org/bot7093436536:AAEvjyOBDmUYkoOkO2zxZnzplRy8Thhz0Ps/sendMessage "HTTP/1.1 200 OK"
2025-05-23 22:46:10,973 - httpx - INFO - HTTP Request: POST https://api.telegram.org/bot7093436536:AAEvjyOBDmUYkoOkO2zxZnzplRy8Thhz0Ps/getUpdates "HTTP/1.1 200 OK"
2025-05-23 22:46:10,975 - telegram.ext.Application - ERROR - No error handlers are registered, logging exception.
Traceback (most recent call last):
  File "/home/ubuntu/gigi-p2p-telegram-bot/venv/lib/python3.12/site-packages/telegram/ext/_application.py", line 1234, in process_update
    await coroutine
  File "/home/ubuntu/gigi-p2p-telegram-bot/venv/lib/python3.12/site-packages/telegram/ext/_basehandler.py", line 157, in handle_update
    return await self.callback(update, context)
           ^^^^^^^^^^^^^^^^^^^^^^^^^^^^^^^^^^^^
  File "/home/ubuntu/gigi-p2p-telegram-bot/bot.py", line 698, in message_handler
    response = await handle_conversation(user_id, message)
               ^^^^^^^^^^^^^^^^^^^^^^^^^^^^^^^^^^^^^^^^^^^
  File "/home/ubuntu/gigi-p2p-telegram-bot/bot.py", line 513, in handle_conversation
    return "I’m here to help! You can buy/sell crypto, check prices, see charts, or connect your wallet. Pick an action: " + InlineKeyboardMarkup(keyboard)
           ~~~~~~~~~~~~~~~~~~~~~~~~~~~~~~~~~~~~~~~~~~~~~~~~~~~~~~~~~~~~~~~~~~~~~~~~~~~~~~~~~~~~~~~~~~~~~~~~~~~~~~~~~~~~~~~~^~~~~~~~~~~~~~~~~~~~~~~~~~~~~~~~
TypeError: can only concatenate str (not "InlineKeyboardMarkup") to str
2025-05-23 22:46:21,066 - httpx - INFO - HTTP Request: POST https://api.telegram.org/bot7093436536:AAEvjyOBDmUYkoOkO2zxZnzplRy8Thhz0Ps/getUpdates "HTTP/1.1 200 OK"
2025-05-23 22:46:31,174 - httpx - INFO - HTTP Request: POST https://api.telegram.org/bot7093436536:AAEvjyOBDmUYkoOkO2zxZnzplRy8Thhz0Ps/getUpdates "HTTP/1.1 200 OK"
2025-05-23 22:46:41,262 - httpx - INFO - HTTP Request: POST https://api.telegram.org/bot7093436536:AAEvjyOBDmUYkoOkO2zxZnzplRy8Thhz0Ps/getUpdates "HTTP/1.1 200 OK"
2025-05-23 22:46:51,351 - httpx - INFO - HTTP Request: POST https://api.telegram.org/bot7093436536:AAEvjyOBDmUYkoOkO2zxZnzplRy8Thhz0Ps/getUpdates "HTTP/1.1 200 OK"
2025-05-23 22:47:01,440 - httpx - INFO - HTTP Request: POST https://api.telegram.org/bot7093436536:AAEvjyOBDmUYkoOkO2zxZnzplRy8Thhz0Ps/getUpdates "HTTP/1.1 200 OK"
2025-05-23 22:47:11,531 - httpx - INFO - HTTP Request: POST https://api.telegram.org/bot7093436536:AAEvjyOBDmUYkoOkO2zxZnzplRy8Thhz0Ps/getUpdates "HTTP/1.1 200 OK"
2025-05-23 22:47:21,619 - httpx - INFO - HTTP Request: POST https://api.telegram.org/bot7093436536:AAEvjyOBDmUYkoOkO2zxZnzplRy8Thhz0Ps/getUpdates "HTTP/1.1 200 OK"
2025-05-23 22:47:31,715 - httpx - INFO - HTTP Request: POST https://api.telegram.org/bot7093436536:AAEvjyOBDmUYkoOkO2zxZnzplRy8Thhz0Ps/getUpdates "HTTP/1.1 200 OK"
2025-05-23 22:47:41,812 - httpx - INFO - HTTP Request: POST https://api.telegram.org/bot7093436536:AAEvjyOBDmUYkoOkO2zxZnzplRy8Thhz0Ps/getUpdates "HTTP/1.1 200 OK"
2025-05-23 22:47:51,903 - httpx - INFO - HTTP Request: POST https://api.telegram.org/bot7093436536:AAEvjyOBDmUYkoOkO2zxZnzplRy8Thhz0Ps/getUpdates "HTTP/1.1 200 OK"
2025-05-23 22:48:01,993 - httpx - INFO - HTTP Request: POST https://api.telegram.org/bot7093436536:AAEvjyOBDmUYkoOkO2zxZnzplRy8Thhz0Ps/getUpdates "HTTP/1.1 200 OK"
2025-05-23 22:48:12,081 - httpx - INFO - HTTP Request: POST https://api.telegram.org/bot7093436536:AAEvjyOBDmUYkoOkO2zxZnzplRy8Thhz0Ps/getUpdates "HTTP/1.1 200 OK"
2025-05-23 22:48:22,173 - httpx - INFO - HTTP Request: POST https://api.telegram.org/bot7093436536:AAEvjyOBDmUYkoOkO2zxZnzplRy8Thhz0Ps/getUpdates "HTTP/1.1 200 OK"
2025-05-23 22:48:32,261 - httpx - INFO - HTTP Request: POST https://api.telegram.org/bot7093436536:AAEvjyOBDmUYkoOkO2zxZnzplRy8Thhz0Ps/getUpdates "HTTP/1.1 200 OK"
2025-05-23 22:48:42,349 - httpx - INFO - HTTP Request: POST https://api.telegram.org/bot7093436536:AAEvjyOBDmUYkoOkO2zxZnzplRy8Thhz0Ps/getUpdates "HTTP/1.1 200 OK"
2025-05-23 22:48:52,442 - httpx - INFO - HTTP Request: POST https://api.telegram.org/bot7093436536:AAEvjyOBDmUYkoOkO2zxZnzplRy8Thhz0Ps/getUpdates "HTTP/1.1 200 OK"
2025-05-23 22:49:02,532 - httpx - INFO - HTTP Request: POST https://api.telegram.org/bot7093436536:AAEvjyOBDmUYkoOkO2zxZnzplRy8Thhz0Ps/getUpdates "HTTP/1.1 200 OK"
2025-05-23 22:49:12,620 - httpx - INFO - HTTP Request: POST https://api.telegram.org/bot7093436536:AAEvjyOBDmUYkoOkO2zxZnzplRy8Thhz0Ps/getUpdates "HTTP/1.1 200 OK"
2025-05-23 22:49:22,707 - httpx - INFO - HTTP Request: POST https://api.telegram.org/bot7093436536:AAEvjyOBDmUYkoOkO2zxZnzplRy8Thhz0Ps/getUpdates "HTTP/1.1 200 OK"
2025-05-23 22:49:32,797 - httpx - INFO - HTTP Request: POST https://api.telegram.org/bot7093436536:AAEvjyOBDmUYkoOkO2zxZnzplRy8Thhz0Ps/getUpdates "HTTP/1.1 200 OK"
2025-05-23 22:49:42,892 - httpx - INFO - HTTP Request: POST https://api.telegram.org/bot7093436536:AAEvjyOBDmUYkoOkO2zxZnzplRy8Thhz0Ps/getUpdates "HTTP/1.1 200 OK"
2025-05-23 22:49:52,980 - httpx - INFO - HTTP Request: POST https://api.telegram.org/bot7093436536:AAEvjyOBDmUYkoOkO2zxZnzplRy8Thhz0Ps/getUpdates "HTTP/1.1 200 OK"
2025-05-23 22:50:03,072 - httpx - INFO - HTTP Request: POST https://api.telegram.org/bot7093436536:AAEvjyOBDmUYkoOkO2zxZnzplRy8Thhz0Ps/getUpdates "HTTP/1.1 200 OK"
2025-05-23 22:50:13,161 - httpx - INFO - HTTP Request: POST https://api.telegram.org/bot7093436536:AAEvjyOBDmUYkoOkO2zxZnzplRy8Thhz0Ps/getUpdates "HTTP/1.1 200 OK"
2025-05-23 22:50:23,249 - httpx - INFO - HTTP Request: POST https://api.telegram.org/bot7093436536:AAEvjyOBDmUYkoOkO2zxZnzplRy8Thhz0Ps/getUpdates "HTTP/1.1 200 OK"
2025-05-23 22:50:27,969 - httpx - INFO - HTTP Request: POST https://api.telegram.org/bot7093436536:AAEvjyOBDmUYkoOkO2zxZnzplRy8Thhz0Ps/getUpdates "HTTP/1.1 200 OK"
2025-05-23 22:50:27,970 - telegram.ext.Application - INFO - Application is stopping. This might take a moment.
2025-05-23 22:50:27,970 - apscheduler.scheduler - INFO - Scheduler has been shut down
2025-05-23 22:50:27,981 - telegram.ext.Application - INFO - Application.stop() complete
2025-05-23 23:03:34,017 - httpx - INFO - HTTP Request: POST https://api.telegram.org/bot7093436536:AAEvjyOBDmUYkoOkO2zxZnzplRy8Thhz0Ps/getMe "HTTP/1.1 200 OK"
2025-05-23 23:03:34,101 - httpx - INFO - HTTP Request: POST https://api.telegram.org/bot7093436536:AAEvjyOBDmUYkoOkO2zxZnzplRy8Thhz0Ps/deleteWebhook "HTTP/1.1 200 OK"
2025-05-23 23:03:34,103 - apscheduler.scheduler - INFO - Scheduler started
2025-05-23 23:03:34,103 - telegram.ext.Application - INFO - Application started
2025-05-23 23:03:44,344 - httpx - INFO - HTTP Request: POST https://api.telegram.org/bot7093436536:AAEvjyOBDmUYkoOkO2zxZnzplRy8Thhz0Ps/getUpdates "HTTP/1.1 200 OK"
2025-05-23 23:03:54,426 - httpx - INFO - HTTP Request: POST https://api.telegram.org/bot7093436536:AAEvjyOBDmUYkoOkO2zxZnzplRy8Thhz0Ps/getUpdates "HTTP/1.1 200 OK"
2025-05-23 23:04:04,510 - httpx - INFO - HTTP Request: POST https://api.telegram.org/bot7093436536:AAEvjyOBDmUYkoOkO2zxZnzplRy8Thhz0Ps/getUpdates "HTTP/1.1 200 OK"
2025-05-23 23:04:08,633 - httpx - INFO - HTTP Request: POST https://api.telegram.org/bot7093436536:AAEvjyOBDmUYkoOkO2zxZnzplRy8Thhz0Ps/getUpdates "HTTP/1.1 200 OK"
2025-05-23 23:04:09,190 - httpx - INFO - HTTP Request: POST https://api.telegram.org/bot7093436536:AAEvjyOBDmUYkoOkO2zxZnzplRy8Thhz0Ps/sendMessage "HTTP/1.1 200 OK"
2025-05-23 23:04:18,894 - httpx - INFO - HTTP Request: POST https://api.telegram.org/bot7093436536:AAEvjyOBDmUYkoOkO2zxZnzplRy8Thhz0Ps/getUpdates "HTTP/1.1 200 OK"
2025-05-23 23:04:28,980 - httpx - INFO - HTTP Request: POST https://api.telegram.org/bot7093436536:AAEvjyOBDmUYkoOkO2zxZnzplRy8Thhz0Ps/getUpdates "HTTP/1.1 200 OK"
2025-05-23 23:04:39,064 - httpx - INFO - HTTP Request: POST https://api.telegram.org/bot7093436536:AAEvjyOBDmUYkoOkO2zxZnzplRy8Thhz0Ps/getUpdates "HTTP/1.1 200 OK"
2025-05-23 23:04:49,153 - httpx - INFO - HTTP Request: POST https://api.telegram.org/bot7093436536:AAEvjyOBDmUYkoOkO2zxZnzplRy8Thhz0Ps/getUpdates "HTTP/1.1 200 OK"
2025-05-23 23:04:56,983 - httpx - INFO - HTTP Request: POST https://api.telegram.org/bot7093436536:AAEvjyOBDmUYkoOkO2zxZnzplRy8Thhz0Ps/getUpdates "HTTP/1.1 200 OK"
2025-05-23 23:04:57,278 - httpx - INFO - HTTP Request: POST https://api.telegram.org/bot7093436536:AAEvjyOBDmUYkoOkO2zxZnzplRy8Thhz0Ps/sendMessage "HTTP/1.1 200 OK"
2025-05-23 23:05:07,093 - httpx - INFO - HTTP Request: POST https://api.telegram.org/bot7093436536:AAEvjyOBDmUYkoOkO2zxZnzplRy8Thhz0Ps/getUpdates "HTTP/1.1 200 OK"
2025-05-23 23:05:16,186 - httpx - INFO - HTTP Request: POST https://api.telegram.org/bot7093436536:AAEvjyOBDmUYkoOkO2zxZnzplRy8Thhz0Ps/getUpdates "HTTP/1.1 200 OK"
2025-05-23 23:05:16,486 - httpx - INFO - HTTP Request: POST https://api.telegram.org/bot7093436536:AAEvjyOBDmUYkoOkO2zxZnzplRy8Thhz0Ps/sendMessage "HTTP/1.1 200 OK"
2025-05-23 23:05:26,280 - httpx - INFO - HTTP Request: POST https://api.telegram.org/bot7093436536:AAEvjyOBDmUYkoOkO2zxZnzplRy8Thhz0Ps/getUpdates "HTTP/1.1 200 OK"
2025-05-23 23:05:36,365 - httpx - INFO - HTTP Request: POST https://api.telegram.org/bot7093436536:AAEvjyOBDmUYkoOkO2zxZnzplRy8Thhz0Ps/getUpdates "HTTP/1.1 200 OK"
2025-05-23 23:05:46,451 - httpx - INFO - HTTP Request: POST https://api.telegram.org/bot7093436536:AAEvjyOBDmUYkoOkO2zxZnzplRy8Thhz0Ps/getUpdates "HTTP/1.1 200 OK"
2025-05-23 23:05:56,536 - httpx - INFO - HTTP Request: POST https://api.telegram.org/bot7093436536:AAEvjyOBDmUYkoOkO2zxZnzplRy8Thhz0Ps/getUpdates "HTTP/1.1 200 OK"
2025-05-23 23:06:06,621 - httpx - INFO - HTTP Request: POST https://api.telegram.org/bot7093436536:AAEvjyOBDmUYkoOkO2zxZnzplRy8Thhz0Ps/getUpdates "HTTP/1.1 200 OK"
2025-05-23 23:06:16,705 - httpx - INFO - HTTP Request: POST https://api.telegram.org/bot7093436536:AAEvjyOBDmUYkoOkO2zxZnzplRy8Thhz0Ps/getUpdates "HTTP/1.1 200 OK"
2025-05-23 23:06:26,790 - httpx - INFO - HTTP Request: POST https://api.telegram.org/bot7093436536:AAEvjyOBDmUYkoOkO2zxZnzplRy8Thhz0Ps/getUpdates "HTTP/1.1 200 OK"
2025-05-23 23:06:36,876 - httpx - INFO - HTTP Request: POST https://api.telegram.org/bot7093436536:AAEvjyOBDmUYkoOkO2zxZnzplRy8Thhz0Ps/getUpdates "HTTP/1.1 200 OK"
2025-05-23 23:06:46,961 - httpx - INFO - HTTP Request: POST https://api.telegram.org/bot7093436536:AAEvjyOBDmUYkoOkO2zxZnzplRy8Thhz0Ps/getUpdates "HTTP/1.1 200 OK"
2025-05-23 23:06:57,044 - httpx - INFO - HTTP Request: POST https://api.telegram.org/bot7093436536:AAEvjyOBDmUYkoOkO2zxZnzplRy8Thhz0Ps/getUpdates "HTTP/1.1 200 OK"
2025-05-23 23:07:07,131 - httpx - INFO - HTTP Request: POST https://api.telegram.org/bot7093436536:AAEvjyOBDmUYkoOkO2zxZnzplRy8Thhz0Ps/getUpdates "HTTP/1.1 200 OK"
2025-05-23 23:07:17,222 - httpx - INFO - HTTP Request: POST https://api.telegram.org/bot7093436536:AAEvjyOBDmUYkoOkO2zxZnzplRy8Thhz0Ps/getUpdates "HTTP/1.1 200 OK"
2025-05-23 23:07:27,307 - httpx - INFO - HTTP Request: POST https://api.telegram.org/bot7093436536:AAEvjyOBDmUYkoOkO2zxZnzplRy8Thhz0Ps/getUpdates "HTTP/1.1 200 OK"
2025-05-23 23:07:37,392 - httpx - INFO - HTTP Request: POST https://api.telegram.org/bot7093436536:AAEvjyOBDmUYkoOkO2zxZnzplRy8Thhz0Ps/getUpdates "HTTP/1.1 200 OK"
2025-05-23 23:07:47,475 - httpx - INFO - HTTP Request: POST https://api.telegram.org/bot7093436536:AAEvjyOBDmUYkoOkO2zxZnzplRy8Thhz0Ps/getUpdates "HTTP/1.1 200 OK"
2025-05-23 23:07:57,559 - httpx - INFO - HTTP Request: POST https://api.telegram.org/bot7093436536:AAEvjyOBDmUYkoOkO2zxZnzplRy8Thhz0Ps/getUpdates "HTTP/1.1 200 OK"
2025-05-23 23:08:07,648 - httpx - INFO - HTTP Request: POST https://api.telegram.org/bot7093436536:AAEvjyOBDmUYkoOkO2zxZnzplRy8Thhz0Ps/getUpdates "HTTP/1.1 200 OK"
2025-05-23 23:08:17,733 - httpx - INFO - HTTP Request: POST https://api.telegram.org/bot7093436536:AAEvjyOBDmUYkoOkO2zxZnzplRy8Thhz0Ps/getUpdates "HTTP/1.1 200 OK"
2025-05-23 23:08:27,818 - httpx - INFO - HTTP Request: POST https://api.telegram.org/bot7093436536:AAEvjyOBDmUYkoOkO2zxZnzplRy8Thhz0Ps/getUpdates "HTTP/1.1 200 OK"
2025-05-23 23:08:37,903 - httpx - INFO - HTTP Request: POST https://api.telegram.org/bot7093436536:AAEvjyOBDmUYkoOkO2zxZnzplRy8Thhz0Ps/getUpdates "HTTP/1.1 200 OK"
2025-05-23 23:08:47,988 - httpx - INFO - HTTP Request: POST https://api.telegram.org/bot7093436536:AAEvjyOBDmUYkoOkO2zxZnzplRy8Thhz0Ps/getUpdates "HTTP/1.1 200 OK"
2025-05-23 23:08:51,981 - httpx - INFO - HTTP Request: POST https://api.telegram.org/bot7093436536:AAEvjyOBDmUYkoOkO2zxZnzplRy8Thhz0Ps/getUpdates "HTTP/1.1 200 OK"
2025-05-23 23:08:51,981 - telegram.ext.Application - INFO - Application is stopping. This might take a moment.
2025-05-23 23:08:51,981 - apscheduler.scheduler - INFO - Scheduler has been shut down
2025-05-23 23:08:51,992 - telegram.ext.Application - INFO - Application.stop() complete
2025-05-23 23:11:40,951 - httpx - INFO - HTTP Request: POST https://api.telegram.org/bot7093436536:AAEvjyOBDmUYkoOkO2zxZnzplRy8Thhz0Ps/getMe "HTTP/1.1 200 OK"
2025-05-23 23:11:41,041 - httpx - INFO - HTTP Request: POST https://api.telegram.org/bot7093436536:AAEvjyOBDmUYkoOkO2zxZnzplRy8Thhz0Ps/deleteWebhook "HTTP/1.1 200 OK"
2025-05-23 23:11:41,043 - apscheduler.scheduler - INFO - Scheduler started
2025-05-23 23:11:41,044 - telegram.ext.Application - INFO - Application started
2025-05-23 23:11:51,308 - httpx - INFO - HTTP Request: POST https://api.telegram.org/bot7093436536:AAEvjyOBDmUYkoOkO2zxZnzplRy8Thhz0Ps/getUpdates "HTTP/1.1 200 OK"
2025-05-23 23:12:01,396 - httpx - INFO - HTTP Request: POST https://api.telegram.org/bot7093436536:AAEvjyOBDmUYkoOkO2zxZnzplRy8Thhz0Ps/getUpdates "HTTP/1.1 200 OK"
2025-05-23 23:12:11,485 - httpx - INFO - HTTP Request: POST https://api.telegram.org/bot7093436536:AAEvjyOBDmUYkoOkO2zxZnzplRy8Thhz0Ps/getUpdates "HTTP/1.1 200 OK"
2025-05-23 23:12:18,652 - httpx - INFO - HTTP Request: POST https://api.telegram.org/bot7093436536:AAEvjyOBDmUYkoOkO2zxZnzplRy8Thhz0Ps/getUpdates "HTTP/1.1 200 OK"
2025-05-23 23:12:19,113 - httpx - INFO - HTTP Request: POST https://api.telegram.org/bot7093436536:AAEvjyOBDmUYkoOkO2zxZnzplRy8Thhz0Ps/sendMessage "HTTP/1.1 200 OK"
2025-05-23 23:12:28,911 - httpx - INFO - HTTP Request: POST https://api.telegram.org/bot7093436536:AAEvjyOBDmUYkoOkO2zxZnzplRy8Thhz0Ps/getUpdates "HTTP/1.1 200 OK"
2025-05-23 23:12:38,770 - httpx - INFO - HTTP Request: POST https://api.telegram.org/bot7093436536:AAEvjyOBDmUYkoOkO2zxZnzplRy8Thhz0Ps/getUpdates "HTTP/1.1 200 OK"
2025-05-23 23:12:38,840 - __main__ - ERROR - Failed to fetch rate for TON from Bybit: 403 Client Error: Forbidden for url: https://api.bybit.com/v5/market/tickers?category=spot&symbol=TONUSDT
2025-05-23 23:12:38,879 - __main__ - ERROR - Failed to fetch rate for TON from Bybit: 403 Client Error: Forbidden for url: https://api.bybit.com/v5/market/tickers?category=spot&symbol=TONUSDT
2025-05-23 23:12:38,918 - __main__ - ERROR - Failed to fetch rate for TON from Bybit: 403 Client Error: Forbidden for url: https://api.bybit.com/v5/market/tickers?category=spot&symbol=TONUSDT
2025-05-23 23:12:39,197 - httpx - INFO - HTTP Request: POST https://api.telegram.org/bot7093436536:AAEvjyOBDmUYkoOkO2zxZnzplRy8Thhz0Ps/sendMessage "HTTP/1.1 200 OK"
2025-05-23 23:12:49,009 - httpx - INFO - HTTP Request: POST https://api.telegram.org/bot7093436536:AAEvjyOBDmUYkoOkO2zxZnzplRy8Thhz0Ps/getUpdates "HTTP/1.1 200 OK"
2025-05-23 23:12:55,487 - httpx - INFO - HTTP Request: POST https://api.telegram.org/bot7093436536:AAEvjyOBDmUYkoOkO2zxZnzplRy8Thhz0Ps/getUpdates "HTTP/1.1 200 OK"
2025-05-23 23:12:55,796 - httpx - INFO - HTTP Request: POST https://api.telegram.org/bot7093436536:AAEvjyOBDmUYkoOkO2zxZnzplRy8Thhz0Ps/sendMessage "HTTP/1.1 200 OK"
2025-05-23 23:13:05,147 - httpx - INFO - HTTP Request: POST https://api.telegram.org/bot7093436536:AAEvjyOBDmUYkoOkO2zxZnzplRy8Thhz0Ps/getUpdates "HTTP/1.1 200 OK"
2025-05-23 23:13:05,189 - __main__ - ERROR - Failed to fetch rate for BTC from Bybit: 403 Client Error: Forbidden for url: https://api.bybit.com/v5/market/tickers?category=spot&symbol=BTCUSDT
2025-05-23 23:13:05,227 - __main__ - ERROR - Failed to fetch rate for BTC from Bybit: 403 Client Error: Forbidden for url: https://api.bybit.com/v5/market/tickers?category=spot&symbol=BTCUSDT
2025-05-23 23:13:05,267 - __main__ - ERROR - Failed to fetch rate for BTC from Bybit: 403 Client Error: Forbidden for url: https://api.bybit.com/v5/market/tickers?category=spot&symbol=BTCUSDT
2025-05-23 23:13:05,579 - httpx - INFO - HTTP Request: POST https://api.telegram.org/bot7093436536:AAEvjyOBDmUYkoOkO2zxZnzplRy8Thhz0Ps/sendMessage "HTTP/1.1 200 OK"
2025-05-23 23:13:15,355 - httpx - INFO - HTTP Request: POST https://api.telegram.org/bot7093436536:AAEvjyOBDmUYkoOkO2zxZnzplRy8Thhz0Ps/getUpdates "HTTP/1.1 200 OK"
2025-05-23 23:13:25,443 - httpx - INFO - HTTP Request: POST https://api.telegram.org/bot7093436536:AAEvjyOBDmUYkoOkO2zxZnzplRy8Thhz0Ps/getUpdates "HTTP/1.1 200 OK"
2025-05-23 23:13:35,531 - httpx - INFO - HTTP Request: POST https://api.telegram.org/bot7093436536:AAEvjyOBDmUYkoOkO2zxZnzplRy8Thhz0Ps/getUpdates "HTTP/1.1 200 OK"
2025-05-23 23:13:45,623 - httpx - INFO - HTTP Request: POST https://api.telegram.org/bot7093436536:AAEvjyOBDmUYkoOkO2zxZnzplRy8Thhz0Ps/getUpdates "HTTP/1.1 200 OK"
2025-05-23 23:13:50,097 - httpx - INFO - HTTP Request: POST https://api.telegram.org/bot7093436536:AAEvjyOBDmUYkoOkO2zxZnzplRy8Thhz0Ps/getUpdates "HTTP/1.1 200 OK"
2025-05-23 23:13:50,560 - httpx - INFO - HTTP Request: POST https://api.telegram.org/bot7093436536:AAEvjyOBDmUYkoOkO2zxZnzplRy8Thhz0Ps/sendMessage "HTTP/1.1 200 OK"
2025-05-23 23:14:00,347 - httpx - INFO - HTTP Request: POST https://api.telegram.org/bot7093436536:AAEvjyOBDmUYkoOkO2zxZnzplRy8Thhz0Ps/getUpdates "HTTP/1.1 200 OK"
2025-05-23 23:14:01,977 - httpx - INFO - HTTP Request: POST https://api.telegram.org/bot7093436536:AAEvjyOBDmUYkoOkO2zxZnzplRy8Thhz0Ps/getUpdates "HTTP/1.1 200 OK"
2025-05-23 23:14:02,255 - httpx - INFO - HTTP Request: POST https://api.telegram.org/bot7093436536:AAEvjyOBDmUYkoOkO2zxZnzplRy8Thhz0Ps/sendMessage "HTTP/1.1 200 OK"
2025-05-23 23:14:11,774 - httpx - INFO - HTTP Request: POST https://api.telegram.org/bot7093436536:AAEvjyOBDmUYkoOkO2zxZnzplRy8Thhz0Ps/getUpdates "HTTP/1.1 200 OK"
2025-05-23 23:14:12,058 - httpx - INFO - HTTP Request: POST https://api.telegram.org/bot7093436536:AAEvjyOBDmUYkoOkO2zxZnzplRy8Thhz0Ps/sendMessage "HTTP/1.1 200 OK"
2025-05-23 23:14:21,865 - httpx - INFO - HTTP Request: POST https://api.telegram.org/bot7093436536:AAEvjyOBDmUYkoOkO2zxZnzplRy8Thhz0Ps/getUpdates "HTTP/1.1 200 OK"
2025-05-23 23:14:31,955 - httpx - INFO - HTTP Request: POST https://api.telegram.org/bot7093436536:AAEvjyOBDmUYkoOkO2zxZnzplRy8Thhz0Ps/getUpdates "HTTP/1.1 200 OK"
2025-05-23 23:14:42,044 - httpx - INFO - HTTP Request: POST https://api.telegram.org/bot7093436536:AAEvjyOBDmUYkoOkO2zxZnzplRy8Thhz0Ps/getUpdates "HTTP/1.1 200 OK"
2025-05-23 23:14:52,132 - httpx - INFO - HTTP Request: POST https://api.telegram.org/bot7093436536:AAEvjyOBDmUYkoOkO2zxZnzplRy8Thhz0Ps/getUpdates "HTTP/1.1 200 OK"
2025-05-23 23:15:02,224 - httpx - INFO - HTTP Request: POST https://api.telegram.org/bot7093436536:AAEvjyOBDmUYkoOkO2zxZnzplRy8Thhz0Ps/getUpdates "HTTP/1.1 200 OK"
2025-05-23 23:15:12,317 - httpx - INFO - HTTP Request: POST https://api.telegram.org/bot7093436536:AAEvjyOBDmUYkoOkO2zxZnzplRy8Thhz0Ps/getUpdates "HTTP/1.1 200 OK"
2025-05-23 23:15:22,407 - httpx - INFO - HTTP Request: POST https://api.telegram.org/bot7093436536:AAEvjyOBDmUYkoOkO2zxZnzplRy8Thhz0Ps/getUpdates "HTTP/1.1 200 OK"
2025-05-23 23:15:32,497 - httpx - INFO - HTTP Request: POST https://api.telegram.org/bot7093436536:AAEvjyOBDmUYkoOkO2zxZnzplRy8Thhz0Ps/getUpdates "HTTP/1.1 200 OK"
2025-05-23 23:15:42,588 - httpx - INFO - HTTP Request: POST https://api.telegram.org/bot7093436536:AAEvjyOBDmUYkoOkO2zxZnzplRy8Thhz0Ps/getUpdates "HTTP/1.1 200 OK"
2025-05-23 23:15:52,675 - httpx - INFO - HTTP Request: POST https://api.telegram.org/bot7093436536:AAEvjyOBDmUYkoOkO2zxZnzplRy8Thhz0Ps/getUpdates "HTTP/1.1 200 OK"
2025-05-23 23:16:02,766 - httpx - INFO - HTTP Request: POST https://api.telegram.org/bot7093436536:AAEvjyOBDmUYkoOkO2zxZnzplRy8Thhz0Ps/getUpdates "HTTP/1.1 200 OK"
2025-05-23 23:16:12,859 - httpx - INFO - HTTP Request: POST https://api.telegram.org/bot7093436536:AAEvjyOBDmUYkoOkO2zxZnzplRy8Thhz0Ps/getUpdates "HTTP/1.1 200 OK"
2025-05-23 23:16:22,948 - httpx - INFO - HTTP Request: POST https://api.telegram.org/bot7093436536:AAEvjyOBDmUYkoOkO2zxZnzplRy8Thhz0Ps/getUpdates "HTTP/1.1 200 OK"
2025-05-23 23:16:33,038 - httpx - INFO - HTTP Request: POST https://api.telegram.org/bot7093436536:AAEvjyOBDmUYkoOkO2zxZnzplRy8Thhz0Ps/getUpdates "HTTP/1.1 200 OK"
2025-05-23 23:16:43,132 - httpx - INFO - HTTP Request: POST https://api.telegram.org/bot7093436536:AAEvjyOBDmUYkoOkO2zxZnzplRy8Thhz0Ps/getUpdates "HTTP/1.1 200 OK"
2025-05-23 23:16:53,224 - httpx - INFO - HTTP Request: POST https://api.telegram.org/bot7093436536:AAEvjyOBDmUYkoOkO2zxZnzplRy8Thhz0Ps/getUpdates "HTTP/1.1 200 OK"
2025-05-23 23:17:03,329 - httpx - INFO - HTTP Request: POST https://api.telegram.org/bot7093436536:AAEvjyOBDmUYkoOkO2zxZnzplRy8Thhz0Ps/getUpdates "HTTP/1.1 200 OK"
2025-05-23 23:17:13,417 - httpx - INFO - HTTP Request: POST https://api.telegram.org/bot7093436536:AAEvjyOBDmUYkoOkO2zxZnzplRy8Thhz0Ps/getUpdates "HTTP/1.1 200 OK"
2025-05-23 23:17:23,506 - httpx - INFO - HTTP Request: POST https://api.telegram.org/bot7093436536:AAEvjyOBDmUYkoOkO2zxZnzplRy8Thhz0Ps/getUpdates "HTTP/1.1 200 OK"
2025-05-23 23:17:33,593 - httpx - INFO - HTTP Request: POST https://api.telegram.org/bot7093436536:AAEvjyOBDmUYkoOkO2zxZnzplRy8Thhz0Ps/getUpdates "HTTP/1.1 200 OK"
2025-05-23 23:17:43,684 - httpx - INFO - HTTP Request: POST https://api.telegram.org/bot7093436536:AAEvjyOBDmUYkoOkO2zxZnzplRy8Thhz0Ps/getUpdates "HTTP/1.1 200 OK"
2025-05-23 23:17:53,773 - httpx - INFO - HTTP Request: POST https://api.telegram.org/bot7093436536:AAEvjyOBDmUYkoOkO2zxZnzplRy8Thhz0Ps/getUpdates "HTTP/1.1 200 OK"
2025-05-23 23:18:03,862 - httpx - INFO - HTTP Request: POST https://api.telegram.org/bot7093436536:AAEvjyOBDmUYkoOkO2zxZnzplRy8Thhz0Ps/getUpdates "HTTP/1.1 200 OK"
2025-05-23 23:18:13,948 - httpx - INFO - HTTP Request: POST https://api.telegram.org/bot7093436536:AAEvjyOBDmUYkoOkO2zxZnzplRy8Thhz0Ps/getUpdates "HTTP/1.1 200 OK"
2025-05-23 23:18:24,041 - httpx - INFO - HTTP Request: POST https://api.telegram.org/bot7093436536:AAEvjyOBDmUYkoOkO2zxZnzplRy8Thhz0Ps/getUpdates "HTTP/1.1 200 OK"
2025-05-23 23:18:34,129 - httpx - INFO - HTTP Request: POST https://api.telegram.org/bot7093436536:AAEvjyOBDmUYkoOkO2zxZnzplRy8Thhz0Ps/getUpdates "HTTP/1.1 200 OK"
2025-05-23 23:18:44,217 - httpx - INFO - HTTP Request: POST https://api.telegram.org/bot7093436536:AAEvjyOBDmUYkoOkO2zxZnzplRy8Thhz0Ps/getUpdates "HTTP/1.1 200 OK"
2025-05-23 23:18:54,306 - httpx - INFO - HTTP Request: POST https://api.telegram.org/bot7093436536:AAEvjyOBDmUYkoOkO2zxZnzplRy8Thhz0Ps/getUpdates "HTTP/1.1 200 OK"
2025-05-23 23:19:04,393 - httpx - INFO - HTTP Request: POST https://api.telegram.org/bot7093436536:AAEvjyOBDmUYkoOkO2zxZnzplRy8Thhz0Ps/getUpdates "HTTP/1.1 200 OK"
2025-05-23 23:19:14,482 - httpx - INFO - HTTP Request: POST https://api.telegram.org/bot7093436536:AAEvjyOBDmUYkoOkO2zxZnzplRy8Thhz0Ps/getUpdates "HTTP/1.1 200 OK"
2025-05-23 23:19:24,569 - httpx - INFO - HTTP Request: POST https://api.telegram.org/bot7093436536:AAEvjyOBDmUYkoOkO2zxZnzplRy8Thhz0Ps/getUpdates "HTTP/1.1 200 OK"
2025-05-23 23:19:34,656 - httpx - INFO - HTTP Request: POST https://api.telegram.org/bot7093436536:AAEvjyOBDmUYkoOkO2zxZnzplRy8Thhz0Ps/getUpdates "HTTP/1.1 200 OK"
2025-05-23 23:19:44,746 - httpx - INFO - HTTP Request: POST https://api.telegram.org/bot7093436536:AAEvjyOBDmUYkoOkO2zxZnzplRy8Thhz0Ps/getUpdates "HTTP/1.1 200 OK"
2025-05-23 23:19:54,837 - httpx - INFO - HTTP Request: POST https://api.telegram.org/bot7093436536:AAEvjyOBDmUYkoOkO2zxZnzplRy8Thhz0Ps/getUpdates "HTTP/1.1 200 OK"
2025-05-23 23:20:04,927 - httpx - INFO - HTTP Request: POST https://api.telegram.org/bot7093436536:AAEvjyOBDmUYkoOkO2zxZnzplRy8Thhz0Ps/getUpdates "HTTP/1.1 200 OK"
2025-05-23 23:20:15,015 - httpx - INFO - HTTP Request: POST https://api.telegram.org/bot7093436536:AAEvjyOBDmUYkoOkO2zxZnzplRy8Thhz0Ps/getUpdates "HTTP/1.1 200 OK"
2025-05-23 23:20:25,105 - httpx - INFO - HTTP Request: POST https://api.telegram.org/bot7093436536:AAEvjyOBDmUYkoOkO2zxZnzplRy8Thhz0Ps/getUpdates "HTTP/1.1 200 OK"
2025-05-23 23:20:35,193 - httpx - INFO - HTTP Request: POST https://api.telegram.org/bot7093436536:AAEvjyOBDmUYkoOkO2zxZnzplRy8Thhz0Ps/getUpdates "HTTP/1.1 200 OK"
2025-05-23 23:20:45,292 - httpx - INFO - HTTP Request: POST https://api.telegram.org/bot7093436536:AAEvjyOBDmUYkoOkO2zxZnzplRy8Thhz0Ps/getUpdates "HTTP/1.1 200 OK"
2025-05-23 23:20:55,380 - httpx - INFO - HTTP Request: POST https://api.telegram.org/bot7093436536:AAEvjyOBDmUYkoOkO2zxZnzplRy8Thhz0Ps/getUpdates "HTTP/1.1 200 OK"
2025-05-23 23:21:05,469 - httpx - INFO - HTTP Request: POST https://api.telegram.org/bot7093436536:AAEvjyOBDmUYkoOkO2zxZnzplRy8Thhz0Ps/getUpdates "HTTP/1.1 200 OK"
2025-05-23 23:21:15,556 - httpx - INFO - HTTP Request: POST https://api.telegram.org/bot7093436536:AAEvjyOBDmUYkoOkO2zxZnzplRy8Thhz0Ps/getUpdates "HTTP/1.1 200 OK"
2025-05-23 23:21:25,648 - httpx - INFO - HTTP Request: POST https://api.telegram.org/bot7093436536:AAEvjyOBDmUYkoOkO2zxZnzplRy8Thhz0Ps/getUpdates "HTTP/1.1 200 OK"
2025-05-23 23:21:35,741 - httpx - INFO - HTTP Request: POST https://api.telegram.org/bot7093436536:AAEvjyOBDmUYkoOkO2zxZnzplRy8Thhz0Ps/getUpdates "HTTP/1.1 200 OK"
2025-05-23 23:21:45,829 - httpx - INFO - HTTP Request: POST https://api.telegram.org/bot7093436536:AAEvjyOBDmUYkoOkO2zxZnzplRy8Thhz0Ps/getUpdates "HTTP/1.1 200 OK"
2025-05-23 23:21:55,917 - httpx - INFO - HTTP Request: POST https://api.telegram.org/bot7093436536:AAEvjyOBDmUYkoOkO2zxZnzplRy8Thhz0Ps/getUpdates "HTTP/1.1 200 OK"
2025-05-23 23:22:06,013 - httpx - INFO - HTTP Request: POST https://api.telegram.org/bot7093436536:AAEvjyOBDmUYkoOkO2zxZnzplRy8Thhz0Ps/getUpdates "HTTP/1.1 200 OK"
2025-05-23 23:22:16,106 - httpx - INFO - HTTP Request: POST https://api.telegram.org/bot7093436536:AAEvjyOBDmUYkoOkO2zxZnzplRy8Thhz0Ps/getUpdates "HTTP/1.1 200 OK"
2025-05-23 23:22:26,195 - httpx - INFO - HTTP Request: POST https://api.telegram.org/bot7093436536:AAEvjyOBDmUYkoOkO2zxZnzplRy8Thhz0Ps/getUpdates "HTTP/1.1 200 OK"
2025-05-23 23:22:36,283 - httpx - INFO - HTTP Request: POST https://api.telegram.org/bot7093436536:AAEvjyOBDmUYkoOkO2zxZnzplRy8Thhz0Ps/getUpdates "HTTP/1.1 200 OK"
2025-05-23 23:22:46,373 - httpx - INFO - HTTP Request: POST https://api.telegram.org/bot7093436536:AAEvjyOBDmUYkoOkO2zxZnzplRy8Thhz0Ps/getUpdates "HTTP/1.1 200 OK"
2025-05-31 04:58:12,457 - httpx - INFO - HTTP Request: POST https://api.telegram.org/bot7093436536:AAEvjyOBDmUYkoOkO2zxZnzplRy8Thhz0Ps/getMe "HTTP/1.1 200 OK"
2025-05-31 04:58:12,542 - httpx - INFO - HTTP Request: POST https://api.telegram.org/bot7093436536:AAEvjyOBDmUYkoOkO2zxZnzplRy8Thhz0Ps/deleteWebhook "HTTP/1.1 200 OK"
2025-05-31 04:58:12,543 - apscheduler.scheduler - INFO - Scheduler started
2025-05-31 04:58:12,544 - telegram.ext.Application - INFO - Application started
2025-05-31 04:58:22,816 - httpx - INFO - HTTP Request: POST https://api.telegram.org/bot7093436536:AAEvjyOBDmUYkoOkO2zxZnzplRy8Thhz0Ps/getUpdates "HTTP/1.1 200 OK"
2025-05-31 04:58:32,908 - httpx - INFO - HTTP Request: POST https://api.telegram.org/bot7093436536:AAEvjyOBDmUYkoOkO2zxZnzplRy8Thhz0Ps/getUpdates "HTTP/1.1 200 OK"
2025-05-31 04:58:36,650 - httpx - INFO - HTTP Request: POST https://api.telegram.org/bot7093436536:AAEvjyOBDmUYkoOkO2zxZnzplRy8Thhz0Ps/getUpdates "HTTP/1.1 200 OK"
2025-05-31 04:58:36,650 - telegram.ext.Application - INFO - Application is stopping. This might take a moment.
2025-05-31 04:58:36,651 - apscheduler.scheduler - INFO - Scheduler has been shut down
2025-05-31 04:58:36,661 - telegram.ext.Application - INFO - Application.stop() complete
2025-06-06 17:14:33,113 - httpx - INFO - HTTP Request: POST https://api.telegram.org/bot7093436536:AAEvjyOBDmUYkoOkO2zxZnzplRy8Thhz0Ps/getMe "HTTP/1.1 200 OK"
2025-06-06 17:14:33,198 - httpx - INFO - HTTP Request: POST https://api.telegram.org/bot7093436536:AAEvjyOBDmUYkoOkO2zxZnzplRy8Thhz0Ps/deleteWebhook "HTTP/1.1 200 OK"
2025-06-06 17:14:33,199 - apscheduler.scheduler - INFO - Scheduler started
2025-06-06 17:14:33,199 - telegram.ext.Application - INFO - Application started
2025-06-06 17:14:43,448 - httpx - INFO - HTTP Request: POST https://api.telegram.org/bot7093436536:AAEvjyOBDmUYkoOkO2zxZnzplRy8Thhz0Ps/getUpdates "HTTP/1.1 200 OK"
2025-06-06 17:14:53,532 - httpx - INFO - HTTP Request: POST https://api.telegram.org/bot7093436536:AAEvjyOBDmUYkoOkO2zxZnzplRy8Thhz0Ps/getUpdates "HTTP/1.1 200 OK"
2025-06-06 17:15:03,624 - httpx - INFO - HTTP Request: POST https://api.telegram.org/bot7093436536:AAEvjyOBDmUYkoOkO2zxZnzplRy8Thhz0Ps/getUpdates "HTTP/1.1 200 OK"
2025-06-06 17:15:13,712 - httpx - INFO - HTTP Request: POST https://api.telegram.org/bot7093436536:AAEvjyOBDmUYkoOkO2zxZnzplRy8Thhz0Ps/getUpdates "HTTP/1.1 200 OK"
2025-06-06 17:15:17,495 - httpx - INFO - HTTP Request: POST https://api.telegram.org/bot7093436536:AAEvjyOBDmUYkoOkO2zxZnzplRy8Thhz0Ps/getUpdates "HTTP/1.1 200 OK"
2025-06-06 17:15:17,957 - httpx - INFO - HTTP Request: POST https://api.telegram.org/bot7093436536:AAEvjyOBDmUYkoOkO2zxZnzplRy8Thhz0Ps/sendMessage "HTTP/1.1 200 OK"
2025-06-06 17:15:27,760 - httpx - INFO - HTTP Request: POST https://api.telegram.org/bot7093436536:AAEvjyOBDmUYkoOkO2zxZnzplRy8Thhz0Ps/getUpdates "HTTP/1.1 200 OK"
2025-06-06 17:15:37,847 - httpx - INFO - HTTP Request: POST https://api.telegram.org/bot7093436536:AAEvjyOBDmUYkoOkO2zxZnzplRy8Thhz0Ps/getUpdates "HTTP/1.1 200 OK"
2025-06-06 17:15:47,931 - httpx - INFO - HTTP Request: POST https://api.telegram.org/bot7093436536:AAEvjyOBDmUYkoOkO2zxZnzplRy8Thhz0Ps/getUpdates "HTTP/1.1 200 OK"
2025-06-06 17:15:58,019 - httpx - INFO - HTTP Request: POST https://api.telegram.org/bot7093436536:AAEvjyOBDmUYkoOkO2zxZnzplRy8Thhz0Ps/getUpdates "HTTP/1.1 200 OK"
2025-06-06 17:16:08,108 - httpx - INFO - HTTP Request: POST https://api.telegram.org/bot7093436536:AAEvjyOBDmUYkoOkO2zxZnzplRy8Thhz0Ps/getUpdates "HTTP/1.1 200 OK"
2025-06-06 17:16:18,193 - httpx - INFO - HTTP Request: POST https://api.telegram.org/bot7093436536:AAEvjyOBDmUYkoOkO2zxZnzplRy8Thhz0Ps/getUpdates "HTTP/1.1 200 OK"
2025-06-06 17:16:28,280 - httpx - INFO - HTTP Request: POST https://api.telegram.org/bot7093436536:AAEvjyOBDmUYkoOkO2zxZnzplRy8Thhz0Ps/getUpdates "HTTP/1.1 200 OK"
2025-06-06 17:16:38,363 - httpx - INFO - HTTP Request: POST https://api.telegram.org/bot7093436536:AAEvjyOBDmUYkoOkO2zxZnzplRy8Thhz0Ps/getUpdates "HTTP/1.1 200 OK"
2025-06-06 17:16:48,448 - httpx - INFO - HTTP Request: POST https://api.telegram.org/bot7093436536:AAEvjyOBDmUYkoOkO2zxZnzplRy8Thhz0Ps/getUpdates "HTTP/1.1 200 OK"
2025-06-06 17:16:58,536 - httpx - INFO - HTTP Request: POST https://api.telegram.org/bot7093436536:AAEvjyOBDmUYkoOkO2zxZnzplRy8Thhz0Ps/getUpdates "HTTP/1.1 200 OK"
2025-06-06 17:17:08,620 - httpx - INFO - HTTP Request: POST https://api.telegram.org/bot7093436536:AAEvjyOBDmUYkoOkO2zxZnzplRy8Thhz0Ps/getUpdates "HTTP/1.1 200 OK"
2025-06-06 17:17:18,704 - httpx - INFO - HTTP Request: POST https://api.telegram.org/bot7093436536:AAEvjyOBDmUYkoOkO2zxZnzplRy8Thhz0Ps/getUpdates "HTTP/1.1 200 OK"
2025-06-06 17:17:28,791 - httpx - INFO - HTTP Request: POST https://api.telegram.org/bot7093436536:AAEvjyOBDmUYkoOkO2zxZnzplRy8Thhz0Ps/getUpdates "HTTP/1.1 200 OK"
2025-06-06 17:17:38,875 - httpx - INFO - HTTP Request: POST https://api.telegram.org/bot7093436536:AAEvjyOBDmUYkoOkO2zxZnzplRy8Thhz0Ps/getUpdates "HTTP/1.1 200 OK"
2025-06-06 17:17:48,962 - httpx - INFO - HTTP Request: POST https://api.telegram.org/bot7093436536:AAEvjyOBDmUYkoOkO2zxZnzplRy8Thhz0Ps/getUpdates "HTTP/1.1 200 OK"
2025-06-06 17:17:59,050 - httpx - INFO - HTTP Request: POST https://api.telegram.org/bot7093436536:AAEvjyOBDmUYkoOkO2zxZnzplRy8Thhz0Ps/getUpdates "HTTP/1.1 200 OK"
2025-06-06 17:18:09,135 - httpx - INFO - HTTP Request: POST https://api.telegram.org/bot7093436536:AAEvjyOBDmUYkoOkO2zxZnzplRy8Thhz0Ps/getUpdates "HTTP/1.1 200 OK"
2025-06-06 17:18:19,222 - httpx - INFO - HTTP Request: POST https://api.telegram.org/bot7093436536:AAEvjyOBDmUYkoOkO2zxZnzplRy8Thhz0Ps/getUpdates "HTTP/1.1 200 OK"
2025-06-06 17:18:29,311 - httpx - INFO - HTTP Request: POST https://api.telegram.org/bot7093436536:AAEvjyOBDmUYkoOkO2zxZnzplRy8Thhz0Ps/getUpdates "HTTP/1.1 200 OK"
2025-06-06 17:18:39,398 - httpx - INFO - HTTP Request: POST https://api.telegram.org/bot7093436536:AAEvjyOBDmUYkoOkO2zxZnzplRy8Thhz0Ps/getUpdates "HTTP/1.1 200 OK"
2025-06-06 17:18:49,485 - httpx - INFO - HTTP Request: POST https://api.telegram.org/bot7093436536:AAEvjyOBDmUYkoOkO2zxZnzplRy8Thhz0Ps/getUpdates "HTTP/1.1 200 OK"
2025-06-06 17:18:55,000 - httpx - INFO - HTTP Request: POST https://api.telegram.org/bot7093436536:AAEvjyOBDmUYkoOkO2zxZnzplRy8Thhz0Ps/getUpdates "HTTP/1.1 200 OK"
2025-06-06 17:18:55,441 - httpx - INFO - HTTP Request: POST https://api.telegram.org/bot7093436536:AAEvjyOBDmUYkoOkO2zxZnzplRy8Thhz0Ps/sendMessage "HTTP/1.1 200 OK"
2025-06-06 17:18:59,898 - httpx - INFO - HTTP Request: POST https://api.telegram.org/bot7093436536:AAEvjyOBDmUYkoOkO2zxZnzplRy8Thhz0Ps/getUpdates "HTTP/1.1 200 OK"
2025-06-06 17:19:06,665 - httpx - INFO - HTTP Request: POST https://api.telegram.org/bot7093436536:AAEvjyOBDmUYkoOkO2zxZnzplRy8Thhz0Ps/getUpdates "HTTP/1.1 200 OK"
2025-06-06 17:19:07,026 - httpx - INFO - HTTP Request: POST https://api.telegram.org/bot7093436536:AAEvjyOBDmUYkoOkO2zxZnzplRy8Thhz0Ps/sendMessage "HTTP/1.1 200 OK"
2025-06-06 17:19:16,776 - httpx - INFO - HTTP Request: POST https://api.telegram.org/bot7093436536:AAEvjyOBDmUYkoOkO2zxZnzplRy8Thhz0Ps/getUpdates "HTTP/1.1 200 OK"
2025-06-06 17:19:26,863 - httpx - INFO - HTTP Request: POST https://api.telegram.org/bot7093436536:AAEvjyOBDmUYkoOkO2zxZnzplRy8Thhz0Ps/getUpdates "HTTP/1.1 200 OK"
2025-06-06 17:19:31,863 - httpx - INFO - HTTP Request: POST https://api.telegram.org/bot7093436536:AAEvjyOBDmUYkoOkO2zxZnzplRy8Thhz0Ps/getUpdates "HTTP/1.1 200 OK"
2025-06-06 17:19:31,870 - telegram.ext.Application - ERROR - No error handlers are registered, logging exception.
Traceback (most recent call last):
  File "/home/ubuntu/gigi-p2p-telegram-bot/venv/lib/python3.12/site-packages/telegram/ext/_application.py", line 1234, in process_update
    await coroutine
  File "/home/ubuntu/gigi-p2p-telegram-bot/venv/lib/python3.12/site-packages/telegram/ext/_basehandler.py", line 157, in handle_update
    return await self.callback(update, context)
           ^^^^^^^^^^^^^^^^^^^^^^^^^^^^^^^^^^^^
  File "/home/ubuntu/gigi-p2p-telegram-bot/bot.py", line 699, in message_handler
    response = await handle_conversation(user_id, message)
               ^^^^^^^^^^^^^^^^^^^^^^^^^^^^^^^^^^^^^^^^^^^
  File "/home/ubuntu/gigi-p2p-telegram-bot/bot.py", line 484, in handle_conversation
    return "Let’s connect your wallet! Pick a network: " + InlineKeyboardMarkup(keyboard)
           ~~~~~~~~~~~~~~~~~~~~~~~~~~~~~~~~~~~~~~~~~~~~~~^~~~~~~~~~~~~~~~~~~~~~~~~~~~~~~~
TypeError: can only concatenate str (not "InlineKeyboardMarkup") to str
2025-06-06 17:19:41,972 - httpx - INFO - HTTP Request: POST https://api.telegram.org/bot7093436536:AAEvjyOBDmUYkoOkO2zxZnzplRy8Thhz0Ps/getUpdates "HTTP/1.1 200 OK"
2025-06-06 17:19:45,914 - httpx - INFO - HTTP Request: POST https://api.telegram.org/bot7093436536:AAEvjyOBDmUYkoOkO2zxZnzplRy8Thhz0Ps/getUpdates "HTTP/1.1 200 OK"
2025-06-06 17:19:46,223 - httpx - INFO - HTTP Request: POST https://api.telegram.org/bot7093436536:AAEvjyOBDmUYkoOkO2zxZnzplRy8Thhz0Ps/sendMessage "HTTP/1.1 200 OK"
2025-06-06 17:19:56,012 - httpx - INFO - HTTP Request: POST https://api.telegram.org/bot7093436536:AAEvjyOBDmUYkoOkO2zxZnzplRy8Thhz0Ps/getUpdates "HTTP/1.1 200 OK"
2025-06-06 17:20:06,104 - httpx - INFO - HTTP Request: POST https://api.telegram.org/bot7093436536:AAEvjyOBDmUYkoOkO2zxZnzplRy8Thhz0Ps/getUpdates "HTTP/1.1 200 OK"
2025-06-06 17:20:16,190 - httpx - INFO - HTTP Request: POST https://api.telegram.org/bot7093436536:AAEvjyOBDmUYkoOkO2zxZnzplRy8Thhz0Ps/getUpdates "HTTP/1.1 200 OK"
2025-06-06 17:20:26,276 - httpx - INFO - HTTP Request: POST https://api.telegram.org/bot7093436536:AAEvjyOBDmUYkoOkO2zxZnzplRy8Thhz0Ps/getUpdates "HTTP/1.1 200 OK"
2025-06-06 17:20:36,360 - httpx - INFO - HTTP Request: POST https://api.telegram.org/bot7093436536:AAEvjyOBDmUYkoOkO2zxZnzplRy8Thhz0Ps/getUpdates "HTTP/1.1 200 OK"
2025-06-06 17:20:46,450 - httpx - INFO - HTTP Request: POST https://api.telegram.org/bot7093436536:AAEvjyOBDmUYkoOkO2zxZnzplRy8Thhz0Ps/getUpdates "HTTP/1.1 200 OK"
2025-06-06 17:20:56,534 - httpx - INFO - HTTP Request: POST https://api.telegram.org/bot7093436536:AAEvjyOBDmUYkoOkO2zxZnzplRy8Thhz0Ps/getUpdates "HTTP/1.1 200 OK"
2025-06-06 17:21:06,618 - httpx - INFO - HTTP Request: POST https://api.telegram.org/bot7093436536:AAEvjyOBDmUYkoOkO2zxZnzplRy8Thhz0Ps/getUpdates "HTTP/1.1 200 OK"
2025-06-06 17:21:16,701 - httpx - INFO - HTTP Request: POST https://api.telegram.org/bot7093436536:AAEvjyOBDmUYkoOkO2zxZnzplRy8Thhz0Ps/getUpdates "HTTP/1.1 200 OK"
2025-06-06 17:21:26,786 - httpx - INFO - HTTP Request: POST https://api.telegram.org/bot7093436536:AAEvjyOBDmUYkoOkO2zxZnzplRy8Thhz0Ps/getUpdates "HTTP/1.1 200 OK"
2025-06-06 17:21:36,870 - httpx - INFO - HTTP Request: POST https://api.telegram.org/bot7093436536:AAEvjyOBDmUYkoOkO2zxZnzplRy8Thhz0Ps/getUpdates "HTTP/1.1 200 OK"
2025-06-06 17:21:46,955 - httpx - INFO - HTTP Request: POST https://api.telegram.org/bot7093436536:AAEvjyOBDmUYkoOkO2zxZnzplRy8Thhz0Ps/getUpdates "HTTP/1.1 200 OK"
2025-06-06 17:21:57,042 - httpx - INFO - HTTP Request: POST https://api.telegram.org/bot7093436536:AAEvjyOBDmUYkoOkO2zxZnzplRy8Thhz0Ps/getUpdates "HTTP/1.1 200 OK"
2025-06-06 17:22:07,128 - httpx - INFO - HTTP Request: POST https://api.telegram.org/bot7093436536:AAEvjyOBDmUYkoOkO2zxZnzplRy8Thhz0Ps/getUpdates "HTTP/1.1 200 OK"
2025-06-06 17:22:17,214 - httpx - INFO - HTTP Request: POST https://api.telegram.org/bot7093436536:AAEvjyOBDmUYkoOkO2zxZnzplRy8Thhz0Ps/getUpdates "HTTP/1.1 200 OK"
2025-06-06 17:22:27,300 - httpx - INFO - HTTP Request: POST https://api.telegram.org/bot7093436536:AAEvjyOBDmUYkoOkO2zxZnzplRy8Thhz0Ps/getUpdates "HTTP/1.1 200 OK"
2025-06-06 17:22:37,384 - httpx - INFO - HTTP Request: POST https://api.telegram.org/bot7093436536:AAEvjyOBDmUYkoOkO2zxZnzplRy8Thhz0Ps/getUpdates "HTTP/1.1 200 OK"
2025-06-06 17:22:47,470 - httpx - INFO - HTTP Request: POST https://api.telegram.org/bot7093436536:AAEvjyOBDmUYkoOkO2zxZnzplRy8Thhz0Ps/getUpdates "HTTP/1.1 200 OK"
2025-06-06 17:22:57,554 - httpx - INFO - HTTP Request: POST https://api.telegram.org/bot7093436536:AAEvjyOBDmUYkoOkO2zxZnzplRy8Thhz0Ps/getUpdates "HTTP/1.1 200 OK"
2025-06-06 17:23:07,639 - httpx - INFO - HTTP Request: POST https://api.telegram.org/bot7093436536:AAEvjyOBDmUYkoOkO2zxZnzplRy8Thhz0Ps/getUpdates "HTTP/1.1 200 OK"
2025-06-06 17:23:17,724 - httpx - INFO - HTTP Request: POST https://api.telegram.org/bot7093436536:AAEvjyOBDmUYkoOkO2zxZnzplRy8Thhz0Ps/getUpdates "HTTP/1.1 200 OK"
2025-06-06 17:23:27,807 - httpx - INFO - HTTP Request: POST https://api.telegram.org/bot7093436536:AAEvjyOBDmUYkoOkO2zxZnzplRy8Thhz0Ps/getUpdates "HTTP/1.1 200 OK"
2025-06-06 17:23:37,894 - httpx - INFO - HTTP Request: POST https://api.telegram.org/bot7093436536:AAEvjyOBDmUYkoOkO2zxZnzplRy8Thhz0Ps/getUpdates "HTTP/1.1 200 OK"
2025-06-06 17:23:47,981 - httpx - INFO - HTTP Request: POST https://api.telegram.org/bot7093436536:AAEvjyOBDmUYkoOkO2zxZnzplRy8Thhz0Ps/getUpdates "HTTP/1.1 200 OK"
2025-06-06 17:23:58,066 - httpx - INFO - HTTP Request: POST https://api.telegram.org/bot7093436536:AAEvjyOBDmUYkoOkO2zxZnzplRy8Thhz0Ps/getUpdates "HTTP/1.1 200 OK"
2025-06-06 17:24:08,159 - httpx - INFO - HTTP Request: POST https://api.telegram.org/bot7093436536:AAEvjyOBDmUYkoOkO2zxZnzplRy8Thhz0Ps/getUpdates "HTTP/1.1 200 OK"
2025-06-06 17:24:18,245 - httpx - INFO - HTTP Request: POST https://api.telegram.org/bot7093436536:AAEvjyOBDmUYkoOkO2zxZnzplRy8Thhz0Ps/getUpdates "HTTP/1.1 200 OK"
2025-06-06 17:24:28,333 - httpx - INFO - HTTP Request: POST https://api.telegram.org/bot7093436536:AAEvjyOBDmUYkoOkO2zxZnzplRy8Thhz0Ps/getUpdates "HTTP/1.1 200 OK"
2025-06-06 17:24:38,417 - httpx - INFO - HTTP Request: POST https://api.telegram.org/bot7093436536:AAEvjyOBDmUYkoOkO2zxZnzplRy8Thhz0Ps/getUpdates "HTTP/1.1 200 OK"
2025-06-06 17:24:48,502 - httpx - INFO - HTTP Request: POST https://api.telegram.org/bot7093436536:AAEvjyOBDmUYkoOkO2zxZnzplRy8Thhz0Ps/getUpdates "HTTP/1.1 200 OK"
2025-06-06 17:24:58,589 - httpx - INFO - HTTP Request: POST https://api.telegram.org/bot7093436536:AAEvjyOBDmUYkoOkO2zxZnzplRy8Thhz0Ps/getUpdates "HTTP/1.1 200 OK"
2025-06-06 17:25:08,675 - httpx - INFO - HTTP Request: POST https://api.telegram.org/bot7093436536:AAEvjyOBDmUYkoOkO2zxZnzplRy8Thhz0Ps/getUpdates "HTTP/1.1 200 OK"
2025-06-06 17:25:18,762 - httpx - INFO - HTTP Request: POST https://api.telegram.org/bot7093436536:AAEvjyOBDmUYkoOkO2zxZnzplRy8Thhz0Ps/getUpdates "HTTP/1.1 200 OK"
2025-06-06 17:25:28,847 - httpx - INFO - HTTP Request: POST https://api.telegram.org/bot7093436536:AAEvjyOBDmUYkoOkO2zxZnzplRy8Thhz0Ps/getUpdates "HTTP/1.1 200 OK"
2025-06-06 17:25:38,947 - httpx - INFO - HTTP Request: POST https://api.telegram.org/bot7093436536:AAEvjyOBDmUYkoOkO2zxZnzplRy8Thhz0Ps/getUpdates "HTTP/1.1 200 OK"
2025-06-06 17:25:49,033 - httpx - INFO - HTTP Request: POST https://api.telegram.org/bot7093436536:AAEvjyOBDmUYkoOkO2zxZnzplRy8Thhz0Ps/getUpdates "HTTP/1.1 200 OK"
2025-06-06 17:25:59,119 - httpx - INFO - HTTP Request: POST https://api.telegram.org/bot7093436536:AAEvjyOBDmUYkoOkO2zxZnzplRy8Thhz0Ps/getUpdates "HTTP/1.1 200 OK"
2025-06-06 17:26:09,205 - httpx - INFO - HTTP Request: POST https://api.telegram.org/bot7093436536:AAEvjyOBDmUYkoOkO2zxZnzplRy8Thhz0Ps/getUpdates "HTTP/1.1 200 OK"
2025-06-06 17:26:19,290 - httpx - INFO - HTTP Request: POST https://api.telegram.org/bot7093436536:AAEvjyOBDmUYkoOkO2zxZnzplRy8Thhz0Ps/getUpdates "HTTP/1.1 200 OK"
2025-06-06 17:26:29,374 - httpx - INFO - HTTP Request: POST https://api.telegram.org/bot7093436536:AAEvjyOBDmUYkoOkO2zxZnzplRy8Thhz0Ps/getUpdates "HTTP/1.1 200 OK"
2025-06-06 17:26:39,462 - httpx - INFO - HTTP Request: POST https://api.telegram.org/bot7093436536:AAEvjyOBDmUYkoOkO2zxZnzplRy8Thhz0Ps/getUpdates "HTTP/1.1 200 OK"
2025-06-06 17:26:49,547 - httpx - INFO - HTTP Request: POST https://api.telegram.org/bot7093436536:AAEvjyOBDmUYkoOkO2zxZnzplRy8Thhz0Ps/getUpdates "HTTP/1.1 200 OK"
2025-06-06 17:26:59,634 - httpx - INFO - HTTP Request: POST https://api.telegram.org/bot7093436536:AAEvjyOBDmUYkoOkO2zxZnzplRy8Thhz0Ps/getUpdates "HTTP/1.1 200 OK"
2025-06-06 17:27:09,717 - httpx - INFO - HTTP Request: POST https://api.telegram.org/bot7093436536:AAEvjyOBDmUYkoOkO2zxZnzplRy8Thhz0Ps/getUpdates "HTTP/1.1 200 OK"
2025-06-06 17:27:19,803 - httpx - INFO - HTTP Request: POST https://api.telegram.org/bot7093436536:AAEvjyOBDmUYkoOkO2zxZnzplRy8Thhz0Ps/getUpdates "HTTP/1.1 200 OK"
2025-06-06 17:27:29,888 - httpx - INFO - HTTP Request: POST https://api.telegram.org/bot7093436536:AAEvjyOBDmUYkoOkO2zxZnzplRy8Thhz0Ps/getUpdates "HTTP/1.1 200 OK"
2025-06-06 17:27:39,975 - httpx - INFO - HTTP Request: POST https://api.telegram.org/bot7093436536:AAEvjyOBDmUYkoOkO2zxZnzplRy8Thhz0Ps/getUpdates "HTTP/1.1 200 OK"
2025-06-06 17:27:50,059 - httpx - INFO - HTTP Request: POST https://api.telegram.org/bot7093436536:AAEvjyOBDmUYkoOkO2zxZnzplRy8Thhz0Ps/getUpdates "HTTP/1.1 200 OK"
2025-06-06 17:28:00,145 - httpx - INFO - HTTP Request: POST https://api.telegram.org/bot7093436536:AAEvjyOBDmUYkoOkO2zxZnzplRy8Thhz0Ps/getUpdates "HTTP/1.1 200 OK"
2025-06-06 17:28:10,230 - httpx - INFO - HTTP Request: POST https://api.telegram.org/bot7093436536:AAEvjyOBDmUYkoOkO2zxZnzplRy8Thhz0Ps/getUpdates "HTTP/1.1 200 OK"
2025-06-06 17:28:20,314 - httpx - INFO - HTTP Request: POST https://api.telegram.org/bot7093436536:AAEvjyOBDmUYkoOkO2zxZnzplRy8Thhz0Ps/getUpdates "HTTP/1.1 200 OK"
2025-06-06 17:28:30,399 - httpx - INFO - HTTP Request: POST https://api.telegram.org/bot7093436536:AAEvjyOBDmUYkoOkO2zxZnzplRy8Thhz0Ps/getUpdates "HTTP/1.1 200 OK"
2025-06-06 17:28:40,483 - httpx - INFO - HTTP Request: POST https://api.telegram.org/bot7093436536:AAEvjyOBDmUYkoOkO2zxZnzplRy8Thhz0Ps/getUpdates "HTTP/1.1 200 OK"
2025-06-06 17:28:50,568 - httpx - INFO - HTTP Request: POST https://api.telegram.org/bot7093436536:AAEvjyOBDmUYkoOkO2zxZnzplRy8Thhz0Ps/getUpdates "HTTP/1.1 200 OK"
2025-06-06 17:29:00,653 - httpx - INFO - HTTP Request: POST https://api.telegram.org/bot7093436536:AAEvjyOBDmUYkoOkO2zxZnzplRy8Thhz0Ps/getUpdates "HTTP/1.1 200 OK"
2025-06-06 17:29:10,737 - httpx - INFO - HTTP Request: POST https://api.telegram.org/bot7093436536:AAEvjyOBDmUYkoOkO2zxZnzplRy8Thhz0Ps/getUpdates "HTTP/1.1 200 OK"
2025-06-06 17:29:20,826 - httpx - INFO - HTTP Request: POST https://api.telegram.org/bot7093436536:AAEvjyOBDmUYkoOkO2zxZnzplRy8Thhz0Ps/getUpdates "HTTP/1.1 200 OK"
2025-06-06 17:29:30,911 - httpx - INFO - HTTP Request: POST https://api.telegram.org/bot7093436536:AAEvjyOBDmUYkoOkO2zxZnzplRy8Thhz0Ps/getUpdates "HTTP/1.1 200 OK"
2025-06-06 17:29:41,001 - httpx - INFO - HTTP Request: POST https://api.telegram.org/bot7093436536:AAEvjyOBDmUYkoOkO2zxZnzplRy8Thhz0Ps/getUpdates "HTTP/1.1 200 OK"
2025-06-06 17:29:51,086 - httpx - INFO - HTTP Request: POST https://api.telegram.org/bot7093436536:AAEvjyOBDmUYkoOkO2zxZnzplRy8Thhz0Ps/getUpdates "HTTP/1.1 200 OK"
2025-06-06 17:30:01,170 - httpx - INFO - HTTP Request: POST https://api.telegram.org/bot7093436536:AAEvjyOBDmUYkoOkO2zxZnzplRy8Thhz0Ps/getUpdates "HTTP/1.1 200 OK"
2025-06-06 17:30:11,253 - httpx - INFO - HTTP Request: POST https://api.telegram.org/bot7093436536:AAEvjyOBDmUYkoOkO2zxZnzplRy8Thhz0Ps/getUpdates "HTTP/1.1 200 OK"
2025-06-06 17:30:21,343 - httpx - INFO - HTTP Request: POST https://api.telegram.org/bot7093436536:AAEvjyOBDmUYkoOkO2zxZnzplRy8Thhz0Ps/getUpdates "HTTP/1.1 200 OK"
2025-06-06 17:30:31,432 - httpx - INFO - HTTP Request: POST https://api.telegram.org/bot7093436536:AAEvjyOBDmUYkoOkO2zxZnzplRy8Thhz0Ps/getUpdates "HTTP/1.1 200 OK"
2025-06-06 17:30:41,516 - httpx - INFO - HTTP Request: POST https://api.telegram.org/bot7093436536:AAEvjyOBDmUYkoOkO2zxZnzplRy8Thhz0Ps/getUpdates "HTTP/1.1 200 OK"
2025-06-06 17:30:51,601 - httpx - INFO - HTTP Request: POST https://api.telegram.org/bot7093436536:AAEvjyOBDmUYkoOkO2zxZnzplRy8Thhz0Ps/getUpdates "HTTP/1.1 200 OK"
2025-06-06 17:31:01,862 - httpx - INFO - HTTP Request: POST https://api.telegram.org/bot7093436536:AAEvjyOBDmUYkoOkO2zxZnzplRy8Thhz0Ps/getUpdates "HTTP/1.1 200 OK"
2025-06-06 17:31:11,952 - httpx - INFO - HTTP Request: POST https://api.telegram.org/bot7093436536:AAEvjyOBDmUYkoOkO2zxZnzplRy8Thhz0Ps/getUpdates "HTTP/1.1 200 OK"
2025-06-06 17:31:22,039 - httpx - INFO - HTTP Request: POST https://api.telegram.org/bot7093436536:AAEvjyOBDmUYkoOkO2zxZnzplRy8Thhz0Ps/getUpdates "HTTP/1.1 200 OK"
2025-06-06 17:31:32,125 - httpx - INFO - HTTP Request: POST https://api.telegram.org/bot7093436536:AAEvjyOBDmUYkoOkO2zxZnzplRy8Thhz0Ps/getUpdates "HTTP/1.1 200 OK"
2025-06-06 17:31:42,213 - httpx - INFO - HTTP Request: POST https://api.telegram.org/bot7093436536:AAEvjyOBDmUYkoOkO2zxZnzplRy8Thhz0Ps/getUpdates "HTTP/1.1 200 OK"
2025-06-06 17:31:52,299 - httpx - INFO - HTTP Request: POST https://api.telegram.org/bot7093436536:AAEvjyOBDmUYkoOkO2zxZnzplRy8Thhz0Ps/getUpdates "HTTP/1.1 200 OK"
2025-06-06 17:32:02,385 - httpx - INFO - HTTP Request: POST https://api.telegram.org/bot7093436536:AAEvjyOBDmUYkoOkO2zxZnzplRy8Thhz0Ps/getUpdates "HTTP/1.1 200 OK"
2025-06-06 17:32:12,472 - httpx - INFO - HTTP Request: POST https://api.telegram.org/bot7093436536:AAEvjyOBDmUYkoOkO2zxZnzplRy8Thhz0Ps/getUpdates "HTTP/1.1 200 OK"
2025-06-06 17:32:22,557 - httpx - INFO - HTTP Request: POST https://api.telegram.org/bot7093436536:AAEvjyOBDmUYkoOkO2zxZnzplRy8Thhz0Ps/getUpdates "HTTP/1.1 200 OK"
2025-06-06 17:32:32,646 - httpx - INFO - HTTP Request: POST https://api.telegram.org/bot7093436536:AAEvjyOBDmUYkoOkO2zxZnzplRy8Thhz0Ps/getUpdates "HTTP/1.1 200 OK"
2025-06-06 17:32:42,732 - httpx - INFO - HTTP Request: POST https://api.telegram.org/bot7093436536:AAEvjyOBDmUYkoOkO2zxZnzplRy8Thhz0Ps/getUpdates "HTTP/1.1 200 OK"
2025-06-06 17:32:52,819 - httpx - INFO - HTTP Request: POST https://api.telegram.org/bot7093436536:AAEvjyOBDmUYkoOkO2zxZnzplRy8Thhz0Ps/getUpdates "HTTP/1.1 200 OK"
2025-06-06 17:33:02,905 - httpx - INFO - HTTP Request: POST https://api.telegram.org/bot7093436536:AAEvjyOBDmUYkoOkO2zxZnzplRy8Thhz0Ps/getUpdates "HTTP/1.1 200 OK"
2025-06-06 17:33:13,025 - httpx - INFO - HTTP Request: POST https://api.telegram.org/bot7093436536:AAEvjyOBDmUYkoOkO2zxZnzplRy8Thhz0Ps/getUpdates "HTTP/1.1 200 OK"
2025-06-06 17:33:23,113 - httpx - INFO - HTTP Request: POST https://api.telegram.org/bot7093436536:AAEvjyOBDmUYkoOkO2zxZnzplRy8Thhz0Ps/getUpdates "HTTP/1.1 200 OK"
2025-06-06 17:33:33,199 - httpx - INFO - HTTP Request: POST https://api.telegram.org/bot7093436536:AAEvjyOBDmUYkoOkO2zxZnzplRy8Thhz0Ps/getUpdates "HTTP/1.1 200 OK"
2025-06-06 17:33:43,285 - httpx - INFO - HTTP Request: POST https://api.telegram.org/bot7093436536:AAEvjyOBDmUYkoOkO2zxZnzplRy8Thhz0Ps/getUpdates "HTTP/1.1 200 OK"
2025-06-07 11:25:02,428 - httpx - INFO - HTTP Request: POST https://api.telegram.org/bot7093436536:AAEvjyOBDmUYkoOkO2zxZnzplRy8Thhz0Ps/getMe "HTTP/1.1 200 OK"
2025-06-07 11:25:02,516 - httpx - INFO - HTTP Request: POST https://api.telegram.org/bot7093436536:AAEvjyOBDmUYkoOkO2zxZnzplRy8Thhz0Ps/deleteWebhook "HTTP/1.1 200 OK"
2025-06-07 11:25:02,517 - apscheduler.scheduler - INFO - Scheduler started
2025-06-07 11:25:02,517 - telegram.ext.Application - INFO - Application started
2025-06-07 11:25:02,784 - httpx - INFO - HTTP Request: POST https://api.telegram.org/bot7093436536:AAEvjyOBDmUYkoOkO2zxZnzplRy8Thhz0Ps/getUpdates "HTTP/1.1 200 OK"
2025-06-07 11:25:03,078 - httpx - INFO - HTTP Request: POST https://api.telegram.org/bot7093436536:AAEvjyOBDmUYkoOkO2zxZnzplRy8Thhz0Ps/sendMessage "HTTP/1.1 200 OK"
2025-06-07 11:25:13,035 - httpx - INFO - HTTP Request: POST https://api.telegram.org/bot7093436536:AAEvjyOBDmUYkoOkO2zxZnzplRy8Thhz0Ps/getUpdates "HTTP/1.1 200 OK"
2025-06-07 11:25:23,128 - httpx - INFO - HTTP Request: POST https://api.telegram.org/bot7093436536:AAEvjyOBDmUYkoOkO2zxZnzplRy8Thhz0Ps/getUpdates "HTTP/1.1 200 OK"
2025-06-07 11:25:33,219 - httpx - INFO - HTTP Request: POST https://api.telegram.org/bot7093436536:AAEvjyOBDmUYkoOkO2zxZnzplRy8Thhz0Ps/getUpdates "HTTP/1.1 200 OK"
2025-06-07 11:25:43,308 - httpx - INFO - HTTP Request: POST https://api.telegram.org/bot7093436536:AAEvjyOBDmUYkoOkO2zxZnzplRy8Thhz0Ps/getUpdates "HTTP/1.1 200 OK"
2025-06-07 11:25:53,397 - httpx - INFO - HTTP Request: POST https://api.telegram.org/bot7093436536:AAEvjyOBDmUYkoOkO2zxZnzplRy8Thhz0Ps/getUpdates "HTTP/1.1 200 OK"
2025-06-07 11:25:55,796 - httpx - INFO - HTTP Request: POST https://api.telegram.org/bot7093436536:AAEvjyOBDmUYkoOkO2zxZnzplRy8Thhz0Ps/getUpdates "HTTP/1.1 200 OK"
2025-06-07 11:25:56,237 - httpx - INFO - HTTP Request: POST https://api.telegram.org/bot7093436536:AAEvjyOBDmUYkoOkO2zxZnzplRy8Thhz0Ps/sendMessage "HTTP/1.1 200 OK"
2025-06-07 11:26:01,217 - httpx - INFO - HTTP Request: POST https://api.telegram.org/bot7093436536:AAEvjyOBDmUYkoOkO2zxZnzplRy8Thhz0Ps/getUpdates "HTTP/1.1 200 OK"
2025-06-07 11:26:01,531 - httpx - INFO - HTTP Request: POST https://api.telegram.org/bot7093436536:AAEvjyOBDmUYkoOkO2zxZnzplRy8Thhz0Ps/sendMessage "HTTP/1.1 200 OK"
2025-06-07 11:26:11,332 - httpx - INFO - HTTP Request: POST https://api.telegram.org/bot7093436536:AAEvjyOBDmUYkoOkO2zxZnzplRy8Thhz0Ps/getUpdates "HTTP/1.1 200 OK"
2025-06-07 11:26:15,345 - httpx - INFO - HTTP Request: POST https://api.telegram.org/bot7093436536:AAEvjyOBDmUYkoOkO2zxZnzplRy8Thhz0Ps/getUpdates "HTTP/1.1 200 OK"
2025-06-07 11:26:15,653 - httpx - INFO - HTTP Request: POST https://api.telegram.org/bot7093436536:AAEvjyOBDmUYkoOkO2zxZnzplRy8Thhz0Ps/sendMessage "HTTP/1.1 200 OK"
2025-06-07 11:26:25,445 - httpx - INFO - HTTP Request: POST https://api.telegram.org/bot7093436536:AAEvjyOBDmUYkoOkO2zxZnzplRy8Thhz0Ps/getUpdates "HTTP/1.1 200 OK"
2025-06-07 11:26:25,646 - httpx - INFO - HTTP Request: POST https://api.telegram.org/bot7093436536:AAEvjyOBDmUYkoOkO2zxZnzplRy8Thhz0Ps/getUpdates "HTTP/1.1 200 OK"
2025-06-07 11:26:25,991 - httpx - INFO - HTTP Request: POST https://api.telegram.org/bot7093436536:AAEvjyOBDmUYkoOkO2zxZnzplRy8Thhz0Ps/sendMessage "HTTP/1.1 200 OK"
2025-06-07 11:26:34,411 - httpx - INFO - HTTP Request: POST https://api.telegram.org/bot7093436536:AAEvjyOBDmUYkoOkO2zxZnzplRy8Thhz0Ps/getUpdates "HTTP/1.1 200 OK"
2025-06-07 11:26:34,462 - __main__ - ERROR - Failed to fetch rate for BTC from Bybit: 403 Client Error: Forbidden for url: https://api.bybit.com/v5/market/tickers?category=spot&symbol=BTCUSDT
2025-06-07 11:26:34,506 - __main__ - ERROR - Failed to fetch rate for BTC from Bybit: 403 Client Error: Forbidden for url: https://api.bybit.com/v5/market/tickers?category=spot&symbol=BTCUSDT
2025-06-07 11:26:34,549 - __main__ - ERROR - Failed to fetch rate for BTC from Bybit: 403 Client Error: Forbidden for url: https://api.bybit.com/v5/market/tickers?category=spot&symbol=BTCUSDT
2025-06-07 11:26:34,846 - httpx - INFO - HTTP Request: POST https://api.telegram.org/bot7093436536:AAEvjyOBDmUYkoOkO2zxZnzplRy8Thhz0Ps/sendMessage "HTTP/1.1 200 OK"
2025-06-07 11:26:43,063 - httpx - INFO - HTTP Request: POST https://api.telegram.org/bot7093436536:AAEvjyOBDmUYkoOkO2zxZnzplRy8Thhz0Ps/getUpdates "HTTP/1.1 200 OK"
2025-06-07 11:26:43,401 - httpx - INFO - HTTP Request: POST https://api.telegram.org/bot7093436536:AAEvjyOBDmUYkoOkO2zxZnzplRy8Thhz0Ps/sendMessage "HTTP/1.1 200 OK"
2025-06-07 11:26:47,556 - httpx - INFO - HTTP Request: POST https://api.telegram.org/bot7093436536:AAEvjyOBDmUYkoOkO2zxZnzplRy8Thhz0Ps/getUpdates "HTTP/1.1 200 OK"
2025-06-07 11:26:47,602 - __main__ - ERROR - Failed to fetch rate for BTC from Bybit: 403 Client Error: Forbidden for url: https://api.bybit.com/v5/market/tickers?category=spot&symbol=BTCUSDT
2025-06-07 11:26:47,650 - __main__ - ERROR - Failed to fetch rate for BTC from Bybit: 403 Client Error: Forbidden for url: https://api.bybit.com/v5/market/tickers?category=spot&symbol=BTCUSDT
2025-06-07 11:26:47,694 - __main__ - ERROR - Failed to fetch rate for BTC from Bybit: 403 Client Error: Forbidden for url: https://api.bybit.com/v5/market/tickers?category=spot&symbol=BTCUSDT
2025-06-07 11:26:47,806 - httpx - INFO - HTTP Request: POST https://api.telegram.org/bot7093436536:AAEvjyOBDmUYkoOkO2zxZnzplRy8Thhz0Ps/sendMessage "HTTP/1.1 200 OK"
2025-06-07 11:26:57,785 - httpx - INFO - HTTP Request: POST https://api.telegram.org/bot7093436536:AAEvjyOBDmUYkoOkO2zxZnzplRy8Thhz0Ps/getUpdates "HTTP/1.1 200 OK"
2025-06-07 11:27:07,533 - httpx - INFO - HTTP Request: POST https://api.telegram.org/bot7093436536:AAEvjyOBDmUYkoOkO2zxZnzplRy8Thhz0Ps/getUpdates "HTTP/1.1 200 OK"
2025-06-07 11:27:07,807 - httpx - INFO - HTTP Request: POST https://api.telegram.org/bot7093436536:AAEvjyOBDmUYkoOkO2zxZnzplRy8Thhz0Ps/sendMessage "HTTP/1.1 200 OK"
2025-06-07 11:27:12,726 - httpx - INFO - HTTP Request: POST https://api.telegram.org/bot7093436536:AAEvjyOBDmUYkoOkO2zxZnzplRy8Thhz0Ps/getUpdates "HTTP/1.1 200 OK"
2025-06-07 11:27:21,205 - httpx - INFO - HTTP Request: POST https://api.telegram.org/bot7093436536:AAEvjyOBDmUYkoOkO2zxZnzplRy8Thhz0Ps/getUpdates "HTTP/1.1 200 OK"
2025-06-07 11:27:27,362 - httpx - INFO - HTTP Request: POST https://api.telegram.org/bot7093436536:AAEvjyOBDmUYkoOkO2zxZnzplRy8Thhz0Ps/getUpdates "HTTP/1.1 200 OK"
2025-06-07 11:27:27,663 - httpx - INFO - HTTP Request: POST https://api.telegram.org/bot7093436536:AAEvjyOBDmUYkoOkO2zxZnzplRy8Thhz0Ps/sendMessage "HTTP/1.1 200 OK"
2025-06-07 11:27:32,392 - httpx - INFO - HTTP Request: POST https://api.telegram.org/bot7093436536:AAEvjyOBDmUYkoOkO2zxZnzplRy8Thhz0Ps/getUpdates "HTTP/1.1 200 OK"
2025-06-07 11:27:32,501 - httpx - INFO - HTTP Request: POST https://api.telegram.org/bot7093436536:AAEvjyOBDmUYkoOkO2zxZnzplRy8Thhz0Ps/sendMessage "HTTP/1.1 200 OK"
2025-06-07 11:27:37,443 - httpx - INFO - HTTP Request: POST https://api.telegram.org/bot7093436536:AAEvjyOBDmUYkoOkO2zxZnzplRy8Thhz0Ps/getUpdates "HTTP/1.1 200 OK"
2025-06-07 11:27:37,493 - __main__ - ERROR - Failed to fetch rate for BTC from Bybit: 403 Client Error: Forbidden for url: https://api.bybit.com/v5/market/tickers?category=spot&symbol=BTCUSDT
2025-06-07 11:27:37,540 - __main__ - ERROR - Failed to fetch rate for BTC from Bybit: 403 Client Error: Forbidden for url: https://api.bybit.com/v5/market/tickers?category=spot&symbol=BTCUSDT
2025-06-07 11:27:37,583 - __main__ - ERROR - Failed to fetch rate for BTC from Bybit: 403 Client Error: Forbidden for url: https://api.bybit.com/v5/market/tickers?category=spot&symbol=BTCUSDT
2025-06-07 11:27:37,871 - httpx - INFO - HTTP Request: POST https://api.telegram.org/bot7093436536:AAEvjyOBDmUYkoOkO2zxZnzplRy8Thhz0Ps/sendMessage "HTTP/1.1 200 OK"
2025-06-07 11:27:45,361 - httpx - INFO - HTTP Request: POST https://api.telegram.org/bot7093436536:AAEvjyOBDmUYkoOkO2zxZnzplRy8Thhz0Ps/getUpdates "HTTP/1.1 200 OK"
2025-06-07 11:27:45,406 - __main__ - ERROR - Failed to fetch rate for BTC from Bybit: 403 Client Error: Forbidden for url: https://api.bybit.com/v5/market/tickers?category=spot&symbol=BTCUSDT
2025-06-07 11:27:45,449 - __main__ - ERROR - Failed to fetch rate for BTC from Bybit: 403 Client Error: Forbidden for url: https://api.bybit.com/v5/market/tickers?category=spot&symbol=BTCUSDT
2025-06-07 11:27:45,493 - __main__ - ERROR - Failed to fetch rate for BTC from Bybit: 403 Client Error: Forbidden for url: https://api.bybit.com/v5/market/tickers?category=spot&symbol=BTCUSDT
2025-06-07 11:27:45,776 - httpx - INFO - HTTP Request: POST https://api.telegram.org/bot7093436536:AAEvjyOBDmUYkoOkO2zxZnzplRy8Thhz0Ps/sendMessage "HTTP/1.1 200 OK"
2025-06-07 11:27:48,401 - httpx - INFO - HTTP Request: POST https://api.telegram.org/bot7093436536:AAEvjyOBDmUYkoOkO2zxZnzplRy8Thhz0Ps/getUpdates "HTTP/1.1 200 OK"
2025-06-07 11:27:50,384 - httpx - INFO - HTTP Request: POST https://api.telegram.org/bot7093436536:AAEvjyOBDmUYkoOkO2zxZnzplRy8Thhz0Ps/getUpdates "HTTP/1.1 200 OK"
2025-06-07 11:27:52,080 - httpx - INFO - HTTP Request: POST https://api.telegram.org/bot7093436536:AAEvjyOBDmUYkoOkO2zxZnzplRy8Thhz0Ps/getUpdates "HTTP/1.1 200 OK"
2025-06-07 11:27:53,491 - httpx - INFO - HTTP Request: POST https://api.telegram.org/bot7093436536:AAEvjyOBDmUYkoOkO2zxZnzplRy8Thhz0Ps/getUpdates "HTTP/1.1 200 OK"
2025-06-07 11:27:53,919 - httpx - INFO - HTTP Request: POST https://api.telegram.org/bot7093436536:AAEvjyOBDmUYkoOkO2zxZnzplRy8Thhz0Ps/sendMessage "HTTP/1.1 200 OK"
2025-06-07 11:28:03,733 - httpx - INFO - HTTP Request: POST https://api.telegram.org/bot7093436536:AAEvjyOBDmUYkoOkO2zxZnzplRy8Thhz0Ps/getUpdates "HTTP/1.1 200 OK"
2025-06-07 11:28:04,862 - httpx - INFO - HTTP Request: POST https://api.telegram.org/bot7093436536:AAEvjyOBDmUYkoOkO2zxZnzplRy8Thhz0Ps/getUpdates "HTTP/1.1 200 OK"
2025-06-07 11:28:05,137 - httpx - INFO - HTTP Request: POST https://api.telegram.org/bot7093436536:AAEvjyOBDmUYkoOkO2zxZnzplRy8Thhz0Ps/sendMessage "HTTP/1.1 200 OK"
2025-06-07 11:28:14,953 - httpx - INFO - HTTP Request: POST https://api.telegram.org/bot7093436536:AAEvjyOBDmUYkoOkO2zxZnzplRy8Thhz0Ps/getUpdates "HTTP/1.1 200 OK"
2025-06-07 11:28:25,043 - httpx - INFO - HTTP Request: POST https://api.telegram.org/bot7093436536:AAEvjyOBDmUYkoOkO2zxZnzplRy8Thhz0Ps/getUpdates "HTTP/1.1 200 OK"
2025-06-07 11:28:35,137 - httpx - INFO - HTTP Request: POST https://api.telegram.org/bot7093436536:AAEvjyOBDmUYkoOkO2zxZnzplRy8Thhz0Ps/getUpdates "HTTP/1.1 200 OK"
2025-06-07 11:28:45,234 - httpx - INFO - HTTP Request: POST https://api.telegram.org/bot7093436536:AAEvjyOBDmUYkoOkO2zxZnzplRy8Thhz0Ps/getUpdates "HTTP/1.1 200 OK"
2025-06-07 11:28:55,325 - httpx - INFO - HTTP Request: POST https://api.telegram.org/bot7093436536:AAEvjyOBDmUYkoOkO2zxZnzplRy8Thhz0Ps/getUpdates "HTTP/1.1 200 OK"
2025-06-07 11:29:05,416 - httpx - INFO - HTTP Request: POST https://api.telegram.org/bot7093436536:AAEvjyOBDmUYkoOkO2zxZnzplRy8Thhz0Ps/getUpdates "HTTP/1.1 200 OK"
2025-06-07 11:29:15,506 - httpx - INFO - HTTP Request: POST https://api.telegram.org/bot7093436536:AAEvjyOBDmUYkoOkO2zxZnzplRy8Thhz0Ps/getUpdates "HTTP/1.1 200 OK"
2025-06-07 11:29:23,368 - httpx - INFO - HTTP Request: POST https://api.telegram.org/bot7093436536:AAEvjyOBDmUYkoOkO2zxZnzplRy8Thhz0Ps/getUpdates "HTTP/1.1 200 OK"
2025-06-07 11:29:23,794 - httpx - INFO - HTTP Request: POST https://api.telegram.org/bot7093436536:AAEvjyOBDmUYkoOkO2zxZnzplRy8Thhz0Ps/sendMessage "HTTP/1.1 200 OK"
2025-06-07 11:29:33,612 - httpx - INFO - HTTP Request: POST https://api.telegram.org/bot7093436536:AAEvjyOBDmUYkoOkO2zxZnzplRy8Thhz0Ps/getUpdates "HTTP/1.1 200 OK"
2025-06-07 11:29:43,138 - httpx - INFO - HTTP Request: POST https://api.telegram.org/bot7093436536:AAEvjyOBDmUYkoOkO2zxZnzplRy8Thhz0Ps/getUpdates "HTTP/1.1 200 OK"
2025-06-07 11:29:43,403 - httpx - INFO - HTTP Request: POST https://api.telegram.org/bot7093436536:AAEvjyOBDmUYkoOkO2zxZnzplRy8Thhz0Ps/sendMessage "HTTP/1.1 200 OK"
2025-06-07 11:29:53,229 - httpx - INFO - HTTP Request: POST https://api.telegram.org/bot7093436536:AAEvjyOBDmUYkoOkO2zxZnzplRy8Thhz0Ps/getUpdates "HTTP/1.1 200 OK"
2025-06-07 11:30:03,319 - httpx - INFO - HTTP Request: POST https://api.telegram.org/bot7093436536:AAEvjyOBDmUYkoOkO2zxZnzplRy8Thhz0Ps/getUpdates "HTTP/1.1 200 OK"
2025-06-07 11:30:13,408 - httpx - INFO - HTTP Request: POST https://api.telegram.org/bot7093436536:AAEvjyOBDmUYkoOkO2zxZnzplRy8Thhz0Ps/getUpdates "HTTP/1.1 200 OK"
2025-06-07 11:30:23,498 - httpx - INFO - HTTP Request: POST https://api.telegram.org/bot7093436536:AAEvjyOBDmUYkoOkO2zxZnzplRy8Thhz0Ps/getUpdates "HTTP/1.1 200 OK"
2025-06-07 11:30:33,588 - httpx - INFO - HTTP Request: POST https://api.telegram.org/bot7093436536:AAEvjyOBDmUYkoOkO2zxZnzplRy8Thhz0Ps/getUpdates "HTTP/1.1 200 OK"
2025-06-07 11:30:43,678 - httpx - INFO - HTTP Request: POST https://api.telegram.org/bot7093436536:AAEvjyOBDmUYkoOkO2zxZnzplRy8Thhz0Ps/getUpdates "HTTP/1.1 200 OK"
2025-06-07 11:30:53,767 - httpx - INFO - HTTP Request: POST https://api.telegram.org/bot7093436536:AAEvjyOBDmUYkoOkO2zxZnzplRy8Thhz0Ps/getUpdates "HTTP/1.1 200 OK"
2025-06-07 11:31:03,856 - httpx - INFO - HTTP Request: POST https://api.telegram.org/bot7093436536:AAEvjyOBDmUYkoOkO2zxZnzplRy8Thhz0Ps/getUpdates "HTTP/1.1 200 OK"
2025-06-07 11:31:13,948 - httpx - INFO - HTTP Request: POST https://api.telegram.org/bot7093436536:AAEvjyOBDmUYkoOkO2zxZnzplRy8Thhz0Ps/getUpdates "HTTP/1.1 200 OK"
2025-06-07 11:31:24,037 - httpx - INFO - HTTP Request: POST https://api.telegram.org/bot7093436536:AAEvjyOBDmUYkoOkO2zxZnzplRy8Thhz0Ps/getUpdates "HTTP/1.1 200 OK"
2025-06-07 11:31:34,128 - httpx - INFO - HTTP Request: POST https://api.telegram.org/bot7093436536:AAEvjyOBDmUYkoOkO2zxZnzplRy8Thhz0Ps/getUpdates "HTTP/1.1 200 OK"
2025-06-07 11:31:44,220 - httpx - INFO - HTTP Request: POST https://api.telegram.org/bot7093436536:AAEvjyOBDmUYkoOkO2zxZnzplRy8Thhz0Ps/getUpdates "HTTP/1.1 200 OK"
2025-06-07 11:31:54,310 - httpx - INFO - HTTP Request: POST https://api.telegram.org/bot7093436536:AAEvjyOBDmUYkoOkO2zxZnzplRy8Thhz0Ps/getUpdates "HTTP/1.1 200 OK"
2025-06-07 11:32:04,400 - httpx - INFO - HTTP Request: POST https://api.telegram.org/bot7093436536:AAEvjyOBDmUYkoOkO2zxZnzplRy8Thhz0Ps/getUpdates "HTTP/1.1 200 OK"
2025-06-07 11:32:14,490 - httpx - INFO - HTTP Request: POST https://api.telegram.org/bot7093436536:AAEvjyOBDmUYkoOkO2zxZnzplRy8Thhz0Ps/getUpdates "HTTP/1.1 200 OK"
2025-06-07 11:32:24,581 - httpx - INFO - HTTP Request: POST https://api.telegram.org/bot7093436536:AAEvjyOBDmUYkoOkO2zxZnzplRy8Thhz0Ps/getUpdates "HTTP/1.1 200 OK"
2025-06-07 11:32:34,670 - httpx - INFO - HTTP Request: POST https://api.telegram.org/bot7093436536:AAEvjyOBDmUYkoOkO2zxZnzplRy8Thhz0Ps/getUpdates "HTTP/1.1 200 OK"
2025-06-07 11:32:44,759 - httpx - INFO - HTTP Request: POST https://api.telegram.org/bot7093436536:AAEvjyOBDmUYkoOkO2zxZnzplRy8Thhz0Ps/getUpdates "HTTP/1.1 200 OK"
2025-06-07 11:32:54,874 - httpx - INFO - HTTP Request: POST https://api.telegram.org/bot7093436536:AAEvjyOBDmUYkoOkO2zxZnzplRy8Thhz0Ps/getUpdates "HTTP/1.1 200 OK"
2025-06-07 11:33:04,963 - httpx - INFO - HTTP Request: POST https://api.telegram.org/bot7093436536:AAEvjyOBDmUYkoOkO2zxZnzplRy8Thhz0Ps/getUpdates "HTTP/1.1 200 OK"
2025-06-07 11:33:15,053 - httpx - INFO - HTTP Request: POST https://api.telegram.org/bot7093436536:AAEvjyOBDmUYkoOkO2zxZnzplRy8Thhz0Ps/getUpdates "HTTP/1.1 200 OK"
2025-06-07 11:33:25,143 - httpx - INFO - HTTP Request: POST https://api.telegram.org/bot7093436536:AAEvjyOBDmUYkoOkO2zxZnzplRy8Thhz0Ps/getUpdates "HTTP/1.1 200 OK"
2025-06-07 11:33:35,233 - httpx - INFO - HTTP Request: POST https://api.telegram.org/bot7093436536:AAEvjyOBDmUYkoOkO2zxZnzplRy8Thhz0Ps/getUpdates "HTTP/1.1 200 OK"
2025-06-07 11:33:45,330 - httpx - INFO - HTTP Request: POST https://api.telegram.org/bot7093436536:AAEvjyOBDmUYkoOkO2zxZnzplRy8Thhz0Ps/getUpdates "HTTP/1.1 200 OK"
2025-06-07 11:33:55,420 - httpx - INFO - HTTP Request: POST https://api.telegram.org/bot7093436536:AAEvjyOBDmUYkoOkO2zxZnzplRy8Thhz0Ps/getUpdates "HTTP/1.1 200 OK"
2025-06-07 11:34:05,509 - httpx - INFO - HTTP Request: POST https://api.telegram.org/bot7093436536:AAEvjyOBDmUYkoOkO2zxZnzplRy8Thhz0Ps/getUpdates "HTTP/1.1 200 OK"
2025-06-07 11:34:15,599 - httpx - INFO - HTTP Request: POST https://api.telegram.org/bot7093436536:AAEvjyOBDmUYkoOkO2zxZnzplRy8Thhz0Ps/getUpdates "HTTP/1.1 200 OK"
2025-06-07 11:34:25,690 - httpx - INFO - HTTP Request: POST https://api.telegram.org/bot7093436536:AAEvjyOBDmUYkoOkO2zxZnzplRy8Thhz0Ps/getUpdates "HTTP/1.1 200 OK"
2025-06-07 11:34:35,780 - httpx - INFO - HTTP Request: POST https://api.telegram.org/bot7093436536:AAEvjyOBDmUYkoOkO2zxZnzplRy8Thhz0Ps/getUpdates "HTTP/1.1 200 OK"
2025-06-07 11:34:45,870 - httpx - INFO - HTTP Request: POST https://api.telegram.org/bot7093436536:AAEvjyOBDmUYkoOkO2zxZnzplRy8Thhz0Ps/getUpdates "HTTP/1.1 200 OK"
2025-06-07 11:34:55,959 - httpx - INFO - HTTP Request: POST https://api.telegram.org/bot7093436536:AAEvjyOBDmUYkoOkO2zxZnzplRy8Thhz0Ps/getUpdates "HTTP/1.1 200 OK"
2025-06-07 11:35:06,050 - httpx - INFO - HTTP Request: POST https://api.telegram.org/bot7093436536:AAEvjyOBDmUYkoOkO2zxZnzplRy8Thhz0Ps/getUpdates "HTTP/1.1 200 OK"
2025-06-07 11:35:16,139 - httpx - INFO - HTTP Request: POST https://api.telegram.org/bot7093436536:AAEvjyOBDmUYkoOkO2zxZnzplRy8Thhz0Ps/getUpdates "HTTP/1.1 200 OK"
2025-06-07 11:35:26,229 - httpx - INFO - HTTP Request: POST https://api.telegram.org/bot7093436536:AAEvjyOBDmUYkoOkO2zxZnzplRy8Thhz0Ps/getUpdates "HTTP/1.1 200 OK"
2025-06-07 11:35:36,319 - httpx - INFO - HTTP Request: POST https://api.telegram.org/bot7093436536:AAEvjyOBDmUYkoOkO2zxZnzplRy8Thhz0Ps/getUpdates "HTTP/1.1 200 OK"
2025-06-07 11:35:46,410 - httpx - INFO - HTTP Request: POST https://api.telegram.org/bot7093436536:AAEvjyOBDmUYkoOkO2zxZnzplRy8Thhz0Ps/getUpdates "HTTP/1.1 200 OK"
2025-06-07 11:35:56,500 - httpx - INFO - HTTP Request: POST https://api.telegram.org/bot7093436536:AAEvjyOBDmUYkoOkO2zxZnzplRy8Thhz0Ps/getUpdates "HTTP/1.1 200 OK"
2025-06-07 11:36:06,589 - httpx - INFO - HTTP Request: POST https://api.telegram.org/bot7093436536:AAEvjyOBDmUYkoOkO2zxZnzplRy8Thhz0Ps/getUpdates "HTTP/1.1 200 OK"
2025-06-07 11:36:16,687 - httpx - INFO - HTTP Request: POST https://api.telegram.org/bot7093436536:AAEvjyOBDmUYkoOkO2zxZnzplRy8Thhz0Ps/getUpdates "HTTP/1.1 200 OK"
2025-06-07 11:36:26,776 - httpx - INFO - HTTP Request: POST https://api.telegram.org/bot7093436536:AAEvjyOBDmUYkoOkO2zxZnzplRy8Thhz0Ps/getUpdates "HTTP/1.1 200 OK"
2025-06-07 11:36:36,871 - httpx - INFO - HTTP Request: POST https://api.telegram.org/bot7093436536:AAEvjyOBDmUYkoOkO2zxZnzplRy8Thhz0Ps/getUpdates "HTTP/1.1 200 OK"
2025-06-07 11:36:46,961 - httpx - INFO - HTTP Request: POST https://api.telegram.org/bot7093436536:AAEvjyOBDmUYkoOkO2zxZnzplRy8Thhz0Ps/getUpdates "HTTP/1.1 200 OK"
2025-06-07 11:36:57,051 - httpx - INFO - HTTP Request: POST https://api.telegram.org/bot7093436536:AAEvjyOBDmUYkoOkO2zxZnzplRy8Thhz0Ps/getUpdates "HTTP/1.1 200 OK"
2025-06-07 11:37:07,140 - httpx - INFO - HTTP Request: POST https://api.telegram.org/bot7093436536:AAEvjyOBDmUYkoOkO2zxZnzplRy8Thhz0Ps/getUpdates "HTTP/1.1 200 OK"
2025-06-07 11:37:17,230 - httpx - INFO - HTTP Request: POST https://api.telegram.org/bot7093436536:AAEvjyOBDmUYkoOkO2zxZnzplRy8Thhz0Ps/getUpdates "HTTP/1.1 200 OK"
2025-06-07 11:37:27,319 - httpx - INFO - HTTP Request: POST https://api.telegram.org/bot7093436536:AAEvjyOBDmUYkoOkO2zxZnzplRy8Thhz0Ps/getUpdates "HTTP/1.1 200 OK"
2025-06-07 11:37:37,410 - httpx - INFO - HTTP Request: POST https://api.telegram.org/bot7093436536:AAEvjyOBDmUYkoOkO2zxZnzplRy8Thhz0Ps/getUpdates "HTTP/1.1 200 OK"
2025-06-07 11:37:47,499 - httpx - INFO - HTTP Request: POST https://api.telegram.org/bot7093436536:AAEvjyOBDmUYkoOkO2zxZnzplRy8Thhz0Ps/getUpdates "HTTP/1.1 200 OK"
2025-06-07 11:37:57,588 - httpx - INFO - HTTP Request: POST https://api.telegram.org/bot7093436536:AAEvjyOBDmUYkoOkO2zxZnzplRy8Thhz0Ps/getUpdates "HTTP/1.1 200 OK"
2025-06-07 11:38:07,677 - httpx - INFO - HTTP Request: POST https://api.telegram.org/bot7093436536:AAEvjyOBDmUYkoOkO2zxZnzplRy8Thhz0Ps/getUpdates "HTTP/1.1 200 OK"
2025-06-07 11:38:17,767 - httpx - INFO - HTTP Request: POST https://api.telegram.org/bot7093436536:AAEvjyOBDmUYkoOkO2zxZnzplRy8Thhz0Ps/getUpdates "HTTP/1.1 200 OK"
2025-06-07 11:38:27,857 - httpx - INFO - HTTP Request: POST https://api.telegram.org/bot7093436536:AAEvjyOBDmUYkoOkO2zxZnzplRy8Thhz0Ps/getUpdates "HTTP/1.1 200 OK"
2025-06-07 11:38:37,946 - httpx - INFO - HTTP Request: POST https://api.telegram.org/bot7093436536:AAEvjyOBDmUYkoOkO2zxZnzplRy8Thhz0Ps/getUpdates "HTTP/1.1 200 OK"
2025-06-07 11:38:48,037 - httpx - INFO - HTTP Request: POST https://api.telegram.org/bot7093436536:AAEvjyOBDmUYkoOkO2zxZnzplRy8Thhz0Ps/getUpdates "HTTP/1.1 200 OK"
2025-06-07 11:38:58,128 - httpx - INFO - HTTP Request: POST https://api.telegram.org/bot7093436536:AAEvjyOBDmUYkoOkO2zxZnzplRy8Thhz0Ps/getUpdates "HTTP/1.1 200 OK"
2025-06-07 11:39:08,218 - httpx - INFO - HTTP Request: POST https://api.telegram.org/bot7093436536:AAEvjyOBDmUYkoOkO2zxZnzplRy8Thhz0Ps/getUpdates "HTTP/1.1 200 OK"
2025-06-07 11:39:18,309 - httpx - INFO - HTTP Request: POST https://api.telegram.org/bot7093436536:AAEvjyOBDmUYkoOkO2zxZnzplRy8Thhz0Ps/getUpdates "HTTP/1.1 200 OK"
2025-06-07 11:39:28,398 - httpx - INFO - HTTP Request: POST https://api.telegram.org/bot7093436536:AAEvjyOBDmUYkoOkO2zxZnzplRy8Thhz0Ps/getUpdates "HTTP/1.1 200 OK"
2025-06-07 11:39:38,487 - httpx - INFO - HTTP Request: POST https://api.telegram.org/bot7093436536:AAEvjyOBDmUYkoOkO2zxZnzplRy8Thhz0Ps/getUpdates "HTTP/1.1 200 OK"
2025-06-07 11:39:48,577 - httpx - INFO - HTTP Request: POST https://api.telegram.org/bot7093436536:AAEvjyOBDmUYkoOkO2zxZnzplRy8Thhz0Ps/getUpdates "HTTP/1.1 200 OK"
2025-06-07 11:39:58,666 - httpx - INFO - HTTP Request: POST https://api.telegram.org/bot7093436536:AAEvjyOBDmUYkoOkO2zxZnzplRy8Thhz0Ps/getUpdates "HTTP/1.1 200 OK"
2025-06-07 11:40:08,947 - httpx - INFO - HTTP Request: POST https://api.telegram.org/bot7093436536:AAEvjyOBDmUYkoOkO2zxZnzplRy8Thhz0Ps/getUpdates "HTTP/1.1 200 OK"
2025-06-07 11:40:19,085 - httpx - INFO - HTTP Request: POST https://api.telegram.org/bot7093436536:AAEvjyOBDmUYkoOkO2zxZnzplRy8Thhz0Ps/getUpdates "HTTP/1.1 200 OK"
2025-06-07 11:40:29,209 - httpx - INFO - HTTP Request: POST https://api.telegram.org/bot7093436536:AAEvjyOBDmUYkoOkO2zxZnzplRy8Thhz0Ps/getUpdates "HTTP/1.1 200 OK"
2025-06-07 11:40:39,317 - httpx - INFO - HTTP Request: POST https://api.telegram.org/bot7093436536:AAEvjyOBDmUYkoOkO2zxZnzplRy8Thhz0Ps/getUpdates "HTTP/1.1 200 OK"
2025-06-07 11:40:49,409 - httpx - INFO - HTTP Request: POST https://api.telegram.org/bot7093436536:AAEvjyOBDmUYkoOkO2zxZnzplRy8Thhz0Ps/getUpdates "HTTP/1.1 200 OK"
2025-06-07 11:40:59,502 - httpx - INFO - HTTP Request: POST https://api.telegram.org/bot7093436536:AAEvjyOBDmUYkoOkO2zxZnzplRy8Thhz0Ps/getUpdates "HTTP/1.1 200 OK"
2025-06-07 11:41:09,605 - httpx - INFO - HTTP Request: POST https://api.telegram.org/bot7093436536:AAEvjyOBDmUYkoOkO2zxZnzplRy8Thhz0Ps/getUpdates "HTTP/1.1 200 OK"
2025-06-07 11:41:19,696 - httpx - INFO - HTTP Request: POST https://api.telegram.org/bot7093436536:AAEvjyOBDmUYkoOkO2zxZnzplRy8Thhz0Ps/getUpdates "HTTP/1.1 200 OK"
2025-06-07 11:41:29,792 - httpx - INFO - HTTP Request: POST https://api.telegram.org/bot7093436536:AAEvjyOBDmUYkoOkO2zxZnzplRy8Thhz0Ps/getUpdates "HTTP/1.1 200 OK"
2025-06-07 11:41:39,887 - httpx - INFO - HTTP Request: POST https://api.telegram.org/bot7093436536:AAEvjyOBDmUYkoOkO2zxZnzplRy8Thhz0Ps/getUpdates "HTTP/1.1 200 OK"
2025-06-07 11:41:49,982 - httpx - INFO - HTTP Request: POST https://api.telegram.org/bot7093436536:AAEvjyOBDmUYkoOkO2zxZnzplRy8Thhz0Ps/getUpdates "HTTP/1.1 200 OK"
2025-06-07 11:42:00,072 - httpx - INFO - HTTP Request: POST https://api.telegram.org/bot7093436536:AAEvjyOBDmUYkoOkO2zxZnzplRy8Thhz0Ps/getUpdates "HTTP/1.1 200 OK"
2025-06-07 11:42:10,167 - httpx - INFO - HTTP Request: POST https://api.telegram.org/bot7093436536:AAEvjyOBDmUYkoOkO2zxZnzplRy8Thhz0Ps/getUpdates "HTTP/1.1 200 OK"
2025-06-07 11:42:20,258 - httpx - INFO - HTTP Request: POST https://api.telegram.org/bot7093436536:AAEvjyOBDmUYkoOkO2zxZnzplRy8Thhz0Ps/getUpdates "HTTP/1.1 200 OK"
2025-06-07 11:42:30,373 - httpx - INFO - HTTP Request: POST https://api.telegram.org/bot7093436536:AAEvjyOBDmUYkoOkO2zxZnzplRy8Thhz0Ps/getUpdates "HTTP/1.1 200 OK"
2025-06-07 11:42:40,464 - httpx - INFO - HTTP Request: POST https://api.telegram.org/bot7093436536:AAEvjyOBDmUYkoOkO2zxZnzplRy8Thhz0Ps/getUpdates "HTTP/1.1 200 OK"
2025-06-07 11:42:50,557 - httpx - INFO - HTTP Request: POST https://api.telegram.org/bot7093436536:AAEvjyOBDmUYkoOkO2zxZnzplRy8Thhz0Ps/getUpdates "HTTP/1.1 200 OK"
2025-06-07 11:43:00,655 - httpx - INFO - HTTP Request: POST https://api.telegram.org/bot7093436536:AAEvjyOBDmUYkoOkO2zxZnzplRy8Thhz0Ps/getUpdates "HTTP/1.1 200 OK"
2025-06-07 11:43:10,747 - httpx - INFO - HTTP Request: POST https://api.telegram.org/bot7093436536:AAEvjyOBDmUYkoOkO2zxZnzplRy8Thhz0Ps/getUpdates "HTTP/1.1 200 OK"
2025-06-07 11:43:20,840 - httpx - INFO - HTTP Request: POST https://api.telegram.org/bot7093436536:AAEvjyOBDmUYkoOkO2zxZnzplRy8Thhz0Ps/getUpdates "HTTP/1.1 200 OK"
2025-06-07 11:43:30,932 - httpx - INFO - HTTP Request: POST https://api.telegram.org/bot7093436536:AAEvjyOBDmUYkoOkO2zxZnzplRy8Thhz0Ps/getUpdates "HTTP/1.1 200 OK"
2025-06-07 11:43:41,024 - httpx - INFO - HTTP Request: POST https://api.telegram.org/bot7093436536:AAEvjyOBDmUYkoOkO2zxZnzplRy8Thhz0Ps/getUpdates "HTTP/1.1 200 OK"
2025-06-07 11:43:51,118 - httpx - INFO - HTTP Request: POST https://api.telegram.org/bot7093436536:AAEvjyOBDmUYkoOkO2zxZnzplRy8Thhz0Ps/getUpdates "HTTP/1.1 200 OK"
2025-06-07 11:44:01,209 - httpx - INFO - HTTP Request: POST https://api.telegram.org/bot7093436536:AAEvjyOBDmUYkoOkO2zxZnzplRy8Thhz0Ps/getUpdates "HTTP/1.1 200 OK"
2025-06-07 11:44:11,299 - httpx - INFO - HTTP Request: POST https://api.telegram.org/bot7093436536:AAEvjyOBDmUYkoOkO2zxZnzplRy8Thhz0Ps/getUpdates "HTTP/1.1 200 OK"
2025-06-07 11:44:21,394 - httpx - INFO - HTTP Request: POST https://api.telegram.org/bot7093436536:AAEvjyOBDmUYkoOkO2zxZnzplRy8Thhz0Ps/getUpdates "HTTP/1.1 200 OK"
2025-06-07 11:44:31,490 - httpx - INFO - HTTP Request: POST https://api.telegram.org/bot7093436536:AAEvjyOBDmUYkoOkO2zxZnzplRy8Thhz0Ps/getUpdates "HTTP/1.1 200 OK"
2025-06-07 11:44:41,583 - httpx - INFO - HTTP Request: POST https://api.telegram.org/bot7093436536:AAEvjyOBDmUYkoOkO2zxZnzplRy8Thhz0Ps/getUpdates "HTTP/1.1 200 OK"
2025-06-07 11:44:51,675 - httpx - INFO - HTTP Request: POST https://api.telegram.org/bot7093436536:AAEvjyOBDmUYkoOkO2zxZnzplRy8Thhz0Ps/getUpdates "HTTP/1.1 200 OK"
2025-06-07 11:45:01,766 - httpx - INFO - HTTP Request: POST https://api.telegram.org/bot7093436536:AAEvjyOBDmUYkoOkO2zxZnzplRy8Thhz0Ps/getUpdates "HTTP/1.1 200 OK"
2025-06-07 11:45:11,858 - httpx - INFO - HTTP Request: POST https://api.telegram.org/bot7093436536:AAEvjyOBDmUYkoOkO2zxZnzplRy8Thhz0Ps/getUpdates "HTTP/1.1 200 OK"
2025-06-07 11:45:21,950 - httpx - INFO - HTTP Request: POST https://api.telegram.org/bot7093436536:AAEvjyOBDmUYkoOkO2zxZnzplRy8Thhz0Ps/getUpdates "HTTP/1.1 200 OK"
2025-06-07 11:45:32,042 - httpx - INFO - HTTP Request: POST https://api.telegram.org/bot7093436536:AAEvjyOBDmUYkoOkO2zxZnzplRy8Thhz0Ps/getUpdates "HTTP/1.1 200 OK"
2025-06-07 11:45:42,137 - httpx - INFO - HTTP Request: POST https://api.telegram.org/bot7093436536:AAEvjyOBDmUYkoOkO2zxZnzplRy8Thhz0Ps/getUpdates "HTTP/1.1 200 OK"
2025-06-07 11:45:52,234 - httpx - INFO - HTTP Request: POST https://api.telegram.org/bot7093436536:AAEvjyOBDmUYkoOkO2zxZnzplRy8Thhz0Ps/getUpdates "HTTP/1.1 200 OK"
2025-06-07 11:46:02,331 - httpx - INFO - HTTP Request: POST https://api.telegram.org/bot7093436536:AAEvjyOBDmUYkoOkO2zxZnzplRy8Thhz0Ps/getUpdates "HTTP/1.1 200 OK"
2025-06-07 11:46:12,424 - httpx - INFO - HTTP Request: POST https://api.telegram.org/bot7093436536:AAEvjyOBDmUYkoOkO2zxZnzplRy8Thhz0Ps/getUpdates "HTTP/1.1 200 OK"
2025-06-07 11:46:22,518 - httpx - INFO - HTTP Request: POST https://api.telegram.org/bot7093436536:AAEvjyOBDmUYkoOkO2zxZnzplRy8Thhz0Ps/getUpdates "HTTP/1.1 200 OK"
2025-06-07 11:46:32,610 - httpx - INFO - HTTP Request: POST https://api.telegram.org/bot7093436536:AAEvjyOBDmUYkoOkO2zxZnzplRy8Thhz0Ps/getUpdates "HTTP/1.1 200 OK"
2025-06-07 11:46:42,701 - httpx - INFO - HTTP Request: POST https://api.telegram.org/bot7093436536:AAEvjyOBDmUYkoOkO2zxZnzplRy8Thhz0Ps/getUpdates "HTTP/1.1 200 OK"
2025-06-07 11:46:52,792 - httpx - INFO - HTTP Request: POST https://api.telegram.org/bot7093436536:AAEvjyOBDmUYkoOkO2zxZnzplRy8Thhz0Ps/getUpdates "HTTP/1.1 200 OK"
2025-06-07 11:47:02,882 - httpx - INFO - HTTP Request: POST https://api.telegram.org/bot7093436536:AAEvjyOBDmUYkoOkO2zxZnzplRy8Thhz0Ps/getUpdates "HTTP/1.1 200 OK"
2025-06-07 11:47:12,976 - httpx - INFO - HTTP Request: POST https://api.telegram.org/bot7093436536:AAEvjyOBDmUYkoOkO2zxZnzplRy8Thhz0Ps/getUpdates "HTTP/1.1 200 OK"
2025-06-07 11:47:23,074 - httpx - INFO - HTTP Request: POST https://api.telegram.org/bot7093436536:AAEvjyOBDmUYkoOkO2zxZnzplRy8Thhz0Ps/getUpdates "HTTP/1.1 200 OK"
2025-06-07 11:47:33,166 - httpx - INFO - HTTP Request: POST https://api.telegram.org/bot7093436536:AAEvjyOBDmUYkoOkO2zxZnzplRy8Thhz0Ps/getUpdates "HTTP/1.1 200 OK"
2025-06-07 11:47:43,259 - httpx - INFO - HTTP Request: POST https://api.telegram.org/bot7093436536:AAEvjyOBDmUYkoOkO2zxZnzplRy8Thhz0Ps/getUpdates "HTTP/1.1 200 OK"
2025-06-07 11:47:53,349 - httpx - INFO - HTTP Request: POST https://api.telegram.org/bot7093436536:AAEvjyOBDmUYkoOkO2zxZnzplRy8Thhz0Ps/getUpdates "HTTP/1.1 200 OK"
2025-06-07 11:48:03,442 - httpx - INFO - HTTP Request: POST https://api.telegram.org/bot7093436536:AAEvjyOBDmUYkoOkO2zxZnzplRy8Thhz0Ps/getUpdates "HTTP/1.1 200 OK"
2025-06-07 11:48:13,549 - httpx - INFO - HTTP Request: POST https://api.telegram.org/bot7093436536:AAEvjyOBDmUYkoOkO2zxZnzplRy8Thhz0Ps/getUpdates "HTTP/1.1 200 OK"
2025-06-07 11:48:23,642 - httpx - INFO - HTTP Request: POST https://api.telegram.org/bot7093436536:AAEvjyOBDmUYkoOkO2zxZnzplRy8Thhz0Ps/getUpdates "HTTP/1.1 200 OK"
2025-06-07 11:48:33,733 - httpx - INFO - HTTP Request: POST https://api.telegram.org/bot7093436536:AAEvjyOBDmUYkoOkO2zxZnzplRy8Thhz0Ps/getUpdates "HTTP/1.1 200 OK"
2025-06-07 11:48:43,826 - httpx - INFO - HTTP Request: POST https://api.telegram.org/bot7093436536:AAEvjyOBDmUYkoOkO2zxZnzplRy8Thhz0Ps/getUpdates "HTTP/1.1 200 OK"
2025-06-07 11:48:53,919 - httpx - INFO - HTTP Request: POST https://api.telegram.org/bot7093436536:AAEvjyOBDmUYkoOkO2zxZnzplRy8Thhz0Ps/getUpdates "HTTP/1.1 200 OK"
2025-06-07 11:49:04,017 - httpx - INFO - HTTP Request: POST https://api.telegram.org/bot7093436536:AAEvjyOBDmUYkoOkO2zxZnzplRy8Thhz0Ps/getUpdates "HTTP/1.1 200 OK"
2025-06-07 11:49:14,111 - httpx - INFO - HTTP Request: POST https://api.telegram.org/bot7093436536:AAEvjyOBDmUYkoOkO2zxZnzplRy8Thhz0Ps/getUpdates "HTTP/1.1 200 OK"
2025-06-07 11:49:24,207 - httpx - INFO - HTTP Request: POST https://api.telegram.org/bot7093436536:AAEvjyOBDmUYkoOkO2zxZnzplRy8Thhz0Ps/getUpdates "HTTP/1.1 200 OK"
2025-06-07 11:49:34,301 - httpx - INFO - HTTP Request: POST https://api.telegram.org/bot7093436536:AAEvjyOBDmUYkoOkO2zxZnzplRy8Thhz0Ps/getUpdates "HTTP/1.1 200 OK"
2025-06-07 11:49:44,397 - httpx - INFO - HTTP Request: POST https://api.telegram.org/bot7093436536:AAEvjyOBDmUYkoOkO2zxZnzplRy8Thhz0Ps/getUpdates "HTTP/1.1 200 OK"
2025-06-07 11:49:54,492 - httpx - INFO - HTTP Request: POST https://api.telegram.org/bot7093436536:AAEvjyOBDmUYkoOkO2zxZnzplRy8Thhz0Ps/getUpdates "HTTP/1.1 200 OK"
2025-06-07 11:50:04,587 - httpx - INFO - HTTP Request: POST https://api.telegram.org/bot7093436536:AAEvjyOBDmUYkoOkO2zxZnzplRy8Thhz0Ps/getUpdates "HTTP/1.1 200 OK"
2025-06-07 11:50:14,687 - httpx - INFO - HTTP Request: POST https://api.telegram.org/bot7093436536:AAEvjyOBDmUYkoOkO2zxZnzplRy8Thhz0Ps/getUpdates "HTTP/1.1 200 OK"
2025-06-07 11:50:24,796 - httpx - INFO - HTTP Request: POST https://api.telegram.org/bot7093436536:AAEvjyOBDmUYkoOkO2zxZnzplRy8Thhz0Ps/getUpdates "HTTP/1.1 200 OK"
2025-06-07 11:50:34,887 - httpx - INFO - HTTP Request: POST https://api.telegram.org/bot7093436536:AAEvjyOBDmUYkoOkO2zxZnzplRy8Thhz0Ps/getUpdates "HTTP/1.1 200 OK"
2025-06-07 11:50:44,978 - httpx - INFO - HTTP Request: POST https://api.telegram.org/bot7093436536:AAEvjyOBDmUYkoOkO2zxZnzplRy8Thhz0Ps/getUpdates "HTTP/1.1 200 OK"
2025-06-07 11:50:55,068 - httpx - INFO - HTTP Request: POST https://api.telegram.org/bot7093436536:AAEvjyOBDmUYkoOkO2zxZnzplRy8Thhz0Ps/getUpdates "HTTP/1.1 200 OK"
2025-06-07 11:51:05,162 - httpx - INFO - HTTP Request: POST https://api.telegram.org/bot7093436536:AAEvjyOBDmUYkoOkO2zxZnzplRy8Thhz0Ps/getUpdates "HTTP/1.1 200 OK"
2025-06-07 11:51:15,257 - httpx - INFO - HTTP Request: POST https://api.telegram.org/bot7093436536:AAEvjyOBDmUYkoOkO2zxZnzplRy8Thhz0Ps/getUpdates "HTTP/1.1 200 OK"
2025-06-07 11:51:25,352 - httpx - INFO - HTTP Request: POST https://api.telegram.org/bot7093436536:AAEvjyOBDmUYkoOkO2zxZnzplRy8Thhz0Ps/getUpdates "HTTP/1.1 200 OK"
2025-06-07 11:51:35,448 - httpx - INFO - HTTP Request: POST https://api.telegram.org/bot7093436536:AAEvjyOBDmUYkoOkO2zxZnzplRy8Thhz0Ps/getUpdates "HTTP/1.1 200 OK"
2025-06-07 11:51:45,543 - httpx - INFO - HTTP Request: POST https://api.telegram.org/bot7093436536:AAEvjyOBDmUYkoOkO2zxZnzplRy8Thhz0Ps/getUpdates "HTTP/1.1 200 OK"
2025-06-07 11:51:55,637 - httpx - INFO - HTTP Request: POST https://api.telegram.org/bot7093436536:AAEvjyOBDmUYkoOkO2zxZnzplRy8Thhz0Ps/getUpdates "HTTP/1.1 200 OK"
2025-06-07 11:52:05,734 - httpx - INFO - HTTP Request: POST https://api.telegram.org/bot7093436536:AAEvjyOBDmUYkoOkO2zxZnzplRy8Thhz0Ps/getUpdates "HTTP/1.1 200 OK"
2025-06-07 11:52:15,826 - httpx - INFO - HTTP Request: POST https://api.telegram.org/bot7093436536:AAEvjyOBDmUYkoOkO2zxZnzplRy8Thhz0Ps/getUpdates "HTTP/1.1 200 OK"
2025-06-07 11:52:25,923 - httpx - INFO - HTTP Request: POST https://api.telegram.org/bot7093436536:AAEvjyOBDmUYkoOkO2zxZnzplRy8Thhz0Ps/getUpdates "HTTP/1.1 200 OK"
2025-06-07 11:52:36,025 - httpx - INFO - HTTP Request: POST https://api.telegram.org/bot7093436536:AAEvjyOBDmUYkoOkO2zxZnzplRy8Thhz0Ps/getUpdates "HTTP/1.1 200 OK"
2025-06-07 11:52:46,125 - httpx - INFO - HTTP Request: POST https://api.telegram.org/bot7093436536:AAEvjyOBDmUYkoOkO2zxZnzplRy8Thhz0Ps/getUpdates "HTTP/1.1 200 OK"
2025-06-07 11:52:56,216 - httpx - INFO - HTTP Request: POST https://api.telegram.org/bot7093436536:AAEvjyOBDmUYkoOkO2zxZnzplRy8Thhz0Ps/getUpdates "HTTP/1.1 200 OK"
2025-06-07 11:53:06,363 - httpx - INFO - HTTP Request: POST https://api.telegram.org/bot7093436536:AAEvjyOBDmUYkoOkO2zxZnzplRy8Thhz0Ps/getUpdates "HTTP/1.1 200 OK"
2025-06-07 11:53:16,459 - httpx - INFO - HTTP Request: POST https://api.telegram.org/bot7093436536:AAEvjyOBDmUYkoOkO2zxZnzplRy8Thhz0Ps/getUpdates "HTTP/1.1 200 OK"
2025-06-07 11:53:26,552 - httpx - INFO - HTTP Request: POST https://api.telegram.org/bot7093436536:AAEvjyOBDmUYkoOkO2zxZnzplRy8Thhz0Ps/getUpdates "HTTP/1.1 200 OK"
2025-06-07 11:53:36,648 - httpx - INFO - HTTP Request: POST https://api.telegram.org/bot7093436536:AAEvjyOBDmUYkoOkO2zxZnzplRy8Thhz0Ps/getUpdates "HTTP/1.1 200 OK"
2025-06-07 11:53:46,738 - httpx - INFO - HTTP Request: POST https://api.telegram.org/bot7093436536:AAEvjyOBDmUYkoOkO2zxZnzplRy8Thhz0Ps/getUpdates "HTTP/1.1 200 OK"
2025-06-07 11:53:56,833 - httpx - INFO - HTTP Request: POST https://api.telegram.org/bot7093436536:AAEvjyOBDmUYkoOkO2zxZnzplRy8Thhz0Ps/getUpdates "HTTP/1.1 200 OK"
2025-06-07 11:54:06,933 - httpx - INFO - HTTP Request: POST https://api.telegram.org/bot7093436536:AAEvjyOBDmUYkoOkO2zxZnzplRy8Thhz0Ps/getUpdates "HTTP/1.1 200 OK"
2025-06-07 11:54:17,030 - httpx - INFO - HTTP Request: POST https://api.telegram.org/bot7093436536:AAEvjyOBDmUYkoOkO2zxZnzplRy8Thhz0Ps/getUpdates "HTTP/1.1 200 OK"
2025-06-07 11:54:27,122 - httpx - INFO - HTTP Request: POST https://api.telegram.org/bot7093436536:AAEvjyOBDmUYkoOkO2zxZnzplRy8Thhz0Ps/getUpdates "HTTP/1.1 200 OK"
2025-06-07 11:54:37,230 - httpx - INFO - HTTP Request: POST https://api.telegram.org/bot7093436536:AAEvjyOBDmUYkoOkO2zxZnzplRy8Thhz0Ps/getUpdates "HTTP/1.1 200 OK"
2025-06-07 11:54:47,321 - httpx - INFO - HTTP Request: POST https://api.telegram.org/bot7093436536:AAEvjyOBDmUYkoOkO2zxZnzplRy8Thhz0Ps/getUpdates "HTTP/1.1 200 OK"
2025-06-07 11:54:57,415 - httpx - INFO - HTTP Request: POST https://api.telegram.org/bot7093436536:AAEvjyOBDmUYkoOkO2zxZnzplRy8Thhz0Ps/getUpdates "HTTP/1.1 200 OK"
2025-06-07 11:55:07,511 - httpx - INFO - HTTP Request: POST https://api.telegram.org/bot7093436536:AAEvjyOBDmUYkoOkO2zxZnzplRy8Thhz0Ps/getUpdates "HTTP/1.1 200 OK"
2025-06-07 11:55:17,609 - httpx - INFO - HTTP Request: POST https://api.telegram.org/bot7093436536:AAEvjyOBDmUYkoOkO2zxZnzplRy8Thhz0Ps/getUpdates "HTTP/1.1 200 OK"
2025-06-07 11:55:27,702 - httpx - INFO - HTTP Request: POST https://api.telegram.org/bot7093436536:AAEvjyOBDmUYkoOkO2zxZnzplRy8Thhz0Ps/getUpdates "HTTP/1.1 200 OK"
2025-06-07 11:55:37,796 - httpx - INFO - HTTP Request: POST https://api.telegram.org/bot7093436536:AAEvjyOBDmUYkoOkO2zxZnzplRy8Thhz0Ps/getUpdates "HTTP/1.1 200 OK"
2025-06-07 11:55:47,886 - httpx - INFO - HTTP Request: POST https://api.telegram.org/bot7093436536:AAEvjyOBDmUYkoOkO2zxZnzplRy8Thhz0Ps/getUpdates "HTTP/1.1 200 OK"
2025-06-07 11:55:57,976 - httpx - INFO - HTTP Request: POST https://api.telegram.org/bot7093436536:AAEvjyOBDmUYkoOkO2zxZnzplRy8Thhz0Ps/getUpdates "HTTP/1.1 200 OK"
2025-06-07 11:56:08,072 - httpx - INFO - HTTP Request: POST https://api.telegram.org/bot7093436536:AAEvjyOBDmUYkoOkO2zxZnzplRy8Thhz0Ps/getUpdates "HTTP/1.1 200 OK"
2025-06-07 11:56:18,164 - httpx - INFO - HTTP Request: POST https://api.telegram.org/bot7093436536:AAEvjyOBDmUYkoOkO2zxZnzplRy8Thhz0Ps/getUpdates "HTTP/1.1 200 OK"
2025-06-07 11:56:28,255 - httpx - INFO - HTTP Request: POST https://api.telegram.org/bot7093436536:AAEvjyOBDmUYkoOkO2zxZnzplRy8Thhz0Ps/getUpdates "HTTP/1.1 200 OK"
2025-06-07 11:56:38,345 - httpx - INFO - HTTP Request: POST https://api.telegram.org/bot7093436536:AAEvjyOBDmUYkoOkO2zxZnzplRy8Thhz0Ps/getUpdates "HTTP/1.1 200 OK"
2025-06-07 11:56:48,437 - httpx - INFO - HTTP Request: POST https://api.telegram.org/bot7093436536:AAEvjyOBDmUYkoOkO2zxZnzplRy8Thhz0Ps/getUpdates "HTTP/1.1 200 OK"
2025-06-07 11:56:58,706 - httpx - INFO - HTTP Request: POST https://api.telegram.org/bot7093436536:AAEvjyOBDmUYkoOkO2zxZnzplRy8Thhz0Ps/getUpdates "HTTP/1.1 200 OK"
2025-06-07 11:57:08,795 - httpx - INFO - HTTP Request: POST https://api.telegram.org/bot7093436536:AAEvjyOBDmUYkoOkO2zxZnzplRy8Thhz0Ps/getUpdates "HTTP/1.1 200 OK"
2025-06-07 11:57:18,884 - httpx - INFO - HTTP Request: POST https://api.telegram.org/bot7093436536:AAEvjyOBDmUYkoOkO2zxZnzplRy8Thhz0Ps/getUpdates "HTTP/1.1 200 OK"
2025-06-07 11:57:28,973 - httpx - INFO - HTTP Request: POST https://api.telegram.org/bot7093436536:AAEvjyOBDmUYkoOkO2zxZnzplRy8Thhz0Ps/getUpdates "HTTP/1.1 200 OK"
2025-06-07 11:57:39,063 - httpx - INFO - HTTP Request: POST https://api.telegram.org/bot7093436536:AAEvjyOBDmUYkoOkO2zxZnzplRy8Thhz0Ps/getUpdates "HTTP/1.1 200 OK"
2025-06-07 11:57:49,153 - httpx - INFO - HTTP Request: POST https://api.telegram.org/bot7093436536:AAEvjyOBDmUYkoOkO2zxZnzplRy8Thhz0Ps/getUpdates "HTTP/1.1 200 OK"
2025-06-07 11:57:59,242 - httpx - INFO - HTTP Request: POST https://api.telegram.org/bot7093436536:AAEvjyOBDmUYkoOkO2zxZnzplRy8Thhz0Ps/getUpdates "HTTP/1.1 200 OK"
2025-06-07 11:58:09,331 - httpx - INFO - HTTP Request: POST https://api.telegram.org/bot7093436536:AAEvjyOBDmUYkoOkO2zxZnzplRy8Thhz0Ps/getUpdates "HTTP/1.1 200 OK"
2025-06-07 11:58:19,421 - httpx - INFO - HTTP Request: POST https://api.telegram.org/bot7093436536:AAEvjyOBDmUYkoOkO2zxZnzplRy8Thhz0Ps/getUpdates "HTTP/1.1 200 OK"
2025-06-07 11:58:29,511 - httpx - INFO - HTTP Request: POST https://api.telegram.org/bot7093436536:AAEvjyOBDmUYkoOkO2zxZnzplRy8Thhz0Ps/getUpdates "HTTP/1.1 200 OK"
2025-06-07 11:58:39,600 - httpx - INFO - HTTP Request: POST https://api.telegram.org/bot7093436536:AAEvjyOBDmUYkoOkO2zxZnzplRy8Thhz0Ps/getUpdates "HTTP/1.1 200 OK"
2025-06-07 11:58:49,690 - httpx - INFO - HTTP Request: POST https://api.telegram.org/bot7093436536:AAEvjyOBDmUYkoOkO2zxZnzplRy8Thhz0Ps/getUpdates "HTTP/1.1 200 OK"
2025-06-07 11:58:59,779 - httpx - INFO - HTTP Request: POST https://api.telegram.org/bot7093436536:AAEvjyOBDmUYkoOkO2zxZnzplRy8Thhz0Ps/getUpdates "HTTP/1.1 200 OK"
2025-06-07 11:59:09,869 - httpx - INFO - HTTP Request: POST https://api.telegram.org/bot7093436536:AAEvjyOBDmUYkoOkO2zxZnzplRy8Thhz0Ps/getUpdates "HTTP/1.1 200 OK"
2025-06-07 11:59:19,958 - httpx - INFO - HTTP Request: POST https://api.telegram.org/bot7093436536:AAEvjyOBDmUYkoOkO2zxZnzplRy8Thhz0Ps/getUpdates "HTTP/1.1 200 OK"
2025-06-07 11:59:30,048 - httpx - INFO - HTTP Request: POST https://api.telegram.org/bot7093436536:AAEvjyOBDmUYkoOkO2zxZnzplRy8Thhz0Ps/getUpdates "HTTP/1.1 200 OK"
2025-06-07 11:59:40,138 - httpx - INFO - HTTP Request: POST https://api.telegram.org/bot7093436536:AAEvjyOBDmUYkoOkO2zxZnzplRy8Thhz0Ps/getUpdates "HTTP/1.1 200 OK"
2025-06-07 11:59:50,227 - httpx - INFO - HTTP Request: POST https://api.telegram.org/bot7093436536:AAEvjyOBDmUYkoOkO2zxZnzplRy8Thhz0Ps/getUpdates "HTTP/1.1 200 OK"
2025-06-07 12:00:00,317 - httpx - INFO - HTTP Request: POST https://api.telegram.org/bot7093436536:AAEvjyOBDmUYkoOkO2zxZnzplRy8Thhz0Ps/getUpdates "HTTP/1.1 200 OK"
2025-06-07 12:00:10,407 - httpx - INFO - HTTP Request: POST https://api.telegram.org/bot7093436536:AAEvjyOBDmUYkoOkO2zxZnzplRy8Thhz0Ps/getUpdates "HTTP/1.1 200 OK"
2025-06-07 12:00:20,496 - httpx - INFO - HTTP Request: POST https://api.telegram.org/bot7093436536:AAEvjyOBDmUYkoOkO2zxZnzplRy8Thhz0Ps/getUpdates "HTTP/1.1 200 OK"
2025-06-07 12:00:30,585 - httpx - INFO - HTTP Request: POST https://api.telegram.org/bot7093436536:AAEvjyOBDmUYkoOkO2zxZnzplRy8Thhz0Ps/getUpdates "HTTP/1.1 200 OK"
2025-06-07 12:00:40,675 - httpx - INFO - HTTP Request: POST https://api.telegram.org/bot7093436536:AAEvjyOBDmUYkoOkO2zxZnzplRy8Thhz0Ps/getUpdates "HTTP/1.1 200 OK"
2025-06-07 12:00:50,765 - httpx - INFO - HTTP Request: POST https://api.telegram.org/bot7093436536:AAEvjyOBDmUYkoOkO2zxZnzplRy8Thhz0Ps/getUpdates "HTTP/1.1 200 OK"
2025-06-07 12:01:00,854 - httpx - INFO - HTTP Request: POST https://api.telegram.org/bot7093436536:AAEvjyOBDmUYkoOkO2zxZnzplRy8Thhz0Ps/getUpdates "HTTP/1.1 200 OK"
2025-06-07 12:01:10,944 - httpx - INFO - HTTP Request: POST https://api.telegram.org/bot7093436536:AAEvjyOBDmUYkoOkO2zxZnzplRy8Thhz0Ps/getUpdates "HTTP/1.1 200 OK"
2025-06-07 12:01:21,033 - httpx - INFO - HTTP Request: POST https://api.telegram.org/bot7093436536:AAEvjyOBDmUYkoOkO2zxZnzplRy8Thhz0Ps/getUpdates "HTTP/1.1 200 OK"
