2025-05-23 01:10:56,508 - httpx - INFO - HTTP Request: POST https://api.telegram.org/bot7093436536:AAEvjyOBDmUYkoOkO2zxZnzplRy8Thhz0Ps/getMe "HTTP/1.1 200 OK"
2025-05-23 01:10:56,594 - httpx - INFO - HTTP Request: POST https://api.telegram.org/bot7093436536:AAEvjyOBDmUYkoOkO2zxZnzplRy8Thhz0Ps/deleteWebhook "HTTP/1.1 200 OK"
2025-05-23 01:10:56,595 - apscheduler.scheduler - INFO - Scheduler started
2025-05-23 01:10:56,596 - telegram.ext.Application - INFO - Application started
2025-05-23 01:11:06,855 - httpx - INFO - HTTP Request: POST https://api.telegram.org/bot7093436536:AAEvjyOBDmUYkoOkO2zxZnzplRy8Thhz0Ps/getUpdates "HTTP/1.1 200 OK"
2025-05-23 01:11:16,942 - httpx - INFO - HTTP Request: POST https://api.telegram.org/bot7093436536:AAEvjyOBDmUYkoOkO2zxZnzplRy8Thhz0Ps/getUpdates "HTTP/1.1 200 OK"
2025-05-23 01:11:27,028 - httpx - INFO - HTTP Request: POST https://api.telegram.org/bot7093436536:AAEvjyOBDmUYkoOkO2zxZnzplRy8Thhz0Ps/getUpdates "HTTP/1.1 200 OK"
2025-05-23 01:11:37,115 - httpx - INFO - HTTP Request: POST https://api.telegram.org/bot7093436536:AAEvjyOBDmUYkoOkO2zxZnzplRy8Thhz0Ps/getUpdates "HTTP/1.1 200 OK"
2025-05-23 01:11:47,205 - httpx - INFO - HTTP Request: POST https://api.telegram.org/bot7093436536:AAEvjyOBDmUYkoOkO2zxZnzplRy8Thhz0Ps/getUpdates "HTTP/1.1 200 OK"
2025-05-23 01:11:47,987 - httpx - INFO - HTTP Request: POST https://api.telegram.org/bot7093436536:AAEvjyOBDmUYkoOkO2zxZnzplRy8Thhz0Ps/getUpdates "HTTP/1.1 200 OK"
2025-05-23 01:11:47,990 - telegram.ext.Application - ERROR - No error handlers are registered, logging exception.
Traceback (most recent call last):
  File "/home/ubuntu/gigi-p2p-telegram-bot/venv/lib/python3.12/site-packages/redis/connection.py", line 385, in connect_check_health
    sock = self.retry.call_with_retry(
           ^^^^^^^^^^^^^^^^^^^^^^^^^^^
  File "/home/ubuntu/gigi-p2p-telegram-bot/venv/lib/python3.12/site-packages/redis/retry.py", line 87, in call_with_retry
    return do()
           ^^^^
  File "/home/ubuntu/gigi-p2p-telegram-bot/venv/lib/python3.12/site-packages/redis/connection.py", line 386, in <lambda>
    lambda: self._connect(), lambda error: self.disconnect(error)
            ^^^^^^^^^^^^^^^
  File "/home/ubuntu/gigi-p2p-telegram-bot/venv/lib/python3.12/site-packages/redis/connection.py", line 797, in _connect
    raise err
  File "/home/ubuntu/gigi-p2p-telegram-bot/venv/lib/python3.12/site-packages/redis/connection.py", line 781, in _connect
    sock.connect(socket_address)
ConnectionRefusedError: [Errno 111] Connection refused

During handling of the above exception, another exception occurred:

Traceback (most recent call last):
  File "/home/ubuntu/gigi-p2p-telegram-bot/venv/lib/python3.12/site-packages/telegram/ext/_application.py", line 1234, in process_update
    await coroutine
  File "/home/ubuntu/gigi-p2p-telegram-bot/venv/lib/python3.12/site-packages/telegram/ext/_basehandler.py", line 157, in handle_update
    return await self.callback(update, context)
           ^^^^^^^^^^^^^^^^^^^^^^^^^^^^^^^^^^^^
  File "/home/ubuntu/gigi-p2p-telegram-bot/bot.py", line 144, in start
    if not rate_limit(update.effective_user.id):
           ^^^^^^^^^^^^^^^^^^^^^^^^^^^^^^^^^^^^
  File "/home/ubuntu/gigi-p2p-telegram-bot/bot.py", line 71, in rate_limit
    requests = redis_client.lrange(key, 0, -1)
               ^^^^^^^^^^^^^^^^^^^^^^^^^^^^^^^
  File "/home/ubuntu/gigi-p2p-telegram-bot/venv/lib/python3.12/site-packages/redis/commands/core.py", line 2718, in lrange
    return self.execute_command("LRANGE", name, start, end, keys=[name])
           ^^^^^^^^^^^^^^^^^^^^^^^^^^^^^^^^^^^^^^^^^^^^^^^^^^^^^^^^^^^^^
  File "/home/ubuntu/gigi-p2p-telegram-bot/venv/lib/python3.12/site-packages/redis/client.py", line 622, in execute_command
    return self._execute_command(*args, **options)
           ^^^^^^^^^^^^^^^^^^^^^^^^^^^^^^^^^^^^^^^
  File "/home/ubuntu/gigi-p2p-telegram-bot/venv/lib/python3.12/site-packages/redis/client.py", line 628, in _execute_command
    conn = self.connection or pool.get_connection()
                              ^^^^^^^^^^^^^^^^^^^^^
  File "/home/ubuntu/gigi-p2p-telegram-bot/venv/lib/python3.12/site-packages/redis/utils.py", line 188, in wrapper
    return func(*args, **kwargs)
           ^^^^^^^^^^^^^^^^^^^^^
  File "/home/ubuntu/gigi-p2p-telegram-bot/venv/lib/python3.12/site-packages/redis/connection.py", line 1522, in get_connection
    connection.connect()
  File "/home/ubuntu/gigi-p2p-telegram-bot/venv/lib/python3.12/site-packages/redis/connection.py", line 379, in connect
    self.connect_check_health(check_health=True)
  File "/home/ubuntu/gigi-p2p-telegram-bot/venv/lib/python3.12/site-packages/redis/connection.py", line 391, in connect_check_health
    raise ConnectionError(self._error_message(e))
redis.exceptions.ConnectionError: Error 111 connecting to localhost:6379. Connection refused.
2025-05-23 01:11:58,084 - httpx - INFO - HTTP Request: POST https://api.telegram.org/bot7093436536:AAEvjyOBDmUYkoOkO2zxZnzplRy8Thhz0Ps/getUpdates "HTTP/1.1 200 OK"
2025-05-23 01:12:08,171 - httpx - INFO - HTTP Request: POST https://api.telegram.org/bot7093436536:AAEvjyOBDmUYkoOkO2zxZnzplRy8Thhz0Ps/getUpdates "HTTP/1.1 200 OK"
2025-05-23 01:12:17,325 - httpx - INFO - HTTP Request: POST https://api.telegram.org/bot7093436536:AAEvjyOBDmUYkoOkO2zxZnzplRy8Thhz0Ps/getUpdates "HTTP/1.1 200 OK"
2025-05-23 01:12:17,327 - telegram.ext.Application - ERROR - No error handlers are registered, logging exception.
Traceback (most recent call last):
  File "/home/ubuntu/gigi-p2p-telegram-bot/venv/lib/python3.12/site-packages/redis/connection.py", line 385, in connect_check_health
    sock = self.retry.call_with_retry(
           ^^^^^^^^^^^^^^^^^^^^^^^^^^^
  File "/home/ubuntu/gigi-p2p-telegram-bot/venv/lib/python3.12/site-packages/redis/retry.py", line 87, in call_with_retry
    return do()
           ^^^^
  File "/home/ubuntu/gigi-p2p-telegram-bot/venv/lib/python3.12/site-packages/redis/connection.py", line 386, in <lambda>
    lambda: self._connect(), lambda error: self.disconnect(error)
            ^^^^^^^^^^^^^^^
  File "/home/ubuntu/gigi-p2p-telegram-bot/venv/lib/python3.12/site-packages/redis/connection.py", line 797, in _connect
    raise err
  File "/home/ubuntu/gigi-p2p-telegram-bot/venv/lib/python3.12/site-packages/redis/connection.py", line 781, in _connect
    sock.connect(socket_address)
ConnectionRefusedError: [Errno 111] Connection refused

During handling of the above exception, another exception occurred:

Traceback (most recent call last):
  File "/home/ubuntu/gigi-p2p-telegram-bot/venv/lib/python3.12/site-packages/telegram/ext/_application.py", line 1234, in process_update
    await coroutine
  File "/home/ubuntu/gigi-p2p-telegram-bot/venv/lib/python3.12/site-packages/telegram/ext/_basehandler.py", line 157, in handle_update
    return await self.callback(update, context)
           ^^^^^^^^^^^^^^^^^^^^^^^^^^^^^^^^^^^^
  File "/home/ubuntu/gigi-p2p-telegram-bot/bot.py", line 144, in start
    if not rate_limit(update.effective_user.id):
           ^^^^^^^^^^^^^^^^^^^^^^^^^^^^^^^^^^^^
  File "/home/ubuntu/gigi-p2p-telegram-bot/bot.py", line 71, in rate_limit
    requests = redis_client.lrange(key, 0, -1)
               ^^^^^^^^^^^^^^^^^^^^^^^^^^^^^^^
  File "/home/ubuntu/gigi-p2p-telegram-bot/venv/lib/python3.12/site-packages/redis/commands/core.py", line 2718, in lrange
    return self.execute_command("LRANGE", name, start, end, keys=[name])
           ^^^^^^^^^^^^^^^^^^^^^^^^^^^^^^^^^^^^^^^^^^^^^^^^^^^^^^^^^^^^^
  File "/home/ubuntu/gigi-p2p-telegram-bot/venv/lib/python3.12/site-packages/redis/client.py", line 622, in execute_command
    return self._execute_command(*args, **options)
           ^^^^^^^^^^^^^^^^^^^^^^^^^^^^^^^^^^^^^^^
  File "/home/ubuntu/gigi-p2p-telegram-bot/venv/lib/python3.12/site-packages/redis/client.py", line 628, in _execute_command
    conn = self.connection or pool.get_connection()
                              ^^^^^^^^^^^^^^^^^^^^^
  File "/home/ubuntu/gigi-p2p-telegram-bot/venv/lib/python3.12/site-packages/redis/utils.py", line 188, in wrapper
    return func(*args, **kwargs)
           ^^^^^^^^^^^^^^^^^^^^^
  File "/home/ubuntu/gigi-p2p-telegram-bot/venv/lib/python3.12/site-packages/redis/connection.py", line 1522, in get_connection
    connection.connect()
  File "/home/ubuntu/gigi-p2p-telegram-bot/venv/lib/python3.12/site-packages/redis/connection.py", line 379, in connect
    self.connect_check_health(check_health=True)
  File "/home/ubuntu/gigi-p2p-telegram-bot/venv/lib/python3.12/site-packages/redis/connection.py", line 391, in connect_check_health
    raise ConnectionError(self._error_message(e))
redis.exceptions.ConnectionError: Error 111 connecting to localhost:6379. Connection refused.
2025-05-23 01:12:27,415 - httpx - INFO - HTTP Request: POST https://api.telegram.org/bot7093436536:AAEvjyOBDmUYkoOkO2zxZnzplRy8Thhz0Ps/getUpdates "HTTP/1.1 200 OK"
2025-05-23 01:12:37,501 - httpx - INFO - HTTP Request: POST https://api.telegram.org/bot7093436536:AAEvjyOBDmUYkoOkO2zxZnzplRy8Thhz0Ps/getUpdates "HTTP/1.1 200 OK"
2025-05-23 01:12:47,587 - httpx - INFO - HTTP Request: POST https://api.telegram.org/bot7093436536:AAEvjyOBDmUYkoOkO2zxZnzplRy8Thhz0Ps/getUpdates "HTTP/1.1 200 OK"
2025-05-23 01:12:57,677 - httpx - INFO - HTTP Request: POST https://api.telegram.org/bot7093436536:AAEvjyOBDmUYkoOkO2zxZnzplRy8Thhz0Ps/getUpdates "HTTP/1.1 200 OK"
2025-05-23 01:13:07,764 - httpx - INFO - HTTP Request: POST https://api.telegram.org/bot7093436536:AAEvjyOBDmUYkoOkO2zxZnzplRy8Thhz0Ps/getUpdates "HTTP/1.1 200 OK"
2025-05-23 01:13:17,853 - httpx - INFO - HTTP Request: POST https://api.telegram.org/bot7093436536:AAEvjyOBDmUYkoOkO2zxZnzplRy8Thhz0Ps/getUpdates "HTTP/1.1 200 OK"
2025-05-23 01:13:27,940 - httpx - INFO - HTTP Request: POST https://api.telegram.org/bot7093436536:AAEvjyOBDmUYkoOkO2zxZnzplRy8Thhz0Ps/getUpdates "HTTP/1.1 200 OK"
2025-05-23 01:13:38,030 - httpx - INFO - HTTP Request: POST https://api.telegram.org/bot7093436536:AAEvjyOBDmUYkoOkO2zxZnzplRy8Thhz0Ps/getUpdates "HTTP/1.1 200 OK"
2025-05-23 01:13:48,119 - httpx - INFO - HTTP Request: POST https://api.telegram.org/bot7093436536:AAEvjyOBDmUYkoOkO2zxZnzplRy8Thhz0Ps/getUpdates "HTTP/1.1 200 OK"
2025-05-23 01:13:54,396 - httpx - INFO - HTTP Request: POST https://api.telegram.org/bot7093436536:AAEvjyOBDmUYkoOkO2zxZnzplRy8Thhz0Ps/getUpdates "HTTP/1.1 200 OK"
2025-05-23 01:13:54,396 - telegram.ext.Application - INFO - Application is stopping. This might take a moment.
2025-05-23 01:13:54,397 - apscheduler.scheduler - INFO - Scheduler has been shut down
2025-05-23 01:13:54,407 - telegram.ext.Application - INFO - Application.stop() complete
2025-05-23 01:16:40,062 - httpx - INFO - HTTP Request: POST https://api.telegram.org/bot7093436536:AAEvjyOBDmUYkoOkO2zxZnzplRy8Thhz0Ps/getMe "HTTP/1.1 200 OK"
2025-05-23 01:16:40,143 - httpx - INFO - HTTP Request: POST https://api.telegram.org/bot7093436536:AAEvjyOBDmUYkoOkO2zxZnzplRy8Thhz0Ps/deleteWebhook "HTTP/1.1 200 OK"
2025-05-23 01:16:40,145 - apscheduler.scheduler - INFO - Scheduler started
2025-05-23 01:16:40,146 - telegram.ext.Application - INFO - Application started
2025-05-23 01:16:50,407 - httpx - INFO - HTTP Request: POST https://api.telegram.org/bot7093436536:AAEvjyOBDmUYkoOkO2zxZnzplRy8Thhz0Ps/getUpdates "HTTP/1.1 200 OK"
2025-05-23 01:17:00,496 - httpx - INFO - HTTP Request: POST https://api.telegram.org/bot7093436536:AAEvjyOBDmUYkoOkO2zxZnzplRy8Thhz0Ps/getUpdates "HTTP/1.1 200 OK"
2025-05-23 01:17:05,243 - httpx - INFO - HTTP Request: POST https://api.telegram.org/bot7093436536:AAEvjyOBDmUYkoOkO2zxZnzplRy8Thhz0Ps/getUpdates "HTTP/1.1 200 OK"
2025-05-23 01:17:05,246 - telegram.ext.Application - ERROR - No error handlers are registered, logging exception.
Traceback (most recent call last):
  File "/home/ubuntu/gigi-p2p-telegram-bot/venv/lib/python3.12/site-packages/telegram/ext/_application.py", line 1234, in process_update
    await coroutine
  File "/home/ubuntu/gigi-p2p-telegram-bot/venv/lib/python3.12/site-packages/telegram/ext/_basehandler.py", line 157, in handle_update
    return await self.callback(update, context)
           ^^^^^^^^^^^^^^^^^^^^^^^^^^^^^^^^^^^^
  File "/home/ubuntu/gigi-p2p-telegram-bot/bot.py", line 149, in start
    init_user(user_id, db_session)
  File "/home/ubuntu/gigi-p2p-telegram-bot/bot.py", line 106, in init_user
    users = load_json("data/users.json")
            ^^^^^^^^^^^^^^^^^^^^^^^^^^^^
  File "/home/ubuntu/gigi-p2p-telegram-bot/bot.py", line 58, in load_json
    with open(file_path, "w") as f:
         ^^^^^^^^^^^^^^^^^^^^
FileNotFoundError: [Errno 2] No such file or directory: 'data/users.json'
2025-05-23 01:17:15,339 - httpx - INFO - HTTP Request: POST https://api.telegram.org/bot7093436536:AAEvjyOBDmUYkoOkO2zxZnzplRy8Thhz0Ps/getUpdates "HTTP/1.1 200 OK"
2025-05-23 01:17:25,429 - httpx - INFO - HTTP Request: POST https://api.telegram.org/bot7093436536:AAEvjyOBDmUYkoOkO2zxZnzplRy8Thhz0Ps/getUpdates "HTTP/1.1 200 OK"
2025-05-23 01:17:29,638 - httpx - INFO - HTTP Request: POST https://api.telegram.org/bot7093436536:AAEvjyOBDmUYkoOkO2zxZnzplRy8Thhz0Ps/getUpdates "HTTP/1.1 200 OK"
2025-05-23 01:17:29,640 - telegram.ext.Application - ERROR - No error handlers are registered, logging exception.
Traceback (most recent call last):
  File "/home/ubuntu/gigi-p2p-telegram-bot/venv/lib/python3.12/site-packages/telegram/ext/_application.py", line 1234, in process_update
    await coroutine
  File "/home/ubuntu/gigi-p2p-telegram-bot/venv/lib/python3.12/site-packages/telegram/ext/_basehandler.py", line 157, in handle_update
    return await self.callback(update, context)
           ^^^^^^^^^^^^^^^^^^^^^^^^^^^^^^^^^^^^
  File "/home/ubuntu/gigi-p2p-telegram-bot/bot.py", line 149, in start
    init_user(user_id, db_session)
  File "/home/ubuntu/gigi-p2p-telegram-bot/bot.py", line 106, in init_user
    users = load_json("data/users.json")
            ^^^^^^^^^^^^^^^^^^^^^^^^^^^^
  File "/home/ubuntu/gigi-p2p-telegram-bot/bot.py", line 58, in load_json
    with open(file_path, "w") as f:
         ^^^^^^^^^^^^^^^^^^^^
FileNotFoundError: [Errno 2] No such file or directory: 'data/users.json'
2025-05-23 01:17:39,728 - httpx - INFO - HTTP Request: POST https://api.telegram.org/bot7093436536:AAEvjyOBDmUYkoOkO2zxZnzplRy8Thhz0Ps/getUpdates "HTTP/1.1 200 OK"
2025-05-23 01:17:49,831 - httpx - INFO - HTTP Request: POST https://api.telegram.org/bot7093436536:AAEvjyOBDmUYkoOkO2zxZnzplRy8Thhz0Ps/getUpdates "HTTP/1.1 200 OK"
2025-05-23 01:17:59,918 - httpx - INFO - HTTP Request: POST https://api.telegram.org/bot7093436536:AAEvjyOBDmUYkoOkO2zxZnzplRy8Thhz0Ps/getUpdates "HTTP/1.1 200 OK"
2025-05-23 01:18:10,006 - httpx - INFO - HTTP Request: POST https://api.telegram.org/bot7093436536:AAEvjyOBDmUYkoOkO2zxZnzplRy8Thhz0Ps/getUpdates "HTTP/1.1 200 OK"
2025-05-23 01:18:17,057 - httpx - INFO - HTTP Request: POST https://api.telegram.org/bot7093436536:AAEvjyOBDmUYkoOkO2zxZnzplRy8Thhz0Ps/getUpdates "HTTP/1.1 200 OK"
2025-05-23 01:18:17,058 - telegram.ext.Application - INFO - Application is stopping. This might take a moment.
2025-05-23 01:18:17,058 - apscheduler.scheduler - INFO - Scheduler has been shut down
2025-05-23 01:18:17,069 - telegram.ext.Application - INFO - Application.stop() complete
2025-05-23 01:18:38,050 - httpx - INFO - HTTP Request: POST https://api.telegram.org/bot7093436536:AAEvjyOBDmUYkoOkO2zxZnzplRy8Thhz0Ps/getMe "HTTP/1.1 200 OK"
2025-05-23 01:18:38,140 - httpx - INFO - HTTP Request: POST https://api.telegram.org/bot7093436536:AAEvjyOBDmUYkoOkO2zxZnzplRy8Thhz0Ps/deleteWebhook "HTTP/1.1 200 OK"
2025-05-23 01:18:38,142 - apscheduler.scheduler - INFO - Scheduler started
2025-05-23 01:18:38,143 - telegram.ext.Application - INFO - Application started
2025-05-23 01:18:48,403 - httpx - INFO - HTTP Request: POST https://api.telegram.org/bot7093436536:AAEvjyOBDmUYkoOkO2zxZnzplRy8Thhz0Ps/getUpdates "HTTP/1.1 200 OK"
2025-05-23 01:18:55,288 - httpx - INFO - HTTP Request: POST https://api.telegram.org/bot7093436536:AAEvjyOBDmUYkoOkO2zxZnzplRy8Thhz0Ps/getUpdates "HTTP/1.1 200 OK"
2025-05-23 01:18:55,293 - telegram.ext.Application - ERROR - No error handlers are registered, logging exception.
Traceback (most recent call last):
  File "/home/ubuntu/gigi-p2p-telegram-bot/venv/lib/python3.12/site-packages/telegram/ext/_application.py", line 1234, in process_update
    await coroutine
  File "/home/ubuntu/gigi-p2p-telegram-bot/venv/lib/python3.12/site-packages/telegram/ext/_basehandler.py", line 157, in handle_update
    return await self.callback(update, context)
           ^^^^^^^^^^^^^^^^^^^^^^^^^^^^^^^^^^^^
  File "/home/ubuntu/gigi-p2p-telegram-bot/bot.py", line 149, in start
    init_user(user_id, db_session)
  File "/home/ubuntu/gigi-p2p-telegram-bot/bot.py", line 107, in init_user
    user = db_session.query(User).filter_by(telegram_id=telegram_id).first()
           ^^^^^^^^^^^^^^^^^^^^^^^^^^^^^^^^^^^^^^^^^^^^^^^^^^^^^^^^^^^^^^^^^
  File "/home/ubuntu/gigi-p2p-telegram-bot/venv/lib/python3.12/site-packages/sqlalchemy/orm/query.py", line 2759, in first
    return self.limit(1)._iter().first()  # type: ignore
           ^^^^^^^^^^^^^^^^^^^^^
  File "/home/ubuntu/gigi-p2p-telegram-bot/venv/lib/python3.12/site-packages/sqlalchemy/orm/query.py", line 2858, in _iter
    result: Union[ScalarResult[_T], Result[_T]] = self.session.execute(
                                                  ^^^^^^^^^^^^^^^^^^^^^
  File "/home/ubuntu/gigi-p2p-telegram-bot/venv/lib/python3.12/site-packages/sqlalchemy/orm/session.py", line 2365, in execute
    return self._execute_internal(
           ^^^^^^^^^^^^^^^^^^^^^^^
  File "/home/ubuntu/gigi-p2p-telegram-bot/venv/lib/python3.12/site-packages/sqlalchemy/orm/session.py", line 2239, in _execute_internal
    bind = self.get_bind(**bind_arguments)
           ^^^^^^^^^^^^^^^^^^^^^^^^^^^^^^^
  File "/home/ubuntu/gigi-p2p-telegram-bot/venv/lib/python3.12/site-packages/sqlalchemy/orm/session.py", line 2845, in get_bind
    raise sa_exc.UnboundExecutionError(
sqlalchemy.exc.UnboundExecutionError: Could not locate a bind configured on mapper Mapper[User(users)], SQL expression or this Session.
2025-05-23 01:19:01,632 - httpx - INFO - HTTP Request: POST https://api.telegram.org/bot7093436536:AAEvjyOBDmUYkoOkO2zxZnzplRy8Thhz0Ps/getUpdates "HTTP/1.1 200 OK"
2025-05-23 01:19:01,634 - telegram.ext.Application - ERROR - No error handlers are registered, logging exception.
Traceback (most recent call last):
  File "/home/ubuntu/gigi-p2p-telegram-bot/venv/lib/python3.12/site-packages/telegram/ext/_application.py", line 1234, in process_update
    await coroutine
  File "/home/ubuntu/gigi-p2p-telegram-bot/venv/lib/python3.12/site-packages/telegram/ext/_basehandler.py", line 157, in handle_update
    return await self.callback(update, context)
           ^^^^^^^^^^^^^^^^^^^^^^^^^^^^^^^^^^^^
  File "/home/ubuntu/gigi-p2p-telegram-bot/bot.py", line 149, in start
    init_user(user_id, db_session)
  File "/home/ubuntu/gigi-p2p-telegram-bot/bot.py", line 107, in init_user
    user = db_session.query(User).filter_by(telegram_id=telegram_id).first()
           ^^^^^^^^^^^^^^^^^^^^^^^^^^^^^^^^^^^^^^^^^^^^^^^^^^^^^^^^^^^^^^^^^
  File "/home/ubuntu/gigi-p2p-telegram-bot/venv/lib/python3.12/site-packages/sqlalchemy/orm/query.py", line 2759, in first
    return self.limit(1)._iter().first()  # type: ignore
           ^^^^^^^^^^^^^^^^^^^^^
  File "/home/ubuntu/gigi-p2p-telegram-bot/venv/lib/python3.12/site-packages/sqlalchemy/orm/query.py", line 2858, in _iter
    result: Union[ScalarResult[_T], Result[_T]] = self.session.execute(
                                                  ^^^^^^^^^^^^^^^^^^^^^
  File "/home/ubuntu/gigi-p2p-telegram-bot/venv/lib/python3.12/site-packages/sqlalchemy/orm/session.py", line 2365, in execute
    return self._execute_internal(
           ^^^^^^^^^^^^^^^^^^^^^^^
  File "/home/ubuntu/gigi-p2p-telegram-bot/venv/lib/python3.12/site-packages/sqlalchemy/orm/session.py", line 2239, in _execute_internal
    bind = self.get_bind(**bind_arguments)
           ^^^^^^^^^^^^^^^^^^^^^^^^^^^^^^^
  File "/home/ubuntu/gigi-p2p-telegram-bot/venv/lib/python3.12/site-packages/sqlalchemy/orm/session.py", line 2845, in get_bind
    raise sa_exc.UnboundExecutionError(
sqlalchemy.exc.UnboundExecutionError: Could not locate a bind configured on mapper Mapper[User(users)], SQL expression or this Session.
2025-05-23 01:19:11,727 - httpx - INFO - HTTP Request: POST https://api.telegram.org/bot7093436536:AAEvjyOBDmUYkoOkO2zxZnzplRy8Thhz0Ps/getUpdates "HTTP/1.1 200 OK"
2025-05-23 01:19:21,814 - httpx - INFO - HTTP Request: POST https://api.telegram.org/bot7093436536:AAEvjyOBDmUYkoOkO2zxZnzplRy8Thhz0Ps/getUpdates "HTTP/1.1 200 OK"
2025-05-23 01:19:31,902 - httpx - INFO - HTTP Request: POST https://api.telegram.org/bot7093436536:AAEvjyOBDmUYkoOkO2zxZnzplRy8Thhz0Ps/getUpdates "HTTP/1.1 200 OK"
2025-05-23 01:19:41,993 - httpx - INFO - HTTP Request: POST https://api.telegram.org/bot7093436536:AAEvjyOBDmUYkoOkO2zxZnzplRy8Thhz0Ps/getUpdates "HTTP/1.1 200 OK"
2025-05-23 01:19:52,081 - httpx - INFO - HTTP Request: POST https://api.telegram.org/bot7093436536:AAEvjyOBDmUYkoOkO2zxZnzplRy8Thhz0Ps/getUpdates "HTTP/1.1 200 OK"
2025-05-23 01:20:02,170 - httpx - INFO - HTTP Request: POST https://api.telegram.org/bot7093436536:AAEvjyOBDmUYkoOkO2zxZnzplRy8Thhz0Ps/getUpdates "HTTP/1.1 200 OK"
2025-05-23 01:20:12,260 - httpx - INFO - HTTP Request: POST https://api.telegram.org/bot7093436536:AAEvjyOBDmUYkoOkO2zxZnzplRy8Thhz0Ps/getUpdates "HTTP/1.1 200 OK"
2025-05-23 01:20:22,348 - httpx - INFO - HTTP Request: POST https://api.telegram.org/bot7093436536:AAEvjyOBDmUYkoOkO2zxZnzplRy8Thhz0Ps/getUpdates "HTTP/1.1 200 OK"
2025-05-23 01:20:32,435 - httpx - INFO - HTTP Request: POST https://api.telegram.org/bot7093436536:AAEvjyOBDmUYkoOkO2zxZnzplRy8Thhz0Ps/getUpdates "HTTP/1.1 200 OK"
2025-05-23 01:20:42,526 - httpx - INFO - HTTP Request: POST https://api.telegram.org/bot7093436536:AAEvjyOBDmUYkoOkO2zxZnzplRy8Thhz0Ps/getUpdates "HTTP/1.1 200 OK"
2025-05-23 01:20:52,616 - httpx - INFO - HTTP Request: POST https://api.telegram.org/bot7093436536:AAEvjyOBDmUYkoOkO2zxZnzplRy8Thhz0Ps/getUpdates "HTTP/1.1 200 OK"
2025-05-23 01:21:02,705 - httpx - INFO - HTTP Request: POST https://api.telegram.org/bot7093436536:AAEvjyOBDmUYkoOkO2zxZnzplRy8Thhz0Ps/getUpdates "HTTP/1.1 200 OK"
2025-05-23 01:21:12,795 - httpx - INFO - HTTP Request: POST https://api.telegram.org/bot7093436536:AAEvjyOBDmUYkoOkO2zxZnzplRy8Thhz0Ps/getUpdates "HTTP/1.1 200 OK"
2025-05-23 01:21:22,886 - httpx - INFO - HTTP Request: POST https://api.telegram.org/bot7093436536:AAEvjyOBDmUYkoOkO2zxZnzplRy8Thhz0Ps/getUpdates "HTTP/1.1 200 OK"
2025-05-23 01:21:32,977 - httpx - INFO - HTTP Request: POST https://api.telegram.org/bot7093436536:AAEvjyOBDmUYkoOkO2zxZnzplRy8Thhz0Ps/getUpdates "HTTP/1.1 200 OK"
2025-05-23 01:21:37,064 - httpx - INFO - HTTP Request: POST https://api.telegram.org/bot7093436536:AAEvjyOBDmUYkoOkO2zxZnzplRy8Thhz0Ps/getUpdates "HTTP/1.1 200 OK"
2025-05-23 01:21:37,065 - telegram.ext.Application - INFO - Application is stopping. This might take a moment.
2025-05-23 01:21:37,065 - apscheduler.scheduler - INFO - Scheduler has been shut down
2025-05-23 01:21:37,076 - telegram.ext.Application - INFO - Application.stop() complete
2025-05-23 01:25:06,327 - httpx - INFO - HTTP Request: POST https://api.telegram.org/bot7093436536:AAEvjyOBDmUYkoOkO2zxZnzplRy8Thhz0Ps/getMe "HTTP/1.1 200 OK"
2025-05-23 01:25:06,413 - httpx - INFO - HTTP Request: POST https://api.telegram.org/bot7093436536:AAEvjyOBDmUYkoOkO2zxZnzplRy8Thhz0Ps/deleteWebhook "HTTP/1.1 200 OK"
2025-05-23 01:25:06,416 - apscheduler.scheduler - INFO - Scheduler started
2025-05-23 01:25:06,418 - telegram.ext.Application - INFO - Application started
2025-05-23 01:25:16,663 - httpx - INFO - HTTP Request: POST https://api.telegram.org/bot7093436536:AAEvjyOBDmUYkoOkO2zxZnzplRy8Thhz0Ps/getUpdates "HTTP/1.1 200 OK"
2025-05-23 01:25:23,367 - httpx - INFO - HTTP Request: POST https://api.telegram.org/bot7093436536:AAEvjyOBDmUYkoOkO2zxZnzplRy8Thhz0Ps/getUpdates "HTTP/1.1 200 OK"
2025-05-23 01:25:23,370 - telegram.ext.Application - ERROR - No error handlers are registered, logging exception.
Traceback (most recent call last):
  File "/home/ubuntu/gigi-p2p-telegram-bot/venv/lib/python3.12/site-packages/telegram/ext/_application.py", line 1234, in process_update
    await coroutine
  File "/home/ubuntu/gigi-p2p-telegram-bot/venv/lib/python3.12/site-packages/telegram/ext/_basehandler.py", line 157, in handle_update
    return await self.callback(update, context)
           ^^^^^^^^^^^^^^^^^^^^^^^^^^^^^^^^^^^^
  File "/home/ubuntu/gigi-p2p-telegram-bot/bot.py", line 147, in start
    with DBSession() as db_session:
         ^^^^^^^^^
NameError: name 'DBSession' is not defined. Did you mean: 'Session'?
2025-05-23 01:25:33,460 - httpx - INFO - HTTP Request: POST https://api.telegram.org/bot7093436536:AAEvjyOBDmUYkoOkO2zxZnzplRy8Thhz0Ps/getUpdates "HTTP/1.1 200 OK"
2025-05-23 01:25:43,543 - httpx - INFO - HTTP Request: POST https://api.telegram.org/bot7093436536:AAEvjyOBDmUYkoOkO2zxZnzplRy8Thhz0Ps/getUpdates "HTTP/1.1 200 OK"
2025-05-23 01:25:53,625 - httpx - INFO - HTTP Request: POST https://api.telegram.org/bot7093436536:AAEvjyOBDmUYkoOkO2zxZnzplRy8Thhz0Ps/getUpdates "HTTP/1.1 200 OK"
2025-05-23 01:26:03,709 - httpx - INFO - HTTP Request: POST https://api.telegram.org/bot7093436536:AAEvjyOBDmUYkoOkO2zxZnzplRy8Thhz0Ps/getUpdates "HTTP/1.1 200 OK"
2025-05-23 01:26:13,795 - httpx - INFO - HTTP Request: POST https://api.telegram.org/bot7093436536:AAEvjyOBDmUYkoOkO2zxZnzplRy8Thhz0Ps/getUpdates "HTTP/1.1 200 OK"
2025-05-23 01:26:23,876 - httpx - INFO - HTTP Request: POST https://api.telegram.org/bot7093436536:AAEvjyOBDmUYkoOkO2zxZnzplRy8Thhz0Ps/getUpdates "HTTP/1.1 200 OK"
2025-05-23 01:26:33,957 - httpx - INFO - HTTP Request: POST https://api.telegram.org/bot7093436536:AAEvjyOBDmUYkoOkO2zxZnzplRy8Thhz0Ps/getUpdates "HTTP/1.1 200 OK"
2025-05-23 01:26:44,041 - httpx - INFO - HTTP Request: POST https://api.telegram.org/bot7093436536:AAEvjyOBDmUYkoOkO2zxZnzplRy8Thhz0Ps/getUpdates "HTTP/1.1 200 OK"
2025-05-23 01:26:50,728 - httpx - INFO - HTTP Request: POST https://api.telegram.org/bot7093436536:AAEvjyOBDmUYkoOkO2zxZnzplRy8Thhz0Ps/getUpdates "HTTP/1.1 200 OK"
2025-05-23 01:26:50,728 - telegram.ext.Application - INFO - Application is stopping. This might take a moment.
2025-05-23 01:26:50,728 - apscheduler.scheduler - INFO - Scheduler has been shut down
2025-05-23 01:26:50,739 - telegram.ext.Application - INFO - Application.stop() complete
2025-05-23 01:30:11,811 - httpx - INFO - HTTP Request: POST https://api.telegram.org/bot7093436536:AAEvjyOBDmUYkoOkO2zxZnzplRy8Thhz0Ps/getMe "HTTP/1.1 200 OK"
2025-05-23 01:30:11,895 - httpx - INFO - HTTP Request: POST https://api.telegram.org/bot7093436536:AAEvjyOBDmUYkoOkO2zxZnzplRy8Thhz0Ps/deleteWebhook "HTTP/1.1 200 OK"
2025-05-23 01:30:11,897 - apscheduler.scheduler - INFO - Scheduler started
2025-05-23 01:30:11,897 - telegram.ext.Application - INFO - Application started
2025-05-23 01:30:22,158 - httpx - INFO - HTTP Request: POST https://api.telegram.org/bot7093436536:AAEvjyOBDmUYkoOkO2zxZnzplRy8Thhz0Ps/getUpdates "HTTP/1.1 200 OK"
2025-05-23 01:30:32,247 - httpx - INFO - HTTP Request: POST https://api.telegram.org/bot7093436536:AAEvjyOBDmUYkoOkO2zxZnzplRy8Thhz0Ps/getUpdates "HTTP/1.1 200 OK"
2025-05-23 01:30:41,003 - httpx - INFO - HTTP Request: POST https://api.telegram.org/bot7093436536:AAEvjyOBDmUYkoOkO2zxZnzplRy8Thhz0Ps/getUpdates "HTTP/1.1 200 OK"
2025-05-23 01:30:41,498 - httpx - INFO - HTTP Request: POST https://api.telegram.org/bot7093436536:AAEvjyOBDmUYkoOkO2zxZnzplRy8Thhz0Ps/sendMessage "HTTP/1.1 400 Bad Request"
2025-05-23 01:30:41,498 - telegram.ext.Application - ERROR - No error handlers are registered, logging exception.
Traceback (most recent call last):
  File "/home/ubuntu/gigi-p2p-telegram-bot/venv/lib/python3.12/site-packages/telegram/ext/_application.py", line 1234, in process_update
    await coroutine
  File "/home/ubuntu/gigi-p2p-telegram-bot/venv/lib/python3.12/site-packages/telegram/ext/_basehandler.py", line 157, in handle_update
    return await self.callback(update, context)
           ^^^^^^^^^^^^^^^^^^^^^^^^^^^^^^^^^^^^
  File "/home/ubuntu/gigi-p2p-telegram-bot/bot.py", line 185, in start
    await update.message.reply_text(
  File "/home/ubuntu/gigi-p2p-telegram-bot/venv/lib/python3.12/site-packages/telegram/_message.py", line 1094, in reply_text
    return await self.get_bot().send_message(
           ^^^^^^^^^^^^^^^^^^^^^^^^^^^^^^^^^^
  File "/home/ubuntu/gigi-p2p-telegram-bot/venv/lib/python3.12/site-packages/telegram/ext/_extbot.py", line 2624, in send_message
    return await super().send_message(
           ^^^^^^^^^^^^^^^^^^^^^^^^^^^
  File "/home/ubuntu/gigi-p2p-telegram-bot/venv/lib/python3.12/site-packages/telegram/_bot.py", line 525, in decorator
    result = await func(self, *args, **kwargs)  # skipcq: PYL-E1102
             ^^^^^^^^^^^^^^^^^^^^^^^^^^^^^^^^^
  File "/home/ubuntu/gigi-p2p-telegram-bot/venv/lib/python3.12/site-packages/telegram/_bot.py", line 846, in send_message
    return await self._send_message(
           ^^^^^^^^^^^^^^^^^^^^^^^^^
  File "/home/ubuntu/gigi-p2p-telegram-bot/venv/lib/python3.12/site-packages/telegram/ext/_extbot.py", line 522, in _send_message
    result = await super()._send_message(
             ^^^^^^^^^^^^^^^^^^^^^^^^^^^^
  File "/home/ubuntu/gigi-p2p-telegram-bot/venv/lib/python3.12/site-packages/telegram/_bot.py", line 703, in _send_message
    result = await self._post(
             ^^^^^^^^^^^^^^^^^
  File "/home/ubuntu/gigi-p2p-telegram-bot/venv/lib/python3.12/site-packages/telegram/_bot.py", line 613, in _post
    return await self._do_post(
           ^^^^^^^^^^^^^^^^^^^^
  File "/home/ubuntu/gigi-p2p-telegram-bot/venv/lib/python3.12/site-packages/telegram/ext/_extbot.py", line 340, in _do_post
    return await super()._do_post(
           ^^^^^^^^^^^^^^^^^^^^^^^
  File "/home/ubuntu/gigi-p2p-telegram-bot/venv/lib/python3.12/site-packages/telegram/_bot.py", line 641, in _do_post
    return await request.post(
           ^^^^^^^^^^^^^^^^^^^
  File "/home/ubuntu/gigi-p2p-telegram-bot/venv/lib/python3.12/site-packages/telegram/request/_baserequest.py", line 200, in post
    result = await self._request_wrapper(
             ^^^^^^^^^^^^^^^^^^^^^^^^^^^^
  File "/home/ubuntu/gigi-p2p-telegram-bot/venv/lib/python3.12/site-packages/telegram/request/_baserequest.py", line 379, in _request_wrapper
    raise BadRequest(message)
telegram.error.BadRequest: Can't parse entities: character '!' is reserved and must be escaped with the preceding '\'
2025-05-23 01:30:43,988 - httpx - INFO - HTTP Request: POST https://api.telegram.org/bot7093436536:AAEvjyOBDmUYkoOkO2zxZnzplRy8Thhz0Ps/getUpdates "HTTP/1.1 200 OK"
2025-05-23 01:30:44,303 - httpx - INFO - HTTP Request: POST https://api.telegram.org/bot7093436536:AAEvjyOBDmUYkoOkO2zxZnzplRy8Thhz0Ps/sendMessage "HTTP/1.1 400 Bad Request"
2025-05-23 01:30:44,304 - telegram.ext.Application - ERROR - No error handlers are registered, logging exception.
Traceback (most recent call last):
  File "/home/ubuntu/gigi-p2p-telegram-bot/venv/lib/python3.12/site-packages/telegram/ext/_application.py", line 1234, in process_update
    await coroutine
  File "/home/ubuntu/gigi-p2p-telegram-bot/venv/lib/python3.12/site-packages/telegram/ext/_basehandler.py", line 157, in handle_update
    return await self.callback(update, context)
           ^^^^^^^^^^^^^^^^^^^^^^^^^^^^^^^^^^^^
  File "/home/ubuntu/gigi-p2p-telegram-bot/bot.py", line 185, in start
    await update.message.reply_text(
  File "/home/ubuntu/gigi-p2p-telegram-bot/venv/lib/python3.12/site-packages/telegram/_message.py", line 1094, in reply_text
    return await self.get_bot().send_message(
           ^^^^^^^^^^^^^^^^^^^^^^^^^^^^^^^^^^
  File "/home/ubuntu/gigi-p2p-telegram-bot/venv/lib/python3.12/site-packages/telegram/ext/_extbot.py", line 2624, in send_message
    return await super().send_message(
           ^^^^^^^^^^^^^^^^^^^^^^^^^^^
  File "/home/ubuntu/gigi-p2p-telegram-bot/venv/lib/python3.12/site-packages/telegram/_bot.py", line 525, in decorator
    result = await func(self, *args, **kwargs)  # skipcq: PYL-E1102
             ^^^^^^^^^^^^^^^^^^^^^^^^^^^^^^^^^
  File "/home/ubuntu/gigi-p2p-telegram-bot/venv/lib/python3.12/site-packages/telegram/_bot.py", line 846, in send_message
    return await self._send_message(
           ^^^^^^^^^^^^^^^^^^^^^^^^^
  File "/home/ubuntu/gigi-p2p-telegram-bot/venv/lib/python3.12/site-packages/telegram/ext/_extbot.py", line 522, in _send_message
    result = await super()._send_message(
             ^^^^^^^^^^^^^^^^^^^^^^^^^^^^
  File "/home/ubuntu/gigi-p2p-telegram-bot/venv/lib/python3.12/site-packages/telegram/_bot.py", line 703, in _send_message
    result = await self._post(
             ^^^^^^^^^^^^^^^^^
  File "/home/ubuntu/gigi-p2p-telegram-bot/venv/lib/python3.12/site-packages/telegram/_bot.py", line 613, in _post
    return await self._do_post(
           ^^^^^^^^^^^^^^^^^^^^
  File "/home/ubuntu/gigi-p2p-telegram-bot/venv/lib/python3.12/site-packages/telegram/ext/_extbot.py", line 340, in _do_post
    return await super()._do_post(
           ^^^^^^^^^^^^^^^^^^^^^^^
  File "/home/ubuntu/gigi-p2p-telegram-bot/venv/lib/python3.12/site-packages/telegram/_bot.py", line 641, in _do_post
    return await request.post(
           ^^^^^^^^^^^^^^^^^^^
  File "/home/ubuntu/gigi-p2p-telegram-bot/venv/lib/python3.12/site-packages/telegram/request/_baserequest.py", line 200, in post
    result = await self._request_wrapper(
             ^^^^^^^^^^^^^^^^^^^^^^^^^^^^
  File "/home/ubuntu/gigi-p2p-telegram-bot/venv/lib/python3.12/site-packages/telegram/request/_baserequest.py", line 379, in _request_wrapper
    raise BadRequest(message)
telegram.error.BadRequest: Can't parse entities: character '!' is reserved and must be escaped with the preceding '\'
2025-05-23 01:30:44,805 - httpx - INFO - HTTP Request: POST https://api.telegram.org/bot7093436536:AAEvjyOBDmUYkoOkO2zxZnzplRy8Thhz0Ps/getUpdates "HTTP/1.1 200 OK"
2025-05-23 01:30:45,121 - httpx - INFO - HTTP Request: POST https://api.telegram.org/bot7093436536:AAEvjyOBDmUYkoOkO2zxZnzplRy8Thhz0Ps/sendMessage "HTTP/1.1 400 Bad Request"
2025-05-23 01:30:45,121 - telegram.ext.Application - ERROR - No error handlers are registered, logging exception.
Traceback (most recent call last):
  File "/home/ubuntu/gigi-p2p-telegram-bot/venv/lib/python3.12/site-packages/telegram/ext/_application.py", line 1234, in process_update
    await coroutine
  File "/home/ubuntu/gigi-p2p-telegram-bot/venv/lib/python3.12/site-packages/telegram/ext/_basehandler.py", line 157, in handle_update
    return await self.callback(update, context)
           ^^^^^^^^^^^^^^^^^^^^^^^^^^^^^^^^^^^^
  File "/home/ubuntu/gigi-p2p-telegram-bot/bot.py", line 185, in start
    await update.message.reply_text(
  File "/home/ubuntu/gigi-p2p-telegram-bot/venv/lib/python3.12/site-packages/telegram/_message.py", line 1094, in reply_text
    return await self.get_bot().send_message(
           ^^^^^^^^^^^^^^^^^^^^^^^^^^^^^^^^^^
  File "/home/ubuntu/gigi-p2p-telegram-bot/venv/lib/python3.12/site-packages/telegram/ext/_extbot.py", line 2624, in send_message
    return await super().send_message(
           ^^^^^^^^^^^^^^^^^^^^^^^^^^^
  File "/home/ubuntu/gigi-p2p-telegram-bot/venv/lib/python3.12/site-packages/telegram/_bot.py", line 525, in decorator
    result = await func(self, *args, **kwargs)  # skipcq: PYL-E1102
             ^^^^^^^^^^^^^^^^^^^^^^^^^^^^^^^^^
  File "/home/ubuntu/gigi-p2p-telegram-bot/venv/lib/python3.12/site-packages/telegram/_bot.py", line 846, in send_message
    return await self._send_message(
           ^^^^^^^^^^^^^^^^^^^^^^^^^
  File "/home/ubuntu/gigi-p2p-telegram-bot/venv/lib/python3.12/site-packages/telegram/ext/_extbot.py", line 522, in _send_message
    result = await super()._send_message(
             ^^^^^^^^^^^^^^^^^^^^^^^^^^^^
  File "/home/ubuntu/gigi-p2p-telegram-bot/venv/lib/python3.12/site-packages/telegram/_bot.py", line 703, in _send_message
    result = await self._post(
             ^^^^^^^^^^^^^^^^^
  File "/home/ubuntu/gigi-p2p-telegram-bot/venv/lib/python3.12/site-packages/telegram/_bot.py", line 613, in _post
    return await self._do_post(
           ^^^^^^^^^^^^^^^^^^^^
  File "/home/ubuntu/gigi-p2p-telegram-bot/venv/lib/python3.12/site-packages/telegram/ext/_extbot.py", line 340, in _do_post
    return await super()._do_post(
           ^^^^^^^^^^^^^^^^^^^^^^^
  File "/home/ubuntu/gigi-p2p-telegram-bot/venv/lib/python3.12/site-packages/telegram/_bot.py", line 641, in _do_post
    return await request.post(
           ^^^^^^^^^^^^^^^^^^^
  File "/home/ubuntu/gigi-p2p-telegram-bot/venv/lib/python3.12/site-packages/telegram/request/_baserequest.py", line 200, in post
    result = await self._request_wrapper(
             ^^^^^^^^^^^^^^^^^^^^^^^^^^^^
  File "/home/ubuntu/gigi-p2p-telegram-bot/venv/lib/python3.12/site-packages/telegram/request/_baserequest.py", line 379, in _request_wrapper
    raise BadRequest(message)
telegram.error.BadRequest: Can't parse entities: character '!' is reserved and must be escaped with the preceding '\'
2025-05-23 01:30:55,126 - httpx - INFO - HTTP Request: POST https://api.telegram.org/bot7093436536:AAEvjyOBDmUYkoOkO2zxZnzplRy8Thhz0Ps/getUpdates "HTTP/1.1 200 OK"
2025-05-23 01:31:05,215 - httpx - INFO - HTTP Request: POST https://api.telegram.org/bot7093436536:AAEvjyOBDmUYkoOkO2zxZnzplRy8Thhz0Ps/getUpdates "HTTP/1.1 200 OK"
2025-05-23 01:31:05,387 - httpx - INFO - HTTP Request: POST https://api.telegram.org/bot7093436536:AAEvjyOBDmUYkoOkO2zxZnzplRy8Thhz0Ps/getUpdates "HTTP/1.1 200 OK"
2025-05-23 01:31:05,653 - httpx - INFO - HTTP Request: POST https://api.telegram.org/bot7093436536:AAEvjyOBDmUYkoOkO2zxZnzplRy8Thhz0Ps/sendMessage "HTTP/1.1 400 Bad Request"
2025-05-23 01:31:05,653 - telegram.ext.Application - ERROR - No error handlers are registered, logging exception.
Traceback (most recent call last):
  File "/home/ubuntu/gigi-p2p-telegram-bot/venv/lib/python3.12/site-packages/telegram/ext/_application.py", line 1234, in process_update
    await coroutine
  File "/home/ubuntu/gigi-p2p-telegram-bot/venv/lib/python3.12/site-packages/telegram/ext/_basehandler.py", line 157, in handle_update
    return await self.callback(update, context)
           ^^^^^^^^^^^^^^^^^^^^^^^^^^^^^^^^^^^^
  File "/home/ubuntu/gigi-p2p-telegram-bot/bot.py", line 197, in help
    await update.message.reply_text(
  File "/home/ubuntu/gigi-p2p-telegram-bot/venv/lib/python3.12/site-packages/telegram/_message.py", line 1094, in reply_text
    return await self.get_bot().send_message(
           ^^^^^^^^^^^^^^^^^^^^^^^^^^^^^^^^^^
  File "/home/ubuntu/gigi-p2p-telegram-bot/venv/lib/python3.12/site-packages/telegram/ext/_extbot.py", line 2624, in send_message
    return await super().send_message(
           ^^^^^^^^^^^^^^^^^^^^^^^^^^^
  File "/home/ubuntu/gigi-p2p-telegram-bot/venv/lib/python3.12/site-packages/telegram/_bot.py", line 525, in decorator
    result = await func(self, *args, **kwargs)  # skipcq: PYL-E1102
             ^^^^^^^^^^^^^^^^^^^^^^^^^^^^^^^^^
  File "/home/ubuntu/gigi-p2p-telegram-bot/venv/lib/python3.12/site-packages/telegram/_bot.py", line 846, in send_message
    return await self._send_message(
           ^^^^^^^^^^^^^^^^^^^^^^^^^
  File "/home/ubuntu/gigi-p2p-telegram-bot/venv/lib/python3.12/site-packages/telegram/ext/_extbot.py", line 522, in _send_message
    result = await super()._send_message(
             ^^^^^^^^^^^^^^^^^^^^^^^^^^^^
  File "/home/ubuntu/gigi-p2p-telegram-bot/venv/lib/python3.12/site-packages/telegram/_bot.py", line 703, in _send_message
    result = await self._post(
             ^^^^^^^^^^^^^^^^^
  File "/home/ubuntu/gigi-p2p-telegram-bot/venv/lib/python3.12/site-packages/telegram/_bot.py", line 613, in _post
    return await self._do_post(
           ^^^^^^^^^^^^^^^^^^^^
  File "/home/ubuntu/gigi-p2p-telegram-bot/venv/lib/python3.12/site-packages/telegram/ext/_extbot.py", line 340, in _do_post
    return await super()._do_post(
           ^^^^^^^^^^^^^^^^^^^^^^^
  File "/home/ubuntu/gigi-p2p-telegram-bot/venv/lib/python3.12/site-packages/telegram/_bot.py", line 641, in _do_post
    return await request.post(
           ^^^^^^^^^^^^^^^^^^^
  File "/home/ubuntu/gigi-p2p-telegram-bot/venv/lib/python3.12/site-packages/telegram/request/_baserequest.py", line 200, in post
    result = await self._request_wrapper(
             ^^^^^^^^^^^^^^^^^^^^^^^^^^^^
  File "/home/ubuntu/gigi-p2p-telegram-bot/venv/lib/python3.12/site-packages/telegram/request/_baserequest.py", line 379, in _request_wrapper
    raise BadRequest(message)
telegram.error.BadRequest: Can't parse entities: character '!' is reserved and must be escaped with the preceding '\'
2025-05-23 01:31:11,195 - httpx - INFO - HTTP Request: POST https://api.telegram.org/bot7093436536:AAEvjyOBDmUYkoOkO2zxZnzplRy8Thhz0Ps/getUpdates "HTTP/1.1 200 OK"
2025-05-23 01:31:11,460 - httpx - INFO - HTTP Request: POST https://api.telegram.org/bot7093436536:AAEvjyOBDmUYkoOkO2zxZnzplRy8Thhz0Ps/sendMessage "HTTP/1.1 400 Bad Request"
2025-05-23 01:31:11,460 - telegram.ext.Application - ERROR - No error handlers are registered, logging exception.
Traceback (most recent call last):
  File "/home/ubuntu/gigi-p2p-telegram-bot/venv/lib/python3.12/site-packages/telegram/ext/_application.py", line 1234, in process_update
    await coroutine
  File "/home/ubuntu/gigi-p2p-telegram-bot/venv/lib/python3.12/site-packages/telegram/ext/_basehandler.py", line 157, in handle_update
    return await self.callback(update, context)
           ^^^^^^^^^^^^^^^^^^^^^^^^^^^^^^^^^^^^
  File "/home/ubuntu/gigi-p2p-telegram-bot/bot.py", line 224, in connect_wallet
    await update.message.reply_text(
  File "/home/ubuntu/gigi-p2p-telegram-bot/venv/lib/python3.12/site-packages/telegram/_message.py", line 1094, in reply_text
    return await self.get_bot().send_message(
           ^^^^^^^^^^^^^^^^^^^^^^^^^^^^^^^^^^
  File "/home/ubuntu/gigi-p2p-telegram-bot/venv/lib/python3.12/site-packages/telegram/ext/_extbot.py", line 2624, in send_message
    return await super().send_message(
           ^^^^^^^^^^^^^^^^^^^^^^^^^^^
  File "/home/ubuntu/gigi-p2p-telegram-bot/venv/lib/python3.12/site-packages/telegram/_bot.py", line 525, in decorator
    result = await func(self, *args, **kwargs)  # skipcq: PYL-E1102
             ^^^^^^^^^^^^^^^^^^^^^^^^^^^^^^^^^
  File "/home/ubuntu/gigi-p2p-telegram-bot/venv/lib/python3.12/site-packages/telegram/_bot.py", line 846, in send_message
    return await self._send_message(
           ^^^^^^^^^^^^^^^^^^^^^^^^^
  File "/home/ubuntu/gigi-p2p-telegram-bot/venv/lib/python3.12/site-packages/telegram/ext/_extbot.py", line 522, in _send_message
    result = await super()._send_message(
             ^^^^^^^^^^^^^^^^^^^^^^^^^^^^
  File "/home/ubuntu/gigi-p2p-telegram-bot/venv/lib/python3.12/site-packages/telegram/_bot.py", line 703, in _send_message
    result = await self._post(
             ^^^^^^^^^^^^^^^^^
  File "/home/ubuntu/gigi-p2p-telegram-bot/venv/lib/python3.12/site-packages/telegram/_bot.py", line 613, in _post
    return await self._do_post(
           ^^^^^^^^^^^^^^^^^^^^
  File "/home/ubuntu/gigi-p2p-telegram-bot/venv/lib/python3.12/site-packages/telegram/ext/_extbot.py", line 340, in _do_post
    return await super()._do_post(
           ^^^^^^^^^^^^^^^^^^^^^^^
  File "/home/ubuntu/gigi-p2p-telegram-bot/venv/lib/python3.12/site-packages/telegram/_bot.py", line 641, in _do_post
    return await request.post(
           ^^^^^^^^^^^^^^^^^^^
  File "/home/ubuntu/gigi-p2p-telegram-bot/venv/lib/python3.12/site-packages/telegram/request/_baserequest.py", line 200, in post
    result = await self._request_wrapper(
             ^^^^^^^^^^^^^^^^^^^^^^^^^^^^
  File "/home/ubuntu/gigi-p2p-telegram-bot/venv/lib/python3.12/site-packages/telegram/request/_baserequest.py", line 379, in _request_wrapper
    raise BadRequest(message)
telegram.error.BadRequest: Can't parse entities: character '!' is reserved and must be escaped with the preceding '\'
2025-05-23 01:31:21,288 - httpx - INFO - HTTP Request: POST https://api.telegram.org/bot7093436536:AAEvjyOBDmUYkoOkO2zxZnzplRy8Thhz0Ps/getUpdates "HTTP/1.1 200 OK"
2025-05-23 01:31:31,378 - httpx - INFO - HTTP Request: POST https://api.telegram.org/bot7093436536:AAEvjyOBDmUYkoOkO2zxZnzplRy8Thhz0Ps/getUpdates "HTTP/1.1 200 OK"
2025-05-23 01:31:41,466 - httpx - INFO - HTTP Request: POST https://api.telegram.org/bot7093436536:AAEvjyOBDmUYkoOkO2zxZnzplRy8Thhz0Ps/getUpdates "HTTP/1.1 200 OK"
2025-05-23 01:31:51,555 - httpx - INFO - HTTP Request: POST https://api.telegram.org/bot7093436536:AAEvjyOBDmUYkoOkO2zxZnzplRy8Thhz0Ps/getUpdates "HTTP/1.1 200 OK"
2025-05-23 01:32:01,644 - httpx - INFO - HTTP Request: POST https://api.telegram.org/bot7093436536:AAEvjyOBDmUYkoOkO2zxZnzplRy8Thhz0Ps/getUpdates "HTTP/1.1 200 OK"
2025-05-23 01:32:11,732 - httpx - INFO - HTTP Request: POST https://api.telegram.org/bot7093436536:AAEvjyOBDmUYkoOkO2zxZnzplRy8Thhz0Ps/getUpdates "HTTP/1.1 200 OK"
2025-05-23 01:32:21,820 - httpx - INFO - HTTP Request: POST https://api.telegram.org/bot7093436536:AAEvjyOBDmUYkoOkO2zxZnzplRy8Thhz0Ps/getUpdates "HTTP/1.1 200 OK"
2025-05-23 01:32:31,912 - httpx - INFO - HTTP Request: POST https://api.telegram.org/bot7093436536:AAEvjyOBDmUYkoOkO2zxZnzplRy8Thhz0Ps/getUpdates "HTTP/1.1 200 OK"
2025-05-23 01:32:42,002 - httpx - INFO - HTTP Request: POST https://api.telegram.org/bot7093436536:AAEvjyOBDmUYkoOkO2zxZnzplRy8Thhz0Ps/getUpdates "HTTP/1.1 200 OK"
2025-05-23 01:32:52,091 - httpx - INFO - HTTP Request: POST https://api.telegram.org/bot7093436536:AAEvjyOBDmUYkoOkO2zxZnzplRy8Thhz0Ps/getUpdates "HTTP/1.1 200 OK"
2025-05-23 01:32:57,885 - httpx - INFO - HTTP Request: POST https://api.telegram.org/bot7093436536:AAEvjyOBDmUYkoOkO2zxZnzplRy8Thhz0Ps/getUpdates "HTTP/1.1 200 OK"
2025-05-23 01:32:57,886 - telegram.ext.Application - INFO - Application is stopping. This might take a moment.
2025-05-23 01:32:57,886 - apscheduler.scheduler - INFO - Scheduler has been shut down
2025-05-23 01:32:57,896 - telegram.ext.Application - INFO - Application.stop() complete
2025-05-23 01:38:50,871 - httpx - INFO - HTTP Request: POST https://api.telegram.org/bot7093436536:AAEvjyOBDmUYkoOkO2zxZnzplRy8Thhz0Ps/getMe "HTTP/1.1 200 OK"
2025-05-23 01:38:50,960 - httpx - INFO - HTTP Request: POST https://api.telegram.org/bot7093436536:AAEvjyOBDmUYkoOkO2zxZnzplRy8Thhz0Ps/deleteWebhook "HTTP/1.1 200 OK"
2025-05-23 01:38:50,962 - apscheduler.scheduler - INFO - Scheduler started
2025-05-23 01:38:50,963 - telegram.ext.Application - INFO - Application started
2025-05-23 01:38:57,309 - httpx - INFO - HTTP Request: POST https://api.telegram.org/bot7093436536:AAEvjyOBDmUYkoOkO2zxZnzplRy8Thhz0Ps/getUpdates "HTTP/1.1 200 OK"
2025-05-23 01:38:57,837 - httpx - INFO - HTTP Request: POST https://api.telegram.org/bot7093436536:AAEvjyOBDmUYkoOkO2zxZnzplRy8Thhz0Ps/sendMessage "HTTP/1.1 400 Bad Request"
2025-05-23 01:38:57,837 - telegram.ext.Application - ERROR - No error handlers are registered, logging exception.
Traceback (most recent call last):
  File "/home/ubuntu/gigi-p2p-telegram-bot/venv/lib/python3.12/site-packages/telegram/ext/_application.py", line 1234, in process_update
    await coroutine
  File "/home/ubuntu/gigi-p2p-telegram-bot/venv/lib/python3.12/site-packages/telegram/ext/_basehandler.py", line 157, in handle_update
    return await self.callback(update, context)
           ^^^^^^^^^^^^^^^^^^^^^^^^^^^^^^^^^^^^
  File "/home/ubuntu/gigi-p2p-telegram-bot/bot.py", line 185, in start
    await update.message.reply_text(
  File "/home/ubuntu/gigi-p2p-telegram-bot/venv/lib/python3.12/site-packages/telegram/_message.py", line 1094, in reply_text
    return await self.get_bot().send_message(
           ^^^^^^^^^^^^^^^^^^^^^^^^^^^^^^^^^^
  File "/home/ubuntu/gigi-p2p-telegram-bot/venv/lib/python3.12/site-packages/telegram/ext/_extbot.py", line 2624, in send_message
    return await super().send_message(
           ^^^^^^^^^^^^^^^^^^^^^^^^^^^
  File "/home/ubuntu/gigi-p2p-telegram-bot/venv/lib/python3.12/site-packages/telegram/_bot.py", line 525, in decorator
    result = await func(self, *args, **kwargs)  # skipcq: PYL-E1102
             ^^^^^^^^^^^^^^^^^^^^^^^^^^^^^^^^^
  File "/home/ubuntu/gigi-p2p-telegram-bot/venv/lib/python3.12/site-packages/telegram/_bot.py", line 846, in send_message
    return await self._send_message(
           ^^^^^^^^^^^^^^^^^^^^^^^^^
  File "/home/ubuntu/gigi-p2p-telegram-bot/venv/lib/python3.12/site-packages/telegram/ext/_extbot.py", line 522, in _send_message
    result = await super()._send_message(
             ^^^^^^^^^^^^^^^^^^^^^^^^^^^^
  File "/home/ubuntu/gigi-p2p-telegram-bot/venv/lib/python3.12/site-packages/telegram/_bot.py", line 703, in _send_message
    result = await self._post(
             ^^^^^^^^^^^^^^^^^
  File "/home/ubuntu/gigi-p2p-telegram-bot/venv/lib/python3.12/site-packages/telegram/_bot.py", line 613, in _post
    return await self._do_post(
           ^^^^^^^^^^^^^^^^^^^^
  File "/home/ubuntu/gigi-p2p-telegram-bot/venv/lib/python3.12/site-packages/telegram/ext/_extbot.py", line 340, in _do_post
    return await super()._do_post(
           ^^^^^^^^^^^^^^^^^^^^^^^
  File "/home/ubuntu/gigi-p2p-telegram-bot/venv/lib/python3.12/site-packages/telegram/_bot.py", line 641, in _do_post
    return await request.post(
           ^^^^^^^^^^^^^^^^^^^
  File "/home/ubuntu/gigi-p2p-telegram-bot/venv/lib/python3.12/site-packages/telegram/request/_baserequest.py", line 200, in post
    result = await self._request_wrapper(
             ^^^^^^^^^^^^^^^^^^^^^^^^^^^^
  File "/home/ubuntu/gigi-p2p-telegram-bot/venv/lib/python3.12/site-packages/telegram/request/_baserequest.py", line 379, in _request_wrapper
    raise BadRequest(message)
telegram.error.BadRequest: Can't parse entities: character '!' is reserved and must be escaped with the preceding '\'
2025-05-23 01:39:07,653 - httpx - INFO - HTTP Request: POST https://api.telegram.org/bot7093436536:AAEvjyOBDmUYkoOkO2zxZnzplRy8Thhz0Ps/getUpdates "HTTP/1.1 200 OK"
2025-05-23 01:39:17,738 - httpx - INFO - HTTP Request: POST https://api.telegram.org/bot7093436536:AAEvjyOBDmUYkoOkO2zxZnzplRy8Thhz0Ps/getUpdates "HTTP/1.1 200 OK"
2025-05-23 01:39:27,826 - httpx - INFO - HTTP Request: POST https://api.telegram.org/bot7093436536:AAEvjyOBDmUYkoOkO2zxZnzplRy8Thhz0Ps/getUpdates "HTTP/1.1 200 OK"
2025-05-23 01:39:37,916 - httpx - INFO - HTTP Request: POST https://api.telegram.org/bot7093436536:AAEvjyOBDmUYkoOkO2zxZnzplRy8Thhz0Ps/getUpdates "HTTP/1.1 200 OK"
2025-05-23 01:39:48,001 - httpx - INFO - HTTP Request: POST https://api.telegram.org/bot7093436536:AAEvjyOBDmUYkoOkO2zxZnzplRy8Thhz0Ps/getUpdates "HTTP/1.1 200 OK"
2025-05-23 01:39:58,090 - httpx - INFO - HTTP Request: POST https://api.telegram.org/bot7093436536:AAEvjyOBDmUYkoOkO2zxZnzplRy8Thhz0Ps/getUpdates "HTTP/1.1 200 OK"
2025-05-23 01:40:08,175 - httpx - INFO - HTTP Request: POST https://api.telegram.org/bot7093436536:AAEvjyOBDmUYkoOkO2zxZnzplRy8Thhz0Ps/getUpdates "HTTP/1.1 200 OK"
2025-05-23 01:40:18,262 - httpx - INFO - HTTP Request: POST https://api.telegram.org/bot7093436536:AAEvjyOBDmUYkoOkO2zxZnzplRy8Thhz0Ps/getUpdates "HTTP/1.1 200 OK"
2025-05-23 01:40:28,351 - httpx - INFO - HTTP Request: POST https://api.telegram.org/bot7093436536:AAEvjyOBDmUYkoOkO2zxZnzplRy8Thhz0Ps/getUpdates "HTTP/1.1 200 OK"
2025-05-23 01:40:38,437 - httpx - INFO - HTTP Request: POST https://api.telegram.org/bot7093436536:AAEvjyOBDmUYkoOkO2zxZnzplRy8Thhz0Ps/getUpdates "HTTP/1.1 200 OK"
2025-05-23 01:40:48,522 - httpx - INFO - HTTP Request: POST https://api.telegram.org/bot7093436536:AAEvjyOBDmUYkoOkO2zxZnzplRy8Thhz0Ps/getUpdates "HTTP/1.1 200 OK"
2025-05-23 01:40:58,608 - httpx - INFO - HTTP Request: POST https://api.telegram.org/bot7093436536:AAEvjyOBDmUYkoOkO2zxZnzplRy8Thhz0Ps/getUpdates "HTTP/1.1 200 OK"
2025-05-23 01:41:08,693 - httpx - INFO - HTTP Request: POST https://api.telegram.org/bot7093436536:AAEvjyOBDmUYkoOkO2zxZnzplRy8Thhz0Ps/getUpdates "HTTP/1.1 200 OK"
2025-05-23 01:41:18,785 - httpx - INFO - HTTP Request: POST https://api.telegram.org/bot7093436536:AAEvjyOBDmUYkoOkO2zxZnzplRy8Thhz0Ps/getUpdates "HTTP/1.1 200 OK"
2025-05-23 01:41:28,871 - httpx - INFO - HTTP Request: POST https://api.telegram.org/bot7093436536:AAEvjyOBDmUYkoOkO2zxZnzplRy8Thhz0Ps/getUpdates "HTTP/1.1 200 OK"
2025-05-23 01:41:38,957 - httpx - INFO - HTTP Request: POST https://api.telegram.org/bot7093436536:AAEvjyOBDmUYkoOkO2zxZnzplRy8Thhz0Ps/getUpdates "HTTP/1.1 200 OK"
2025-05-23 01:41:49,043 - httpx - INFO - HTTP Request: POST https://api.telegram.org/bot7093436536:AAEvjyOBDmUYkoOkO2zxZnzplRy8Thhz0Ps/getUpdates "HTTP/1.1 200 OK"
2025-05-23 01:41:59,128 - httpx - INFO - HTTP Request: POST https://api.telegram.org/bot7093436536:AAEvjyOBDmUYkoOkO2zxZnzplRy8Thhz0Ps/getUpdates "HTTP/1.1 200 OK"
2025-05-23 01:42:09,214 - httpx - INFO - HTTP Request: POST https://api.telegram.org/bot7093436536:AAEvjyOBDmUYkoOkO2zxZnzplRy8Thhz0Ps/getUpdates "HTTP/1.1 200 OK"
2025-05-23 01:42:19,304 - httpx - INFO - HTTP Request: POST https://api.telegram.org/bot7093436536:AAEvjyOBDmUYkoOkO2zxZnzplRy8Thhz0Ps/getUpdates "HTTP/1.1 200 OK"
2025-05-23 01:42:29,396 - httpx - INFO - HTTP Request: POST https://api.telegram.org/bot7093436536:AAEvjyOBDmUYkoOkO2zxZnzplRy8Thhz0Ps/getUpdates "HTTP/1.1 200 OK"
2025-05-23 01:42:39,482 - httpx - INFO - HTTP Request: POST https://api.telegram.org/bot7093436536:AAEvjyOBDmUYkoOkO2zxZnzplRy8Thhz0Ps/getUpdates "HTTP/1.1 200 OK"
2025-05-23 01:42:49,567 - httpx - INFO - HTTP Request: POST https://api.telegram.org/bot7093436536:AAEvjyOBDmUYkoOkO2zxZnzplRy8Thhz0Ps/getUpdates "HTTP/1.1 200 OK"
2025-05-23 01:42:59,654 - httpx - INFO - HTTP Request: POST https://api.telegram.org/bot7093436536:AAEvjyOBDmUYkoOkO2zxZnzplRy8Thhz0Ps/getUpdates "HTTP/1.1 200 OK"
2025-05-23 01:43:09,743 - httpx - INFO - HTTP Request: POST https://api.telegram.org/bot7093436536:AAEvjyOBDmUYkoOkO2zxZnzplRy8Thhz0Ps/getUpdates "HTTP/1.1 200 OK"
2025-05-23 01:43:19,827 - httpx - INFO - HTTP Request: POST https://api.telegram.org/bot7093436536:AAEvjyOBDmUYkoOkO2zxZnzplRy8Thhz0Ps/getUpdates "HTTP/1.1 200 OK"
2025-05-23 01:43:29,912 - httpx - INFO - HTTP Request: POST https://api.telegram.org/bot7093436536:AAEvjyOBDmUYkoOkO2zxZnzplRy8Thhz0Ps/getUpdates "HTTP/1.1 200 OK"
2025-05-23 01:43:40,001 - httpx - INFO - HTTP Request: POST https://api.telegram.org/bot7093436536:AAEvjyOBDmUYkoOkO2zxZnzplRy8Thhz0Ps/getUpdates "HTTP/1.1 200 OK"
2025-05-23 01:43:50,087 - httpx - INFO - HTTP Request: POST https://api.telegram.org/bot7093436536:AAEvjyOBDmUYkoOkO2zxZnzplRy8Thhz0Ps/getUpdates "HTTP/1.1 200 OK"
2025-05-23 01:44:00,177 - httpx - INFO - HTTP Request: POST https://api.telegram.org/bot7093436536:AAEvjyOBDmUYkoOkO2zxZnzplRy8Thhz0Ps/getUpdates "HTTP/1.1 200 OK"
2025-05-23 01:44:10,267 - httpx - INFO - HTTP Request: POST https://api.telegram.org/bot7093436536:AAEvjyOBDmUYkoOkO2zxZnzplRy8Thhz0Ps/getUpdates "HTTP/1.1 200 OK"
2025-05-23 01:44:20,382 - httpx - INFO - HTTP Request: POST https://api.telegram.org/bot7093436536:AAEvjyOBDmUYkoOkO2zxZnzplRy8Thhz0Ps/getUpdates "HTTP/1.1 200 OK"
2025-05-23 01:44:30,468 - httpx - INFO - HTTP Request: POST https://api.telegram.org/bot7093436536:AAEvjyOBDmUYkoOkO2zxZnzplRy8Thhz0Ps/getUpdates "HTTP/1.1 200 OK"
2025-05-23 01:44:40,556 - httpx - INFO - HTTP Request: POST https://api.telegram.org/bot7093436536:AAEvjyOBDmUYkoOkO2zxZnzplRy8Thhz0Ps/getUpdates "HTTP/1.1 200 OK"
2025-05-23 01:44:50,644 - httpx - INFO - HTTP Request: POST https://api.telegram.org/bot7093436536:AAEvjyOBDmUYkoOkO2zxZnzplRy8Thhz0Ps/getUpdates "HTTP/1.1 200 OK"
2025-05-23 01:45:00,729 - httpx - INFO - HTTP Request: POST https://api.telegram.org/bot7093436536:AAEvjyOBDmUYkoOkO2zxZnzplRy8Thhz0Ps/getUpdates "HTTP/1.1 200 OK"
2025-05-23 01:45:10,816 - httpx - INFO - HTTP Request: POST https://api.telegram.org/bot7093436536:AAEvjyOBDmUYkoOkO2zxZnzplRy8Thhz0Ps/getUpdates "HTTP/1.1 200 OK"
2025-05-23 01:45:20,901 - httpx - INFO - HTTP Request: POST https://api.telegram.org/bot7093436536:AAEvjyOBDmUYkoOkO2zxZnzplRy8Thhz0Ps/getUpdates "HTTP/1.1 200 OK"
2025-05-23 01:45:30,987 - httpx - INFO - HTTP Request: POST https://api.telegram.org/bot7093436536:AAEvjyOBDmUYkoOkO2zxZnzplRy8Thhz0Ps/getUpdates "HTTP/1.1 200 OK"
2025-05-23 01:45:41,072 - httpx - INFO - HTTP Request: POST https://api.telegram.org/bot7093436536:AAEvjyOBDmUYkoOkO2zxZnzplRy8Thhz0Ps/getUpdates "HTTP/1.1 200 OK"
2025-05-23 01:45:51,157 - httpx - INFO - HTTP Request: POST https://api.telegram.org/bot7093436536:AAEvjyOBDmUYkoOkO2zxZnzplRy8Thhz0Ps/getUpdates "HTTP/1.1 200 OK"
2025-05-23 01:46:01,244 - httpx - INFO - HTTP Request: POST https://api.telegram.org/bot7093436536:AAEvjyOBDmUYkoOkO2zxZnzplRy8Thhz0Ps/getUpdates "HTTP/1.1 200 OK"
2025-05-23 01:46:11,331 - httpx - INFO - HTTP Request: POST https://api.telegram.org/bot7093436536:AAEvjyOBDmUYkoOkO2zxZnzplRy8Thhz0Ps/getUpdates "HTTP/1.1 200 OK"
2025-05-23 01:46:21,422 - httpx - INFO - HTTP Request: POST https://api.telegram.org/bot7093436536:AAEvjyOBDmUYkoOkO2zxZnzplRy8Thhz0Ps/getUpdates "HTTP/1.1 200 OK"
2025-05-23 01:46:31,507 - httpx - INFO - HTTP Request: POST https://api.telegram.org/bot7093436536:AAEvjyOBDmUYkoOkO2zxZnzplRy8Thhz0Ps/getUpdates "HTTP/1.1 200 OK"
2025-05-23 01:46:41,598 - httpx - INFO - HTTP Request: POST https://api.telegram.org/bot7093436536:AAEvjyOBDmUYkoOkO2zxZnzplRy8Thhz0Ps/getUpdates "HTTP/1.1 200 OK"
2025-05-23 01:46:51,686 - httpx - INFO - HTTP Request: POST https://api.telegram.org/bot7093436536:AAEvjyOBDmUYkoOkO2zxZnzplRy8Thhz0Ps/getUpdates "HTTP/1.1 200 OK"
2025-05-23 01:47:01,772 - httpx - INFO - HTTP Request: POST https://api.telegram.org/bot7093436536:AAEvjyOBDmUYkoOkO2zxZnzplRy8Thhz0Ps/getUpdates "HTTP/1.1 200 OK"
2025-05-23 01:47:11,857 - httpx - INFO - HTTP Request: POST https://api.telegram.org/bot7093436536:AAEvjyOBDmUYkoOkO2zxZnzplRy8Thhz0Ps/getUpdates "HTTP/1.1 200 OK"
2025-05-23 01:47:21,945 - httpx - INFO - HTTP Request: POST https://api.telegram.org/bot7093436536:AAEvjyOBDmUYkoOkO2zxZnzplRy8Thhz0Ps/getUpdates "HTTP/1.1 200 OK"
2025-05-23 01:47:26,479 - httpx - INFO - HTTP Request: POST https://api.telegram.org/bot7093436536:AAEvjyOBDmUYkoOkO2zxZnzplRy8Thhz0Ps/getUpdates "HTTP/1.1 200 OK"
2025-05-23 01:47:26,480 - telegram.ext.Application - INFO - Application is stopping. This might take a moment.
2025-05-23 01:47:26,480 - apscheduler.scheduler - INFO - Scheduler has been shut down
2025-05-23 01:47:26,490 - telegram.ext.Application - INFO - Application.stop() complete
2025-05-23 01:53:05,627 - httpx - INFO - HTTP Request: POST https://api.telegram.org/bot7093436536:AAEvjyOBDmUYkoOkO2zxZnzplRy8Thhz0Ps/getMe "HTTP/1.1 200 OK"
2025-05-23 01:53:05,715 - httpx - INFO - HTTP Request: POST https://api.telegram.org/bot7093436536:AAEvjyOBDmUYkoOkO2zxZnzplRy8Thhz0Ps/deleteWebhook "HTTP/1.1 200 OK"
2025-05-23 01:53:05,717 - apscheduler.scheduler - INFO - Scheduler started
2025-05-23 01:53:05,718 - telegram.ext.Application - INFO - Application started
2025-05-23 01:53:15,977 - httpx - INFO - HTTP Request: POST https://api.telegram.org/bot7093436536:AAEvjyOBDmUYkoOkO2zxZnzplRy8Thhz0Ps/getUpdates "HTTP/1.1 200 OK"
2025-05-23 01:53:25,784 - httpx - INFO - HTTP Request: POST https://api.telegram.org/bot7093436536:AAEvjyOBDmUYkoOkO2zxZnzplRy8Thhz0Ps/getUpdates "HTTP/1.1 200 OK"
2025-05-23 01:53:25,791 - telegram.ext.Application - ERROR - No error handlers are registered, logging exception.
Traceback (most recent call last):
  File "/home/ubuntu/gigi-p2p-telegram-bot/venv/lib/python3.12/site-packages/telegram/ext/_application.py", line 1234, in process_update
    await coroutine
  File "/home/ubuntu/gigi-p2p-telegram-bot/venv/lib/python3.12/site-packages/telegram/ext/_basehandler.py", line 157, in handle_update
    return await self.callback(update, context)
           ^^^^^^^^^^^^^^^^^^^^^^^^^^^^^^^^^^^^
  File "/home/ubuntu/gigi-p2p-telegram-bot/bot.py", line 149, in start
    init_user(user_id, db_session)
  File "/home/ubuntu/gigi-p2p-telegram-bot/bot.py", line 107, in init_user
    user = db_session.query(User).filter_by(telegram_id=telegram_id).first()
           ^^^^^^^^^^^^^^^^^^^^^^^^^^^^^^^^^^^^^^^^^^^^^^^^^^^^^^^^^^^^^^^^^
  File "/home/ubuntu/gigi-p2p-telegram-bot/venv/lib/python3.12/site-packages/sqlalchemy/orm/query.py", line 2759, in first
    return self.limit(1)._iter().first()  # type: ignore
           ^^^^^^^^^^^^^^^^^^^^^
  File "/home/ubuntu/gigi-p2p-telegram-bot/venv/lib/python3.12/site-packages/sqlalchemy/orm/query.py", line 2858, in _iter
    result: Union[ScalarResult[_T], Result[_T]] = self.session.execute(
                                                  ^^^^^^^^^^^^^^^^^^^^^
  File "/home/ubuntu/gigi-p2p-telegram-bot/venv/lib/python3.12/site-packages/sqlalchemy/orm/session.py", line 2365, in execute
    return self._execute_internal(
           ^^^^^^^^^^^^^^^^^^^^^^^
  File "/home/ubuntu/gigi-p2p-telegram-bot/venv/lib/python3.12/site-packages/sqlalchemy/orm/session.py", line 2239, in _execute_internal
    bind = self.get_bind(**bind_arguments)
           ^^^^^^^^^^^^^^^^^^^^^^^^^^^^^^^
  File "/home/ubuntu/gigi-p2p-telegram-bot/venv/lib/python3.12/site-packages/sqlalchemy/orm/session.py", line 2845, in get_bind
    raise sa_exc.UnboundExecutionError(
sqlalchemy.exc.UnboundExecutionError: Could not locate a bind configured on mapper Mapper[User(users)], SQL expression or this Session.
2025-05-23 01:53:35,879 - httpx - INFO - HTTP Request: POST https://api.telegram.org/bot7093436536:AAEvjyOBDmUYkoOkO2zxZnzplRy8Thhz0Ps/getUpdates "HTTP/1.1 200 OK"
2025-05-23 01:53:45,966 - httpx - INFO - HTTP Request: POST https://api.telegram.org/bot7093436536:AAEvjyOBDmUYkoOkO2zxZnzplRy8Thhz0Ps/getUpdates "HTTP/1.1 200 OK"
2025-05-23 01:53:56,053 - httpx - INFO - HTTP Request: POST https://api.telegram.org/bot7093436536:AAEvjyOBDmUYkoOkO2zxZnzplRy8Thhz0Ps/getUpdates "HTTP/1.1 200 OK"
2025-05-23 01:54:06,140 - httpx - INFO - HTTP Request: POST https://api.telegram.org/bot7093436536:AAEvjyOBDmUYkoOkO2zxZnzplRy8Thhz0Ps/getUpdates "HTTP/1.1 200 OK"
2025-05-23 01:54:16,229 - httpx - INFO - HTTP Request: POST https://api.telegram.org/bot7093436536:AAEvjyOBDmUYkoOkO2zxZnzplRy8Thhz0Ps/getUpdates "HTTP/1.1 200 OK"
2025-05-23 01:54:20,217 - httpx - INFO - HTTP Request: POST https://api.telegram.org/bot7093436536:AAEvjyOBDmUYkoOkO2zxZnzplRy8Thhz0Ps/getUpdates "HTTP/1.1 200 OK"
2025-05-23 01:54:20,218 - telegram.ext.Application - INFO - Application is stopping. This might take a moment.
2025-05-23 01:54:20,218 - apscheduler.scheduler - INFO - Scheduler has been shut down
2025-05-23 01:54:20,228 - telegram.ext.Application - INFO - Application.stop() complete
2025-05-23 01:57:34,644 - httpx - INFO - HTTP Request: POST https://api.telegram.org/bot7093436536:AAEvjyOBDmUYkoOkO2zxZnzplRy8Thhz0Ps/getMe "HTTP/1.1 200 OK"
2025-05-23 01:57:34,730 - httpx - INFO - HTTP Request: POST https://api.telegram.org/bot7093436536:AAEvjyOBDmUYkoOkO2zxZnzplRy8Thhz0Ps/deleteWebhook "HTTP/1.1 200 OK"
2025-05-23 01:57:34,735 - apscheduler.scheduler - INFO - Scheduler started
2025-05-23 01:57:34,736 - telegram.ext.Application - INFO - Application started
2025-05-23 01:57:44,997 - httpx - INFO - HTTP Request: POST https://api.telegram.org/bot7093436536:AAEvjyOBDmUYkoOkO2zxZnzplRy8Thhz0Ps/getUpdates "HTTP/1.1 200 OK"
2025-05-23 01:57:45,181 - httpx - INFO - HTTP Request: POST https://api.telegram.org/bot7093436536:AAEvjyOBDmUYkoOkO2zxZnzplRy8Thhz0Ps/getUpdates "HTTP/1.1 200 OK"
2025-05-23 01:57:45,197 - telegram.ext.Application - ERROR - No error handlers are registered, logging exception.
Traceback (most recent call last):
  File "/home/ubuntu/gigi-p2p-telegram-bot/venv/lib/python3.12/site-packages/telegram/ext/_application.py", line 1234, in process_update
    await coroutine
  File "/home/ubuntu/gigi-p2p-telegram-bot/venv/lib/python3.12/site-packages/telegram/ext/_basehandler.py", line 157, in handle_update
    return await self.callback(update, context)
           ^^^^^^^^^^^^^^^^^^^^^^^^^^^^^^^^^^^^
  File "/home/ubuntu/gigi-p2p-telegram-bot/bot.py", line 152, in start
    init_user(user_id, db_session)
  File "/home/ubuntu/gigi-p2p-telegram-bot/bot.py", line 110, in init_user
    user = db_session.query(User).filter_by(telegram_id=telegram_id).first()
           ^^^^^^^^^^^^^^^^^^^^^^^^^^^^^^^^^^^^^^^^^^^^^^^^^^^^^^^^^^^^^^^^^
  File "/home/ubuntu/gigi-p2p-telegram-bot/venv/lib/python3.12/site-packages/sqlalchemy/orm/query.py", line 2759, in first
    return self.limit(1)._iter().first()  # type: ignore
           ^^^^^^^^^^^^^^^^^^^^^
  File "/home/ubuntu/gigi-p2p-telegram-bot/venv/lib/python3.12/site-packages/sqlalchemy/orm/query.py", line 2858, in _iter
    result: Union[ScalarResult[_T], Result[_T]] = self.session.execute(
                                                  ^^^^^^^^^^^^^^^^^^^^^
  File "/home/ubuntu/gigi-p2p-telegram-bot/venv/lib/python3.12/site-packages/sqlalchemy/orm/session.py", line 2365, in execute
    return self._execute_internal(
           ^^^^^^^^^^^^^^^^^^^^^^^
  File "/home/ubuntu/gigi-p2p-telegram-bot/venv/lib/python3.12/site-packages/sqlalchemy/orm/session.py", line 2239, in _execute_internal
    bind = self.get_bind(**bind_arguments)
           ^^^^^^^^^^^^^^^^^^^^^^^^^^^^^^^
  File "/home/ubuntu/gigi-p2p-telegram-bot/venv/lib/python3.12/site-packages/sqlalchemy/orm/session.py", line 2845, in get_bind
    raise sa_exc.UnboundExecutionError(
sqlalchemy.exc.UnboundExecutionError: Could not locate a bind configured on mapper Mapper[User(users)], SQL expression or this Session.
2025-05-23 01:57:48,862 - httpx - INFO - HTTP Request: POST https://api.telegram.org/bot7093436536:AAEvjyOBDmUYkoOkO2zxZnzplRy8Thhz0Ps/getUpdates "HTTP/1.1 200 OK"
2025-05-23 01:57:49,116 - httpx - INFO - HTTP Request: POST https://api.telegram.org/bot7093436536:AAEvjyOBDmUYkoOkO2zxZnzplRy8Thhz0Ps/sendMessage "HTTP/1.1 400 Bad Request"
2025-05-23 01:57:49,117 - telegram.ext.Application - ERROR - No error handlers are registered, logging exception.
Traceback (most recent call last):
  File "/home/ubuntu/gigi-p2p-telegram-bot/venv/lib/python3.12/site-packages/telegram/ext/_application.py", line 1234, in process_update
    await coroutine
  File "/home/ubuntu/gigi-p2p-telegram-bot/venv/lib/python3.12/site-packages/telegram/ext/_basehandler.py", line 157, in handle_update
    return await self.callback(update, context)
           ^^^^^^^^^^^^^^^^^^^^^^^^^^^^^^^^^^^^
  File "/home/ubuntu/gigi-p2p-telegram-bot/bot.py", line 194, in help
    await update.message.reply_text(
  File "/home/ubuntu/gigi-p2p-telegram-bot/venv/lib/python3.12/site-packages/telegram/_message.py", line 1094, in reply_text
    return await self.get_bot().send_message(
           ^^^^^^^^^^^^^^^^^^^^^^^^^^^^^^^^^^
  File "/home/ubuntu/gigi-p2p-telegram-bot/venv/lib/python3.12/site-packages/telegram/ext/_extbot.py", line 2624, in send_message
    return await super().send_message(
           ^^^^^^^^^^^^^^^^^^^^^^^^^^^
  File "/home/ubuntu/gigi-p2p-telegram-bot/venv/lib/python3.12/site-packages/telegram/_bot.py", line 525, in decorator
    result = await func(self, *args, **kwargs)  # skipcq: PYL-E1102
             ^^^^^^^^^^^^^^^^^^^^^^^^^^^^^^^^^
  File "/home/ubuntu/gigi-p2p-telegram-bot/venv/lib/python3.12/site-packages/telegram/_bot.py", line 846, in send_message
    return await self._send_message(
           ^^^^^^^^^^^^^^^^^^^^^^^^^
  File "/home/ubuntu/gigi-p2p-telegram-bot/venv/lib/python3.12/site-packages/telegram/ext/_extbot.py", line 522, in _send_message
    result = await super()._send_message(
             ^^^^^^^^^^^^^^^^^^^^^^^^^^^^
  File "/home/ubuntu/gigi-p2p-telegram-bot/venv/lib/python3.12/site-packages/telegram/_bot.py", line 703, in _send_message
    result = await self._post(
             ^^^^^^^^^^^^^^^^^
  File "/home/ubuntu/gigi-p2p-telegram-bot/venv/lib/python3.12/site-packages/telegram/_bot.py", line 613, in _post
    return await self._do_post(
           ^^^^^^^^^^^^^^^^^^^^
  File "/home/ubuntu/gigi-p2p-telegram-bot/venv/lib/python3.12/site-packages/telegram/ext/_extbot.py", line 340, in _do_post
    return await super()._do_post(
           ^^^^^^^^^^^^^^^^^^^^^^^
  File "/home/ubuntu/gigi-p2p-telegram-bot/venv/lib/python3.12/site-packages/telegram/_bot.py", line 641, in _do_post
    return await request.post(
           ^^^^^^^^^^^^^^^^^^^
  File "/home/ubuntu/gigi-p2p-telegram-bot/venv/lib/python3.12/site-packages/telegram/request/_baserequest.py", line 200, in post
    result = await self._request_wrapper(
             ^^^^^^^^^^^^^^^^^^^^^^^^^^^^
  File "/home/ubuntu/gigi-p2p-telegram-bot/venv/lib/python3.12/site-packages/telegram/request/_baserequest.py", line 379, in _request_wrapper
    raise BadRequest(message)
telegram.error.BadRequest: Can't parse entities: character '!' is reserved and must be escaped with the preceding '\'
2025-05-23 01:57:58,955 - httpx - INFO - HTTP Request: POST https://api.telegram.org/bot7093436536:AAEvjyOBDmUYkoOkO2zxZnzplRy8Thhz0Ps/getUpdates "HTTP/1.1 200 OK"
2025-05-23 01:58:09,045 - httpx - INFO - HTTP Request: POST https://api.telegram.org/bot7093436536:AAEvjyOBDmUYkoOkO2zxZnzplRy8Thhz0Ps/getUpdates "HTTP/1.1 200 OK"
2025-05-23 01:58:19,156 - httpx - INFO - HTTP Request: POST https://api.telegram.org/bot7093436536:AAEvjyOBDmUYkoOkO2zxZnzplRy8Thhz0Ps/getUpdates "HTTP/1.1 200 OK"
2025-05-23 01:58:29,243 - httpx - INFO - HTTP Request: POST https://api.telegram.org/bot7093436536:AAEvjyOBDmUYkoOkO2zxZnzplRy8Thhz0Ps/getUpdates "HTTP/1.1 200 OK"
2025-05-23 01:58:39,330 - httpx - INFO - HTTP Request: POST https://api.telegram.org/bot7093436536:AAEvjyOBDmUYkoOkO2zxZnzplRy8Thhz0Ps/getUpdates "HTTP/1.1 200 OK"
2025-05-23 01:58:49,419 - httpx - INFO - HTTP Request: POST https://api.telegram.org/bot7093436536:AAEvjyOBDmUYkoOkO2zxZnzplRy8Thhz0Ps/getUpdates "HTTP/1.1 200 OK"
2025-05-23 01:58:59,517 - httpx - INFO - HTTP Request: POST https://api.telegram.org/bot7093436536:AAEvjyOBDmUYkoOkO2zxZnzplRy8Thhz0Ps/getUpdates "HTTP/1.1 200 OK"
2025-05-23 01:59:09,604 - httpx - INFO - HTTP Request: POST https://api.telegram.org/bot7093436536:AAEvjyOBDmUYkoOkO2zxZnzplRy8Thhz0Ps/getUpdates "HTTP/1.1 200 OK"
2025-05-23 01:59:19,693 - httpx - INFO - HTTP Request: POST https://api.telegram.org/bot7093436536:AAEvjyOBDmUYkoOkO2zxZnzplRy8Thhz0Ps/getUpdates "HTTP/1.1 200 OK"
2025-05-23 01:59:29,781 - httpx - INFO - HTTP Request: POST https://api.telegram.org/bot7093436536:AAEvjyOBDmUYkoOkO2zxZnzplRy8Thhz0Ps/getUpdates "HTTP/1.1 200 OK"
2025-05-23 01:59:39,876 - httpx - INFO - HTTP Request: POST https://api.telegram.org/bot7093436536:AAEvjyOBDmUYkoOkO2zxZnzplRy8Thhz0Ps/getUpdates "HTTP/1.1 200 OK"
2025-05-23 01:59:49,963 - httpx - INFO - HTTP Request: POST https://api.telegram.org/bot7093436536:AAEvjyOBDmUYkoOkO2zxZnzplRy8Thhz0Ps/getUpdates "HTTP/1.1 200 OK"
2025-05-23 02:00:00,052 - httpx - INFO - HTTP Request: POST https://api.telegram.org/bot7093436536:AAEvjyOBDmUYkoOkO2zxZnzplRy8Thhz0Ps/getUpdates "HTTP/1.1 200 OK"
2025-05-23 02:00:10,139 - httpx - INFO - HTTP Request: POST https://api.telegram.org/bot7093436536:AAEvjyOBDmUYkoOkO2zxZnzplRy8Thhz0Ps/getUpdates "HTTP/1.1 200 OK"
2025-05-23 02:00:20,232 - httpx - INFO - HTTP Request: POST https://api.telegram.org/bot7093436536:AAEvjyOBDmUYkoOkO2zxZnzplRy8Thhz0Ps/getUpdates "HTTP/1.1 200 OK"
2025-05-23 02:00:30,319 - httpx - INFO - HTTP Request: POST https://api.telegram.org/bot7093436536:AAEvjyOBDmUYkoOkO2zxZnzplRy8Thhz0Ps/getUpdates "HTTP/1.1 200 OK"
2025-05-23 02:00:40,406 - httpx - INFO - HTTP Request: POST https://api.telegram.org/bot7093436536:AAEvjyOBDmUYkoOkO2zxZnzplRy8Thhz0Ps/getUpdates "HTTP/1.1 200 OK"
2025-05-23 02:00:46,058 - httpx - INFO - HTTP Request: POST https://api.telegram.org/bot7093436536:AAEvjyOBDmUYkoOkO2zxZnzplRy8Thhz0Ps/getUpdates "HTTP/1.1 200 OK"
2025-05-23 02:00:46,058 - telegram.ext.Application - INFO - Application is stopping. This might take a moment.
2025-05-23 02:00:46,059 - apscheduler.scheduler - INFO - Scheduler has been shut down
2025-05-23 02:00:46,069 - telegram.ext.Application - INFO - Application.stop() complete
2025-05-23 02:01:21,203 - httpx - INFO - HTTP Request: POST https://api.telegram.org/bot7093436536:AAEvjyOBDmUYkoOkO2zxZnzplRy8Thhz0Ps/getMe "HTTP/1.1 200 OK"
2025-05-23 02:01:21,291 - httpx - INFO - HTTP Request: POST https://api.telegram.org/bot7093436536:AAEvjyOBDmUYkoOkO2zxZnzplRy8Thhz0Ps/deleteWebhook "HTTP/1.1 200 OK"
2025-05-23 02:01:21,293 - apscheduler.scheduler - INFO - Scheduler started
2025-05-23 02:01:21,294 - telegram.ext.Application - INFO - Application started
2025-05-23 02:01:31,548 - httpx - INFO - HTTP Request: POST https://api.telegram.org/bot7093436536:AAEvjyOBDmUYkoOkO2zxZnzplRy8Thhz0Ps/getUpdates "HTTP/1.1 200 OK"
2025-05-23 02:01:41,635 - httpx - INFO - HTTP Request: POST https://api.telegram.org/bot7093436536:AAEvjyOBDmUYkoOkO2zxZnzplRy8Thhz0Ps/getUpdates "HTTP/1.1 200 OK"
2025-05-23 02:01:41,849 - httpx - INFO - HTTP Request: POST https://api.telegram.org/bot7093436536:AAEvjyOBDmUYkoOkO2zxZnzplRy8Thhz0Ps/getUpdates "HTTP/1.1 200 OK"
2025-05-23 02:01:41,863 - telegram.ext.Application - ERROR - No error handlers are registered, logging exception.
Traceback (most recent call last):
  File "/home/ubuntu/gigi-p2p-telegram-bot/venv/lib/python3.12/site-packages/telegram/ext/_application.py", line 1234, in process_update
    await coroutine
  File "/home/ubuntu/gigi-p2p-telegram-bot/venv/lib/python3.12/site-packages/telegram/ext/_basehandler.py", line 157, in handle_update
    return await self.callback(update, context)
           ^^^^^^^^^^^^^^^^^^^^^^^^^^^^^^^^^^^^
  File "/home/ubuntu/gigi-p2p-telegram-bot/bot.py", line 149, in start
    init_user(user_id, db_session)
  File "/home/ubuntu/gigi-p2p-telegram-bot/bot.py", line 107, in init_user
    user = db_session.query(User).filter_by(telegram_id=telegram_id).first()
           ^^^^^^^^^^^^^^^^^^^^^^^^^^^^^^^^^^^^^^^^^^^^^^^^^^^^^^^^^^^^^^^^^
  File "/home/ubuntu/gigi-p2p-telegram-bot/venv/lib/python3.12/site-packages/sqlalchemy/orm/query.py", line 2759, in first
    return self.limit(1)._iter().first()  # type: ignore
           ^^^^^^^^^^^^^^^^^^^^^
  File "/home/ubuntu/gigi-p2p-telegram-bot/venv/lib/python3.12/site-packages/sqlalchemy/orm/query.py", line 2858, in _iter
    result: Union[ScalarResult[_T], Result[_T]] = self.session.execute(
                                                  ^^^^^^^^^^^^^^^^^^^^^
  File "/home/ubuntu/gigi-p2p-telegram-bot/venv/lib/python3.12/site-packages/sqlalchemy/orm/session.py", line 2365, in execute
    return self._execute_internal(
           ^^^^^^^^^^^^^^^^^^^^^^^
  File "/home/ubuntu/gigi-p2p-telegram-bot/venv/lib/python3.12/site-packages/sqlalchemy/orm/session.py", line 2239, in _execute_internal
    bind = self.get_bind(**bind_arguments)
           ^^^^^^^^^^^^^^^^^^^^^^^^^^^^^^^
  File "/home/ubuntu/gigi-p2p-telegram-bot/venv/lib/python3.12/site-packages/sqlalchemy/orm/session.py", line 2845, in get_bind
    raise sa_exc.UnboundExecutionError(
sqlalchemy.exc.UnboundExecutionError: Could not locate a bind configured on mapper Mapper[User(users)], SQL expression or this Session.
2025-05-23 02:01:46,177 - httpx - INFO - HTTP Request: POST https://api.telegram.org/bot7093436536:AAEvjyOBDmUYkoOkO2zxZnzplRy8Thhz0Ps/getUpdates "HTTP/1.1 200 OK"
2025-05-23 02:01:46,180 - telegram.ext.Application - ERROR - No error handlers are registered, logging exception.
Traceback (most recent call last):
  File "/home/ubuntu/gigi-p2p-telegram-bot/venv/lib/python3.12/site-packages/telegram/ext/_application.py", line 1234, in process_update
    await coroutine
  File "/home/ubuntu/gigi-p2p-telegram-bot/venv/lib/python3.12/site-packages/telegram/ext/_basehandler.py", line 157, in handle_update
    return await self.callback(update, context)
           ^^^^^^^^^^^^^^^^^^^^^^^^^^^^^^^^^^^^
  File "/home/ubuntu/gigi-p2p-telegram-bot/bot.py", line 495, in handle_message
    user = init_user(user_id, db_session)
           ^^^^^^^^^^^^^^^^^^^^^^^^^^^^^^
  File "/home/ubuntu/gigi-p2p-telegram-bot/bot.py", line 107, in init_user
    user = db_session.query(User).filter_by(telegram_id=telegram_id).first()
           ^^^^^^^^^^^^^^^^^^^^^^^^^^^^^^^^^^^^^^^^^^^^^^^^^^^^^^^^^^^^^^^^^
  File "/home/ubuntu/gigi-p2p-telegram-bot/venv/lib/python3.12/site-packages/sqlalchemy/orm/query.py", line 2759, in first
    return self.limit(1)._iter().first()  # type: ignore
           ^^^^^^^^^^^^^^^^^^^^^
  File "/home/ubuntu/gigi-p2p-telegram-bot/venv/lib/python3.12/site-packages/sqlalchemy/orm/query.py", line 2858, in _iter
    result: Union[ScalarResult[_T], Result[_T]] = self.session.execute(
                                                  ^^^^^^^^^^^^^^^^^^^^^
  File "/home/ubuntu/gigi-p2p-telegram-bot/venv/lib/python3.12/site-packages/sqlalchemy/orm/session.py", line 2365, in execute
    return self._execute_internal(
           ^^^^^^^^^^^^^^^^^^^^^^^
  File "/home/ubuntu/gigi-p2p-telegram-bot/venv/lib/python3.12/site-packages/sqlalchemy/orm/session.py", line 2239, in _execute_internal
    bind = self.get_bind(**bind_arguments)
           ^^^^^^^^^^^^^^^^^^^^^^^^^^^^^^^
  File "/home/ubuntu/gigi-p2p-telegram-bot/venv/lib/python3.12/site-packages/sqlalchemy/orm/session.py", line 2845, in get_bind
    raise sa_exc.UnboundExecutionError(
sqlalchemy.exc.UnboundExecutionError: Could not locate a bind configured on mapper Mapper[User(users)], SQL expression or this Session.
2025-05-23 02:01:55,601 - httpx - INFO - HTTP Request: POST https://api.telegram.org/bot7093436536:AAEvjyOBDmUYkoOkO2zxZnzplRy8Thhz0Ps/getUpdates "HTTP/1.1 200 OK"
2025-05-23 02:01:55,606 - telegram.ext.Application - ERROR - No error handlers are registered, logging exception.
Traceback (most recent call last):
  File "/home/ubuntu/gigi-p2p-telegram-bot/venv/lib/python3.12/site-packages/telegram/ext/_application.py", line 1234, in process_update
    await coroutine
  File "/home/ubuntu/gigi-p2p-telegram-bot/venv/lib/python3.12/site-packages/telegram/ext/_basehandler.py", line 157, in handle_update
    return await self.callback(update, context)
           ^^^^^^^^^^^^^^^^^^^^^^^^^^^^^^^^^^^^
  File "/home/ubuntu/gigi-p2p-telegram-bot/bot.py", line 495, in handle_message
    user = init_user(user_id, db_session)
           ^^^^^^^^^^^^^^^^^^^^^^^^^^^^^^
  File "/home/ubuntu/gigi-p2p-telegram-bot/bot.py", line 107, in init_user
    user = db_session.query(User).filter_by(telegram_id=telegram_id).first()
           ^^^^^^^^^^^^^^^^^^^^^^^^^^^^^^^^^^^^^^^^^^^^^^^^^^^^^^^^^^^^^^^^^
  File "/home/ubuntu/gigi-p2p-telegram-bot/venv/lib/python3.12/site-packages/sqlalchemy/orm/query.py", line 2759, in first
    return self.limit(1)._iter().first()  # type: ignore
           ^^^^^^^^^^^^^^^^^^^^^
  File "/home/ubuntu/gigi-p2p-telegram-bot/venv/lib/python3.12/site-packages/sqlalchemy/orm/query.py", line 2858, in _iter
    result: Union[ScalarResult[_T], Result[_T]] = self.session.execute(
                                                  ^^^^^^^^^^^^^^^^^^^^^
  File "/home/ubuntu/gigi-p2p-telegram-bot/venv/lib/python3.12/site-packages/sqlalchemy/orm/session.py", line 2365, in execute
    return self._execute_internal(
           ^^^^^^^^^^^^^^^^^^^^^^^
  File "/home/ubuntu/gigi-p2p-telegram-bot/venv/lib/python3.12/site-packages/sqlalchemy/orm/session.py", line 2239, in _execute_internal
    bind = self.get_bind(**bind_arguments)
           ^^^^^^^^^^^^^^^^^^^^^^^^^^^^^^^
  File "/home/ubuntu/gigi-p2p-telegram-bot/venv/lib/python3.12/site-packages/sqlalchemy/orm/session.py", line 2845, in get_bind
    raise sa_exc.UnboundExecutionError(
sqlalchemy.exc.UnboundExecutionError: Could not locate a bind configured on mapper Mapper[User(users)], SQL expression or this Session.
2025-05-23 02:02:05,692 - httpx - INFO - HTTP Request: POST https://api.telegram.org/bot7093436536:AAEvjyOBDmUYkoOkO2zxZnzplRy8Thhz0Ps/getUpdates "HTTP/1.1 200 OK"
2025-05-23 02:02:15,780 - httpx - INFO - HTTP Request: POST https://api.telegram.org/bot7093436536:AAEvjyOBDmUYkoOkO2zxZnzplRy8Thhz0Ps/getUpdates "HTTP/1.1 200 OK"
2025-05-23 02:02:25,868 - httpx - INFO - HTTP Request: POST https://api.telegram.org/bot7093436536:AAEvjyOBDmUYkoOkO2zxZnzplRy8Thhz0Ps/getUpdates "HTTP/1.1 200 OK"
2025-05-23 02:02:35,953 - httpx - INFO - HTTP Request: POST https://api.telegram.org/bot7093436536:AAEvjyOBDmUYkoOkO2zxZnzplRy8Thhz0Ps/getUpdates "HTTP/1.1 200 OK"
2025-05-23 02:02:46,039 - httpx - INFO - HTTP Request: POST https://api.telegram.org/bot7093436536:AAEvjyOBDmUYkoOkO2zxZnzplRy8Thhz0Ps/getUpdates "HTTP/1.1 200 OK"
2025-05-23 02:02:56,127 - httpx - INFO - HTTP Request: POST https://api.telegram.org/bot7093436536:AAEvjyOBDmUYkoOkO2zxZnzplRy8Thhz0Ps/getUpdates "HTTP/1.1 200 OK"
2025-05-23 02:03:06,212 - httpx - INFO - HTTP Request: POST https://api.telegram.org/bot7093436536:AAEvjyOBDmUYkoOkO2zxZnzplRy8Thhz0Ps/getUpdates "HTTP/1.1 200 OK"
2025-05-23 02:03:16,298 - httpx - INFO - HTTP Request: POST https://api.telegram.org/bot7093436536:AAEvjyOBDmUYkoOkO2zxZnzplRy8Thhz0Ps/getUpdates "HTTP/1.1 200 OK"
2025-05-23 02:03:26,384 - httpx - INFO - HTTP Request: POST https://api.telegram.org/bot7093436536:AAEvjyOBDmUYkoOkO2zxZnzplRy8Thhz0Ps/getUpdates "HTTP/1.1 200 OK"
2025-05-23 02:03:36,470 - httpx - INFO - HTTP Request: POST https://api.telegram.org/bot7093436536:AAEvjyOBDmUYkoOkO2zxZnzplRy8Thhz0Ps/getUpdates "HTTP/1.1 200 OK"
2025-05-23 02:03:46,555 - httpx - INFO - HTTP Request: POST https://api.telegram.org/bot7093436536:AAEvjyOBDmUYkoOkO2zxZnzplRy8Thhz0Ps/getUpdates "HTTP/1.1 200 OK"
2025-05-23 02:03:56,643 - httpx - INFO - HTTP Request: POST https://api.telegram.org/bot7093436536:AAEvjyOBDmUYkoOkO2zxZnzplRy8Thhz0Ps/getUpdates "HTTP/1.1 200 OK"
2025-05-23 02:04:06,728 - httpx - INFO - HTTP Request: POST https://api.telegram.org/bot7093436536:AAEvjyOBDmUYkoOkO2zxZnzplRy8Thhz0Ps/getUpdates "HTTP/1.1 200 OK"
2025-05-23 02:04:16,813 - httpx - INFO - HTTP Request: POST https://api.telegram.org/bot7093436536:AAEvjyOBDmUYkoOkO2zxZnzplRy8Thhz0Ps/getUpdates "HTTP/1.1 200 OK"
2025-05-23 02:04:26,899 - httpx - INFO - HTTP Request: POST https://api.telegram.org/bot7093436536:AAEvjyOBDmUYkoOkO2zxZnzplRy8Thhz0Ps/getUpdates "HTTP/1.1 200 OK"
2025-05-23 02:04:36,987 - httpx - INFO - HTTP Request: POST https://api.telegram.org/bot7093436536:AAEvjyOBDmUYkoOkO2zxZnzplRy8Thhz0Ps/getUpdates "HTTP/1.1 200 OK"
2025-05-23 02:04:47,073 - httpx - INFO - HTTP Request: POST https://api.telegram.org/bot7093436536:AAEvjyOBDmUYkoOkO2zxZnzplRy8Thhz0Ps/getUpdates "HTTP/1.1 200 OK"
2025-05-23 02:04:57,157 - httpx - INFO - HTTP Request: POST https://api.telegram.org/bot7093436536:AAEvjyOBDmUYkoOkO2zxZnzplRy8Thhz0Ps/getUpdates "HTTP/1.1 200 OK"
2025-05-23 02:05:07,242 - httpx - INFO - HTTP Request: POST https://api.telegram.org/bot7093436536:AAEvjyOBDmUYkoOkO2zxZnzplRy8Thhz0Ps/getUpdates "HTTP/1.1 200 OK"
2025-05-23 02:05:17,327 - httpx - INFO - HTTP Request: POST https://api.telegram.org/bot7093436536:AAEvjyOBDmUYkoOkO2zxZnzplRy8Thhz0Ps/getUpdates "HTTP/1.1 200 OK"
2025-05-23 02:05:27,412 - httpx - INFO - HTTP Request: POST https://api.telegram.org/bot7093436536:AAEvjyOBDmUYkoOkO2zxZnzplRy8Thhz0Ps/getUpdates "HTTP/1.1 200 OK"
2025-05-23 02:05:37,496 - httpx - INFO - HTTP Request: POST https://api.telegram.org/bot7093436536:AAEvjyOBDmUYkoOkO2zxZnzplRy8Thhz0Ps/getUpdates "HTTP/1.1 200 OK"
2025-05-23 02:05:47,616 - httpx - INFO - HTTP Request: POST https://api.telegram.org/bot7093436536:AAEvjyOBDmUYkoOkO2zxZnzplRy8Thhz0Ps/getUpdates "HTTP/1.1 200 OK"
2025-05-23 02:05:57,701 - httpx - INFO - HTTP Request: POST https://api.telegram.org/bot7093436536:AAEvjyOBDmUYkoOkO2zxZnzplRy8Thhz0Ps/getUpdates "HTTP/1.1 200 OK"
2025-05-23 02:06:07,787 - httpx - INFO - HTTP Request: POST https://api.telegram.org/bot7093436536:AAEvjyOBDmUYkoOkO2zxZnzplRy8Thhz0Ps/getUpdates "HTTP/1.1 200 OK"
2025-05-23 02:06:17,876 - httpx - INFO - HTTP Request: POST https://api.telegram.org/bot7093436536:AAEvjyOBDmUYkoOkO2zxZnzplRy8Thhz0Ps/getUpdates "HTTP/1.1 200 OK"
2025-05-23 02:06:27,962 - httpx - INFO - HTTP Request: POST https://api.telegram.org/bot7093436536:AAEvjyOBDmUYkoOkO2zxZnzplRy8Thhz0Ps/getUpdates "HTTP/1.1 200 OK"
2025-05-23 02:06:38,046 - httpx - INFO - HTTP Request: POST https://api.telegram.org/bot7093436536:AAEvjyOBDmUYkoOkO2zxZnzplRy8Thhz0Ps/getUpdates "HTTP/1.1 200 OK"
2025-05-23 02:06:48,130 - httpx - INFO - HTTP Request: POST https://api.telegram.org/bot7093436536:AAEvjyOBDmUYkoOkO2zxZnzplRy8Thhz0Ps/getUpdates "HTTP/1.1 200 OK"
2025-05-23 02:06:58,217 - httpx - INFO - HTTP Request: POST https://api.telegram.org/bot7093436536:AAEvjyOBDmUYkoOkO2zxZnzplRy8Thhz0Ps/getUpdates "HTTP/1.1 200 OK"
2025-05-23 02:07:08,313 - httpx - INFO - HTTP Request: POST https://api.telegram.org/bot7093436536:AAEvjyOBDmUYkoOkO2zxZnzplRy8Thhz0Ps/getUpdates "HTTP/1.1 200 OK"
2025-05-23 02:07:18,398 - httpx - INFO - HTTP Request: POST https://api.telegram.org/bot7093436536:AAEvjyOBDmUYkoOkO2zxZnzplRy8Thhz0Ps/getUpdates "HTTP/1.1 200 OK"
2025-05-23 02:07:28,485 - httpx - INFO - HTTP Request: POST https://api.telegram.org/bot7093436536:AAEvjyOBDmUYkoOkO2zxZnzplRy8Thhz0Ps/getUpdates "HTTP/1.1 200 OK"
2025-05-23 02:07:38,574 - httpx - INFO - HTTP Request: POST https://api.telegram.org/bot7093436536:AAEvjyOBDmUYkoOkO2zxZnzplRy8Thhz0Ps/getUpdates "HTTP/1.1 200 OK"
2025-05-23 02:07:48,660 - httpx - INFO - HTTP Request: POST https://api.telegram.org/bot7093436536:AAEvjyOBDmUYkoOkO2zxZnzplRy8Thhz0Ps/getUpdates "HTTP/1.1 200 OK"
2025-05-23 02:07:58,747 - httpx - INFO - HTTP Request: POST https://api.telegram.org/bot7093436536:AAEvjyOBDmUYkoOkO2zxZnzplRy8Thhz0Ps/getUpdates "HTTP/1.1 200 OK"
2025-05-23 02:08:08,836 - httpx - INFO - HTTP Request: POST https://api.telegram.org/bot7093436536:AAEvjyOBDmUYkoOkO2zxZnzplRy8Thhz0Ps/getUpdates "HTTP/1.1 200 OK"
2025-05-23 02:08:18,922 - httpx - INFO - HTTP Request: POST https://api.telegram.org/bot7093436536:AAEvjyOBDmUYkoOkO2zxZnzplRy8Thhz0Ps/getUpdates "HTTP/1.1 200 OK"
2025-05-23 02:08:29,007 - httpx - INFO - HTTP Request: POST https://api.telegram.org/bot7093436536:AAEvjyOBDmUYkoOkO2zxZnzplRy8Thhz0Ps/getUpdates "HTTP/1.1 200 OK"
2025-05-23 02:08:39,091 - httpx - INFO - HTTP Request: POST https://api.telegram.org/bot7093436536:AAEvjyOBDmUYkoOkO2zxZnzplRy8Thhz0Ps/getUpdates "HTTP/1.1 200 OK"
2025-05-23 02:08:49,175 - httpx - INFO - HTTP Request: POST https://api.telegram.org/bot7093436536:AAEvjyOBDmUYkoOkO2zxZnzplRy8Thhz0Ps/getUpdates "HTTP/1.1 200 OK"
2025-05-23 02:08:59,261 - httpx - INFO - HTTP Request: POST https://api.telegram.org/bot7093436536:AAEvjyOBDmUYkoOkO2zxZnzplRy8Thhz0Ps/getUpdates "HTTP/1.1 200 OK"
2025-05-23 02:09:09,350 - httpx - INFO - HTTP Request: POST https://api.telegram.org/bot7093436536:AAEvjyOBDmUYkoOkO2zxZnzplRy8Thhz0Ps/getUpdates "HTTP/1.1 200 OK"
2025-05-23 02:09:19,434 - httpx - INFO - HTTP Request: POST https://api.telegram.org/bot7093436536:AAEvjyOBDmUYkoOkO2zxZnzplRy8Thhz0Ps/getUpdates "HTTP/1.1 200 OK"
2025-05-23 02:09:29,519 - httpx - INFO - HTTP Request: POST https://api.telegram.org/bot7093436536:AAEvjyOBDmUYkoOkO2zxZnzplRy8Thhz0Ps/getUpdates "HTTP/1.1 200 OK"
2025-05-23 02:09:39,608 - httpx - INFO - HTTP Request: POST https://api.telegram.org/bot7093436536:AAEvjyOBDmUYkoOkO2zxZnzplRy8Thhz0Ps/getUpdates "HTTP/1.1 200 OK"
2025-05-23 02:09:49,715 - httpx - INFO - HTTP Request: POST https://api.telegram.org/bot7093436536:AAEvjyOBDmUYkoOkO2zxZnzplRy8Thhz0Ps/getUpdates "HTTP/1.1 200 OK"
2025-05-23 02:09:59,945 - httpx - INFO - HTTP Request: POST https://api.telegram.org/bot7093436536:AAEvjyOBDmUYkoOkO2zxZnzplRy8Thhz0Ps/getUpdates "HTTP/1.1 200 OK"
2025-05-23 02:09:59,945 - telegram.ext.Application - INFO - Application is stopping. This might take a moment.
2025-05-23 02:09:59,946 - apscheduler.scheduler - INFO - Scheduler has been shut down
2025-05-23 02:09:59,956 - telegram.ext.Application - INFO - Application.stop() complete
2025-05-23 02:10:56,066 - httpx - INFO - HTTP Request: POST https://api.telegram.org/bot7093436536:AAEvjyOBDmUYkoOkO2zxZnzplRy8Thhz0Ps/getMe "HTTP/1.1 200 OK"
2025-05-23 02:10:56,150 - httpx - INFO - HTTP Request: POST https://api.telegram.org/bot7093436536:AAEvjyOBDmUYkoOkO2zxZnzplRy8Thhz0Ps/deleteWebhook "HTTP/1.1 200 OK"
2025-05-23 02:10:56,151 - apscheduler.scheduler - INFO - Scheduler started
2025-05-23 02:10:56,152 - telegram.ext.Application - INFO - Application started
2025-05-23 02:11:06,418 - httpx - INFO - HTTP Request: POST https://api.telegram.org/bot7093436536:AAEvjyOBDmUYkoOkO2zxZnzplRy8Thhz0Ps/getUpdates "HTTP/1.1 200 OK"
2025-05-23 02:11:16,509 - httpx - INFO - HTTP Request: POST https://api.telegram.org/bot7093436536:AAEvjyOBDmUYkoOkO2zxZnzplRy8Thhz0Ps/getUpdates "HTTP/1.1 200 OK"
2025-05-23 02:11:26,604 - httpx - INFO - HTTP Request: POST https://api.telegram.org/bot7093436536:AAEvjyOBDmUYkoOkO2zxZnzplRy8Thhz0Ps/getUpdates "HTTP/1.1 200 OK"
2025-05-23 02:11:36,694 - httpx - INFO - HTTP Request: POST https://api.telegram.org/bot7093436536:AAEvjyOBDmUYkoOkO2zxZnzplRy8Thhz0Ps/getUpdates "HTTP/1.1 200 OK"
2025-05-23 02:11:46,782 - httpx - INFO - HTTP Request: POST https://api.telegram.org/bot7093436536:AAEvjyOBDmUYkoOkO2zxZnzplRy8Thhz0Ps/getUpdates "HTTP/1.1 200 OK"
2025-05-23 02:11:56,869 - httpx - INFO - HTTP Request: POST https://api.telegram.org/bot7093436536:AAEvjyOBDmUYkoOkO2zxZnzplRy8Thhz0Ps/getUpdates "HTTP/1.1 200 OK"
2025-05-23 02:12:06,956 - httpx - INFO - HTTP Request: POST https://api.telegram.org/bot7093436536:AAEvjyOBDmUYkoOkO2zxZnzplRy8Thhz0Ps/getUpdates "HTTP/1.1 200 OK"
2025-05-23 02:12:17,046 - httpx - INFO - HTTP Request: POST https://api.telegram.org/bot7093436536:AAEvjyOBDmUYkoOkO2zxZnzplRy8Thhz0Ps/getUpdates "HTTP/1.1 200 OK"
2025-05-23 02:12:27,133 - httpx - INFO - HTTP Request: POST https://api.telegram.org/bot7093436536:AAEvjyOBDmUYkoOkO2zxZnzplRy8Thhz0Ps/getUpdates "HTTP/1.1 200 OK"
2025-05-23 02:12:37,228 - httpx - INFO - HTTP Request: POST https://api.telegram.org/bot7093436536:AAEvjyOBDmUYkoOkO2zxZnzplRy8Thhz0Ps/getUpdates "HTTP/1.1 200 OK"
2025-05-23 02:12:47,319 - httpx - INFO - HTTP Request: POST https://api.telegram.org/bot7093436536:AAEvjyOBDmUYkoOkO2zxZnzplRy8Thhz0Ps/getUpdates "HTTP/1.1 200 OK"
2025-05-23 02:12:57,406 - httpx - INFO - HTTP Request: POST https://api.telegram.org/bot7093436536:AAEvjyOBDmUYkoOkO2zxZnzplRy8Thhz0Ps/getUpdates "HTTP/1.1 200 OK"
2025-05-23 02:13:07,493 - httpx - INFO - HTTP Request: POST https://api.telegram.org/bot7093436536:AAEvjyOBDmUYkoOkO2zxZnzplRy8Thhz0Ps/getUpdates "HTTP/1.1 200 OK"
2025-05-23 02:13:17,582 - httpx - INFO - HTTP Request: POST https://api.telegram.org/bot7093436536:AAEvjyOBDmUYkoOkO2zxZnzplRy8Thhz0Ps/getUpdates "HTTP/1.1 200 OK"
2025-05-23 02:13:23,511 - httpx - INFO - HTTP Request: POST https://api.telegram.org/bot7093436536:AAEvjyOBDmUYkoOkO2zxZnzplRy8Thhz0Ps/getUpdates "HTTP/1.1 200 OK"
2025-05-23 02:13:23,518 - telegram.ext.Application - ERROR - No error handlers are registered, logging exception.
Traceback (most recent call last):
  File "/home/ubuntu/gigi-p2p-telegram-bot/venv/lib/python3.12/site-packages/telegram/ext/_application.py", line 1234, in process_update
    await coroutine
  File "/home/ubuntu/gigi-p2p-telegram-bot/venv/lib/python3.12/site-packages/telegram/ext/_basehandler.py", line 157, in handle_update
    return await self.callback(update, context)
           ^^^^^^^^^^^^^^^^^^^^^^^^^^^^^^^^^^^^
  File "/home/ubuntu/gigi-p2p-telegram-bot/bot.py", line 175, in start
    init_user(user_id, db_session)
  File "/home/ubuntu/gigi-p2p-telegram-bot/bot.py", line 132, in init_user
    fiat = asyncio.run(detect_fiat_currency())
           ^^^^^^^
NameError: name 'asyncio' is not defined. Did you forget to import 'asyncio'
2025-05-23 02:13:29,112 - httpx - INFO - HTTP Request: POST https://api.telegram.org/bot7093436536:AAEvjyOBDmUYkoOkO2zxZnzplRy8Thhz0Ps/getUpdates "HTTP/1.1 200 OK"
2025-05-23 02:13:29,408 - httpx - INFO - HTTP Request: POST https://api.telegram.org/bot7093436536:AAEvjyOBDmUYkoOkO2zxZnzplRy8Thhz0Ps/sendMessage "HTTP/1.1 200 OK"
2025-05-23 02:13:36,608 - httpx - INFO - HTTP Request: POST https://api.telegram.org/bot7093436536:AAEvjyOBDmUYkoOkO2zxZnzplRy8Thhz0Ps/getUpdates "HTTP/1.1 200 OK"
2025-05-23 02:13:42,936 - httpx - INFO - HTTP Request: POST https://api.telegram.org/bot7093436536:AAEvjyOBDmUYkoOkO2zxZnzplRy8Thhz0Ps/getUpdates "HTTP/1.1 200 OK"
2025-05-23 02:13:43,261 - httpx - INFO - HTTP Request: POST https://api.telegram.org/bot7093436536:AAEvjyOBDmUYkoOkO2zxZnzplRy8Thhz0Ps/sendMessage "HTTP/1.1 200 OK"
2025-05-23 02:13:53,026 - httpx - INFO - HTTP Request: POST https://api.telegram.org/bot7093436536:AAEvjyOBDmUYkoOkO2zxZnzplRy8Thhz0Ps/getUpdates "HTTP/1.1 200 OK"
2025-05-23 02:14:03,117 - httpx - INFO - HTTP Request: POST https://api.telegram.org/bot7093436536:AAEvjyOBDmUYkoOkO2zxZnzplRy8Thhz0Ps/getUpdates "HTTP/1.1 200 OK"
2025-05-23 02:14:13,209 - httpx - INFO - HTTP Request: POST https://api.telegram.org/bot7093436536:AAEvjyOBDmUYkoOkO2zxZnzplRy8Thhz0Ps/getUpdates "HTTP/1.1 200 OK"
2025-05-23 02:14:23,297 - httpx - INFO - HTTP Request: POST https://api.telegram.org/bot7093436536:AAEvjyOBDmUYkoOkO2zxZnzplRy8Thhz0Ps/getUpdates "HTTP/1.1 200 OK"
2025-05-23 02:14:33,386 - httpx - INFO - HTTP Request: POST https://api.telegram.org/bot7093436536:AAEvjyOBDmUYkoOkO2zxZnzplRy8Thhz0Ps/getUpdates "HTTP/1.1 200 OK"
2025-05-23 02:14:43,474 - httpx - INFO - HTTP Request: POST https://api.telegram.org/bot7093436536:AAEvjyOBDmUYkoOkO2zxZnzplRy8Thhz0Ps/getUpdates "HTTP/1.1 200 OK"
2025-05-23 02:14:53,561 - httpx - INFO - HTTP Request: POST https://api.telegram.org/bot7093436536:AAEvjyOBDmUYkoOkO2zxZnzplRy8Thhz0Ps/getUpdates "HTTP/1.1 200 OK"
2025-05-23 02:15:01,639 - httpx - INFO - HTTP Request: POST https://api.telegram.org/bot7093436536:AAEvjyOBDmUYkoOkO2zxZnzplRy8Thhz0Ps/getUpdates "HTTP/1.1 200 OK"
2025-05-23 02:15:01,995 - httpx - INFO - HTTP Request: POST https://api.telegram.org/bot7093436536:AAEvjyOBDmUYkoOkO2zxZnzplRy8Thhz0Ps/sendMessage "HTTP/1.1 200 OK"
2025-05-23 02:15:11,742 - httpx - INFO - HTTP Request: POST https://api.telegram.org/bot7093436536:AAEvjyOBDmUYkoOkO2zxZnzplRy8Thhz0Ps/getUpdates "HTTP/1.1 200 OK"
2025-05-23 02:15:13,880 - httpx - INFO - HTTP Request: POST https://api.telegram.org/bot7093436536:AAEvjyOBDmUYkoOkO2zxZnzplRy8Thhz0Ps/getUpdates "HTTP/1.1 200 OK"
2025-05-23 02:15:14,162 - httpx - INFO - HTTP Request: POST https://api.telegram.org/bot7093436536:AAEvjyOBDmUYkoOkO2zxZnzplRy8Thhz0Ps/sendMessage "HTTP/1.1 200 OK"
2025-05-23 02:15:23,970 - httpx - INFO - HTTP Request: POST https://api.telegram.org/bot7093436536:AAEvjyOBDmUYkoOkO2zxZnzplRy8Thhz0Ps/getUpdates "HTTP/1.1 200 OK"
2025-05-23 02:15:25,079 - httpx - INFO - HTTP Request: POST https://api.telegram.org/bot7093436536:AAEvjyOBDmUYkoOkO2zxZnzplRy8Thhz0Ps/getUpdates "HTTP/1.1 200 OK"
2025-05-23 02:15:25,082 - telegram.ext.Application - ERROR - No error handlers are registered, logging exception.
Traceback (most recent call last):
  File "/home/ubuntu/gigi-p2p-telegram-bot/venv/lib/python3.12/site-packages/telegram/ext/_application.py", line 1234, in process_update
    await coroutine
  File "/home/ubuntu/gigi-p2p-telegram-bot/venv/lib/python3.12/site-packages/telegram/ext/_basehandler.py", line 157, in handle_update
    return await self.callback(update, context)
           ^^^^^^^^^^^^^^^^^^^^^^^^^^^^^^^^^^^^
  File "/home/ubuntu/gigi-p2p-telegram-bot/bot.py", line 385, in settings
    [InlineKeyboardButton(f"🇳🇬 Fiat: {user.fiat_currency}", callback_data=f"set_fiat_{user.fiat_currency}")],
                                      ^^^^^^^^^^^^^^^^^^
AttributeError: 'NoneType' object has no attribute 'fiat_currency'
2025-05-23 02:15:35,176 - httpx - INFO - HTTP Request: POST https://api.telegram.org/bot7093436536:AAEvjyOBDmUYkoOkO2zxZnzplRy8Thhz0Ps/getUpdates "HTTP/1.1 200 OK"
2025-05-23 02:15:39,631 - httpx - INFO - HTTP Request: POST https://api.telegram.org/bot7093436536:AAEvjyOBDmUYkoOkO2zxZnzplRy8Thhz0Ps/getUpdates "HTTP/1.1 200 OK"
2025-05-23 02:15:39,633 - telegram.ext.Application - ERROR - No error handlers are registered, logging exception.
Traceback (most recent call last):
  File "/home/ubuntu/gigi-p2p-telegram-bot/venv/lib/python3.12/site-packages/telegram/ext/_application.py", line 1234, in process_update
    await coroutine
  File "/home/ubuntu/gigi-p2p-telegram-bot/venv/lib/python3.12/site-packages/telegram/ext/_basehandler.py", line 157, in handle_update
    return await self.callback(update, context)
           ^^^^^^^^^^^^^^^^^^^^^^^^^^^^^^^^^^^^
  File "/home/ubuntu/gigi-p2p-telegram-bot/bot.py", line 429, in resync
    user.ton_wallet = None
    ^^^^^^^^^^^^^^^
AttributeError: 'NoneType' object has no attribute 'ton_wallet'
2025-05-23 02:15:49,732 - httpx - INFO - HTTP Request: POST https://api.telegram.org/bot7093436536:AAEvjyOBDmUYkoOkO2zxZnzplRy8Thhz0Ps/getUpdates "HTTP/1.1 200 OK"
2025-05-23 02:15:56,675 - httpx - INFO - HTTP Request: POST https://api.telegram.org/bot7093436536:AAEvjyOBDmUYkoOkO2zxZnzplRy8Thhz0Ps/getUpdates "HTTP/1.1 200 OK"
2025-05-23 02:15:56,938 - httpx - INFO - HTTP Request: POST https://api.telegram.org/bot7093436536:AAEvjyOBDmUYkoOkO2zxZnzplRy8Thhz0Ps/sendMessage "HTTP/1.1 200 OK"
2025-05-23 02:16:06,764 - httpx - INFO - HTTP Request: POST https://api.telegram.org/bot7093436536:AAEvjyOBDmUYkoOkO2zxZnzplRy8Thhz0Ps/getUpdates "HTTP/1.1 200 OK"
2025-05-23 02:16:16,854 - httpx - INFO - HTTP Request: POST https://api.telegram.org/bot7093436536:AAEvjyOBDmUYkoOkO2zxZnzplRy8Thhz0Ps/getUpdates "HTTP/1.1 200 OK"
2025-05-23 02:16:26,946 - httpx - INFO - HTTP Request: POST https://api.telegram.org/bot7093436536:AAEvjyOBDmUYkoOkO2zxZnzplRy8Thhz0Ps/getUpdates "HTTP/1.1 200 OK"
2025-05-23 02:16:37,035 - httpx - INFO - HTTP Request: POST https://api.telegram.org/bot7093436536:AAEvjyOBDmUYkoOkO2zxZnzplRy8Thhz0Ps/getUpdates "HTTP/1.1 200 OK"
2025-05-23 02:16:47,125 - httpx - INFO - HTTP Request: POST https://api.telegram.org/bot7093436536:AAEvjyOBDmUYkoOkO2zxZnzplRy8Thhz0Ps/getUpdates "HTTP/1.1 200 OK"
2025-05-23 02:16:57,212 - httpx - INFO - HTTP Request: POST https://api.telegram.org/bot7093436536:AAEvjyOBDmUYkoOkO2zxZnzplRy8Thhz0Ps/getUpdates "HTTP/1.1 200 OK"
2025-05-23 02:17:07,300 - httpx - INFO - HTTP Request: POST https://api.telegram.org/bot7093436536:AAEvjyOBDmUYkoOkO2zxZnzplRy8Thhz0Ps/getUpdates "HTTP/1.1 200 OK"
2025-05-23 02:17:17,388 - httpx - INFO - HTTP Request: POST https://api.telegram.org/bot7093436536:AAEvjyOBDmUYkoOkO2zxZnzplRy8Thhz0Ps/getUpdates "HTTP/1.1 200 OK"
2025-05-23 02:17:27,481 - httpx - INFO - HTTP Request: POST https://api.telegram.org/bot7093436536:AAEvjyOBDmUYkoOkO2zxZnzplRy8Thhz0Ps/getUpdates "HTTP/1.1 200 OK"
2025-05-23 02:17:37,575 - httpx - INFO - HTTP Request: POST https://api.telegram.org/bot7093436536:AAEvjyOBDmUYkoOkO2zxZnzplRy8Thhz0Ps/getUpdates "HTTP/1.1 200 OK"
2025-05-23 02:17:47,671 - httpx - INFO - HTTP Request: POST https://api.telegram.org/bot7093436536:AAEvjyOBDmUYkoOkO2zxZnzplRy8Thhz0Ps/getUpdates "HTTP/1.1 200 OK"
2025-05-23 02:17:57,761 - httpx - INFO - HTTP Request: POST https://api.telegram.org/bot7093436536:AAEvjyOBDmUYkoOkO2zxZnzplRy8Thhz0Ps/getUpdates "HTTP/1.1 200 OK"
2025-05-23 02:18:07,849 - httpx - INFO - HTTP Request: POST https://api.telegram.org/bot7093436536:AAEvjyOBDmUYkoOkO2zxZnzplRy8Thhz0Ps/getUpdates "HTTP/1.1 200 OK"
2025-05-23 02:18:17,944 - httpx - INFO - HTTP Request: POST https://api.telegram.org/bot7093436536:AAEvjyOBDmUYkoOkO2zxZnzplRy8Thhz0Ps/getUpdates "HTTP/1.1 200 OK"
2025-05-23 02:18:28,036 - httpx - INFO - HTTP Request: POST https://api.telegram.org/bot7093436536:AAEvjyOBDmUYkoOkO2zxZnzplRy8Thhz0Ps/getUpdates "HTTP/1.1 200 OK"
2025-05-23 02:18:38,127 - httpx - INFO - HTTP Request: POST https://api.telegram.org/bot7093436536:AAEvjyOBDmUYkoOkO2zxZnzplRy8Thhz0Ps/getUpdates "HTTP/1.1 200 OK"
2025-05-23 02:18:48,217 - httpx - INFO - HTTP Request: POST https://api.telegram.org/bot7093436536:AAEvjyOBDmUYkoOkO2zxZnzplRy8Thhz0Ps/getUpdates "HTTP/1.1 200 OK"
2025-05-23 02:18:58,305 - httpx - INFO - HTTP Request: POST https://api.telegram.org/bot7093436536:AAEvjyOBDmUYkoOkO2zxZnzplRy8Thhz0Ps/getUpdates "HTTP/1.1 200 OK"
2025-05-23 02:19:08,392 - httpx - INFO - HTTP Request: POST https://api.telegram.org/bot7093436536:AAEvjyOBDmUYkoOkO2zxZnzplRy8Thhz0Ps/getUpdates "HTTP/1.1 200 OK"
2025-05-23 02:19:18,479 - httpx - INFO - HTTP Request: POST https://api.telegram.org/bot7093436536:AAEvjyOBDmUYkoOkO2zxZnzplRy8Thhz0Ps/getUpdates "HTTP/1.1 200 OK"
2025-05-23 02:19:28,569 - httpx - INFO - HTTP Request: POST https://api.telegram.org/bot7093436536:AAEvjyOBDmUYkoOkO2zxZnzplRy8Thhz0Ps/getUpdates "HTTP/1.1 200 OK"
2025-05-23 02:19:38,657 - httpx - INFO - HTTP Request: POST https://api.telegram.org/bot7093436536:AAEvjyOBDmUYkoOkO2zxZnzplRy8Thhz0Ps/getUpdates "HTTP/1.1 200 OK"
2025-05-23 02:19:48,750 - httpx - INFO - HTTP Request: POST https://api.telegram.org/bot7093436536:AAEvjyOBDmUYkoOkO2zxZnzplRy8Thhz0Ps/getUpdates "HTTP/1.1 200 OK"
2025-05-23 02:19:58,837 - httpx - INFO - HTTP Request: POST https://api.telegram.org/bot7093436536:AAEvjyOBDmUYkoOkO2zxZnzplRy8Thhz0Ps/getUpdates "HTTP/1.1 200 OK"
2025-05-23 02:20:08,924 - httpx - INFO - HTTP Request: POST https://api.telegram.org/bot7093436536:AAEvjyOBDmUYkoOkO2zxZnzplRy8Thhz0Ps/getUpdates "HTTP/1.1 200 OK"
2025-05-23 02:20:19,021 - httpx - INFO - HTTP Request: POST https://api.telegram.org/bot7093436536:AAEvjyOBDmUYkoOkO2zxZnzplRy8Thhz0Ps/getUpdates "HTTP/1.1 200 OK"
2025-05-23 02:20:29,110 - httpx - INFO - HTTP Request: POST https://api.telegram.org/bot7093436536:AAEvjyOBDmUYkoOkO2zxZnzplRy8Thhz0Ps/getUpdates "HTTP/1.1 200 OK"
2025-05-23 02:20:39,198 - httpx - INFO - HTTP Request: POST https://api.telegram.org/bot7093436536:AAEvjyOBDmUYkoOkO2zxZnzplRy8Thhz0Ps/getUpdates "HTTP/1.1 200 OK"
2025-05-23 02:20:49,285 - httpx - INFO - HTTP Request: POST https://api.telegram.org/bot7093436536:AAEvjyOBDmUYkoOkO2zxZnzplRy8Thhz0Ps/getUpdates "HTTP/1.1 200 OK"
2025-05-23 02:20:59,375 - httpx - INFO - HTTP Request: POST https://api.telegram.org/bot7093436536:AAEvjyOBDmUYkoOkO2zxZnzplRy8Thhz0Ps/getUpdates "HTTP/1.1 200 OK"
2025-05-23 02:21:09,463 - httpx - INFO - HTTP Request: POST https://api.telegram.org/bot7093436536:AAEvjyOBDmUYkoOkO2zxZnzplRy8Thhz0Ps/getUpdates "HTTP/1.1 200 OK"
2025-05-23 02:21:19,556 - httpx - INFO - HTTP Request: POST https://api.telegram.org/bot7093436536:AAEvjyOBDmUYkoOkO2zxZnzplRy8Thhz0Ps/getUpdates "HTTP/1.1 200 OK"
2025-05-23 02:21:29,645 - httpx - INFO - HTTP Request: POST https://api.telegram.org/bot7093436536:AAEvjyOBDmUYkoOkO2zxZnzplRy8Thhz0Ps/getUpdates "HTTP/1.1 200 OK"
2025-05-23 02:21:39,760 - httpx - INFO - HTTP Request: POST https://api.telegram.org/bot7093436536:AAEvjyOBDmUYkoOkO2zxZnzplRy8Thhz0Ps/getUpdates "HTTP/1.1 200 OK"
2025-05-23 02:21:49,848 - httpx - INFO - HTTP Request: POST https://api.telegram.org/bot7093436536:AAEvjyOBDmUYkoOkO2zxZnzplRy8Thhz0Ps/getUpdates "HTTP/1.1 200 OK"
2025-05-23 02:21:59,938 - httpx - INFO - HTTP Request: POST https://api.telegram.org/bot7093436536:AAEvjyOBDmUYkoOkO2zxZnzplRy8Thhz0Ps/getUpdates "HTTP/1.1 200 OK"
2025-05-23 02:22:10,026 - httpx - INFO - HTTP Request: POST https://api.telegram.org/bot7093436536:AAEvjyOBDmUYkoOkO2zxZnzplRy8Thhz0Ps/getUpdates "HTTP/1.1 200 OK"
2025-05-23 02:22:20,115 - httpx - INFO - HTTP Request: POST https://api.telegram.org/bot7093436536:AAEvjyOBDmUYkoOkO2zxZnzplRy8Thhz0Ps/getUpdates "HTTP/1.1 200 OK"
2025-05-23 02:22:30,206 - httpx - INFO - HTTP Request: POST https://api.telegram.org/bot7093436536:AAEvjyOBDmUYkoOkO2zxZnzplRy8Thhz0Ps/getUpdates "HTTP/1.1 200 OK"
2025-05-23 02:22:40,298 - httpx - INFO - HTTP Request: POST https://api.telegram.org/bot7093436536:AAEvjyOBDmUYkoOkO2zxZnzplRy8Thhz0Ps/getUpdates "HTTP/1.1 200 OK"
2025-05-23 02:22:50,392 - httpx - INFO - HTTP Request: POST https://api.telegram.org/bot7093436536:AAEvjyOBDmUYkoOkO2zxZnzplRy8Thhz0Ps/getUpdates "HTTP/1.1 200 OK"
2025-05-23 02:23:00,480 - httpx - INFO - HTTP Request: POST https://api.telegram.org/bot7093436536:AAEvjyOBDmUYkoOkO2zxZnzplRy8Thhz0Ps/getUpdates "HTTP/1.1 200 OK"
2025-05-23 02:23:10,571 - httpx - INFO - HTTP Request: POST https://api.telegram.org/bot7093436536:AAEvjyOBDmUYkoOkO2zxZnzplRy8Thhz0Ps/getUpdates "HTTP/1.1 200 OK"
2025-05-23 02:23:20,662 - httpx - INFO - HTTP Request: POST https://api.telegram.org/bot7093436536:AAEvjyOBDmUYkoOkO2zxZnzplRy8Thhz0Ps/getUpdates "HTTP/1.1 200 OK"
2025-05-23 02:23:30,752 - httpx - INFO - HTTP Request: POST https://api.telegram.org/bot7093436536:AAEvjyOBDmUYkoOkO2zxZnzplRy8Thhz0Ps/getUpdates "HTTP/1.1 200 OK"
2025-05-23 02:23:40,840 - httpx - INFO - HTTP Request: POST https://api.telegram.org/bot7093436536:AAEvjyOBDmUYkoOkO2zxZnzplRy8Thhz0Ps/getUpdates "HTTP/1.1 200 OK"
2025-05-23 02:23:50,932 - httpx - INFO - HTTP Request: POST https://api.telegram.org/bot7093436536:AAEvjyOBDmUYkoOkO2zxZnzplRy8Thhz0Ps/getUpdates "HTTP/1.1 200 OK"
2025-05-23 02:24:01,022 - httpx - INFO - HTTP Request: POST https://api.telegram.org/bot7093436536:AAEvjyOBDmUYkoOkO2zxZnzplRy8Thhz0Ps/getUpdates "HTTP/1.1 200 OK"
2025-05-23 02:24:11,109 - httpx - INFO - HTTP Request: POST https://api.telegram.org/bot7093436536:AAEvjyOBDmUYkoOkO2zxZnzplRy8Thhz0Ps/getUpdates "HTTP/1.1 200 OK"
2025-05-23 02:24:21,205 - httpx - INFO - HTTP Request: POST https://api.telegram.org/bot7093436536:AAEvjyOBDmUYkoOkO2zxZnzplRy8Thhz0Ps/getUpdates "HTTP/1.1 200 OK"
2025-05-23 02:24:31,291 - httpx - INFO - HTTP Request: POST https://api.telegram.org/bot7093436536:AAEvjyOBDmUYkoOkO2zxZnzplRy8Thhz0Ps/getUpdates "HTTP/1.1 200 OK"
2025-05-23 02:24:41,378 - httpx - INFO - HTTP Request: POST https://api.telegram.org/bot7093436536:AAEvjyOBDmUYkoOkO2zxZnzplRy8Thhz0Ps/getUpdates "HTTP/1.1 200 OK"
2025-05-23 02:24:51,467 - httpx - INFO - HTTP Request: POST https://api.telegram.org/bot7093436536:AAEvjyOBDmUYkoOkO2zxZnzplRy8Thhz0Ps/getUpdates "HTTP/1.1 200 OK"
2025-05-23 02:25:01,556 - httpx - INFO - HTTP Request: POST https://api.telegram.org/bot7093436536:AAEvjyOBDmUYkoOkO2zxZnzplRy8Thhz0Ps/getUpdates "HTTP/1.1 200 OK"
2025-05-23 02:25:11,653 - httpx - INFO - HTTP Request: POST https://api.telegram.org/bot7093436536:AAEvjyOBDmUYkoOkO2zxZnzplRy8Thhz0Ps/getUpdates "HTTP/1.1 200 OK"
2025-05-23 02:25:21,746 - httpx - INFO - HTTP Request: POST https://api.telegram.org/bot7093436536:AAEvjyOBDmUYkoOkO2zxZnzplRy8Thhz0Ps/getUpdates "HTTP/1.1 200 OK"
2025-05-23 02:25:27,089 - httpx - INFO - HTTP Request: POST https://api.telegram.org/bot7093436536:AAEvjyOBDmUYkoOkO2zxZnzplRy8Thhz0Ps/getUpdates "HTTP/1.1 200 OK"
2025-05-23 02:25:27,089 - telegram.ext.Application - INFO - Application is stopping. This might take a moment.
2025-05-23 02:25:27,089 - apscheduler.scheduler - INFO - Scheduler has been shut down
2025-05-23 02:25:27,100 - telegram.ext.Application - INFO - Application.stop() complete
2025-05-23 02:29:45,939 - httpx - INFO - HTTP Request: POST https://api.telegram.org/bot7093436536:AAEvjyOBDmUYkoOkO2zxZnzplRy8Thhz0Ps/getMe "HTTP/1.1 200 OK"
2025-05-23 02:29:46,027 - httpx - INFO - HTTP Request: POST https://api.telegram.org/bot7093436536:AAEvjyOBDmUYkoOkO2zxZnzplRy8Thhz0Ps/deleteWebhook "HTTP/1.1 200 OK"
2025-05-23 02:29:46,029 - apscheduler.scheduler - INFO - Scheduler started
2025-05-23 02:29:46,030 - telegram.ext.Application - INFO - Application started
2025-05-23 02:29:56,290 - httpx - INFO - HTTP Request: POST https://api.telegram.org/bot7093436536:AAEvjyOBDmUYkoOkO2zxZnzplRy8Thhz0Ps/getUpdates "HTTP/1.1 200 OK"
2025-05-23 02:30:06,385 - httpx - INFO - HTTP Request: POST https://api.telegram.org/bot7093436536:AAEvjyOBDmUYkoOkO2zxZnzplRy8Thhz0Ps/getUpdates "HTTP/1.1 200 OK"
2025-05-23 02:30:16,484 - httpx - INFO - HTTP Request: POST https://api.telegram.org/bot7093436536:AAEvjyOBDmUYkoOkO2zxZnzplRy8Thhz0Ps/getUpdates "HTTP/1.1 200 OK"
2025-05-23 02:30:26,572 - httpx - INFO - HTTP Request: POST https://api.telegram.org/bot7093436536:AAEvjyOBDmUYkoOkO2zxZnzplRy8Thhz0Ps/getUpdates "HTTP/1.1 200 OK"
2025-05-23 02:30:27,403 - httpx - INFO - HTTP Request: POST https://api.telegram.org/bot7093436536:AAEvjyOBDmUYkoOkO2zxZnzplRy8Thhz0Ps/getUpdates "HTTP/1.1 200 OK"
2025-05-23 02:30:27,523 - telegram.ext.Application - ERROR - No error handlers are registered, logging exception.
Traceback (most recent call last):
  File "/home/ubuntu/gigi-p2p-telegram-bot/venv/lib/python3.12/site-packages/telegram/ext/_application.py", line 1234, in process_update
    await coroutine
  File "/home/ubuntu/gigi-p2p-telegram-bot/venv/lib/python3.12/site-packages/telegram/ext/_basehandler.py", line 157, in handle_update
    return await self.callback(update, context)
           ^^^^^^^^^^^^^^^^^^^^^^^^^^^^^^^^^^^^
  File "/home/ubuntu/gigi-p2p-telegram-bot/bot.py", line 612, in handle_message
    user = init_user(user_id, db_session)
           ^^^^^^^^^^^^^^^^^^^^^^^^^^^^^^
  File "/home/ubuntu/gigi-p2p-telegram-bot/bot.py", line 133, in init_user
    fiat = asyncio.run(detect_fiat_currency())
           ^^^^^^^
NameError: name 'asyncio' is not defined. Did you forget to import 'asyncio'
2025-05-23 02:30:37,614 - httpx - INFO - HTTP Request: POST https://api.telegram.org/bot7093436536:AAEvjyOBDmUYkoOkO2zxZnzplRy8Thhz0Ps/getUpdates "HTTP/1.1 200 OK"
2025-05-23 02:30:39,138 - httpx - INFO - HTTP Request: POST https://api.telegram.org/bot7093436536:AAEvjyOBDmUYkoOkO2zxZnzplRy8Thhz0Ps/getUpdates "HTTP/1.1 200 OK"
2025-05-23 02:30:39,141 - telegram.ext.Application - ERROR - No error handlers are registered, logging exception.
Traceback (most recent call last):
  File "/home/ubuntu/gigi-p2p-telegram-bot/venv/lib/python3.12/site-packages/telegram/ext/_application.py", line 1234, in process_update
    await coroutine
  File "/home/ubuntu/gigi-p2p-telegram-bot/venv/lib/python3.12/site-packages/telegram/ext/_basehandler.py", line 157, in handle_update
    return await self.callback(update, context)
           ^^^^^^^^^^^^^^^^^^^^^^^^^^^^^^^^^^^^
  File "/home/ubuntu/gigi-p2p-telegram-bot/bot.py", line 448, in resync
    user.ton_wallet = None
    ^^^^^^^^^^^^^^^
AttributeError: 'NoneType' object has no attribute 'ton_wallet'
2025-05-23 02:30:49,233 - httpx - INFO - HTTP Request: POST https://api.telegram.org/bot7093436536:AAEvjyOBDmUYkoOkO2zxZnzplRy8Thhz0Ps/getUpdates "HTTP/1.1 200 OK"
2025-05-23 02:30:59,323 - httpx - INFO - HTTP Request: POST https://api.telegram.org/bot7093436536:AAEvjyOBDmUYkoOkO2zxZnzplRy8Thhz0Ps/getUpdates "HTTP/1.1 200 OK"
2025-05-23 02:31:03,220 - httpx - INFO - HTTP Request: POST https://api.telegram.org/bot7093436536:AAEvjyOBDmUYkoOkO2zxZnzplRy8Thhz0Ps/getUpdates "HTTP/1.1 200 OK"
2025-05-23 02:31:03,223 - telegram.ext.Application - ERROR - No error handlers are registered, logging exception.
Traceback (most recent call last):
  File "/home/ubuntu/gigi-p2p-telegram-bot/venv/lib/python3.12/site-packages/telegram/ext/_application.py", line 1234, in process_update
    await coroutine
  File "/home/ubuntu/gigi-p2p-telegram-bot/venv/lib/python3.12/site-packages/telegram/ext/_basehandler.py", line 157, in handle_update
    return await self.callback(update, context)
           ^^^^^^^^^^^^^^^^^^^^^^^^^^^^^^^^^^^^
  File "/home/ubuntu/gigi-p2p-telegram-bot/bot.py", line 612, in handle_message
    user = init_user(user_id, db_session)
           ^^^^^^^^^^^^^^^^^^^^^^^^^^^^^^
  File "/home/ubuntu/gigi-p2p-telegram-bot/bot.py", line 133, in init_user
    fiat = asyncio.run(detect_fiat_currency())
           ^^^^^^^
NameError: name 'asyncio' is not defined. Did you forget to import 'asyncio'
2025-05-23 02:31:13,317 - httpx - INFO - HTTP Request: POST https://api.telegram.org/bot7093436536:AAEvjyOBDmUYkoOkO2zxZnzplRy8Thhz0Ps/getUpdates "HTTP/1.1 200 OK"
2025-05-23 02:31:23,404 - httpx - INFO - HTTP Request: POST https://api.telegram.org/bot7093436536:AAEvjyOBDmUYkoOkO2zxZnzplRy8Thhz0Ps/getUpdates "HTTP/1.1 200 OK"
2025-05-23 02:31:33,492 - httpx - INFO - HTTP Request: POST https://api.telegram.org/bot7093436536:AAEvjyOBDmUYkoOkO2zxZnzplRy8Thhz0Ps/getUpdates "HTTP/1.1 200 OK"
2025-05-23 02:31:43,582 - httpx - INFO - HTTP Request: POST https://api.telegram.org/bot7093436536:AAEvjyOBDmUYkoOkO2zxZnzplRy8Thhz0Ps/getUpdates "HTTP/1.1 200 OK"
2025-05-23 02:31:53,671 - httpx - INFO - HTTP Request: POST https://api.telegram.org/bot7093436536:AAEvjyOBDmUYkoOkO2zxZnzplRy8Thhz0Ps/getUpdates "HTTP/1.1 200 OK"
2025-05-23 02:32:03,759 - httpx - INFO - HTTP Request: POST https://api.telegram.org/bot7093436536:AAEvjyOBDmUYkoOkO2zxZnzplRy8Thhz0Ps/getUpdates "HTTP/1.1 200 OK"
2025-05-23 02:32:13,848 - httpx - INFO - HTTP Request: POST https://api.telegram.org/bot7093436536:AAEvjyOBDmUYkoOkO2zxZnzplRy8Thhz0Ps/getUpdates "HTTP/1.1 200 OK"
2025-05-23 02:32:23,947 - httpx - INFO - HTTP Request: POST https://api.telegram.org/bot7093436536:AAEvjyOBDmUYkoOkO2zxZnzplRy8Thhz0Ps/getUpdates "HTTP/1.1 200 OK"
2025-05-23 02:32:34,035 - httpx - INFO - HTTP Request: POST https://api.telegram.org/bot7093436536:AAEvjyOBDmUYkoOkO2zxZnzplRy8Thhz0Ps/getUpdates "HTTP/1.1 200 OK"
2025-05-23 02:32:44,122 - httpx - INFO - HTTP Request: POST https://api.telegram.org/bot7093436536:AAEvjyOBDmUYkoOkO2zxZnzplRy8Thhz0Ps/getUpdates "HTTP/1.1 200 OK"
2025-05-23 02:32:54,212 - httpx - INFO - HTTP Request: POST https://api.telegram.org/bot7093436536:AAEvjyOBDmUYkoOkO2zxZnzplRy8Thhz0Ps/getUpdates "HTTP/1.1 200 OK"
2025-05-23 02:33:04,302 - httpx - INFO - HTTP Request: POST https://api.telegram.org/bot7093436536:AAEvjyOBDmUYkoOkO2zxZnzplRy8Thhz0Ps/getUpdates "HTTP/1.1 200 OK"
2025-05-23 02:33:14,395 - httpx - INFO - HTTP Request: POST https://api.telegram.org/bot7093436536:AAEvjyOBDmUYkoOkO2zxZnzplRy8Thhz0Ps/getUpdates "HTTP/1.1 200 OK"
2025-05-23 02:33:19,252 - httpx - INFO - HTTP Request: POST https://api.telegram.org/bot7093436536:AAEvjyOBDmUYkoOkO2zxZnzplRy8Thhz0Ps/getUpdates "HTTP/1.1 200 OK"
2025-05-23 02:33:19,253 - telegram.ext.Application - INFO - Application is stopping. This might take a moment.
2025-05-23 02:33:19,253 - apscheduler.scheduler - INFO - Scheduler has been shut down
2025-05-23 02:33:19,263 - telegram.ext.Application - INFO - Application.stop() complete
2025-05-23 02:34:57,415 - httpx - INFO - HTTP Request: POST https://api.telegram.org/bot7093436536:AAEvjyOBDmUYkoOkO2zxZnzplRy8Thhz0Ps/getMe "HTTP/1.1 200 OK"
2025-05-23 02:34:57,506 - httpx - INFO - HTTP Request: POST https://api.telegram.org/bot7093436536:AAEvjyOBDmUYkoOkO2zxZnzplRy8Thhz0Ps/deleteWebhook "HTTP/1.1 200 OK"
2025-05-23 02:34:57,507 - apscheduler.scheduler - INFO - Scheduler started
2025-05-23 02:34:57,508 - telegram.ext.Application - INFO - Application started
2025-05-23 02:35:07,769 - httpx - INFO - HTTP Request: POST https://api.telegram.org/bot7093436536:AAEvjyOBDmUYkoOkO2zxZnzplRy8Thhz0Ps/getUpdates "HTTP/1.1 200 OK"
2025-05-23 02:35:17,864 - httpx - INFO - HTTP Request: POST https://api.telegram.org/bot7093436536:AAEvjyOBDmUYkoOkO2zxZnzplRy8Thhz0Ps/getUpdates "HTTP/1.1 200 OK"
2025-05-23 02:35:21,934 - httpx - INFO - HTTP Request: POST https://api.telegram.org/bot7093436536:AAEvjyOBDmUYkoOkO2zxZnzplRy8Thhz0Ps/getUpdates "HTTP/1.1 200 OK"
2025-05-23 02:35:21,944 - telegram.ext.Application - ERROR - No error handlers are registered, logging exception.
Traceback (most recent call last):
  File "/home/ubuntu/gigi-p2p-telegram-bot/venv/lib/python3.12/site-packages/telegram/ext/_application.py", line 1234, in process_update
    await coroutine
  File "/home/ubuntu/gigi-p2p-telegram-bot/venv/lib/python3.12/site-packages/telegram/ext/_basehandler.py", line 157, in handle_update
    return await self.callback(update, context)
           ^^^^^^^^^^^^^^^^^^^^^^^^^^^^^^^^^^^^
  File "/home/ubuntu/gigi-p2p-telegram-bot/bot.py", line 448, in resync
    user.ton_wallet = None
    ^^^^^^^^^^^^^^^
AttributeError: 'NoneType' object has no attribute 'ton_wallet'
2025-05-23 02:35:32,031 - httpx - INFO - HTTP Request: POST https://api.telegram.org/bot7093436536:AAEvjyOBDmUYkoOkO2zxZnzplRy8Thhz0Ps/getUpdates "HTTP/1.1 200 OK"
2025-05-23 02:35:42,119 - httpx - INFO - HTTP Request: POST https://api.telegram.org/bot7093436536:AAEvjyOBDmUYkoOkO2zxZnzplRy8Thhz0Ps/getUpdates "HTTP/1.1 200 OK"
2025-05-23 02:35:51,000 - httpx - INFO - HTTP Request: POST https://api.telegram.org/bot7093436536:AAEvjyOBDmUYkoOkO2zxZnzplRy8Thhz0Ps/getUpdates "HTTP/1.1 200 OK"
2025-05-23 02:35:51,113 - telegram.ext.Application - ERROR - No error handlers are registered, logging exception.
Traceback (most recent call last):
  File "/home/ubuntu/gigi-p2p-telegram-bot/venv/lib/python3.12/site-packages/telegram/ext/_application.py", line 1234, in process_update
    await coroutine
  File "/home/ubuntu/gigi-p2p-telegram-bot/venv/lib/python3.12/site-packages/telegram/ext/_basehandler.py", line 157, in handle_update
    return await self.callback(update, context)
           ^^^^^^^^^^^^^^^^^^^^^^^^^^^^^^^^^^^^
  File "/home/ubuntu/gigi-p2p-telegram-bot/bot.py", line 612, in handle_message
    user = init_user(user_id, db_session)
           ^^^^^^^^^^^^^^^^^^^^^^^^^^^^^^
  File "/home/ubuntu/gigi-p2p-telegram-bot/bot.py", line 133, in init_user
    fiat = asyncio.run(detect_fiat_currency())
           ^^^^^^^
NameError: name 'asyncio' is not defined. Did you forget to import 'asyncio'
2025-05-23 02:36:01,205 - httpx - INFO - HTTP Request: POST https://api.telegram.org/bot7093436536:AAEvjyOBDmUYkoOkO2zxZnzplRy8Thhz0Ps/getUpdates "HTTP/1.1 200 OK"
2025-05-23 02:36:02,135 - httpx - INFO - HTTP Request: POST https://api.telegram.org/bot7093436536:AAEvjyOBDmUYkoOkO2zxZnzplRy8Thhz0Ps/getUpdates "HTTP/1.1 200 OK"
2025-05-23 02:36:02,138 - telegram.ext.Application - ERROR - No error handlers are registered, logging exception.
Traceback (most recent call last):
  File "/home/ubuntu/gigi-p2p-telegram-bot/venv/lib/python3.12/site-packages/telegram/ext/_application.py", line 1234, in process_update
    await coroutine
  File "/home/ubuntu/gigi-p2p-telegram-bot/venv/lib/python3.12/site-packages/telegram/ext/_basehandler.py", line 157, in handle_update
    return await self.callback(update, context)
           ^^^^^^^^^^^^^^^^^^^^^^^^^^^^^^^^^^^^
  File "/home/ubuntu/gigi-p2p-telegram-bot/bot.py", line 310, in balance
    if not user.ton_wallet:
           ^^^^^^^^^^^^^^^
AttributeError: 'NoneType' object has no attribute 'ton_wallet'
2025-05-23 02:36:04,906 - httpx - INFO - HTTP Request: POST https://api.telegram.org/bot7093436536:AAEvjyOBDmUYkoOkO2zxZnzplRy8Thhz0Ps/getUpdates "HTTP/1.1 200 OK"
2025-05-23 02:36:04,909 - telegram.ext.Application - ERROR - No error handlers are registered, logging exception.
Traceback (most recent call last):
  File "/home/ubuntu/gigi-p2p-telegram-bot/venv/lib/python3.12/site-packages/telegram/ext/_application.py", line 1234, in process_update
    await coroutine
  File "/home/ubuntu/gigi-p2p-telegram-bot/venv/lib/python3.12/site-packages/telegram/ext/_basehandler.py", line 157, in handle_update
    return await self.callback(update, context)
           ^^^^^^^^^^^^^^^^^^^^^^^^^^^^^^^^^^^^
  File "/home/ubuntu/gigi-p2p-telegram-bot/bot.py", line 310, in balance
    if not user.ton_wallet:
           ^^^^^^^^^^^^^^^
AttributeError: 'NoneType' object has no attribute 'ton_wallet'
2025-05-23 02:36:07,170 - httpx - INFO - HTTP Request: POST https://api.telegram.org/bot7093436536:AAEvjyOBDmUYkoOkO2zxZnzplRy8Thhz0Ps/getUpdates "HTTP/1.1 200 OK"
2025-05-23 02:36:07,218 - utils - ERROR - Failed to fetch crypto rates: 403, message='Attempt to decode JSON with unexpected mimetype: text/html', url='https://api.bybit.com/v5/market/tickers?category=spot&symbol=BTCUSDT'
2025-05-23 02:36:07,229 - utils - ERROR - Failed to fetch crypto rates: 403, message='Attempt to decode JSON with unexpected mimetype: text/html', url='https://api.bybit.com/v5/market/tickers?category=spot&symbol=ETHUSDT'
2025-05-23 02:36:07,237 - utils - ERROR - Failed to fetch crypto rates: 403, message='Attempt to decode JSON with unexpected mimetype: text/html', url='https://api.bybit.com/v5/market/tickers?category=spot&symbol=USDTUSDT'
2025-05-23 02:36:07,517 - httpx - INFO - HTTP Request: POST https://api.telegram.org/bot7093436536:AAEvjyOBDmUYkoOkO2zxZnzplRy8Thhz0Ps/sendMessage "HTTP/1.1 200 OK"
2025-05-23 02:36:17,260 - httpx - INFO - HTTP Request: POST https://api.telegram.org/bot7093436536:AAEvjyOBDmUYkoOkO2zxZnzplRy8Thhz0Ps/getUpdates "HTTP/1.1 200 OK"
2025-05-23 02:36:20,283 - httpx - INFO - HTTP Request: POST https://api.telegram.org/bot7093436536:AAEvjyOBDmUYkoOkO2zxZnzplRy8Thhz0Ps/getUpdates "HTTP/1.1 200 OK"
2025-05-23 02:36:20,553 - httpx - INFO - HTTP Request: POST https://api.telegram.org/bot7093436536:AAEvjyOBDmUYkoOkO2zxZnzplRy8Thhz0Ps/sendMessage "HTTP/1.1 200 OK"
2025-05-23 02:36:30,372 - httpx - INFO - HTTP Request: POST https://api.telegram.org/bot7093436536:AAEvjyOBDmUYkoOkO2zxZnzplRy8Thhz0Ps/getUpdates "HTTP/1.1 200 OK"
2025-05-23 02:36:30,746 - httpx - INFO - HTTP Request: POST https://api.telegram.org/bot7093436536:AAEvjyOBDmUYkoOkO2zxZnzplRy8Thhz0Ps/getUpdates "HTTP/1.1 200 OK"
2025-05-23 02:36:30,750 - telegram.ext.Application - ERROR - No error handlers are registered, logging exception.
Traceback (most recent call last):
  File "/home/ubuntu/gigi-p2p-telegram-bot/venv/lib/python3.12/site-packages/telegram/ext/_application.py", line 1234, in process_update
    await coroutine
  File "/home/ubuntu/gigi-p2p-telegram-bot/venv/lib/python3.12/site-packages/telegram/ext/_conversationhandler.py", line 857, in handle_update
    new_state: object = await handler.handle_update(
                        ^^^^^^^^^^^^^^^^^^^^^^^^^^^^
  File "/home/ubuntu/gigi-p2p-telegram-bot/venv/lib/python3.12/site-packages/telegram/ext/_basehandler.py", line 157, in handle_update
    return await self.callback(update, context)
           ^^^^^^^^^^^^^^^^^^^^^^^^^^^^^^^^^^^^
  File "/home/ubuntu/gigi-p2p-telegram-bot/bot.py", line 530, in sell
    if not any([user.ton_wallet, user.evm_wallet, user.sol_wallet]):
                ^^^^^^^^^^^^^^^
AttributeError: 'NoneType' object has no attribute 'ton_wallet'
2025-05-23 02:36:40,841 - httpx - INFO - HTTP Request: POST https://api.telegram.org/bot7093436536:AAEvjyOBDmUYkoOkO2zxZnzplRy8Thhz0Ps/getUpdates "HTTP/1.1 200 OK"
2025-05-23 02:36:50,929 - httpx - INFO - HTTP Request: POST https://api.telegram.org/bot7093436536:AAEvjyOBDmUYkoOkO2zxZnzplRy8Thhz0Ps/getUpdates "HTTP/1.1 200 OK"
2025-05-23 02:37:01,022 - httpx - INFO - HTTP Request: POST https://api.telegram.org/bot7093436536:AAEvjyOBDmUYkoOkO2zxZnzplRy8Thhz0Ps/getUpdates "HTTP/1.1 200 OK"
2025-05-23 02:37:11,120 - httpx - INFO - HTTP Request: POST https://api.telegram.org/bot7093436536:AAEvjyOBDmUYkoOkO2zxZnzplRy8Thhz0Ps/getUpdates "HTTP/1.1 200 OK"
2025-05-23 02:37:16,705 - httpx - INFO - HTTP Request: POST https://api.telegram.org/bot7093436536:AAEvjyOBDmUYkoOkO2zxZnzplRy8Thhz0Ps/getUpdates "HTTP/1.1 200 OK"
2025-05-23 02:37:16,708 - telegram.ext.Application - ERROR - No error handlers are registered, logging exception.
Traceback (most recent call last):
  File "/home/ubuntu/gigi-p2p-telegram-bot/venv/lib/python3.12/site-packages/telegram/ext/_application.py", line 1234, in process_update
    await coroutine
  File "/home/ubuntu/gigi-p2p-telegram-bot/venv/lib/python3.12/site-packages/telegram/ext/_basehandler.py", line 157, in handle_update
    return await self.callback(update, context)
           ^^^^^^^^^^^^^^^^^^^^^^^^^^^^^^^^^^^^
  File "/home/ubuntu/gigi-p2p-telegram-bot/bot.py", line 612, in handle_message
    user = init_user(user_id, db_session)
           ^^^^^^^^^^^^^^^^^^^^^^^^^^^^^^
  File "/home/ubuntu/gigi-p2p-telegram-bot/bot.py", line 133, in init_user
    fiat = asyncio.run(detect_fiat_currency())
           ^^^^^^^
NameError: name 'asyncio' is not defined. Did you forget to import 'asyncio'
2025-05-23 02:37:26,798 - httpx - INFO - HTTP Request: POST https://api.telegram.org/bot7093436536:AAEvjyOBDmUYkoOkO2zxZnzplRy8Thhz0Ps/getUpdates "HTTP/1.1 200 OK"
2025-05-23 02:37:36,884 - httpx - INFO - HTTP Request: POST https://api.telegram.org/bot7093436536:AAEvjyOBDmUYkoOkO2zxZnzplRy8Thhz0Ps/getUpdates "HTTP/1.1 200 OK"
2025-05-23 02:37:46,971 - httpx - INFO - HTTP Request: POST https://api.telegram.org/bot7093436536:AAEvjyOBDmUYkoOkO2zxZnzplRy8Thhz0Ps/getUpdates "HTTP/1.1 200 OK"
2025-05-23 02:37:57,058 - httpx - INFO - HTTP Request: POST https://api.telegram.org/bot7093436536:AAEvjyOBDmUYkoOkO2zxZnzplRy8Thhz0Ps/getUpdates "HTTP/1.1 200 OK"
2025-05-23 02:38:06,816 - httpx - INFO - HTTP Request: POST https://api.telegram.org/bot7093436536:AAEvjyOBDmUYkoOkO2zxZnzplRy8Thhz0Ps/getUpdates "HTTP/1.1 200 OK"
2025-05-23 02:38:06,816 - telegram.ext.Application - INFO - Application is stopping. This might take a moment.
2025-05-23 02:38:06,816 - apscheduler.scheduler - INFO - Scheduler has been shut down
2025-05-23 02:38:06,827 - telegram.ext.Application - INFO - Application.stop() complete
2025-05-23 02:38:44,963 - httpx - INFO - HTTP Request: POST https://api.telegram.org/bot7093436536:AAEvjyOBDmUYkoOkO2zxZnzplRy8Thhz0Ps/getMe "HTTP/1.1 200 OK"
2025-05-23 02:38:45,055 - httpx - INFO - HTTP Request: POST https://api.telegram.org/bot7093436536:AAEvjyOBDmUYkoOkO2zxZnzplRy8Thhz0Ps/deleteWebhook "HTTP/1.1 200 OK"
2025-05-23 02:38:45,057 - apscheduler.scheduler - INFO - Scheduler started
2025-05-23 02:38:45,057 - telegram.ext.Application - INFO - Application started
2025-05-23 02:38:55,331 - httpx - INFO - HTTP Request: POST https://api.telegram.org/bot7093436536:AAEvjyOBDmUYkoOkO2zxZnzplRy8Thhz0Ps/getUpdates "HTTP/1.1 200 OK"
2025-05-23 02:39:05,423 - httpx - INFO - HTTP Request: POST https://api.telegram.org/bot7093436536:AAEvjyOBDmUYkoOkO2zxZnzplRy8Thhz0Ps/getUpdates "HTTP/1.1 200 OK"
2025-05-23 02:39:15,512 - httpx - INFO - HTTP Request: POST https://api.telegram.org/bot7093436536:AAEvjyOBDmUYkoOkO2zxZnzplRy8Thhz0Ps/getUpdates "HTTP/1.1 200 OK"
2025-05-23 02:39:25,600 - httpx - INFO - HTTP Request: POST https://api.telegram.org/bot7093436536:AAEvjyOBDmUYkoOkO2zxZnzplRy8Thhz0Ps/getUpdates "HTTP/1.1 200 OK"
2025-05-23 02:39:29,076 - httpx - INFO - HTTP Request: POST https://api.telegram.org/bot7093436536:AAEvjyOBDmUYkoOkO2zxZnzplRy8Thhz0Ps/getUpdates "HTTP/1.1 200 OK"
2025-05-23 02:39:29,330 - telegram.ext.Application - ERROR - No error handlers are registered, logging exception.
Traceback (most recent call last):
  File "/home/ubuntu/gigi-p2p-telegram-bot/venv/lib/python3.12/site-packages/telegram/ext/_application.py", line 1234, in process_update
    await coroutine
  File "/home/ubuntu/gigi-p2p-telegram-bot/venv/lib/python3.12/site-packages/telegram/ext/_basehandler.py", line 157, in handle_update
    return await self.callback(update, context)
           ^^^^^^^^^^^^^^^^^^^^^^^^^^^^^^^^^^^^
  File "/home/ubuntu/gigi-p2p-telegram-bot/bot.py", line 612, in handle_message
    user = init_user(user_id, db_session)
           ^^^^^^^^^^^^^^^^^^^^^^^^^^^^^^
  File "/home/ubuntu/gigi-p2p-telegram-bot/bot.py", line 133, in init_user
    fiat = asyncio.run(detect_fiat_currency())
           ^^^^^^^
NameError: name 'asyncio' is not defined. Did you forget to import 'asyncio'
2025-05-23 02:39:39,423 - httpx - INFO - HTTP Request: POST https://api.telegram.org/bot7093436536:AAEvjyOBDmUYkoOkO2zxZnzplRy8Thhz0Ps/getUpdates "HTTP/1.1 200 OK"
2025-05-23 02:39:49,514 - httpx - INFO - HTTP Request: POST https://api.telegram.org/bot7093436536:AAEvjyOBDmUYkoOkO2zxZnzplRy8Thhz0Ps/getUpdates "HTTP/1.1 200 OK"
2025-05-23 02:39:59,601 - httpx - INFO - HTTP Request: POST https://api.telegram.org/bot7093436536:AAEvjyOBDmUYkoOkO2zxZnzplRy8Thhz0Ps/getUpdates "HTTP/1.1 200 OK"
2025-05-23 02:40:05,178 - httpx - INFO - HTTP Request: POST https://api.telegram.org/bot7093436536:AAEvjyOBDmUYkoOkO2zxZnzplRy8Thhz0Ps/getMe "HTTP/1.1 200 OK"
2025-05-23 02:40:05,262 - httpx - INFO - HTTP Request: POST https://api.telegram.org/bot7093436536:AAEvjyOBDmUYkoOkO2zxZnzplRy8Thhz0Ps/deleteWebhook "HTTP/1.1 200 OK"
2025-05-23 02:40:05,264 - apscheduler.scheduler - INFO - Scheduler started
2025-05-23 02:40:05,264 - telegram.ext.Application - INFO - Application started
2025-05-23 02:40:05,529 - httpx - INFO - HTTP Request: POST https://api.telegram.org/bot7093436536:AAEvjyOBDmUYkoOkO2zxZnzplRy8Thhz0Ps/getUpdates "HTTP/1.1 409 Conflict"
2025-05-23 02:40:05,530 - telegram.ext.Updater - ERROR - Error while getting Updates: Conflict: terminated by other getUpdates request; make sure that only one bot instance is running
2025-05-23 02:40:05,530 - telegram.ext.Application - ERROR - No error handlers are registered, logging exception.
Traceback (most recent call last):
  File "/home/ubuntu/gigi-p2p-telegram-bot/venv/lib/python3.12/site-packages/telegram/ext/_updater.py", line 688, in _network_loop_retry
    if not await action_cb():
           ^^^^^^^^^^^^^^^^^
  File "/home/ubuntu/gigi-p2p-telegram-bot/venv/lib/python3.12/site-packages/telegram/ext/_updater.py", line 384, in polling_action_cb
    raise exc
  File "/home/ubuntu/gigi-p2p-telegram-bot/venv/lib/python3.12/site-packages/telegram/ext/_updater.py", line 373, in polling_action_cb
    updates = await self.bot.get_updates(
              ^^^^^^^^^^^^^^^^^^^^^^^^^^^
  File "/home/ubuntu/gigi-p2p-telegram-bot/venv/lib/python3.12/site-packages/telegram/ext/_extbot.py", line 558, in get_updates
    updates = await super().get_updates(
              ^^^^^^^^^^^^^^^^^^^^^^^^^^
  File "/home/ubuntu/gigi-p2p-telegram-bot/venv/lib/python3.12/site-packages/telegram/_bot.py", line 525, in decorator
    result = await func(self, *args, **kwargs)  # skipcq: PYL-E1102
             ^^^^^^^^^^^^^^^^^^^^^^^^^^^^^^^^^
  File "/home/ubuntu/gigi-p2p-telegram-bot/venv/lib/python3.12/site-packages/telegram/_bot.py", line 3584, in get_updates
    await self._post(
  File "/home/ubuntu/gigi-p2p-telegram-bot/venv/lib/python3.12/site-packages/telegram/_bot.py", line 613, in _post
    return await self._do_post(
           ^^^^^^^^^^^^^^^^^^^^
  File "/home/ubuntu/gigi-p2p-telegram-bot/venv/lib/python3.12/site-packages/telegram/ext/_extbot.py", line 340, in _do_post
    return await super()._do_post(
           ^^^^^^^^^^^^^^^^^^^^^^^
  File "/home/ubuntu/gigi-p2p-telegram-bot/venv/lib/python3.12/site-packages/telegram/_bot.py", line 641, in _do_post
    return await request.post(
           ^^^^^^^^^^^^^^^^^^^
  File "/home/ubuntu/gigi-p2p-telegram-bot/venv/lib/python3.12/site-packages/telegram/request/_baserequest.py", line 200, in post
    result = await self._request_wrapper(
             ^^^^^^^^^^^^^^^^^^^^^^^^^^^^
  File "/home/ubuntu/gigi-p2p-telegram-bot/venv/lib/python3.12/site-packages/telegram/request/_baserequest.py", line 381, in _request_wrapper
    raise Conflict(message)
telegram.error.Conflict: Conflict: terminated by other getUpdates request; make sure that only one bot instance is running
2025-05-23 02:40:09,623 - httpx - INFO - HTTP Request: POST https://api.telegram.org/bot7093436536:AAEvjyOBDmUYkoOkO2zxZnzplRy8Thhz0Ps/getUpdates "HTTP/1.1 409 Conflict"
2025-05-23 02:40:09,623 - telegram.ext.Updater - ERROR - Error while getting Updates: Conflict: terminated by other getUpdates request; make sure that only one bot instance is running
2025-05-23 02:40:09,624 - telegram.ext.Application - ERROR - No error handlers are registered, logging exception.
Traceback (most recent call last):
  File "/home/ubuntu/gigi-p2p-telegram-bot/venv/lib/python3.12/site-packages/telegram/ext/_updater.py", line 688, in _network_loop_retry
    if not await action_cb():
           ^^^^^^^^^^^^^^^^^
  File "/home/ubuntu/gigi-p2p-telegram-bot/venv/lib/python3.12/site-packages/telegram/ext/_updater.py", line 384, in polling_action_cb
    raise exc
  File "/home/ubuntu/gigi-p2p-telegram-bot/venv/lib/python3.12/site-packages/telegram/ext/_updater.py", line 373, in polling_action_cb
    updates = await self.bot.get_updates(
              ^^^^^^^^^^^^^^^^^^^^^^^^^^^
  File "/home/ubuntu/gigi-p2p-telegram-bot/venv/lib/python3.12/site-packages/telegram/ext/_extbot.py", line 558, in get_updates
    updates = await super().get_updates(
              ^^^^^^^^^^^^^^^^^^^^^^^^^^
  File "/home/ubuntu/gigi-p2p-telegram-bot/venv/lib/python3.12/site-packages/telegram/_bot.py", line 525, in decorator
    result = await func(self, *args, **kwargs)  # skipcq: PYL-E1102
             ^^^^^^^^^^^^^^^^^^^^^^^^^^^^^^^^^
  File "/home/ubuntu/gigi-p2p-telegram-bot/venv/lib/python3.12/site-packages/telegram/_bot.py", line 3584, in get_updates
    await self._post(
  File "/home/ubuntu/gigi-p2p-telegram-bot/venv/lib/python3.12/site-packages/telegram/_bot.py", line 613, in _post
    return await self._do_post(
           ^^^^^^^^^^^^^^^^^^^^
  File "/home/ubuntu/gigi-p2p-telegram-bot/venv/lib/python3.12/site-packages/telegram/ext/_extbot.py", line 340, in _do_post
    return await super()._do_post(
           ^^^^^^^^^^^^^^^^^^^^^^^
  File "/home/ubuntu/gigi-p2p-telegram-bot/venv/lib/python3.12/site-packages/telegram/_bot.py", line 641, in _do_post
    return await request.post(
           ^^^^^^^^^^^^^^^^^^^
  File "/home/ubuntu/gigi-p2p-telegram-bot/venv/lib/python3.12/site-packages/telegram/request/_baserequest.py", line 200, in post
    result = await self._request_wrapper(
             ^^^^^^^^^^^^^^^^^^^^^^^^^^^^
  File "/home/ubuntu/gigi-p2p-telegram-bot/venv/lib/python3.12/site-packages/telegram/request/_baserequest.py", line 381, in _request_wrapper
    raise Conflict(message)
telegram.error.Conflict: Conflict: terminated by other getUpdates request; make sure that only one bot instance is running
2025-05-23 02:40:10,721 - httpx - INFO - HTTP Request: POST https://api.telegram.org/bot7093436536:AAEvjyOBDmUYkoOkO2zxZnzplRy8Thhz0Ps/getUpdates "HTTP/1.1 409 Conflict"
2025-05-23 02:40:10,721 - telegram.ext.Updater - ERROR - Error while getting Updates: Conflict: terminated by other getUpdates request; make sure that only one bot instance is running
2025-05-23 02:40:10,722 - telegram.ext.Application - ERROR - No error handlers are registered, logging exception.
Traceback (most recent call last):
  File "/home/ubuntu/gigi-p2p-telegram-bot/venv/lib/python3.12/site-packages/telegram/ext/_updater.py", line 688, in _network_loop_retry
    if not await action_cb():
           ^^^^^^^^^^^^^^^^^
  File "/home/ubuntu/gigi-p2p-telegram-bot/venv/lib/python3.12/site-packages/telegram/ext/_updater.py", line 384, in polling_action_cb
    raise exc
  File "/home/ubuntu/gigi-p2p-telegram-bot/venv/lib/python3.12/site-packages/telegram/ext/_updater.py", line 373, in polling_action_cb
    updates = await self.bot.get_updates(
              ^^^^^^^^^^^^^^^^^^^^^^^^^^^
  File "/home/ubuntu/gigi-p2p-telegram-bot/venv/lib/python3.12/site-packages/telegram/ext/_extbot.py", line 558, in get_updates
    updates = await super().get_updates(
              ^^^^^^^^^^^^^^^^^^^^^^^^^^
  File "/home/ubuntu/gigi-p2p-telegram-bot/venv/lib/python3.12/site-packages/telegram/_bot.py", line 525, in decorator
    result = await func(self, *args, **kwargs)  # skipcq: PYL-E1102
             ^^^^^^^^^^^^^^^^^^^^^^^^^^^^^^^^^
  File "/home/ubuntu/gigi-p2p-telegram-bot/venv/lib/python3.12/site-packages/telegram/_bot.py", line 3584, in get_updates
    await self._post(
  File "/home/ubuntu/gigi-p2p-telegram-bot/venv/lib/python3.12/site-packages/telegram/_bot.py", line 613, in _post
    return await self._do_post(
           ^^^^^^^^^^^^^^^^^^^^
  File "/home/ubuntu/gigi-p2p-telegram-bot/venv/lib/python3.12/site-packages/telegram/ext/_extbot.py", line 340, in _do_post
    return await super()._do_post(
           ^^^^^^^^^^^^^^^^^^^^^^^
  File "/home/ubuntu/gigi-p2p-telegram-bot/venv/lib/python3.12/site-packages/telegram/_bot.py", line 641, in _do_post
    return await request.post(
           ^^^^^^^^^^^^^^^^^^^
  File "/home/ubuntu/gigi-p2p-telegram-bot/venv/lib/python3.12/site-packages/telegram/request/_baserequest.py", line 200, in post
    result = await self._request_wrapper(
             ^^^^^^^^^^^^^^^^^^^^^^^^^^^^
  File "/home/ubuntu/gigi-p2p-telegram-bot/venv/lib/python3.12/site-packages/telegram/request/_baserequest.py", line 381, in _request_wrapper
    raise Conflict(message)
telegram.error.Conflict: Conflict: terminated by other getUpdates request; make sure that only one bot instance is running
2025-05-23 02:40:15,312 - httpx - INFO - HTTP Request: POST https://api.telegram.org/bot7093436536:AAEvjyOBDmUYkoOkO2zxZnzplRy8Thhz0Ps/getUpdates "HTTP/1.1 409 Conflict"
2025-05-23 02:40:15,312 - telegram.ext.Updater - ERROR - Error while getting Updates: Conflict: terminated by other getUpdates request; make sure that only one bot instance is running
2025-05-23 02:40:15,312 - telegram.ext.Application - ERROR - No error handlers are registered, logging exception.
Traceback (most recent call last):
  File "/home/ubuntu/gigi-p2p-telegram-bot/venv/lib/python3.12/site-packages/telegram/ext/_updater.py", line 688, in _network_loop_retry
    if not await action_cb():
           ^^^^^^^^^^^^^^^^^
  File "/home/ubuntu/gigi-p2p-telegram-bot/venv/lib/python3.12/site-packages/telegram/ext/_updater.py", line 384, in polling_action_cb
    raise exc
  File "/home/ubuntu/gigi-p2p-telegram-bot/venv/lib/python3.12/site-packages/telegram/ext/_updater.py", line 373, in polling_action_cb
    updates = await self.bot.get_updates(
              ^^^^^^^^^^^^^^^^^^^^^^^^^^^
  File "/home/ubuntu/gigi-p2p-telegram-bot/venv/lib/python3.12/site-packages/telegram/ext/_extbot.py", line 558, in get_updates
    updates = await super().get_updates(
              ^^^^^^^^^^^^^^^^^^^^^^^^^^
  File "/home/ubuntu/gigi-p2p-telegram-bot/venv/lib/python3.12/site-packages/telegram/_bot.py", line 525, in decorator
    result = await func(self, *args, **kwargs)  # skipcq: PYL-E1102
             ^^^^^^^^^^^^^^^^^^^^^^^^^^^^^^^^^
  File "/home/ubuntu/gigi-p2p-telegram-bot/venv/lib/python3.12/site-packages/telegram/_bot.py", line 3584, in get_updates
    await self._post(
  File "/home/ubuntu/gigi-p2p-telegram-bot/venv/lib/python3.12/site-packages/telegram/_bot.py", line 613, in _post
    return await self._do_post(
           ^^^^^^^^^^^^^^^^^^^^
  File "/home/ubuntu/gigi-p2p-telegram-bot/venv/lib/python3.12/site-packages/telegram/ext/_extbot.py", line 340, in _do_post
    return await super()._do_post(
           ^^^^^^^^^^^^^^^^^^^^^^^
  File "/home/ubuntu/gigi-p2p-telegram-bot/venv/lib/python3.12/site-packages/telegram/_bot.py", line 641, in _do_post
    return await request.post(
           ^^^^^^^^^^^^^^^^^^^
  File "/home/ubuntu/gigi-p2p-telegram-bot/venv/lib/python3.12/site-packages/telegram/request/_baserequest.py", line 200, in post
    result = await self._request_wrapper(
             ^^^^^^^^^^^^^^^^^^^^^^^^^^^^
  File "/home/ubuntu/gigi-p2p-telegram-bot/venv/lib/python3.12/site-packages/telegram/request/_baserequest.py", line 381, in _request_wrapper
    raise Conflict(message)
telegram.error.Conflict: Conflict: terminated by other getUpdates request; make sure that only one bot instance is running
2025-05-23 02:40:16,908 - httpx - INFO - HTTP Request: POST https://api.telegram.org/bot7093436536:AAEvjyOBDmUYkoOkO2zxZnzplRy8Thhz0Ps/getUpdates "HTTP/1.1 409 Conflict"
2025-05-23 02:40:16,909 - telegram.ext.Updater - ERROR - Error while getting Updates: Conflict: terminated by other getUpdates request; make sure that only one bot instance is running
2025-05-23 02:40:16,909 - telegram.ext.Application - ERROR - No error handlers are registered, logging exception.
Traceback (most recent call last):
  File "/home/ubuntu/gigi-p2p-telegram-bot/venv/lib/python3.12/site-packages/telegram/ext/_updater.py", line 688, in _network_loop_retry
    if not await action_cb():
           ^^^^^^^^^^^^^^^^^
  File "/home/ubuntu/gigi-p2p-telegram-bot/venv/lib/python3.12/site-packages/telegram/ext/_updater.py", line 384, in polling_action_cb
    raise exc
  File "/home/ubuntu/gigi-p2p-telegram-bot/venv/lib/python3.12/site-packages/telegram/ext/_updater.py", line 373, in polling_action_cb
    updates = await self.bot.get_updates(
              ^^^^^^^^^^^^^^^^^^^^^^^^^^^
  File "/home/ubuntu/gigi-p2p-telegram-bot/venv/lib/python3.12/site-packages/telegram/ext/_extbot.py", line 558, in get_updates
    updates = await super().get_updates(
              ^^^^^^^^^^^^^^^^^^^^^^^^^^
  File "/home/ubuntu/gigi-p2p-telegram-bot/venv/lib/python3.12/site-packages/telegram/_bot.py", line 525, in decorator
    result = await func(self, *args, **kwargs)  # skipcq: PYL-E1102
             ^^^^^^^^^^^^^^^^^^^^^^^^^^^^^^^^^
  File "/home/ubuntu/gigi-p2p-telegram-bot/venv/lib/python3.12/site-packages/telegram/_bot.py", line 3584, in get_updates
    await self._post(
  File "/home/ubuntu/gigi-p2p-telegram-bot/venv/lib/python3.12/site-packages/telegram/_bot.py", line 613, in _post
    return await self._do_post(
           ^^^^^^^^^^^^^^^^^^^^
  File "/home/ubuntu/gigi-p2p-telegram-bot/venv/lib/python3.12/site-packages/telegram/ext/_extbot.py", line 340, in _do_post
    return await super()._do_post(
           ^^^^^^^^^^^^^^^^^^^^^^^
  File "/home/ubuntu/gigi-p2p-telegram-bot/venv/lib/python3.12/site-packages/telegram/_bot.py", line 641, in _do_post
    return await request.post(
           ^^^^^^^^^^^^^^^^^^^
  File "/home/ubuntu/gigi-p2p-telegram-bot/venv/lib/python3.12/site-packages/telegram/request/_baserequest.py", line 200, in post
    result = await self._request_wrapper(
             ^^^^^^^^^^^^^^^^^^^^^^^^^^^^
  File "/home/ubuntu/gigi-p2p-telegram-bot/venv/lib/python3.12/site-packages/telegram/request/_baserequest.py", line 381, in _request_wrapper
    raise Conflict(message)
telegram.error.Conflict: Conflict: terminated by other getUpdates request; make sure that only one bot instance is running
2025-05-23 02:40:22,248 - httpx - INFO - HTTP Request: POST https://api.telegram.org/bot7093436536:AAEvjyOBDmUYkoOkO2zxZnzplRy8Thhz0Ps/getUpdates "HTTP/1.1 409 Conflict"
2025-05-23 02:40:22,248 - telegram.ext.Updater - ERROR - Error while getting Updates: Conflict: terminated by other getUpdates request; make sure that only one bot instance is running
2025-05-23 02:40:22,248 - telegram.ext.Application - ERROR - No error handlers are registered, logging exception.
Traceback (most recent call last):
  File "/home/ubuntu/gigi-p2p-telegram-bot/venv/lib/python3.12/site-packages/telegram/ext/_updater.py", line 688, in _network_loop_retry
    if not await action_cb():
           ^^^^^^^^^^^^^^^^^
  File "/home/ubuntu/gigi-p2p-telegram-bot/venv/lib/python3.12/site-packages/telegram/ext/_updater.py", line 384, in polling_action_cb
    raise exc
  File "/home/ubuntu/gigi-p2p-telegram-bot/venv/lib/python3.12/site-packages/telegram/ext/_updater.py", line 373, in polling_action_cb
    updates = await self.bot.get_updates(
              ^^^^^^^^^^^^^^^^^^^^^^^^^^^
  File "/home/ubuntu/gigi-p2p-telegram-bot/venv/lib/python3.12/site-packages/telegram/ext/_extbot.py", line 558, in get_updates
    updates = await super().get_updates(
              ^^^^^^^^^^^^^^^^^^^^^^^^^^
  File "/home/ubuntu/gigi-p2p-telegram-bot/venv/lib/python3.12/site-packages/telegram/_bot.py", line 525, in decorator
    result = await func(self, *args, **kwargs)  # skipcq: PYL-E1102
             ^^^^^^^^^^^^^^^^^^^^^^^^^^^^^^^^^
  File "/home/ubuntu/gigi-p2p-telegram-bot/venv/lib/python3.12/site-packages/telegram/_bot.py", line 3584, in get_updates
    await self._post(
  File "/home/ubuntu/gigi-p2p-telegram-bot/venv/lib/python3.12/site-packages/telegram/_bot.py", line 613, in _post
    return await self._do_post(
           ^^^^^^^^^^^^^^^^^^^^
  File "/home/ubuntu/gigi-p2p-telegram-bot/venv/lib/python3.12/site-packages/telegram/ext/_extbot.py", line 340, in _do_post
    return await super()._do_post(
           ^^^^^^^^^^^^^^^^^^^^^^^
  File "/home/ubuntu/gigi-p2p-telegram-bot/venv/lib/python3.12/site-packages/telegram/_bot.py", line 641, in _do_post
    return await request.post(
           ^^^^^^^^^^^^^^^^^^^
  File "/home/ubuntu/gigi-p2p-telegram-bot/venv/lib/python3.12/site-packages/telegram/request/_baserequest.py", line 200, in post
    result = await self._request_wrapper(
             ^^^^^^^^^^^^^^^^^^^^^^^^^^^^
  File "/home/ubuntu/gigi-p2p-telegram-bot/venv/lib/python3.12/site-packages/telegram/request/_baserequest.py", line 381, in _request_wrapper
    raise Conflict(message)
telegram.error.Conflict: Conflict: terminated by other getUpdates request; make sure that only one bot instance is running
2025-05-23 02:40:24,590 - httpx - INFO - HTTP Request: POST https://api.telegram.org/bot7093436536:AAEvjyOBDmUYkoOkO2zxZnzplRy8Thhz0Ps/getUpdates "HTTP/1.1 409 Conflict"
2025-05-23 02:40:24,590 - telegram.ext.Updater - ERROR - Error while getting Updates: Conflict: terminated by other getUpdates request; make sure that only one bot instance is running
2025-05-23 02:40:24,590 - telegram.ext.Application - ERROR - No error handlers are registered, logging exception.
Traceback (most recent call last):
  File "/home/ubuntu/gigi-p2p-telegram-bot/venv/lib/python3.12/site-packages/telegram/ext/_updater.py", line 688, in _network_loop_retry
    if not await action_cb():
           ^^^^^^^^^^^^^^^^^
  File "/home/ubuntu/gigi-p2p-telegram-bot/venv/lib/python3.12/site-packages/telegram/ext/_updater.py", line 384, in polling_action_cb
    raise exc
  File "/home/ubuntu/gigi-p2p-telegram-bot/venv/lib/python3.12/site-packages/telegram/ext/_updater.py", line 373, in polling_action_cb
    updates = await self.bot.get_updates(
              ^^^^^^^^^^^^^^^^^^^^^^^^^^^
  File "/home/ubuntu/gigi-p2p-telegram-bot/venv/lib/python3.12/site-packages/telegram/ext/_extbot.py", line 558, in get_updates
    updates = await super().get_updates(
              ^^^^^^^^^^^^^^^^^^^^^^^^^^
  File "/home/ubuntu/gigi-p2p-telegram-bot/venv/lib/python3.12/site-packages/telegram/_bot.py", line 525, in decorator
    result = await func(self, *args, **kwargs)  # skipcq: PYL-E1102
             ^^^^^^^^^^^^^^^^^^^^^^^^^^^^^^^^^
  File "/home/ubuntu/gigi-p2p-telegram-bot/venv/lib/python3.12/site-packages/telegram/_bot.py", line 3584, in get_updates
    await self._post(
  File "/home/ubuntu/gigi-p2p-telegram-bot/venv/lib/python3.12/site-packages/telegram/_bot.py", line 613, in _post
    return await self._do_post(
           ^^^^^^^^^^^^^^^^^^^^
  File "/home/ubuntu/gigi-p2p-telegram-bot/venv/lib/python3.12/site-packages/telegram/ext/_extbot.py", line 340, in _do_post
    return await super()._do_post(
           ^^^^^^^^^^^^^^^^^^^^^^^
  File "/home/ubuntu/gigi-p2p-telegram-bot/venv/lib/python3.12/site-packages/telegram/_bot.py", line 641, in _do_post
    return await request.post(
           ^^^^^^^^^^^^^^^^^^^
  File "/home/ubuntu/gigi-p2p-telegram-bot/venv/lib/python3.12/site-packages/telegram/request/_baserequest.py", line 200, in post
    result = await self._request_wrapper(
             ^^^^^^^^^^^^^^^^^^^^^^^^^^^^
  File "/home/ubuntu/gigi-p2p-telegram-bot/venv/lib/python3.12/site-packages/telegram/request/_baserequest.py", line 381, in _request_wrapper
    raise Conflict(message)
telegram.error.Conflict: Conflict: terminated by other getUpdates request; make sure that only one bot instance is running
2025-05-23 02:40:28,056 - httpx - INFO - HTTP Request: POST https://api.telegram.org/bot7093436536:AAEvjyOBDmUYkoOkO2zxZnzplRy8Thhz0Ps/getUpdates "HTTP/1.1 409 Conflict"
2025-05-23 02:40:28,057 - telegram.ext.Updater - ERROR - Error while getting Updates: Conflict: terminated by other getUpdates request; make sure that only one bot instance is running
2025-05-23 02:40:28,057 - telegram.ext.Application - ERROR - No error handlers are registered, logging exception.
Traceback (most recent call last):
  File "/home/ubuntu/gigi-p2p-telegram-bot/venv/lib/python3.12/site-packages/telegram/ext/_updater.py", line 688, in _network_loop_retry
    if not await action_cb():
           ^^^^^^^^^^^^^^^^^
  File "/home/ubuntu/gigi-p2p-telegram-bot/venv/lib/python3.12/site-packages/telegram/ext/_updater.py", line 384, in polling_action_cb
    raise exc
  File "/home/ubuntu/gigi-p2p-telegram-bot/venv/lib/python3.12/site-packages/telegram/ext/_updater.py", line 373, in polling_action_cb
    updates = await self.bot.get_updates(
              ^^^^^^^^^^^^^^^^^^^^^^^^^^^
  File "/home/ubuntu/gigi-p2p-telegram-bot/venv/lib/python3.12/site-packages/telegram/ext/_extbot.py", line 558, in get_updates
    updates = await super().get_updates(
              ^^^^^^^^^^^^^^^^^^^^^^^^^^
  File "/home/ubuntu/gigi-p2p-telegram-bot/venv/lib/python3.12/site-packages/telegram/_bot.py", line 525, in decorator
    result = await func(self, *args, **kwargs)  # skipcq: PYL-E1102
             ^^^^^^^^^^^^^^^^^^^^^^^^^^^^^^^^^
  File "/home/ubuntu/gigi-p2p-telegram-bot/venv/lib/python3.12/site-packages/telegram/_bot.py", line 3584, in get_updates
    await self._post(
  File "/home/ubuntu/gigi-p2p-telegram-bot/venv/lib/python3.12/site-packages/telegram/_bot.py", line 613, in _post
    return await self._do_post(
           ^^^^^^^^^^^^^^^^^^^^
  File "/home/ubuntu/gigi-p2p-telegram-bot/venv/lib/python3.12/site-packages/telegram/ext/_extbot.py", line 340, in _do_post
    return await super()._do_post(
           ^^^^^^^^^^^^^^^^^^^^^^^
  File "/home/ubuntu/gigi-p2p-telegram-bot/venv/lib/python3.12/site-packages/telegram/_bot.py", line 641, in _do_post
    return await request.post(
           ^^^^^^^^^^^^^^^^^^^
  File "/home/ubuntu/gigi-p2p-telegram-bot/venv/lib/python3.12/site-packages/telegram/request/_baserequest.py", line 200, in post
    result = await self._request_wrapper(
             ^^^^^^^^^^^^^^^^^^^^^^^^^^^^
  File "/home/ubuntu/gigi-p2p-telegram-bot/venv/lib/python3.12/site-packages/telegram/request/_baserequest.py", line 381, in _request_wrapper
    raise Conflict(message)
telegram.error.Conflict: Conflict: terminated by other getUpdates request; make sure that only one bot instance is running
2025-05-23 02:40:31,522 - httpx - INFO - HTTP Request: POST https://api.telegram.org/bot7093436536:AAEvjyOBDmUYkoOkO2zxZnzplRy8Thhz0Ps/getUpdates "HTTP/1.1 409 Conflict"
2025-05-23 02:40:31,523 - telegram.ext.Updater - ERROR - Error while getting Updates: Conflict: terminated by other getUpdates request; make sure that only one bot instance is running
2025-05-23 02:40:31,523 - telegram.ext.Application - ERROR - No error handlers are registered, logging exception.
Traceback (most recent call last):
  File "/home/ubuntu/gigi-p2p-telegram-bot/venv/lib/python3.12/site-packages/telegram/ext/_updater.py", line 688, in _network_loop_retry
    if not await action_cb():
           ^^^^^^^^^^^^^^^^^
  File "/home/ubuntu/gigi-p2p-telegram-bot/venv/lib/python3.12/site-packages/telegram/ext/_updater.py", line 384, in polling_action_cb
    raise exc
  File "/home/ubuntu/gigi-p2p-telegram-bot/venv/lib/python3.12/site-packages/telegram/ext/_updater.py", line 373, in polling_action_cb
    updates = await self.bot.get_updates(
              ^^^^^^^^^^^^^^^^^^^^^^^^^^^
  File "/home/ubuntu/gigi-p2p-telegram-bot/venv/lib/python3.12/site-packages/telegram/ext/_extbot.py", line 558, in get_updates
    updates = await super().get_updates(
              ^^^^^^^^^^^^^^^^^^^^^^^^^^
  File "/home/ubuntu/gigi-p2p-telegram-bot/venv/lib/python3.12/site-packages/telegram/_bot.py", line 525, in decorator
    result = await func(self, *args, **kwargs)  # skipcq: PYL-E1102
             ^^^^^^^^^^^^^^^^^^^^^^^^^^^^^^^^^
  File "/home/ubuntu/gigi-p2p-telegram-bot/venv/lib/python3.12/site-packages/telegram/_bot.py", line 3584, in get_updates
    await self._post(
  File "/home/ubuntu/gigi-p2p-telegram-bot/venv/lib/python3.12/site-packages/telegram/_bot.py", line 613, in _post
    return await self._do_post(
           ^^^^^^^^^^^^^^^^^^^^
  File "/home/ubuntu/gigi-p2p-telegram-bot/venv/lib/python3.12/site-packages/telegram/ext/_extbot.py", line 340, in _do_post
    return await super()._do_post(
           ^^^^^^^^^^^^^^^^^^^^^^^
  File "/home/ubuntu/gigi-p2p-telegram-bot/venv/lib/python3.12/site-packages/telegram/_bot.py", line 641, in _do_post
    return await request.post(
           ^^^^^^^^^^^^^^^^^^^
  File "/home/ubuntu/gigi-p2p-telegram-bot/venv/lib/python3.12/site-packages/telegram/request/_baserequest.py", line 200, in post
    result = await self._request_wrapper(
             ^^^^^^^^^^^^^^^^^^^^^^^^^^^^
  File "/home/ubuntu/gigi-p2p-telegram-bot/venv/lib/python3.12/site-packages/telegram/request/_baserequest.py", line 381, in _request_wrapper
    raise Conflict(message)
telegram.error.Conflict: Conflict: terminated by other getUpdates request; make sure that only one bot instance is running
2025-05-23 02:40:36,445 - httpx - INFO - HTTP Request: POST https://api.telegram.org/bot7093436536:AAEvjyOBDmUYkoOkO2zxZnzplRy8Thhz0Ps/getUpdates "HTTP/1.1 200 OK"
2025-05-23 02:40:36,446 - telegram.ext.Application - INFO - Application is stopping. This might take a moment.
2025-05-23 02:40:36,446 - apscheduler.scheduler - INFO - Scheduler has been shut down
2025-05-23 02:40:36,457 - telegram.ext.Application - INFO - Application.stop() complete
2025-05-23 02:40:46,866 - httpx - INFO - HTTP Request: POST https://api.telegram.org/bot7093436536:AAEvjyOBDmUYkoOkO2zxZnzplRy8Thhz0Ps/getUpdates "HTTP/1.1 200 OK"
2025-05-23 02:40:57,011 - httpx - INFO - HTTP Request: POST https://api.telegram.org/bot7093436536:AAEvjyOBDmUYkoOkO2zxZnzplRy8Thhz0Ps/getUpdates "HTTP/1.1 200 OK"
2025-05-23 02:40:57,012 - telegram.ext.Application - INFO - Application is stopping. This might take a moment.
2025-05-23 02:40:57,012 - apscheduler.scheduler - INFO - Scheduler has been shut down
2025-05-23 02:40:57,022 - telegram.ext.Application - INFO - Application.stop() complete
2025-05-23 02:41:32,216 - httpx - INFO - HTTP Request: POST https://api.telegram.org/bot7093436536:AAEvjyOBDmUYkoOkO2zxZnzplRy8Thhz0Ps/getMe "HTTP/1.1 200 OK"
2025-05-23 02:41:32,300 - httpx - INFO - HTTP Request: POST https://api.telegram.org/bot7093436536:AAEvjyOBDmUYkoOkO2zxZnzplRy8Thhz0Ps/deleteWebhook "HTTP/1.1 200 OK"
2025-05-23 02:41:32,302 - apscheduler.scheduler - INFO - Scheduler started
2025-05-23 02:41:32,302 - telegram.ext.Application - INFO - Application started
2025-05-23 02:41:42,590 - httpx - INFO - HTTP Request: POST https://api.telegram.org/bot7093436536:AAEvjyOBDmUYkoOkO2zxZnzplRy8Thhz0Ps/getUpdates "HTTP/1.1 200 OK"
2025-05-23 02:41:52,682 - httpx - INFO - HTTP Request: POST https://api.telegram.org/bot7093436536:AAEvjyOBDmUYkoOkO2zxZnzplRy8Thhz0Ps/getUpdates "HTTP/1.1 200 OK"
2025-05-23 02:42:02,773 - httpx - INFO - HTTP Request: POST https://api.telegram.org/bot7093436536:AAEvjyOBDmUYkoOkO2zxZnzplRy8Thhz0Ps/getUpdates "HTTP/1.1 200 OK"
2025-05-23 02:42:07,318 - httpx - INFO - HTTP Request: POST https://api.telegram.org/bot7093436536:AAEvjyOBDmUYkoOkO2zxZnzplRy8Thhz0Ps/getUpdates "HTTP/1.1 200 OK"
2025-05-23 02:42:07,436 - telegram.ext.Application - ERROR - No error handlers are registered, logging exception.
Traceback (most recent call last):
  File "/home/ubuntu/gigi-p2p-telegram-bot/venv/lib/python3.12/site-packages/telegram/ext/_application.py", line 1234, in process_update
    await coroutine
  File "/home/ubuntu/gigi-p2p-telegram-bot/venv/lib/python3.12/site-packages/telegram/ext/_basehandler.py", line 157, in handle_update
    return await self.callback(update, context)
           ^^^^^^^^^^^^^^^^^^^^^^^^^^^^^^^^^^^^
  File "/home/ubuntu/gigi-p2p-telegram-bot/bot.py", line 612, in handle_message
    user = init_user(user_id, db_session)
           ^^^^^^^^^^^^^^^^^^^^^^^^^^^^^^
  File "/home/ubuntu/gigi-p2p-telegram-bot/bot.py", line 133, in init_user
    fiat = asyncio.run(detect_fiat_currency())
           ^^^^^^^
NameError: name 'asyncio' is not defined. Did you forget to import 'asyncio'
2025-05-23 02:42:17,532 - httpx - INFO - HTTP Request: POST https://api.telegram.org/bot7093436536:AAEvjyOBDmUYkoOkO2zxZnzplRy8Thhz0Ps/getUpdates "HTTP/1.1 200 OK"
2025-05-23 02:42:27,623 - httpx - INFO - HTTP Request: POST https://api.telegram.org/bot7093436536:AAEvjyOBDmUYkoOkO2zxZnzplRy8Thhz0Ps/getUpdates "HTTP/1.1 200 OK"
2025-05-23 02:42:37,715 - httpx - INFO - HTTP Request: POST https://api.telegram.org/bot7093436536:AAEvjyOBDmUYkoOkO2zxZnzplRy8Thhz0Ps/getUpdates "HTTP/1.1 200 OK"
2025-05-23 02:42:47,807 - httpx - INFO - HTTP Request: POST https://api.telegram.org/bot7093436536:AAEvjyOBDmUYkoOkO2zxZnzplRy8Thhz0Ps/getUpdates "HTTP/1.1 200 OK"
2025-05-23 02:42:57,899 - httpx - INFO - HTTP Request: POST https://api.telegram.org/bot7093436536:AAEvjyOBDmUYkoOkO2zxZnzplRy8Thhz0Ps/getUpdates "HTTP/1.1 200 OK"
2025-05-23 02:43:07,991 - httpx - INFO - HTTP Request: POST https://api.telegram.org/bot7093436536:AAEvjyOBDmUYkoOkO2zxZnzplRy8Thhz0Ps/getUpdates "HTTP/1.1 200 OK"
2025-05-23 02:43:18,082 - httpx - INFO - HTTP Request: POST https://api.telegram.org/bot7093436536:AAEvjyOBDmUYkoOkO2zxZnzplRy8Thhz0Ps/getUpdates "HTTP/1.1 200 OK"
2025-05-23 02:43:28,176 - httpx - INFO - HTTP Request: POST https://api.telegram.org/bot7093436536:AAEvjyOBDmUYkoOkO2zxZnzplRy8Thhz0Ps/getUpdates "HTTP/1.1 200 OK"
2025-05-23 02:43:38,268 - httpx - INFO - HTTP Request: POST https://api.telegram.org/bot7093436536:AAEvjyOBDmUYkoOkO2zxZnzplRy8Thhz0Ps/getUpdates "HTTP/1.1 200 OK"
2025-05-23 02:43:48,359 - httpx - INFO - HTTP Request: POST https://api.telegram.org/bot7093436536:AAEvjyOBDmUYkoOkO2zxZnzplRy8Thhz0Ps/getUpdates "HTTP/1.1 200 OK"
2025-05-23 02:43:58,450 - httpx - INFO - HTTP Request: POST https://api.telegram.org/bot7093436536:AAEvjyOBDmUYkoOkO2zxZnzplRy8Thhz0Ps/getUpdates "HTTP/1.1 200 OK"
2025-05-23 02:44:08,541 - httpx - INFO - HTTP Request: POST https://api.telegram.org/bot7093436536:AAEvjyOBDmUYkoOkO2zxZnzplRy8Thhz0Ps/getUpdates "HTTP/1.1 200 OK"
2025-05-23 02:44:18,633 - httpx - INFO - HTTP Request: POST https://api.telegram.org/bot7093436536:AAEvjyOBDmUYkoOkO2zxZnzplRy8Thhz0Ps/getUpdates "HTTP/1.1 200 OK"
2025-05-23 02:44:28,725 - httpx - INFO - HTTP Request: POST https://api.telegram.org/bot7093436536:AAEvjyOBDmUYkoOkO2zxZnzplRy8Thhz0Ps/getUpdates "HTTP/1.1 200 OK"
2025-05-23 02:44:38,817 - httpx - INFO - HTTP Request: POST https://api.telegram.org/bot7093436536:AAEvjyOBDmUYkoOkO2zxZnzplRy8Thhz0Ps/getUpdates "HTTP/1.1 200 OK"
2025-05-23 02:44:48,908 - httpx - INFO - HTTP Request: POST https://api.telegram.org/bot7093436536:AAEvjyOBDmUYkoOkO2zxZnzplRy8Thhz0Ps/getUpdates "HTTP/1.1 200 OK"
2025-05-23 02:44:59,000 - httpx - INFO - HTTP Request: POST https://api.telegram.org/bot7093436536:AAEvjyOBDmUYkoOkO2zxZnzplRy8Thhz0Ps/getUpdates "HTTP/1.1 200 OK"
2025-05-23 02:45:09,093 - httpx - INFO - HTTP Request: POST https://api.telegram.org/bot7093436536:AAEvjyOBDmUYkoOkO2zxZnzplRy8Thhz0Ps/getUpdates "HTTP/1.1 200 OK"
2025-05-23 02:45:19,185 - httpx - INFO - HTTP Request: POST https://api.telegram.org/bot7093436536:AAEvjyOBDmUYkoOkO2zxZnzplRy8Thhz0Ps/getUpdates "HTTP/1.1 200 OK"
2025-05-23 02:45:29,277 - httpx - INFO - HTTP Request: POST https://api.telegram.org/bot7093436536:AAEvjyOBDmUYkoOkO2zxZnzplRy8Thhz0Ps/getUpdates "HTTP/1.1 200 OK"
2025-05-23 02:45:39,369 - httpx - INFO - HTTP Request: POST https://api.telegram.org/bot7093436536:AAEvjyOBDmUYkoOkO2zxZnzplRy8Thhz0Ps/getUpdates "HTTP/1.1 200 OK"
2025-05-23 02:45:49,461 - httpx - INFO - HTTP Request: POST https://api.telegram.org/bot7093436536:AAEvjyOBDmUYkoOkO2zxZnzplRy8Thhz0Ps/getUpdates "HTTP/1.1 200 OK"
2025-05-23 02:45:59,552 - httpx - INFO - HTTP Request: POST https://api.telegram.org/bot7093436536:AAEvjyOBDmUYkoOkO2zxZnzplRy8Thhz0Ps/getUpdates "HTTP/1.1 200 OK"
2025-05-23 02:46:09,644 - httpx - INFO - HTTP Request: POST https://api.telegram.org/bot7093436536:AAEvjyOBDmUYkoOkO2zxZnzplRy8Thhz0Ps/getUpdates "HTTP/1.1 200 OK"
2025-05-23 02:46:19,736 - httpx - INFO - HTTP Request: POST https://api.telegram.org/bot7093436536:AAEvjyOBDmUYkoOkO2zxZnzplRy8Thhz0Ps/getUpdates "HTTP/1.1 200 OK"
2025-05-23 02:46:29,592 - httpx - INFO - HTTP Request: POST https://api.telegram.org/bot7093436536:AAEvjyOBDmUYkoOkO2zxZnzplRy8Thhz0Ps/getUpdates "HTTP/1.1 200 OK"
2025-05-23 02:46:29,592 - telegram.ext.Application - INFO - Application is stopping. This might take a moment.
2025-05-23 02:46:29,593 - apscheduler.scheduler - INFO - Scheduler has been shut down
2025-05-23 02:46:29,603 - telegram.ext.Application - INFO - Application.stop() complete
2025-05-23 02:48:21,290 - httpx - INFO - HTTP Request: POST https://api.telegram.org/bot7093436536:AAEvjyOBDmUYkoOkO2zxZnzplRy8Thhz0Ps/getMe "HTTP/1.1 200 OK"
2025-05-23 02:48:21,382 - httpx - INFO - HTTP Request: POST https://api.telegram.org/bot7093436536:AAEvjyOBDmUYkoOkO2zxZnzplRy8Thhz0Ps/deleteWebhook "HTTP/1.1 200 OK"
2025-05-23 02:48:21,384 - apscheduler.scheduler - INFO - Scheduler started
2025-05-23 02:48:21,384 - telegram.ext.Application - INFO - Application started
2025-05-23 02:48:31,636 - httpx - INFO - HTTP Request: POST https://api.telegram.org/bot7093436536:AAEvjyOBDmUYkoOkO2zxZnzplRy8Thhz0Ps/getUpdates "HTTP/1.1 200 OK"
2025-05-23 02:48:41,726 - httpx - INFO - HTTP Request: POST https://api.telegram.org/bot7093436536:AAEvjyOBDmUYkoOkO2zxZnzplRy8Thhz0Ps/getUpdates "HTTP/1.1 200 OK"
2025-05-23 02:48:51,812 - httpx - INFO - HTTP Request: POST https://api.telegram.org/bot7093436536:AAEvjyOBDmUYkoOkO2zxZnzplRy8Thhz0Ps/getUpdates "HTTP/1.1 200 OK"
2025-05-23 02:49:01,204 - httpx - INFO - HTTP Request: POST https://api.telegram.org/bot7093436536:AAEvjyOBDmUYkoOkO2zxZnzplRy8Thhz0Ps/getUpdates "HTTP/1.1 200 OK"
2025-05-23 02:49:01,361 - geocoder.base - INFO - Requested http://ipinfo.io/json
2025-05-23 02:49:01,593 - utils - ERROR - Failed to fetch crypto rates: 403, message='Attempt to decode JSON with unexpected mimetype: text/html', url='https://api.bybit.com/v5/market/tickers?category=spot&symbol=ETHUSDT'
2025-05-23 02:49:01,908 - httpx - INFO - HTTP Request: POST https://api.telegram.org/bot7093436536:AAEvjyOBDmUYkoOkO2zxZnzplRy8Thhz0Ps/sendMessage "HTTP/1.1 200 OK"
2025-05-23 02:49:11,455 - httpx - INFO - HTTP Request: POST https://api.telegram.org/bot7093436536:AAEvjyOBDmUYkoOkO2zxZnzplRy8Thhz0Ps/getUpdates "HTTP/1.1 200 OK"
2025-05-23 02:49:21,538 - httpx - INFO - HTTP Request: POST https://api.telegram.org/bot7093436536:AAEvjyOBDmUYkoOkO2zxZnzplRy8Thhz0Ps/getUpdates "HTTP/1.1 200 OK"
2025-05-23 02:49:29,609 - httpx - INFO - HTTP Request: POST https://api.telegram.org/bot7093436536:AAEvjyOBDmUYkoOkO2zxZnzplRy8Thhz0Ps/getUpdates "HTTP/1.1 200 OK"
2025-05-23 02:49:29,893 - httpx - INFO - HTTP Request: POST https://api.telegram.org/bot7093436536:AAEvjyOBDmUYkoOkO2zxZnzplRy8Thhz0Ps/sendMessage "HTTP/1.1 200 OK"
2025-05-23 02:49:39,698 - httpx - INFO - HTTP Request: POST https://api.telegram.org/bot7093436536:AAEvjyOBDmUYkoOkO2zxZnzplRy8Thhz0Ps/getUpdates "HTTP/1.1 200 OK"
2025-05-23 02:49:49,782 - httpx - INFO - HTTP Request: POST https://api.telegram.org/bot7093436536:AAEvjyOBDmUYkoOkO2zxZnzplRy8Thhz0Ps/getUpdates "HTTP/1.1 200 OK"
2025-05-23 02:49:59,866 - httpx - INFO - HTTP Request: POST https://api.telegram.org/bot7093436536:AAEvjyOBDmUYkoOkO2zxZnzplRy8Thhz0Ps/getUpdates "HTTP/1.1 200 OK"
2025-05-23 02:50:09,950 - httpx - INFO - HTTP Request: POST https://api.telegram.org/bot7093436536:AAEvjyOBDmUYkoOkO2zxZnzplRy8Thhz0Ps/getUpdates "HTTP/1.1 200 OK"
2025-05-23 02:50:20,037 - httpx - INFO - HTTP Request: POST https://api.telegram.org/bot7093436536:AAEvjyOBDmUYkoOkO2zxZnzplRy8Thhz0Ps/getUpdates "HTTP/1.1 200 OK"
2025-05-23 02:50:30,122 - httpx - INFO - HTTP Request: POST https://api.telegram.org/bot7093436536:AAEvjyOBDmUYkoOkO2zxZnzplRy8Thhz0Ps/getUpdates "HTTP/1.1 200 OK"
2025-05-23 02:50:40,206 - httpx - INFO - HTTP Request: POST https://api.telegram.org/bot7093436536:AAEvjyOBDmUYkoOkO2zxZnzplRy8Thhz0Ps/getUpdates "HTTP/1.1 200 OK"
2025-05-23 02:50:47,274 - httpx - INFO - HTTP Request: POST https://api.telegram.org/bot7093436536:AAEvjyOBDmUYkoOkO2zxZnzplRy8Thhz0Ps/getUpdates "HTTP/1.1 200 OK"
2025-05-23 02:50:47,542 - httpx - INFO - HTTP Request: POST https://api.telegram.org/bot7093436536:AAEvjyOBDmUYkoOkO2zxZnzplRy8Thhz0Ps/sendMessage "HTTP/1.1 200 OK"
2025-05-23 02:50:57,363 - httpx - INFO - HTTP Request: POST https://api.telegram.org/bot7093436536:AAEvjyOBDmUYkoOkO2zxZnzplRy8Thhz0Ps/getUpdates "HTTP/1.1 200 OK"
2025-05-23 02:50:59,015 - httpx - INFO - HTTP Request: POST https://api.telegram.org/bot7093436536:AAEvjyOBDmUYkoOkO2zxZnzplRy8Thhz0Ps/getUpdates "HTTP/1.1 200 OK"
2025-05-23 02:50:59,294 - httpx - INFO - HTTP Request: POST https://api.telegram.org/bot7093436536:AAEvjyOBDmUYkoOkO2zxZnzplRy8Thhz0Ps/sendMessage "HTTP/1.1 200 OK"
2025-05-23 02:51:09,101 - httpx - INFO - HTTP Request: POST https://api.telegram.org/bot7093436536:AAEvjyOBDmUYkoOkO2zxZnzplRy8Thhz0Ps/getUpdates "HTTP/1.1 200 OK"
2025-05-23 02:51:19,185 - httpx - INFO - HTTP Request: POST https://api.telegram.org/bot7093436536:AAEvjyOBDmUYkoOkO2zxZnzplRy8Thhz0Ps/getUpdates "HTTP/1.1 200 OK"
2025-05-23 02:51:29,269 - httpx - INFO - HTTP Request: POST https://api.telegram.org/bot7093436536:AAEvjyOBDmUYkoOkO2zxZnzplRy8Thhz0Ps/getUpdates "HTTP/1.1 200 OK"
2025-05-23 02:51:39,354 - httpx - INFO - HTTP Request: POST https://api.telegram.org/bot7093436536:AAEvjyOBDmUYkoOkO2zxZnzplRy8Thhz0Ps/getUpdates "HTTP/1.1 200 OK"
2025-05-23 02:51:49,439 - httpx - INFO - HTTP Request: POST https://api.telegram.org/bot7093436536:AAEvjyOBDmUYkoOkO2zxZnzplRy8Thhz0Ps/getUpdates "HTTP/1.1 200 OK"
2025-05-23 02:51:54,838 - httpx - INFO - HTTP Request: POST https://api.telegram.org/bot7093436536:AAEvjyOBDmUYkoOkO2zxZnzplRy8Thhz0Ps/getUpdates "HTTP/1.1 200 OK"
2025-05-23 02:51:55,445 - httpx - INFO - HTTP Request: POST https://api.openai.com/v1/chat/completions "HTTP/1.1 429 Too Many Requests"
2025-05-23 02:51:55,446 - openai._base_client - INFO - Retrying request to /chat/completions in 0.414751 seconds
2025-05-23 02:51:55,958 - httpx - INFO - HTTP Request: POST https://api.openai.com/v1/chat/completions "HTTP/1.1 429 Too Many Requests"
2025-05-23 02:51:55,959 - openai._base_client - INFO - Retrying request to /chat/completions in 0.965619 seconds
2025-05-23 02:51:57,023 - httpx - INFO - HTTP Request: POST https://api.openai.com/v1/chat/completions "HTTP/1.1 429 Too Many Requests"
2025-05-23 02:51:57,024 - __main__ - ERROR - OpenAI error: Error code: 429 - {'error': {'message': 'You exceeded your current quota, please check your plan and billing details. For more information on this error, read the docs: https://platform.openai.com/docs/guides/error-codes/api-errors.', 'type': 'insufficient_quota', 'param': None, 'code': 'insufficient_quota'}}
2025-05-23 02:51:57,296 - httpx - INFO - HTTP Request: POST https://api.telegram.org/bot7093436536:AAEvjyOBDmUYkoOkO2zxZnzplRy8Thhz0Ps/sendMessage "HTTP/1.1 200 OK"
2025-05-23 02:52:07,111 - httpx - INFO - HTTP Request: POST https://api.telegram.org/bot7093436536:AAEvjyOBDmUYkoOkO2zxZnzplRy8Thhz0Ps/getUpdates "HTTP/1.1 200 OK"
2025-05-23 02:52:17,197 - httpx - INFO - HTTP Request: POST https://api.telegram.org/bot7093436536:AAEvjyOBDmUYkoOkO2zxZnzplRy8Thhz0Ps/getUpdates "HTTP/1.1 200 OK"
2025-05-23 02:52:27,282 - httpx - INFO - HTTP Request: POST https://api.telegram.org/bot7093436536:AAEvjyOBDmUYkoOkO2zxZnzplRy8Thhz0Ps/getUpdates "HTTP/1.1 200 OK"
2025-05-23 02:52:37,370 - httpx - INFO - HTTP Request: POST https://api.telegram.org/bot7093436536:AAEvjyOBDmUYkoOkO2zxZnzplRy8Thhz0Ps/getUpdates "HTTP/1.1 200 OK"
2025-05-23 02:52:47,454 - httpx - INFO - HTTP Request: POST https://api.telegram.org/bot7093436536:AAEvjyOBDmUYkoOkO2zxZnzplRy8Thhz0Ps/getUpdates "HTTP/1.1 200 OK"
2025-05-23 02:52:57,538 - httpx - INFO - HTTP Request: POST https://api.telegram.org/bot7093436536:AAEvjyOBDmUYkoOkO2zxZnzplRy8Thhz0Ps/getUpdates "HTTP/1.1 200 OK"
2025-05-23 02:53:07,657 - httpx - INFO - HTTP Request: POST https://api.telegram.org/bot7093436536:AAEvjyOBDmUYkoOkO2zxZnzplRy8Thhz0Ps/getUpdates "HTTP/1.1 200 OK"
2025-05-23 02:53:17,740 - httpx - INFO - HTTP Request: POST https://api.telegram.org/bot7093436536:AAEvjyOBDmUYkoOkO2zxZnzplRy8Thhz0Ps/getUpdates "HTTP/1.1 200 OK"
2025-05-23 02:53:27,826 - httpx - INFO - HTTP Request: POST https://api.telegram.org/bot7093436536:AAEvjyOBDmUYkoOkO2zxZnzplRy8Thhz0Ps/getUpdates "HTTP/1.1 200 OK"
2025-05-23 02:53:37,909 - httpx - INFO - HTTP Request: POST https://api.telegram.org/bot7093436536:AAEvjyOBDmUYkoOkO2zxZnzplRy8Thhz0Ps/getUpdates "HTTP/1.1 200 OK"
2025-05-23 02:53:47,997 - httpx - INFO - HTTP Request: POST https://api.telegram.org/bot7093436536:AAEvjyOBDmUYkoOkO2zxZnzplRy8Thhz0Ps/getUpdates "HTTP/1.1 200 OK"
2025-05-23 02:53:54,422 - httpx - INFO - HTTP Request: POST https://api.telegram.org/bot7093436536:AAEvjyOBDmUYkoOkO2zxZnzplRy8Thhz0Ps/getUpdates "HTTP/1.1 200 OK"
2025-05-23 02:53:54,713 - httpx - INFO - HTTP Request: POST https://api.telegram.org/bot7093436536:AAEvjyOBDmUYkoOkO2zxZnzplRy8Thhz0Ps/sendMessage "HTTP/1.1 200 OK"
2025-05-23 02:54:04,515 - httpx - INFO - HTTP Request: POST https://api.telegram.org/bot7093436536:AAEvjyOBDmUYkoOkO2zxZnzplRy8Thhz0Ps/getUpdates "HTTP/1.1 200 OK"
2025-05-23 02:54:14,598 - httpx - INFO - HTTP Request: POST https://api.telegram.org/bot7093436536:AAEvjyOBDmUYkoOkO2zxZnzplRy8Thhz0Ps/getUpdates "HTTP/1.1 200 OK"
2025-05-23 02:54:24,684 - httpx - INFO - HTTP Request: POST https://api.telegram.org/bot7093436536:AAEvjyOBDmUYkoOkO2zxZnzplRy8Thhz0Ps/getUpdates "HTTP/1.1 200 OK"
2025-05-23 02:54:34,770 - httpx - INFO - HTTP Request: POST https://api.telegram.org/bot7093436536:AAEvjyOBDmUYkoOkO2zxZnzplRy8Thhz0Ps/getUpdates "HTTP/1.1 200 OK"
2025-05-23 02:54:44,853 - httpx - INFO - HTTP Request: POST https://api.telegram.org/bot7093436536:AAEvjyOBDmUYkoOkO2zxZnzplRy8Thhz0Ps/getUpdates "HTTP/1.1 200 OK"
2025-05-23 02:54:54,938 - httpx - INFO - HTTP Request: POST https://api.telegram.org/bot7093436536:AAEvjyOBDmUYkoOkO2zxZnzplRy8Thhz0Ps/getUpdates "HTTP/1.1 200 OK"
2025-05-23 02:55:05,025 - httpx - INFO - HTTP Request: POST https://api.telegram.org/bot7093436536:AAEvjyOBDmUYkoOkO2zxZnzplRy8Thhz0Ps/getUpdates "HTTP/1.1 200 OK"
2025-05-23 02:55:15,108 - httpx - INFO - HTTP Request: POST https://api.telegram.org/bot7093436536:AAEvjyOBDmUYkoOkO2zxZnzplRy8Thhz0Ps/getUpdates "HTTP/1.1 200 OK"
2025-05-23 02:55:18,974 - httpx - INFO - HTTP Request: POST https://api.telegram.org/bot7093436536:AAEvjyOBDmUYkoOkO2zxZnzplRy8Thhz0Ps/getUpdates "HTTP/1.1 200 OK"
2025-05-23 02:55:18,974 - telegram.ext.Application - INFO - Application is stopping. This might take a moment.
2025-05-23 02:55:18,975 - apscheduler.scheduler - INFO - Scheduler has been shut down
2025-05-23 02:55:18,985 - telegram.ext.Application - INFO - Application.stop() complete
2025-05-23 02:55:45,383 - httpx - INFO - HTTP Request: POST https://api.telegram.org/bot7093436536:AAEvjyOBDmUYkoOkO2zxZnzplRy8Thhz0Ps/getMe "HTTP/1.1 200 OK"
2025-05-23 02:55:45,469 - httpx - INFO - HTTP Request: POST https://api.telegram.org/bot7093436536:AAEvjyOBDmUYkoOkO2zxZnzplRy8Thhz0Ps/deleteWebhook "HTTP/1.1 200 OK"
2025-05-23 02:55:45,471 - apscheduler.scheduler - INFO - Scheduler started
2025-05-23 02:55:45,472 - telegram.ext.Application - INFO - Application started
2025-05-23 02:55:55,739 - httpx - INFO - HTTP Request: POST https://api.telegram.org/bot7093436536:AAEvjyOBDmUYkoOkO2zxZnzplRy8Thhz0Ps/getUpdates "HTTP/1.1 200 OK"
2025-05-23 02:56:05,828 - httpx - INFO - HTTP Request: POST https://api.telegram.org/bot7093436536:AAEvjyOBDmUYkoOkO2zxZnzplRy8Thhz0Ps/getUpdates "HTTP/1.1 200 OK"
2025-05-23 02:56:15,918 - httpx - INFO - HTTP Request: POST https://api.telegram.org/bot7093436536:AAEvjyOBDmUYkoOkO2zxZnzplRy8Thhz0Ps/getUpdates "HTTP/1.1 200 OK"
2025-05-23 02:56:26,007 - httpx - INFO - HTTP Request: POST https://api.telegram.org/bot7093436536:AAEvjyOBDmUYkoOkO2zxZnzplRy8Thhz0Ps/getUpdates "HTTP/1.1 200 OK"
2025-05-23 02:56:36,098 - httpx - INFO - HTTP Request: POST https://api.telegram.org/bot7093436536:AAEvjyOBDmUYkoOkO2zxZnzplRy8Thhz0Ps/getUpdates "HTTP/1.1 200 OK"
2025-05-23 02:56:46,188 - httpx - INFO - HTTP Request: POST https://api.telegram.org/bot7093436536:AAEvjyOBDmUYkoOkO2zxZnzplRy8Thhz0Ps/getUpdates "HTTP/1.1 200 OK"
2025-05-23 02:56:56,316 - httpx - INFO - HTTP Request: POST https://api.telegram.org/bot7093436536:AAEvjyOBDmUYkoOkO2zxZnzplRy8Thhz0Ps/getUpdates "HTTP/1.1 200 OK"
2025-05-23 02:56:56,317 - telegram.ext.Application - INFO - Application is stopping. This might take a moment.
2025-05-23 02:56:56,317 - apscheduler.scheduler - INFO - Scheduler has been shut down
2025-05-23 02:56:56,327 - telegram.ext.Application - INFO - Application.stop() complete
2025-05-23 02:57:37,838 - httpx - INFO - HTTP Request: POST https://api.telegram.org/bot7093436536:AAEvjyOBDmUYkoOkO2zxZnzplRy8Thhz0Ps/getMe "HTTP/1.1 200 OK"
2025-05-23 02:57:37,921 - httpx - INFO - HTTP Request: POST https://api.telegram.org/bot7093436536:AAEvjyOBDmUYkoOkO2zxZnzplRy8Thhz0Ps/deleteWebhook "HTTP/1.1 200 OK"
2025-05-23 02:57:37,923 - apscheduler.scheduler - INFO - Scheduler started
2025-05-23 02:57:37,923 - telegram.ext.Application - INFO - Application started
2025-05-23 02:57:48,186 - httpx - INFO - HTTP Request: POST https://api.telegram.org/bot7093436536:AAEvjyOBDmUYkoOkO2zxZnzplRy8Thhz0Ps/getUpdates "HTTP/1.1 200 OK"
2025-05-23 02:57:58,274 - httpx - INFO - HTTP Request: POST https://api.telegram.org/bot7093436536:AAEvjyOBDmUYkoOkO2zxZnzplRy8Thhz0Ps/getUpdates "HTTP/1.1 200 OK"
2025-05-23 02:58:06,031 - httpx - INFO - HTTP Request: POST https://api.telegram.org/bot7093436536:AAEvjyOBDmUYkoOkO2zxZnzplRy8Thhz0Ps/getUpdates "HTTP/1.1 200 OK"
2025-05-23 02:58:06,301 - httpx - INFO - HTTP Request: POST https://api.telegram.org/bot7093436536:AAEvjyOBDmUYkoOkO2zxZnzplRy8Thhz0Ps/sendMessage "HTTP/1.1 200 OK"
2025-05-23 02:58:16,128 - httpx - INFO - HTTP Request: POST https://api.telegram.org/bot7093436536:AAEvjyOBDmUYkoOkO2zxZnzplRy8Thhz0Ps/getUpdates "HTTP/1.1 200 OK"
2025-05-23 02:58:23,708 - httpx - INFO - HTTP Request: POST https://api.telegram.org/bot7093436536:AAEvjyOBDmUYkoOkO2zxZnzplRy8Thhz0Ps/getUpdates "HTTP/1.1 200 OK"
2025-05-23 02:58:24,080 - httpx - INFO - HTTP Request: POST https://api.telegram.org/bot7093436536:AAEvjyOBDmUYkoOkO2zxZnzplRy8Thhz0Ps/sendMessage "HTTP/1.1 200 OK"
2025-05-23 02:58:33,914 - httpx - INFO - HTTP Request: POST https://api.telegram.org/bot7093436536:AAEvjyOBDmUYkoOkO2zxZnzplRy8Thhz0Ps/getUpdates "HTTP/1.1 200 OK"
2025-05-23 02:58:44,002 - httpx - INFO - HTTP Request: POST https://api.telegram.org/bot7093436536:AAEvjyOBDmUYkoOkO2zxZnzplRy8Thhz0Ps/getUpdates "HTTP/1.1 200 OK"
2025-05-23 02:58:54,090 - httpx - INFO - HTTP Request: POST https://api.telegram.org/bot7093436536:AAEvjyOBDmUYkoOkO2zxZnzplRy8Thhz0Ps/getUpdates "HTTP/1.1 200 OK"
2025-05-23 02:59:04,177 - httpx - INFO - HTTP Request: POST https://api.telegram.org/bot7093436536:AAEvjyOBDmUYkoOkO2zxZnzplRy8Thhz0Ps/getUpdates "HTTP/1.1 200 OK"
2025-05-23 02:59:13,705 - httpx - INFO - HTTP Request: POST https://api.telegram.org/bot7093436536:AAEvjyOBDmUYkoOkO2zxZnzplRy8Thhz0Ps/getUpdates "HTTP/1.1 200 OK"
2025-05-23 02:59:13,706 - telegram.ext.Application - INFO - Application is stopping. This might take a moment.
2025-05-23 02:59:13,706 - apscheduler.scheduler - INFO - Scheduler has been shut down
2025-05-23 02:59:13,716 - telegram.ext.Application - INFO - Application.stop() complete
2025-05-23 02:59:57,121 - httpx - INFO - HTTP Request: POST https://api.telegram.org/bot7093436536:AAEvjyOBDmUYkoOkO2zxZnzplRy8Thhz0Ps/getMe "HTTP/1.1 200 OK"
2025-05-23 02:59:57,206 - httpx - INFO - HTTP Request: POST https://api.telegram.org/bot7093436536:AAEvjyOBDmUYkoOkO2zxZnzplRy8Thhz0Ps/deleteWebhook "HTTP/1.1 200 OK"
2025-05-23 02:59:57,207 - apscheduler.scheduler - INFO - Scheduler started
2025-05-23 02:59:57,207 - telegram.ext.Application - INFO - Application started
2025-05-23 03:00:07,465 - httpx - INFO - HTTP Request: POST https://api.telegram.org/bot7093436536:AAEvjyOBDmUYkoOkO2zxZnzplRy8Thhz0Ps/getUpdates "HTTP/1.1 200 OK"
2025-05-23 03:00:17,551 - httpx - INFO - HTTP Request: POST https://api.telegram.org/bot7093436536:AAEvjyOBDmUYkoOkO2zxZnzplRy8Thhz0Ps/getUpdates "HTTP/1.1 200 OK"
2025-05-23 03:00:27,639 - httpx - INFO - HTTP Request: POST https://api.telegram.org/bot7093436536:AAEvjyOBDmUYkoOkO2zxZnzplRy8Thhz0Ps/getUpdates "HTTP/1.1 200 OK"
2025-05-23 03:00:37,725 - httpx - INFO - HTTP Request: POST https://api.telegram.org/bot7093436536:AAEvjyOBDmUYkoOkO2zxZnzplRy8Thhz0Ps/getUpdates "HTTP/1.1 200 OK"
2025-05-23 03:00:47,812 - httpx - INFO - HTTP Request: POST https://api.telegram.org/bot7093436536:AAEvjyOBDmUYkoOkO2zxZnzplRy8Thhz0Ps/getUpdates "HTTP/1.1 200 OK"
2025-05-23 03:00:57,899 - httpx - INFO - HTTP Request: POST https://api.telegram.org/bot7093436536:AAEvjyOBDmUYkoOkO2zxZnzplRy8Thhz0Ps/getUpdates "HTTP/1.1 200 OK"
2025-05-23 03:01:07,985 - httpx - INFO - HTTP Request: POST https://api.telegram.org/bot7093436536:AAEvjyOBDmUYkoOkO2zxZnzplRy8Thhz0Ps/getUpdates "HTTP/1.1 200 OK"
2025-05-23 03:01:18,072 - httpx - INFO - HTTP Request: POST https://api.telegram.org/bot7093436536:AAEvjyOBDmUYkoOkO2zxZnzplRy8Thhz0Ps/getUpdates "HTTP/1.1 200 OK"
2025-05-23 03:01:28,158 - httpx - INFO - HTTP Request: POST https://api.telegram.org/bot7093436536:AAEvjyOBDmUYkoOkO2zxZnzplRy8Thhz0Ps/getUpdates "HTTP/1.1 200 OK"
2025-05-23 03:01:38,245 - httpx - INFO - HTTP Request: POST https://api.telegram.org/bot7093436536:AAEvjyOBDmUYkoOkO2zxZnzplRy8Thhz0Ps/getUpdates "HTTP/1.1 200 OK"
2025-05-23 03:01:48,331 - httpx - INFO - HTTP Request: POST https://api.telegram.org/bot7093436536:AAEvjyOBDmUYkoOkO2zxZnzplRy8Thhz0Ps/getUpdates "HTTP/1.1 200 OK"
2025-05-23 03:01:58,418 - httpx - INFO - HTTP Request: POST https://api.telegram.org/bot7093436536:AAEvjyOBDmUYkoOkO2zxZnzplRy8Thhz0Ps/getUpdates "HTTP/1.1 200 OK"
2025-05-23 03:02:08,505 - httpx - INFO - HTTP Request: POST https://api.telegram.org/bot7093436536:AAEvjyOBDmUYkoOkO2zxZnzplRy8Thhz0Ps/getUpdates "HTTP/1.1 200 OK"
2025-05-23 03:02:18,593 - httpx - INFO - HTTP Request: POST https://api.telegram.org/bot7093436536:AAEvjyOBDmUYkoOkO2zxZnzplRy8Thhz0Ps/getUpdates "HTTP/1.1 200 OK"
2025-05-23 03:02:28,680 - httpx - INFO - HTTP Request: POST https://api.telegram.org/bot7093436536:AAEvjyOBDmUYkoOkO2zxZnzplRy8Thhz0Ps/getUpdates "HTTP/1.1 200 OK"
2025-05-23 03:02:38,767 - httpx - INFO - HTTP Request: POST https://api.telegram.org/bot7093436536:AAEvjyOBDmUYkoOkO2zxZnzplRy8Thhz0Ps/getUpdates "HTTP/1.1 200 OK"
2025-05-23 03:02:48,853 - httpx - INFO - HTTP Request: POST https://api.telegram.org/bot7093436536:AAEvjyOBDmUYkoOkO2zxZnzplRy8Thhz0Ps/getUpdates "HTTP/1.1 200 OK"
2025-05-23 03:02:58,940 - httpx - INFO - HTTP Request: POST https://api.telegram.org/bot7093436536:AAEvjyOBDmUYkoOkO2zxZnzplRy8Thhz0Ps/getUpdates "HTTP/1.1 200 OK"
2025-05-23 03:03:09,027 - httpx - INFO - HTTP Request: POST https://api.telegram.org/bot7093436536:AAEvjyOBDmUYkoOkO2zxZnzplRy8Thhz0Ps/getUpdates "HTTP/1.1 200 OK"
2025-05-23 03:03:19,113 - httpx - INFO - HTTP Request: POST https://api.telegram.org/bot7093436536:AAEvjyOBDmUYkoOkO2zxZnzplRy8Thhz0Ps/getUpdates "HTTP/1.1 200 OK"
2025-05-23 03:03:29,200 - httpx - INFO - HTTP Request: POST https://api.telegram.org/bot7093436536:AAEvjyOBDmUYkoOkO2zxZnzplRy8Thhz0Ps/getUpdates "HTTP/1.1 200 OK"
2025-05-23 03:03:39,287 - httpx - INFO - HTTP Request: POST https://api.telegram.org/bot7093436536:AAEvjyOBDmUYkoOkO2zxZnzplRy8Thhz0Ps/getUpdates "HTTP/1.1 200 OK"
2025-05-23 03:03:49,378 - httpx - INFO - HTTP Request: POST https://api.telegram.org/bot7093436536:AAEvjyOBDmUYkoOkO2zxZnzplRy8Thhz0Ps/getUpdates "HTTP/1.1 200 OK"
2025-05-23 03:03:59,464 - httpx - INFO - HTTP Request: POST https://api.telegram.org/bot7093436536:AAEvjyOBDmUYkoOkO2zxZnzplRy8Thhz0Ps/getUpdates "HTTP/1.1 200 OK"
2025-05-23 03:04:09,552 - httpx - INFO - HTTP Request: POST https://api.telegram.org/bot7093436536:AAEvjyOBDmUYkoOkO2zxZnzplRy8Thhz0Ps/getUpdates "HTTP/1.1 200 OK"
2025-05-23 03:04:19,645 - httpx - INFO - HTTP Request: POST https://api.telegram.org/bot7093436536:AAEvjyOBDmUYkoOkO2zxZnzplRy8Thhz0Ps/getUpdates "HTTP/1.1 200 OK"
2025-05-23 03:04:29,732 - httpx - INFO - HTTP Request: POST https://api.telegram.org/bot7093436536:AAEvjyOBDmUYkoOkO2zxZnzplRy8Thhz0Ps/getUpdates "HTTP/1.1 200 OK"
2025-05-23 03:04:39,819 - httpx - INFO - HTTP Request: POST https://api.telegram.org/bot7093436536:AAEvjyOBDmUYkoOkO2zxZnzplRy8Thhz0Ps/getUpdates "HTTP/1.1 200 OK"
2025-05-23 03:04:49,907 - httpx - INFO - HTTP Request: POST https://api.telegram.org/bot7093436536:AAEvjyOBDmUYkoOkO2zxZnzplRy8Thhz0Ps/getUpdates "HTTP/1.1 200 OK"
2025-05-23 03:04:59,994 - httpx - INFO - HTTP Request: POST https://api.telegram.org/bot7093436536:AAEvjyOBDmUYkoOkO2zxZnzplRy8Thhz0Ps/getUpdates "HTTP/1.1 200 OK"
2025-05-23 03:05:10,085 - httpx - INFO - HTTP Request: POST https://api.telegram.org/bot7093436536:AAEvjyOBDmUYkoOkO2zxZnzplRy8Thhz0Ps/getUpdates "HTTP/1.1 200 OK"
2025-05-23 03:05:20,249 - httpx - INFO - HTTP Request: POST https://api.telegram.org/bot7093436536:AAEvjyOBDmUYkoOkO2zxZnzplRy8Thhz0Ps/getUpdates "HTTP/1.1 200 OK"
2025-05-23 03:05:30,335 - httpx - INFO - HTTP Request: POST https://api.telegram.org/bot7093436536:AAEvjyOBDmUYkoOkO2zxZnzplRy8Thhz0Ps/getUpdates "HTTP/1.1 200 OK"
2025-05-23 03:05:40,422 - httpx - INFO - HTTP Request: POST https://api.telegram.org/bot7093436536:AAEvjyOBDmUYkoOkO2zxZnzplRy8Thhz0Ps/getUpdates "HTTP/1.1 200 OK"
2025-05-23 03:05:50,521 - httpx - INFO - HTTP Request: POST https://api.telegram.org/bot7093436536:AAEvjyOBDmUYkoOkO2zxZnzplRy8Thhz0Ps/getUpdates "HTTP/1.1 200 OK"
2025-05-23 03:06:00,607 - httpx - INFO - HTTP Request: POST https://api.telegram.org/bot7093436536:AAEvjyOBDmUYkoOkO2zxZnzplRy8Thhz0Ps/getUpdates "HTTP/1.1 200 OK"
2025-05-23 03:06:10,693 - httpx - INFO - HTTP Request: POST https://api.telegram.org/bot7093436536:AAEvjyOBDmUYkoOkO2zxZnzplRy8Thhz0Ps/getUpdates "HTTP/1.1 200 OK"
2025-05-23 03:06:20,780 - httpx - INFO - HTTP Request: POST https://api.telegram.org/bot7093436536:AAEvjyOBDmUYkoOkO2zxZnzplRy8Thhz0Ps/getUpdates "HTTP/1.1 200 OK"
2025-05-23 03:06:30,867 - httpx - INFO - HTTP Request: POST https://api.telegram.org/bot7093436536:AAEvjyOBDmUYkoOkO2zxZnzplRy8Thhz0Ps/getUpdates "HTTP/1.1 200 OK"
2025-05-23 03:06:40,953 - httpx - INFO - HTTP Request: POST https://api.telegram.org/bot7093436536:AAEvjyOBDmUYkoOkO2zxZnzplRy8Thhz0Ps/getUpdates "HTTP/1.1 200 OK"
2025-05-23 03:06:51,040 - httpx - INFO - HTTP Request: POST https://api.telegram.org/bot7093436536:AAEvjyOBDmUYkoOkO2zxZnzplRy8Thhz0Ps/getUpdates "HTTP/1.1 200 OK"
2025-05-23 03:07:01,126 - httpx - INFO - HTTP Request: POST https://api.telegram.org/bot7093436536:AAEvjyOBDmUYkoOkO2zxZnzplRy8Thhz0Ps/getUpdates "HTTP/1.1 200 OK"
2025-05-23 03:07:11,213 - httpx - INFO - HTTP Request: POST https://api.telegram.org/bot7093436536:AAEvjyOBDmUYkoOkO2zxZnzplRy8Thhz0Ps/getUpdates "HTTP/1.1 200 OK"
2025-05-23 03:07:21,302 - httpx - INFO - HTTP Request: POST https://api.telegram.org/bot7093436536:AAEvjyOBDmUYkoOkO2zxZnzplRy8Thhz0Ps/getUpdates "HTTP/1.1 200 OK"
2025-05-23 03:07:31,388 - httpx - INFO - HTTP Request: POST https://api.telegram.org/bot7093436536:AAEvjyOBDmUYkoOkO2zxZnzplRy8Thhz0Ps/getUpdates "HTTP/1.1 200 OK"
2025-05-23 03:07:41,476 - httpx - INFO - HTTP Request: POST https://api.telegram.org/bot7093436536:AAEvjyOBDmUYkoOkO2zxZnzplRy8Thhz0Ps/getUpdates "HTTP/1.1 200 OK"
2025-05-23 03:07:51,564 - httpx - INFO - HTTP Request: POST https://api.telegram.org/bot7093436536:AAEvjyOBDmUYkoOkO2zxZnzplRy8Thhz0Ps/getUpdates "HTTP/1.1 200 OK"
2025-05-23 03:08:01,650 - httpx - INFO - HTTP Request: POST https://api.telegram.org/bot7093436536:AAEvjyOBDmUYkoOkO2zxZnzplRy8Thhz0Ps/getUpdates "HTTP/1.1 200 OK"
2025-05-23 03:08:11,738 - httpx - INFO - HTTP Request: POST https://api.telegram.org/bot7093436536:AAEvjyOBDmUYkoOkO2zxZnzplRy8Thhz0Ps/getUpdates "HTTP/1.1 200 OK"
2025-05-23 03:08:21,833 - httpx - INFO - HTTP Request: POST https://api.telegram.org/bot7093436536:AAEvjyOBDmUYkoOkO2zxZnzplRy8Thhz0Ps/getUpdates "HTTP/1.1 200 OK"
2025-05-23 03:08:31,926 - httpx - INFO - HTTP Request: POST https://api.telegram.org/bot7093436536:AAEvjyOBDmUYkoOkO2zxZnzplRy8Thhz0Ps/getUpdates "HTTP/1.1 200 OK"
2025-05-23 03:08:42,013 - httpx - INFO - HTTP Request: POST https://api.telegram.org/bot7093436536:AAEvjyOBDmUYkoOkO2zxZnzplRy8Thhz0Ps/getUpdates "HTTP/1.1 200 OK"
2025-05-23 03:08:52,099 - httpx - INFO - HTTP Request: POST https://api.telegram.org/bot7093436536:AAEvjyOBDmUYkoOkO2zxZnzplRy8Thhz0Ps/getUpdates "HTTP/1.1 200 OK"
2025-05-23 03:09:02,188 - httpx - INFO - HTTP Request: POST https://api.telegram.org/bot7093436536:AAEvjyOBDmUYkoOkO2zxZnzplRy8Thhz0Ps/getUpdates "HTTP/1.1 200 OK"
2025-05-23 03:09:12,277 - httpx - INFO - HTTP Request: POST https://api.telegram.org/bot7093436536:AAEvjyOBDmUYkoOkO2zxZnzplRy8Thhz0Ps/getUpdates "HTTP/1.1 200 OK"
2025-05-23 03:09:22,364 - httpx - INFO - HTTP Request: POST https://api.telegram.org/bot7093436536:AAEvjyOBDmUYkoOkO2zxZnzplRy8Thhz0Ps/getUpdates "HTTP/1.1 200 OK"
2025-05-23 03:09:32,450 - httpx - INFO - HTTP Request: POST https://api.telegram.org/bot7093436536:AAEvjyOBDmUYkoOkO2zxZnzplRy8Thhz0Ps/getUpdates "HTTP/1.1 200 OK"
2025-05-23 03:09:42,537 - httpx - INFO - HTTP Request: POST https://api.telegram.org/bot7093436536:AAEvjyOBDmUYkoOkO2zxZnzplRy8Thhz0Ps/getUpdates "HTTP/1.1 200 OK"
2025-05-23 03:09:52,623 - httpx - INFO - HTTP Request: POST https://api.telegram.org/bot7093436536:AAEvjyOBDmUYkoOkO2zxZnzplRy8Thhz0Ps/getUpdates "HTTP/1.1 200 OK"
2025-05-23 03:10:02,710 - httpx - INFO - HTTP Request: POST https://api.telegram.org/bot7093436536:AAEvjyOBDmUYkoOkO2zxZnzplRy8Thhz0Ps/getUpdates "HTTP/1.1 200 OK"
2025-05-23 03:10:12,797 - httpx - INFO - HTTP Request: POST https://api.telegram.org/bot7093436536:AAEvjyOBDmUYkoOkO2zxZnzplRy8Thhz0Ps/getUpdates "HTTP/1.1 200 OK"
2025-05-23 03:10:22,887 - httpx - INFO - HTTP Request: POST https://api.telegram.org/bot7093436536:AAEvjyOBDmUYkoOkO2zxZnzplRy8Thhz0Ps/getUpdates "HTTP/1.1 200 OK"
2025-05-23 03:10:32,974 - httpx - INFO - HTTP Request: POST https://api.telegram.org/bot7093436536:AAEvjyOBDmUYkoOkO2zxZnzplRy8Thhz0Ps/getUpdates "HTTP/1.1 200 OK"
2025-05-23 03:10:43,061 - httpx - INFO - HTTP Request: POST https://api.telegram.org/bot7093436536:AAEvjyOBDmUYkoOkO2zxZnzplRy8Thhz0Ps/getUpdates "HTTP/1.1 200 OK"
2025-05-23 03:10:53,147 - httpx - INFO - HTTP Request: POST https://api.telegram.org/bot7093436536:AAEvjyOBDmUYkoOkO2zxZnzplRy8Thhz0Ps/getUpdates "HTTP/1.1 200 OK"
2025-05-23 03:11:03,233 - httpx - INFO - HTTP Request: POST https://api.telegram.org/bot7093436536:AAEvjyOBDmUYkoOkO2zxZnzplRy8Thhz0Ps/getUpdates "HTTP/1.1 200 OK"
2025-05-23 03:11:13,320 - httpx - INFO - HTTP Request: POST https://api.telegram.org/bot7093436536:AAEvjyOBDmUYkoOkO2zxZnzplRy8Thhz0Ps/getUpdates "HTTP/1.1 200 OK"
2025-05-23 03:11:23,406 - httpx - INFO - HTTP Request: POST https://api.telegram.org/bot7093436536:AAEvjyOBDmUYkoOkO2zxZnzplRy8Thhz0Ps/getUpdates "HTTP/1.1 200 OK"
2025-05-23 03:11:33,492 - httpx - INFO - HTTP Request: POST https://api.telegram.org/bot7093436536:AAEvjyOBDmUYkoOkO2zxZnzplRy8Thhz0Ps/getUpdates "HTTP/1.1 200 OK"
2025-05-23 03:11:43,579 - httpx - INFO - HTTP Request: POST https://api.telegram.org/bot7093436536:AAEvjyOBDmUYkoOkO2zxZnzplRy8Thhz0Ps/getUpdates "HTTP/1.1 200 OK"
2025-05-23 03:11:53,665 - httpx - INFO - HTTP Request: POST https://api.telegram.org/bot7093436536:AAEvjyOBDmUYkoOkO2zxZnzplRy8Thhz0Ps/getUpdates "HTTP/1.1 200 OK"
2025-05-23 03:12:03,752 - httpx - INFO - HTTP Request: POST https://api.telegram.org/bot7093436536:AAEvjyOBDmUYkoOkO2zxZnzplRy8Thhz0Ps/getUpdates "HTTP/1.1 200 OK"
2025-05-23 03:12:13,840 - httpx - INFO - HTTP Request: POST https://api.telegram.org/bot7093436536:AAEvjyOBDmUYkoOkO2zxZnzplRy8Thhz0Ps/getUpdates "HTTP/1.1 200 OK"
2025-05-23 03:12:23,926 - httpx - INFO - HTTP Request: POST https://api.telegram.org/bot7093436536:AAEvjyOBDmUYkoOkO2zxZnzplRy8Thhz0Ps/getUpdates "HTTP/1.1 200 OK"
2025-05-23 03:12:34,013 - httpx - INFO - HTTP Request: POST https://api.telegram.org/bot7093436536:AAEvjyOBDmUYkoOkO2zxZnzplRy8Thhz0Ps/getUpdates "HTTP/1.1 200 OK"
2025-05-23 03:12:44,101 - httpx - INFO - HTTP Request: POST https://api.telegram.org/bot7093436536:AAEvjyOBDmUYkoOkO2zxZnzplRy8Thhz0Ps/getUpdates "HTTP/1.1 200 OK"
2025-05-23 03:12:54,187 - httpx - INFO - HTTP Request: POST https://api.telegram.org/bot7093436536:AAEvjyOBDmUYkoOkO2zxZnzplRy8Thhz0Ps/getUpdates "HTTP/1.1 200 OK"
2025-05-23 03:13:04,276 - httpx - INFO - HTTP Request: POST https://api.telegram.org/bot7093436536:AAEvjyOBDmUYkoOkO2zxZnzplRy8Thhz0Ps/getUpdates "HTTP/1.1 200 OK"
2025-05-23 03:13:14,363 - httpx - INFO - HTTP Request: POST https://api.telegram.org/bot7093436536:AAEvjyOBDmUYkoOkO2zxZnzplRy8Thhz0Ps/getUpdates "HTTP/1.1 200 OK"
2025-05-23 03:13:24,449 - httpx - INFO - HTTP Request: POST https://api.telegram.org/bot7093436536:AAEvjyOBDmUYkoOkO2zxZnzplRy8Thhz0Ps/getUpdates "HTTP/1.1 200 OK"
2025-05-23 03:13:34,535 - httpx - INFO - HTTP Request: POST https://api.telegram.org/bot7093436536:AAEvjyOBDmUYkoOkO2zxZnzplRy8Thhz0Ps/getUpdates "HTTP/1.1 200 OK"
2025-05-23 03:13:44,623 - httpx - INFO - HTTP Request: POST https://api.telegram.org/bot7093436536:AAEvjyOBDmUYkoOkO2zxZnzplRy8Thhz0Ps/getUpdates "HTTP/1.1 200 OK"
2025-05-23 03:13:54,709 - httpx - INFO - HTTP Request: POST https://api.telegram.org/bot7093436536:AAEvjyOBDmUYkoOkO2zxZnzplRy8Thhz0Ps/getUpdates "HTTP/1.1 200 OK"
2025-05-23 03:14:04,796 - httpx - INFO - HTTP Request: POST https://api.telegram.org/bot7093436536:AAEvjyOBDmUYkoOkO2zxZnzplRy8Thhz0Ps/getUpdates "HTTP/1.1 200 OK"
2025-05-23 03:14:14,882 - httpx - INFO - HTTP Request: POST https://api.telegram.org/bot7093436536:AAEvjyOBDmUYkoOkO2zxZnzplRy8Thhz0Ps/getUpdates "HTTP/1.1 200 OK"
2025-05-23 03:14:24,972 - httpx - INFO - HTTP Request: POST https://api.telegram.org/bot7093436536:AAEvjyOBDmUYkoOkO2zxZnzplRy8Thhz0Ps/getUpdates "HTTP/1.1 200 OK"
2025-05-23 03:14:35,059 - httpx - INFO - HTTP Request: POST https://api.telegram.org/bot7093436536:AAEvjyOBDmUYkoOkO2zxZnzplRy8Thhz0Ps/getUpdates "HTTP/1.1 200 OK"
2025-05-23 03:14:45,154 - httpx - INFO - HTTP Request: POST https://api.telegram.org/bot7093436536:AAEvjyOBDmUYkoOkO2zxZnzplRy8Thhz0Ps/getUpdates "HTTP/1.1 200 OK"
2025-05-23 03:14:55,241 - httpx - INFO - HTTP Request: POST https://api.telegram.org/bot7093436536:AAEvjyOBDmUYkoOkO2zxZnzplRy8Thhz0Ps/getUpdates "HTTP/1.1 200 OK"
2025-05-23 03:15:05,328 - httpx - INFO - HTTP Request: POST https://api.telegram.org/bot7093436536:AAEvjyOBDmUYkoOkO2zxZnzplRy8Thhz0Ps/getUpdates "HTTP/1.1 200 OK"
2025-05-23 03:15:15,416 - httpx - INFO - HTTP Request: POST https://api.telegram.org/bot7093436536:AAEvjyOBDmUYkoOkO2zxZnzplRy8Thhz0Ps/getUpdates "HTTP/1.1 200 OK"
2025-05-23 03:15:25,502 - httpx - INFO - HTTP Request: POST https://api.telegram.org/bot7093436536:AAEvjyOBDmUYkoOkO2zxZnzplRy8Thhz0Ps/getUpdates "HTTP/1.1 200 OK"
2025-05-23 03:15:35,589 - httpx - INFO - HTTP Request: POST https://api.telegram.org/bot7093436536:AAEvjyOBDmUYkoOkO2zxZnzplRy8Thhz0Ps/getUpdates "HTTP/1.1 200 OK"
2025-05-23 03:15:45,675 - httpx - INFO - HTTP Request: POST https://api.telegram.org/bot7093436536:AAEvjyOBDmUYkoOkO2zxZnzplRy8Thhz0Ps/getUpdates "HTTP/1.1 200 OK"
2025-05-23 03:15:55,762 - httpx - INFO - HTTP Request: POST https://api.telegram.org/bot7093436536:AAEvjyOBDmUYkoOkO2zxZnzplRy8Thhz0Ps/getUpdates "HTTP/1.1 200 OK"
2025-05-23 03:16:05,849 - httpx - INFO - HTTP Request: POST https://api.telegram.org/bot7093436536:AAEvjyOBDmUYkoOkO2zxZnzplRy8Thhz0Ps/getUpdates "HTTP/1.1 200 OK"
2025-05-23 03:16:15,935 - httpx - INFO - HTTP Request: POST https://api.telegram.org/bot7093436536:AAEvjyOBDmUYkoOkO2zxZnzplRy8Thhz0Ps/getUpdates "HTTP/1.1 200 OK"
2025-05-23 03:16:26,022 - httpx - INFO - HTTP Request: POST https://api.telegram.org/bot7093436536:AAEvjyOBDmUYkoOkO2zxZnzplRy8Thhz0Ps/getUpdates "HTTP/1.1 200 OK"
2025-05-23 03:16:36,108 - httpx - INFO - HTTP Request: POST https://api.telegram.org/bot7093436536:AAEvjyOBDmUYkoOkO2zxZnzplRy8Thhz0Ps/getUpdates "HTTP/1.1 200 OK"
2025-05-23 03:16:46,194 - httpx - INFO - HTTP Request: POST https://api.telegram.org/bot7093436536:AAEvjyOBDmUYkoOkO2zxZnzplRy8Thhz0Ps/getUpdates "HTTP/1.1 200 OK"
2025-05-23 03:16:56,463 - httpx - INFO - HTTP Request: POST https://api.telegram.org/bot7093436536:AAEvjyOBDmUYkoOkO2zxZnzplRy8Thhz0Ps/getUpdates "HTTP/1.1 200 OK"
2025-05-23 03:17:06,552 - httpx - INFO - HTTP Request: POST https://api.telegram.org/bot7093436536:AAEvjyOBDmUYkoOkO2zxZnzplRy8Thhz0Ps/getUpdates "HTTP/1.1 200 OK"
2025-05-23 03:17:16,640 - httpx - INFO - HTTP Request: POST https://api.telegram.org/bot7093436536:AAEvjyOBDmUYkoOkO2zxZnzplRy8Thhz0Ps/getUpdates "HTTP/1.1 200 OK"
2025-05-23 03:17:26,733 - httpx - INFO - HTTP Request: POST https://api.telegram.org/bot7093436536:AAEvjyOBDmUYkoOkO2zxZnzplRy8Thhz0Ps/getUpdates "HTTP/1.1 200 OK"
2025-05-23 03:17:36,821 - httpx - INFO - HTTP Request: POST https://api.telegram.org/bot7093436536:AAEvjyOBDmUYkoOkO2zxZnzplRy8Thhz0Ps/getUpdates "HTTP/1.1 200 OK"
2025-05-23 03:17:46,913 - httpx - INFO - HTTP Request: POST https://api.telegram.org/bot7093436536:AAEvjyOBDmUYkoOkO2zxZnzplRy8Thhz0Ps/getUpdates "HTTP/1.1 200 OK"
2025-05-23 03:17:57,001 - httpx - INFO - HTTP Request: POST https://api.telegram.org/bot7093436536:AAEvjyOBDmUYkoOkO2zxZnzplRy8Thhz0Ps/getUpdates "HTTP/1.1 200 OK"
2025-05-23 03:18:07,099 - httpx - INFO - HTTP Request: POST https://api.telegram.org/bot7093436536:AAEvjyOBDmUYkoOkO2zxZnzplRy8Thhz0Ps/getUpdates "HTTP/1.1 200 OK"
2025-05-23 03:18:17,190 - httpx - INFO - HTTP Request: POST https://api.telegram.org/bot7093436536:AAEvjyOBDmUYkoOkO2zxZnzplRy8Thhz0Ps/getUpdates "HTTP/1.1 200 OK"
2025-05-23 03:18:27,279 - httpx - INFO - HTTP Request: POST https://api.telegram.org/bot7093436536:AAEvjyOBDmUYkoOkO2zxZnzplRy8Thhz0Ps/getUpdates "HTTP/1.1 200 OK"
2025-05-23 03:18:37,367 - httpx - INFO - HTTP Request: POST https://api.telegram.org/bot7093436536:AAEvjyOBDmUYkoOkO2zxZnzplRy8Thhz0Ps/getUpdates "HTTP/1.1 200 OK"
2025-05-23 03:18:47,459 - httpx - INFO - HTTP Request: POST https://api.telegram.org/bot7093436536:AAEvjyOBDmUYkoOkO2zxZnzplRy8Thhz0Ps/getUpdates "HTTP/1.1 200 OK"
2025-05-23 03:18:57,548 - httpx - INFO - HTTP Request: POST https://api.telegram.org/bot7093436536:AAEvjyOBDmUYkoOkO2zxZnzplRy8Thhz0Ps/getUpdates "HTTP/1.1 200 OK"
2025-05-23 03:19:07,639 - httpx - INFO - HTTP Request: POST https://api.telegram.org/bot7093436536:AAEvjyOBDmUYkoOkO2zxZnzplRy8Thhz0Ps/getUpdates "HTTP/1.1 200 OK"
2025-05-23 03:19:17,728 - httpx - INFO - HTTP Request: POST https://api.telegram.org/bot7093436536:AAEvjyOBDmUYkoOkO2zxZnzplRy8Thhz0Ps/getUpdates "HTTP/1.1 200 OK"
2025-05-23 03:19:27,836 - httpx - INFO - HTTP Request: POST https://api.telegram.org/bot7093436536:AAEvjyOBDmUYkoOkO2zxZnzplRy8Thhz0Ps/getUpdates "HTTP/1.1 200 OK"
2025-05-23 03:19:37,931 - httpx - INFO - HTTP Request: POST https://api.telegram.org/bot7093436536:AAEvjyOBDmUYkoOkO2zxZnzplRy8Thhz0Ps/getUpdates "HTTP/1.1 200 OK"
2025-05-23 03:19:48,030 - httpx - INFO - HTTP Request: POST https://api.telegram.org/bot7093436536:AAEvjyOBDmUYkoOkO2zxZnzplRy8Thhz0Ps/getUpdates "HTTP/1.1 200 OK"
2025-05-23 03:19:58,121 - httpx - INFO - HTTP Request: POST https://api.telegram.org/bot7093436536:AAEvjyOBDmUYkoOkO2zxZnzplRy8Thhz0Ps/getUpdates "HTTP/1.1 200 OK"
2025-05-23 03:20:08,209 - httpx - INFO - HTTP Request: POST https://api.telegram.org/bot7093436536:AAEvjyOBDmUYkoOkO2zxZnzplRy8Thhz0Ps/getUpdates "HTTP/1.1 200 OK"
2025-05-23 03:20:18,296 - httpx - INFO - HTTP Request: POST https://api.telegram.org/bot7093436536:AAEvjyOBDmUYkoOkO2zxZnzplRy8Thhz0Ps/getUpdates "HTTP/1.1 200 OK"
2025-05-23 03:20:28,383 - httpx - INFO - HTTP Request: POST https://api.telegram.org/bot7093436536:AAEvjyOBDmUYkoOkO2zxZnzplRy8Thhz0Ps/getUpdates "HTTP/1.1 200 OK"
2025-05-23 03:20:38,472 - httpx - INFO - HTTP Request: POST https://api.telegram.org/bot7093436536:AAEvjyOBDmUYkoOkO2zxZnzplRy8Thhz0Ps/getUpdates "HTTP/1.1 200 OK"
2025-05-23 03:20:48,562 - httpx - INFO - HTTP Request: POST https://api.telegram.org/bot7093436536:AAEvjyOBDmUYkoOkO2zxZnzplRy8Thhz0Ps/getUpdates "HTTP/1.1 200 OK"
2025-05-23 03:20:58,649 - httpx - INFO - HTTP Request: POST https://api.telegram.org/bot7093436536:AAEvjyOBDmUYkoOkO2zxZnzplRy8Thhz0Ps/getUpdates "HTTP/1.1 200 OK"
2025-05-23 03:21:08,735 - httpx - INFO - HTTP Request: POST https://api.telegram.org/bot7093436536:AAEvjyOBDmUYkoOkO2zxZnzplRy8Thhz0Ps/getUpdates "HTTP/1.1 200 OK"
2025-05-23 03:21:18,826 - httpx - INFO - HTTP Request: POST https://api.telegram.org/bot7093436536:AAEvjyOBDmUYkoOkO2zxZnzplRy8Thhz0Ps/getUpdates "HTTP/1.1 200 OK"
2025-05-23 03:21:28,914 - httpx - INFO - HTTP Request: POST https://api.telegram.org/bot7093436536:AAEvjyOBDmUYkoOkO2zxZnzplRy8Thhz0Ps/getUpdates "HTTP/1.1 200 OK"
2025-05-23 03:21:39,004 - httpx - INFO - HTTP Request: POST https://api.telegram.org/bot7093436536:AAEvjyOBDmUYkoOkO2zxZnzplRy8Thhz0Ps/getUpdates "HTTP/1.1 200 OK"
2025-05-23 03:21:49,093 - httpx - INFO - HTTP Request: POST https://api.telegram.org/bot7093436536:AAEvjyOBDmUYkoOkO2zxZnzplRy8Thhz0Ps/getUpdates "HTTP/1.1 200 OK"
2025-05-23 03:21:59,181 - httpx - INFO - HTTP Request: POST https://api.telegram.org/bot7093436536:AAEvjyOBDmUYkoOkO2zxZnzplRy8Thhz0Ps/getUpdates "HTTP/1.1 200 OK"
2025-05-23 03:22:09,272 - httpx - INFO - HTTP Request: POST https://api.telegram.org/bot7093436536:AAEvjyOBDmUYkoOkO2zxZnzplRy8Thhz0Ps/getUpdates "HTTP/1.1 200 OK"
2025-05-23 03:22:19,361 - httpx - INFO - HTTP Request: POST https://api.telegram.org/bot7093436536:AAEvjyOBDmUYkoOkO2zxZnzplRy8Thhz0Ps/getUpdates "HTTP/1.1 200 OK"
2025-05-23 03:22:29,450 - httpx - INFO - HTTP Request: POST https://api.telegram.org/bot7093436536:AAEvjyOBDmUYkoOkO2zxZnzplRy8Thhz0Ps/getUpdates "HTTP/1.1 200 OK"
2025-05-23 03:22:39,540 - httpx - INFO - HTTP Request: POST https://api.telegram.org/bot7093436536:AAEvjyOBDmUYkoOkO2zxZnzplRy8Thhz0Ps/getUpdates "HTTP/1.1 200 OK"
2025-05-23 03:22:49,630 - httpx - INFO - HTTP Request: POST https://api.telegram.org/bot7093436536:AAEvjyOBDmUYkoOkO2zxZnzplRy8Thhz0Ps/getUpdates "HTTP/1.1 200 OK"
2025-05-23 03:22:59,717 - httpx - INFO - HTTP Request: POST https://api.telegram.org/bot7093436536:AAEvjyOBDmUYkoOkO2zxZnzplRy8Thhz0Ps/getUpdates "HTTP/1.1 200 OK"
2025-05-23 03:23:09,807 - httpx - INFO - HTTP Request: POST https://api.telegram.org/bot7093436536:AAEvjyOBDmUYkoOkO2zxZnzplRy8Thhz0Ps/getUpdates "HTTP/1.1 200 OK"
2025-05-23 03:23:19,898 - httpx - INFO - HTTP Request: POST https://api.telegram.org/bot7093436536:AAEvjyOBDmUYkoOkO2zxZnzplRy8Thhz0Ps/getUpdates "HTTP/1.1 200 OK"
2025-05-23 03:23:29,985 - httpx - INFO - HTTP Request: POST https://api.telegram.org/bot7093436536:AAEvjyOBDmUYkoOkO2zxZnzplRy8Thhz0Ps/getUpdates "HTTP/1.1 200 OK"
2025-05-23 03:23:40,078 - httpx - INFO - HTTP Request: POST https://api.telegram.org/bot7093436536:AAEvjyOBDmUYkoOkO2zxZnzplRy8Thhz0Ps/getUpdates "HTTP/1.1 200 OK"
2025-05-23 03:23:50,165 - httpx - INFO - HTTP Request: POST https://api.telegram.org/bot7093436536:AAEvjyOBDmUYkoOkO2zxZnzplRy8Thhz0Ps/getUpdates "HTTP/1.1 200 OK"
2025-05-23 03:24:00,253 - httpx - INFO - HTTP Request: POST https://api.telegram.org/bot7093436536:AAEvjyOBDmUYkoOkO2zxZnzplRy8Thhz0Ps/getUpdates "HTTP/1.1 200 OK"
2025-05-23 03:24:10,341 - httpx - INFO - HTTP Request: POST https://api.telegram.org/bot7093436536:AAEvjyOBDmUYkoOkO2zxZnzplRy8Thhz0Ps/getUpdates "HTTP/1.1 200 OK"
2025-05-23 03:24:20,429 - httpx - INFO - HTTP Request: POST https://api.telegram.org/bot7093436536:AAEvjyOBDmUYkoOkO2zxZnzplRy8Thhz0Ps/getUpdates "HTTP/1.1 200 OK"
2025-05-23 03:24:30,518 - httpx - INFO - HTTP Request: POST https://api.telegram.org/bot7093436536:AAEvjyOBDmUYkoOkO2zxZnzplRy8Thhz0Ps/getUpdates "HTTP/1.1 200 OK"
2025-05-23 03:24:40,607 - httpx - INFO - HTTP Request: POST https://api.telegram.org/bot7093436536:AAEvjyOBDmUYkoOkO2zxZnzplRy8Thhz0Ps/getUpdates "HTTP/1.1 200 OK"
2025-05-23 03:24:50,699 - httpx - INFO - HTTP Request: POST https://api.telegram.org/bot7093436536:AAEvjyOBDmUYkoOkO2zxZnzplRy8Thhz0Ps/getUpdates "HTTP/1.1 200 OK"
2025-05-23 03:25:00,797 - httpx - INFO - HTTP Request: POST https://api.telegram.org/bot7093436536:AAEvjyOBDmUYkoOkO2zxZnzplRy8Thhz0Ps/getUpdates "HTTP/1.1 200 OK"
2025-05-23 03:25:10,885 - httpx - INFO - HTTP Request: POST https://api.telegram.org/bot7093436536:AAEvjyOBDmUYkoOkO2zxZnzplRy8Thhz0Ps/getUpdates "HTTP/1.1 200 OK"
2025-05-23 03:25:20,973 - httpx - INFO - HTTP Request: POST https://api.telegram.org/bot7093436536:AAEvjyOBDmUYkoOkO2zxZnzplRy8Thhz0Ps/getUpdates "HTTP/1.1 200 OK"
2025-05-23 03:25:31,064 - httpx - INFO - HTTP Request: POST https://api.telegram.org/bot7093436536:AAEvjyOBDmUYkoOkO2zxZnzplRy8Thhz0Ps/getUpdates "HTTP/1.1 200 OK"
2025-05-23 03:25:41,152 - httpx - INFO - HTTP Request: POST https://api.telegram.org/bot7093436536:AAEvjyOBDmUYkoOkO2zxZnzplRy8Thhz0Ps/getUpdates "HTTP/1.1 200 OK"
2025-05-23 03:25:51,243 - httpx - INFO - HTTP Request: POST https://api.telegram.org/bot7093436536:AAEvjyOBDmUYkoOkO2zxZnzplRy8Thhz0Ps/getUpdates "HTTP/1.1 200 OK"
2025-05-23 03:26:01,331 - httpx - INFO - HTTP Request: POST https://api.telegram.org/bot7093436536:AAEvjyOBDmUYkoOkO2zxZnzplRy8Thhz0Ps/getUpdates "HTTP/1.1 200 OK"
2025-05-23 03:26:11,419 - httpx - INFO - HTTP Request: POST https://api.telegram.org/bot7093436536:AAEvjyOBDmUYkoOkO2zxZnzplRy8Thhz0Ps/getUpdates "HTTP/1.1 200 OK"
2025-05-23 03:26:21,511 - httpx - INFO - HTTP Request: POST https://api.telegram.org/bot7093436536:AAEvjyOBDmUYkoOkO2zxZnzplRy8Thhz0Ps/getUpdates "HTTP/1.1 200 OK"
2025-05-23 03:26:31,600 - httpx - INFO - HTTP Request: POST https://api.telegram.org/bot7093436536:AAEvjyOBDmUYkoOkO2zxZnzplRy8Thhz0Ps/getUpdates "HTTP/1.1 200 OK"
2025-05-23 03:26:41,687 - httpx - INFO - HTTP Request: POST https://api.telegram.org/bot7093436536:AAEvjyOBDmUYkoOkO2zxZnzplRy8Thhz0Ps/getUpdates "HTTP/1.1 200 OK"
2025-05-23 03:26:51,776 - httpx - INFO - HTTP Request: POST https://api.telegram.org/bot7093436536:AAEvjyOBDmUYkoOkO2zxZnzplRy8Thhz0Ps/getUpdates "HTTP/1.1 200 OK"
2025-05-23 03:27:01,863 - httpx - INFO - HTTP Request: POST https://api.telegram.org/bot7093436536:AAEvjyOBDmUYkoOkO2zxZnzplRy8Thhz0Ps/getUpdates "HTTP/1.1 200 OK"
2025-05-23 03:27:11,954 - httpx - INFO - HTTP Request: POST https://api.telegram.org/bot7093436536:AAEvjyOBDmUYkoOkO2zxZnzplRy8Thhz0Ps/getUpdates "HTTP/1.1 200 OK"
2025-05-23 03:27:22,041 - httpx - INFO - HTTP Request: POST https://api.telegram.org/bot7093436536:AAEvjyOBDmUYkoOkO2zxZnzplRy8Thhz0Ps/getUpdates "HTTP/1.1 200 OK"
2025-05-23 03:27:32,129 - httpx - INFO - HTTP Request: POST https://api.telegram.org/bot7093436536:AAEvjyOBDmUYkoOkO2zxZnzplRy8Thhz0Ps/getUpdates "HTTP/1.1 200 OK"
2025-05-23 03:27:42,215 - httpx - INFO - HTTP Request: POST https://api.telegram.org/bot7093436536:AAEvjyOBDmUYkoOkO2zxZnzplRy8Thhz0Ps/getUpdates "HTTP/1.1 200 OK"
2025-05-23 03:27:52,303 - httpx - INFO - HTTP Request: POST https://api.telegram.org/bot7093436536:AAEvjyOBDmUYkoOkO2zxZnzplRy8Thhz0Ps/getUpdates "HTTP/1.1 200 OK"
2025-05-23 03:28:02,397 - httpx - INFO - HTTP Request: POST https://api.telegram.org/bot7093436536:AAEvjyOBDmUYkoOkO2zxZnzplRy8Thhz0Ps/getUpdates "HTTP/1.1 200 OK"
2025-05-23 03:28:12,483 - httpx - INFO - HTTP Request: POST https://api.telegram.org/bot7093436536:AAEvjyOBDmUYkoOkO2zxZnzplRy8Thhz0Ps/getUpdates "HTTP/1.1 200 OK"
2025-05-23 03:28:22,571 - httpx - INFO - HTTP Request: POST https://api.telegram.org/bot7093436536:AAEvjyOBDmUYkoOkO2zxZnzplRy8Thhz0Ps/getUpdates "HTTP/1.1 200 OK"
2025-05-23 03:28:32,663 - httpx - INFO - HTTP Request: POST https://api.telegram.org/bot7093436536:AAEvjyOBDmUYkoOkO2zxZnzplRy8Thhz0Ps/getUpdates "HTTP/1.1 200 OK"
2025-05-23 03:28:42,750 - httpx - INFO - HTTP Request: POST https://api.telegram.org/bot7093436536:AAEvjyOBDmUYkoOkO2zxZnzplRy8Thhz0Ps/getUpdates "HTTP/1.1 200 OK"
2025-05-23 03:28:52,841 - httpx - INFO - HTTP Request: POST https://api.telegram.org/bot7093436536:AAEvjyOBDmUYkoOkO2zxZnzplRy8Thhz0Ps/getUpdates "HTTP/1.1 200 OK"
2025-05-23 03:29:02,933 - httpx - INFO - HTTP Request: POST https://api.telegram.org/bot7093436536:AAEvjyOBDmUYkoOkO2zxZnzplRy8Thhz0Ps/getUpdates "HTTP/1.1 200 OK"
2025-05-23 03:29:13,020 - httpx - INFO - HTTP Request: POST https://api.telegram.org/bot7093436536:AAEvjyOBDmUYkoOkO2zxZnzplRy8Thhz0Ps/getUpdates "HTTP/1.1 200 OK"
2025-05-23 03:29:23,112 - httpx - INFO - HTTP Request: POST https://api.telegram.org/bot7093436536:AAEvjyOBDmUYkoOkO2zxZnzplRy8Thhz0Ps/getUpdates "HTTP/1.1 200 OK"
2025-05-23 03:29:33,203 - httpx - INFO - HTTP Request: POST https://api.telegram.org/bot7093436536:AAEvjyOBDmUYkoOkO2zxZnzplRy8Thhz0Ps/getUpdates "HTTP/1.1 200 OK"
2025-05-23 03:29:43,293 - httpx - INFO - HTTP Request: POST https://api.telegram.org/bot7093436536:AAEvjyOBDmUYkoOkO2zxZnzplRy8Thhz0Ps/getUpdates "HTTP/1.1 200 OK"
2025-05-23 03:29:53,381 - httpx - INFO - HTTP Request: POST https://api.telegram.org/bot7093436536:AAEvjyOBDmUYkoOkO2zxZnzplRy8Thhz0Ps/getUpdates "HTTP/1.1 200 OK"
2025-05-23 03:30:03,471 - httpx - INFO - HTTP Request: POST https://api.telegram.org/bot7093436536:AAEvjyOBDmUYkoOkO2zxZnzplRy8Thhz0Ps/getUpdates "HTTP/1.1 200 OK"
2025-05-23 03:30:13,561 - httpx - INFO - HTTP Request: POST https://api.telegram.org/bot7093436536:AAEvjyOBDmUYkoOkO2zxZnzplRy8Thhz0Ps/getUpdates "HTTP/1.1 200 OK"
2025-05-23 03:30:23,653 - httpx - INFO - HTTP Request: POST https://api.telegram.org/bot7093436536:AAEvjyOBDmUYkoOkO2zxZnzplRy8Thhz0Ps/getUpdates "HTTP/1.1 200 OK"
2025-05-23 03:30:33,743 - httpx - INFO - HTTP Request: POST https://api.telegram.org/bot7093436536:AAEvjyOBDmUYkoOkO2zxZnzplRy8Thhz0Ps/getUpdates "HTTP/1.1 200 OK"
2025-05-23 03:30:43,834 - httpx - INFO - HTTP Request: POST https://api.telegram.org/bot7093436536:AAEvjyOBDmUYkoOkO2zxZnzplRy8Thhz0Ps/getUpdates "HTTP/1.1 200 OK"
2025-05-23 03:30:53,925 - httpx - INFO - HTTP Request: POST https://api.telegram.org/bot7093436536:AAEvjyOBDmUYkoOkO2zxZnzplRy8Thhz0Ps/getUpdates "HTTP/1.1 200 OK"
2025-05-23 03:31:04,012 - httpx - INFO - HTTP Request: POST https://api.telegram.org/bot7093436536:AAEvjyOBDmUYkoOkO2zxZnzplRy8Thhz0Ps/getUpdates "HTTP/1.1 200 OK"
2025-05-23 03:31:14,099 - httpx - INFO - HTTP Request: POST https://api.telegram.org/bot7093436536:AAEvjyOBDmUYkoOkO2zxZnzplRy8Thhz0Ps/getUpdates "HTTP/1.1 200 OK"
2025-05-23 03:31:24,187 - httpx - INFO - HTTP Request: POST https://api.telegram.org/bot7093436536:AAEvjyOBDmUYkoOkO2zxZnzplRy8Thhz0Ps/getUpdates "HTTP/1.1 200 OK"
2025-05-23 03:31:34,286 - httpx - INFO - HTTP Request: POST https://api.telegram.org/bot7093436536:AAEvjyOBDmUYkoOkO2zxZnzplRy8Thhz0Ps/getUpdates "HTTP/1.1 200 OK"
2025-05-23 03:31:44,373 - httpx - INFO - HTTP Request: POST https://api.telegram.org/bot7093436536:AAEvjyOBDmUYkoOkO2zxZnzplRy8Thhz0Ps/getUpdates "HTTP/1.1 200 OK"
2025-05-23 03:31:54,467 - httpx - INFO - HTTP Request: POST https://api.telegram.org/bot7093436536:AAEvjyOBDmUYkoOkO2zxZnzplRy8Thhz0Ps/getUpdates "HTTP/1.1 200 OK"
2025-05-23 03:32:04,555 - httpx - INFO - HTTP Request: POST https://api.telegram.org/bot7093436536:AAEvjyOBDmUYkoOkO2zxZnzplRy8Thhz0Ps/getUpdates "HTTP/1.1 200 OK"
2025-05-23 03:32:14,643 - httpx - INFO - HTTP Request: POST https://api.telegram.org/bot7093436536:AAEvjyOBDmUYkoOkO2zxZnzplRy8Thhz0Ps/getUpdates "HTTP/1.1 200 OK"
2025-05-23 03:32:24,733 - httpx - INFO - HTTP Request: POST https://api.telegram.org/bot7093436536:AAEvjyOBDmUYkoOkO2zxZnzplRy8Thhz0Ps/getUpdates "HTTP/1.1 200 OK"
2025-05-23 03:32:34,830 - httpx - INFO - HTTP Request: POST https://api.telegram.org/bot7093436536:AAEvjyOBDmUYkoOkO2zxZnzplRy8Thhz0Ps/getUpdates "HTTP/1.1 200 OK"
2025-05-23 03:32:44,917 - httpx - INFO - HTTP Request: POST https://api.telegram.org/bot7093436536:AAEvjyOBDmUYkoOkO2zxZnzplRy8Thhz0Ps/getUpdates "HTTP/1.1 200 OK"
2025-05-23 03:32:55,023 - httpx - INFO - HTTP Request: POST https://api.telegram.org/bot7093436536:AAEvjyOBDmUYkoOkO2zxZnzplRy8Thhz0Ps/getUpdates "HTTP/1.1 200 OK"
2025-05-23 03:33:05,116 - httpx - INFO - HTTP Request: POST https://api.telegram.org/bot7093436536:AAEvjyOBDmUYkoOkO2zxZnzplRy8Thhz0Ps/getUpdates "HTTP/1.1 200 OK"
2025-05-23 03:33:15,203 - httpx - INFO - HTTP Request: POST https://api.telegram.org/bot7093436536:AAEvjyOBDmUYkoOkO2zxZnzplRy8Thhz0Ps/getUpdates "HTTP/1.1 200 OK"
2025-05-23 03:33:25,293 - httpx - INFO - HTTP Request: POST https://api.telegram.org/bot7093436536:AAEvjyOBDmUYkoOkO2zxZnzplRy8Thhz0Ps/getUpdates "HTTP/1.1 200 OK"
2025-05-23 03:33:35,380 - httpx - INFO - HTTP Request: POST https://api.telegram.org/bot7093436536:AAEvjyOBDmUYkoOkO2zxZnzplRy8Thhz0Ps/getUpdates "HTTP/1.1 200 OK"
2025-05-23 03:33:45,659 - httpx - INFO - HTTP Request: POST https://api.telegram.org/bot7093436536:AAEvjyOBDmUYkoOkO2zxZnzplRy8Thhz0Ps/getUpdates "HTTP/1.1 200 OK"
2025-05-23 03:33:55,749 - httpx - INFO - HTTP Request: POST https://api.telegram.org/bot7093436536:AAEvjyOBDmUYkoOkO2zxZnzplRy8Thhz0Ps/getUpdates "HTTP/1.1 200 OK"
2025-05-23 03:34:05,836 - httpx - INFO - HTTP Request: POST https://api.telegram.org/bot7093436536:AAEvjyOBDmUYkoOkO2zxZnzplRy8Thhz0Ps/getUpdates "HTTP/1.1 200 OK"
2025-05-23 03:34:15,924 - httpx - INFO - HTTP Request: POST https://api.telegram.org/bot7093436536:AAEvjyOBDmUYkoOkO2zxZnzplRy8Thhz0Ps/getUpdates "HTTP/1.1 200 OK"
2025-05-23 03:34:26,011 - httpx - INFO - HTTP Request: POST https://api.telegram.org/bot7093436536:AAEvjyOBDmUYkoOkO2zxZnzplRy8Thhz0Ps/getUpdates "HTTP/1.1 200 OK"
2025-05-23 03:34:36,098 - httpx - INFO - HTTP Request: POST https://api.telegram.org/bot7093436536:AAEvjyOBDmUYkoOkO2zxZnzplRy8Thhz0Ps/getUpdates "HTTP/1.1 200 OK"
2025-05-23 03:34:42,173 - httpx - INFO - HTTP Request: POST https://api.telegram.org/bot7093436536:AAEvjyOBDmUYkoOkO2zxZnzplRy8Thhz0Ps/getUpdates "HTTP/1.1 200 OK"
2025-05-23 03:34:42,547 - httpx - INFO - HTTP Request: POST https://api.telegram.org/bot7093436536:AAEvjyOBDmUYkoOkO2zxZnzplRy8Thhz0Ps/sendMessage "HTTP/1.1 200 OK"
2025-05-23 03:34:52,268 - httpx - INFO - HTTP Request: POST https://api.telegram.org/bot7093436536:AAEvjyOBDmUYkoOkO2zxZnzplRy8Thhz0Ps/getUpdates "HTTP/1.1 200 OK"
2025-05-23 03:34:52,493 - httpx - INFO - HTTP Request: POST https://api.telegram.org/bot7093436536:AAEvjyOBDmUYkoOkO2zxZnzplRy8Thhz0Ps/getUpdates "HTTP/1.1 200 OK"
2025-05-23 03:34:53,037 - httpx - INFO - HTTP Request: POST https://api.openai.com/v1/chat/completions "HTTP/1.1 429 Too Many Requests"
2025-05-23 03:34:53,037 - openai._base_client - INFO - Retrying request to /chat/completions in 0.381670 seconds
2025-05-23 03:34:53,525 - httpx - INFO - HTTP Request: POST https://api.openai.com/v1/chat/completions "HTTP/1.1 429 Too Many Requests"
2025-05-23 03:34:53,525 - openai._base_client - INFO - Retrying request to /chat/completions in 0.838895 seconds
2025-05-23 03:34:54,467 - httpx - INFO - HTTP Request: POST https://api.openai.com/v1/chat/completions "HTTP/1.1 429 Too Many Requests"
2025-05-23 03:34:54,467 - __main__ - ERROR - OpenAI error: Error code: 429 - {'error': {'message': 'You exceeded your current quota, please check your plan and billing details. For more information on this error, read the docs: https://platform.openai.com/docs/guides/error-codes/api-errors.', 'type': 'insufficient_quota', 'param': None, 'code': 'insufficient_quota'}}
2025-05-23 03:34:54,725 - httpx - INFO - HTTP Request: POST https://api.telegram.org/bot7093436536:AAEvjyOBDmUYkoOkO2zxZnzplRy8Thhz0Ps/sendMessage "HTTP/1.1 200 OK"
2025-05-23 03:35:04,557 - httpx - INFO - HTTP Request: POST https://api.telegram.org/bot7093436536:AAEvjyOBDmUYkoOkO2zxZnzplRy8Thhz0Ps/getUpdates "HTTP/1.1 200 OK"
2025-05-23 03:35:09,475 - httpx - INFO - HTTP Request: POST https://api.telegram.org/bot7093436536:AAEvjyOBDmUYkoOkO2zxZnzplRy8Thhz0Ps/getUpdates "HTTP/1.1 200 OK"
2025-05-23 03:35:09,535 - utils - ERROR - Failed to fetch crypto rates: 403, message='Attempt to decode JSON with unexpected mimetype: text/html', url='https://api.bybit.com/v5/market/tickers?category=spot&symbol=BTCUSDT'
2025-05-23 03:35:10,027 - httpx - INFO - HTTP Request: POST https://api.telegram.org/bot7093436536:AAEvjyOBDmUYkoOkO2zxZnzplRy8Thhz0Ps/sendMessage "HTTP/1.1 200 OK"
2025-05-23 03:35:19,565 - httpx - INFO - HTTP Request: POST https://api.telegram.org/bot7093436536:AAEvjyOBDmUYkoOkO2zxZnzplRy8Thhz0Ps/getUpdates "HTTP/1.1 200 OK"
2025-05-23 03:35:25,146 - httpx - INFO - HTTP Request: POST https://api.telegram.org/bot7093436536:AAEvjyOBDmUYkoOkO2zxZnzplRy8Thhz0Ps/getUpdates "HTTP/1.1 200 OK"
2025-05-23 03:35:25,298 - httpx - INFO - HTTP Request: POST https://api.openai.com/v1/chat/completions "HTTP/1.1 429 Too Many Requests"
2025-05-23 03:35:25,299 - openai._base_client - INFO - Retrying request to /chat/completions in 0.400506 seconds
2025-05-23 03:35:25,803 - httpx - INFO - HTTP Request: POST https://api.openai.com/v1/chat/completions "HTTP/1.1 429 Too Many Requests"
2025-05-23 03:35:25,803 - openai._base_client - INFO - Retrying request to /chat/completions in 0.919941 seconds
2025-05-23 03:35:26,826 - httpx - INFO - HTTP Request: POST https://api.openai.com/v1/chat/completions "HTTP/1.1 429 Too Many Requests"
2025-05-23 03:35:26,827 - __main__ - ERROR - OpenAI error: Error code: 429 - {'error': {'message': 'You exceeded your current quota, please check your plan and billing details. For more information on this error, read the docs: https://platform.openai.com/docs/guides/error-codes/api-errors.', 'type': 'insufficient_quota', 'param': None, 'code': 'insufficient_quota'}}
2025-05-23 03:35:27,119 - httpx - INFO - HTTP Request: POST https://api.telegram.org/bot7093436536:AAEvjyOBDmUYkoOkO2zxZnzplRy8Thhz0Ps/sendMessage "HTTP/1.1 200 OK"
2025-05-23 03:35:36,914 - httpx - INFO - HTTP Request: POST https://api.telegram.org/bot7093436536:AAEvjyOBDmUYkoOkO2zxZnzplRy8Thhz0Ps/getUpdates "HTTP/1.1 200 OK"
2025-05-23 03:35:44,831 - httpx - INFO - HTTP Request: POST https://api.telegram.org/bot7093436536:AAEvjyOBDmUYkoOkO2zxZnzplRy8Thhz0Ps/getUpdates "HTTP/1.1 200 OK"
2025-05-23 03:35:44,831 - telegram.ext.Application - INFO - Application is stopping. This might take a moment.
2025-05-23 03:35:44,832 - apscheduler.scheduler - INFO - Scheduler has been shut down
2025-05-23 03:35:44,842 - telegram.ext.Application - INFO - Application.stop() complete
2025-05-23 03:36:13,857 - httpx - INFO - HTTP Request: POST https://api.telegram.org/bot7093436536:AAEvjyOBDmUYkoOkO2zxZnzplRy8Thhz0Ps/getMe "HTTP/1.1 200 OK"
2025-05-23 03:36:13,941 - httpx - INFO - HTTP Request: POST https://api.telegram.org/bot7093436536:AAEvjyOBDmUYkoOkO2zxZnzplRy8Thhz0Ps/deleteWebhook "HTTP/1.1 200 OK"
2025-05-23 03:36:13,943 - apscheduler.scheduler - INFO - Scheduler started
2025-05-23 03:36:13,943 - telegram.ext.Application - INFO - Application started
2025-05-23 03:36:20,494 - httpx - INFO - HTTP Request: POST https://api.telegram.org/bot7093436536:AAEvjyOBDmUYkoOkO2zxZnzplRy8Thhz0Ps/getUpdates "HTTP/1.1 200 OK"
2025-05-23 03:36:20,783 - httpx - INFO - HTTP Request: POST https://api.telegram.org/bot7093436536:AAEvjyOBDmUYkoOkO2zxZnzplRy8Thhz0Ps/sendMessage "HTTP/1.1 200 OK"
2025-05-23 03:36:30,592 - httpx - INFO - HTTP Request: POST https://api.telegram.org/bot7093436536:AAEvjyOBDmUYkoOkO2zxZnzplRy8Thhz0Ps/getUpdates "HTTP/1.1 200 OK"
2025-05-23 03:36:31,461 - httpx - INFO - HTTP Request: POST https://api.telegram.org/bot7093436536:AAEvjyOBDmUYkoOkO2zxZnzplRy8Thhz0Ps/getUpdates "HTTP/1.1 200 OK"
2025-05-23 03:36:31,866 - httpx - INFO - HTTP Request: POST https://api.telegram.org/bot7093436536:AAEvjyOBDmUYkoOkO2zxZnzplRy8Thhz0Ps/sendMessage "HTTP/1.1 200 OK"
2025-05-23 03:36:33,354 - httpx - INFO - HTTP Request: POST https://api.telegram.org/bot7093436536:AAEvjyOBDmUYkoOkO2zxZnzplRy8Thhz0Ps/getUpdates "HTTP/1.1 200 OK"
2025-05-23 03:36:33,443 - httpx - INFO - HTTP Request: POST https://api.telegram.org/bot7093436536:AAEvjyOBDmUYkoOkO2zxZnzplRy8Thhz0Ps/answerCallbackQuery "HTTP/1.1 200 OK"
2025-05-23 03:36:39,164 - httpx - INFO - HTTP Request: POST https://api.telegram.org/bot7093436536:AAEvjyOBDmUYkoOkO2zxZnzplRy8Thhz0Ps/getUpdates "HTTP/1.1 200 OK"
2025-05-23 03:36:39,443 - httpx - INFO - HTTP Request: POST https://api.telegram.org/bot7093436536:AAEvjyOBDmUYkoOkO2zxZnzplRy8Thhz0Ps/answerCallbackQuery "HTTP/1.1 200 OK"
2025-05-23 03:36:40,835 - httpx - INFO - HTTP Request: POST https://api.telegram.org/bot7093436536:AAEvjyOBDmUYkoOkO2zxZnzplRy8Thhz0Ps/getUpdates "HTTP/1.1 200 OK"
2025-05-23 03:36:40,926 - httpx - INFO - HTTP Request: POST https://api.telegram.org/bot7093436536:AAEvjyOBDmUYkoOkO2zxZnzplRy8Thhz0Ps/answerCallbackQuery "HTTP/1.1 200 OK"
2025-05-23 03:36:50,421 - httpx - INFO - HTTP Request: POST https://api.telegram.org/bot7093436536:AAEvjyOBDmUYkoOkO2zxZnzplRy8Thhz0Ps/getUpdates "HTTP/1.1 200 OK"
2025-05-23 03:36:50,566 - httpx - INFO - HTTP Request: POST https://api.openai.com/v1/chat/completions "HTTP/1.1 429 Too Many Requests"
2025-05-23 03:36:50,566 - openai._base_client - INFO - Retrying request to /chat/completions in 0.386997 seconds
2025-05-23 03:36:51,051 - httpx - INFO - HTTP Request: POST https://api.openai.com/v1/chat/completions "HTTP/1.1 429 Too Many Requests"
2025-05-23 03:36:51,051 - openai._base_client - INFO - Retrying request to /chat/completions in 0.870564 seconds
2025-05-23 03:36:52,020 - httpx - INFO - HTTP Request: POST https://api.openai.com/v1/chat/completions "HTTP/1.1 429 Too Many Requests"
2025-05-23 03:36:52,021 - __main__ - ERROR - OpenAI error: Error code: 429 - {'error': {'message': 'You exceeded your current quota, please check your plan and billing details. For more information on this error, read the docs: https://platform.openai.com/docs/guides/error-codes/api-errors.', 'type': 'insufficient_quota', 'param': None, 'code': 'insufficient_quota'}}
2025-05-23 03:36:52,296 - httpx - INFO - HTTP Request: POST https://api.telegram.org/bot7093436536:AAEvjyOBDmUYkoOkO2zxZnzplRy8Thhz0Ps/sendMessage "HTTP/1.1 200 OK"
2025-05-23 03:37:00,956 - httpx - INFO - HTTP Request: POST https://api.telegram.org/bot7093436536:AAEvjyOBDmUYkoOkO2zxZnzplRy8Thhz0Ps/getUpdates "HTTP/1.1 200 OK"
2025-05-23 03:37:01,245 - httpx - INFO - HTTP Request: POST https://api.telegram.org/bot7093436536:AAEvjyOBDmUYkoOkO2zxZnzplRy8Thhz0Ps/sendMessage "HTTP/1.1 200 OK"
2025-05-23 03:37:02,512 - httpx - INFO - HTTP Request: POST https://api.telegram.org/bot7093436536:AAEvjyOBDmUYkoOkO2zxZnzplRy8Thhz0Ps/getUpdates "HTTP/1.1 200 OK"
2025-05-23 03:37:02,607 - httpx - INFO - HTTP Request: POST https://api.telegram.org/bot7093436536:AAEvjyOBDmUYkoOkO2zxZnzplRy8Thhz0Ps/answerCallbackQuery "HTTP/1.1 200 OK"
2025-05-23 03:37:03,586 - httpx - INFO - HTTP Request: POST https://api.telegram.org/bot7093436536:AAEvjyOBDmUYkoOkO2zxZnzplRy8Thhz0Ps/getUpdates "HTTP/1.1 200 OK"
2025-05-23 03:37:03,682 - httpx - INFO - HTTP Request: POST https://api.telegram.org/bot7093436536:AAEvjyOBDmUYkoOkO2zxZnzplRy8Thhz0Ps/answerCallbackQuery "HTTP/1.1 200 OK"
2025-05-23 03:37:13,672 - httpx - INFO - HTTP Request: POST https://api.telegram.org/bot7093436536:AAEvjyOBDmUYkoOkO2zxZnzplRy8Thhz0Ps/getUpdates "HTTP/1.1 200 OK"
2025-05-23 03:37:20,631 - httpx - INFO - HTTP Request: POST https://api.telegram.org/bot7093436536:AAEvjyOBDmUYkoOkO2zxZnzplRy8Thhz0Ps/getUpdates "HTTP/1.1 200 OK"
2025-05-23 03:37:20,633 - telegram.ext.Application - INFO - Application is stopping. This might take a moment.
2025-05-23 03:37:20,633 - apscheduler.scheduler - INFO - Scheduler has been shut down
2025-05-23 03:37:20,644 - telegram.ext.Application - INFO - Application.stop() complete
2025-05-23 03:37:40,537 - httpx - INFO - HTTP Request: POST https://api.telegram.org/bot7093436536:AAEvjyOBDmUYkoOkO2zxZnzplRy8Thhz0Ps/getMe "HTTP/1.1 200 OK"
2025-05-23 03:37:40,621 - httpx - INFO - HTTP Request: POST https://api.telegram.org/bot7093436536:AAEvjyOBDmUYkoOkO2zxZnzplRy8Thhz0Ps/deleteWebhook "HTTP/1.1 200 OK"
2025-05-23 03:37:40,623 - apscheduler.scheduler - INFO - Scheduler started
2025-05-23 03:37:40,623 - telegram.ext.Application - INFO - Application started
2025-05-23 03:37:50,889 - httpx - INFO - HTTP Request: POST https://api.telegram.org/bot7093436536:AAEvjyOBDmUYkoOkO2zxZnzplRy8Thhz0Ps/getUpdates "HTTP/1.1 200 OK"
2025-05-23 03:37:59,883 - httpx - INFO - HTTP Request: POST https://api.telegram.org/bot7093436536:AAEvjyOBDmUYkoOkO2zxZnzplRy8Thhz0Ps/getUpdates "HTTP/1.1 200 OK"
2025-05-23 03:38:00,267 - httpx - INFO - HTTP Request: POST https://api.telegram.org/bot7093436536:AAEvjyOBDmUYkoOkO2zxZnzplRy8Thhz0Ps/sendMessage "HTTP/1.1 200 OK"
2025-05-23 03:38:07,016 - httpx - INFO - HTTP Request: POST https://api.telegram.org/bot7093436536:AAEvjyOBDmUYkoOkO2zxZnzplRy8Thhz0Ps/getUpdates "HTTP/1.1 200 OK"
2025-05-23 03:38:07,454 - httpx - INFO - HTTP Request: POST https://api.telegram.org/bot7093436536:AAEvjyOBDmUYkoOkO2zxZnzplRy8Thhz0Ps/sendMessage "HTTP/1.1 200 OK"
2025-05-23 03:38:08,688 - httpx - INFO - HTTP Request: POST https://api.telegram.org/bot7093436536:AAEvjyOBDmUYkoOkO2zxZnzplRy8Thhz0Ps/getUpdates "HTTP/1.1 200 OK"
2025-05-23 03:38:08,780 - httpx - INFO - HTTP Request: POST https://api.telegram.org/bot7093436536:AAEvjyOBDmUYkoOkO2zxZnzplRy8Thhz0Ps/answerCallbackQuery "HTTP/1.1 200 OK"
2025-05-23 03:38:11,394 - httpx - INFO - HTTP Request: POST https://api.telegram.org/bot7093436536:AAEvjyOBDmUYkoOkO2zxZnzplRy8Thhz0Ps/getUpdates "HTTP/1.1 200 OK"
2025-05-23 03:38:11,488 - httpx - INFO - HTTP Request: POST https://api.telegram.org/bot7093436536:AAEvjyOBDmUYkoOkO2zxZnzplRy8Thhz0Ps/answerCallbackQuery "HTTP/1.1 200 OK"
2025-05-23 03:38:12,267 - httpx - INFO - HTTP Request: POST https://api.telegram.org/bot7093436536:AAEvjyOBDmUYkoOkO2zxZnzplRy8Thhz0Ps/getUpdates "HTTP/1.1 200 OK"
2025-05-23 03:38:12,357 - httpx - INFO - HTTP Request: POST https://api.telegram.org/bot7093436536:AAEvjyOBDmUYkoOkO2zxZnzplRy8Thhz0Ps/answerCallbackQuery "HTTP/1.1 200 OK"
2025-05-23 03:38:13,433 - httpx - INFO - HTTP Request: POST https://api.telegram.org/bot7093436536:AAEvjyOBDmUYkoOkO2zxZnzplRy8Thhz0Ps/getUpdates "HTTP/1.1 200 OK"
2025-05-23 03:38:13,524 - httpx - INFO - HTTP Request: POST https://api.telegram.org/bot7093436536:AAEvjyOBDmUYkoOkO2zxZnzplRy8Thhz0Ps/answerCallbackQuery "HTTP/1.1 200 OK"
2025-05-23 03:38:15,745 - httpx - INFO - HTTP Request: POST https://api.telegram.org/bot7093436536:AAEvjyOBDmUYkoOkO2zxZnzplRy8Thhz0Ps/getUpdates "HTTP/1.1 200 OK"
2025-05-23 03:38:15,839 - httpx - INFO - HTTP Request: POST https://api.telegram.org/bot7093436536:AAEvjyOBDmUYkoOkO2zxZnzplRy8Thhz0Ps/answerCallbackQuery "HTTP/1.1 200 OK"
2025-05-23 03:38:25,837 - httpx - INFO - HTTP Request: POST https://api.telegram.org/bot7093436536:AAEvjyOBDmUYkoOkO2zxZnzplRy8Thhz0Ps/getUpdates "HTTP/1.1 200 OK"
2025-05-23 03:38:35,931 - httpx - INFO - HTTP Request: POST https://api.telegram.org/bot7093436536:AAEvjyOBDmUYkoOkO2zxZnzplRy8Thhz0Ps/getUpdates "HTTP/1.1 200 OK"
2025-05-23 03:38:37,677 - httpx - INFO - HTTP Request: POST https://api.telegram.org/bot7093436536:AAEvjyOBDmUYkoOkO2zxZnzplRy8Thhz0Ps/getUpdates "HTTP/1.1 200 OK"
2025-05-23 03:38:37,932 - httpx - INFO - HTTP Request: POST https://api.telegram.org/bot7093436536:AAEvjyOBDmUYkoOkO2zxZnzplRy8Thhz0Ps/answerCallbackQuery "HTTP/1.1 200 OK"
2025-05-23 03:38:39,338 - httpx - INFO - HTTP Request: POST https://api.telegram.org/bot7093436536:AAEvjyOBDmUYkoOkO2zxZnzplRy8Thhz0Ps/getUpdates "HTTP/1.1 200 OK"
2025-05-23 03:38:39,425 - httpx - INFO - HTTP Request: POST https://api.telegram.org/bot7093436536:AAEvjyOBDmUYkoOkO2zxZnzplRy8Thhz0Ps/answerCallbackQuery "HTTP/1.1 200 OK"
2025-05-23 03:38:39,476 - httpx - INFO - HTTP Request: POST https://api.telegram.org/bot7093436536:AAEvjyOBDmUYkoOkO2zxZnzplRy8Thhz0Ps/getUpdates "HTTP/1.1 200 OK"
2025-05-23 03:38:39,682 - httpx - INFO - HTTP Request: POST https://api.telegram.org/bot7093436536:AAEvjyOBDmUYkoOkO2zxZnzplRy8Thhz0Ps/answerCallbackQuery "HTTP/1.1 200 OK"
2025-05-23 03:38:49,568 - httpx - INFO - HTTP Request: POST https://api.telegram.org/bot7093436536:AAEvjyOBDmUYkoOkO2zxZnzplRy8Thhz0Ps/getUpdates "HTTP/1.1 200 OK"
2025-05-23 03:38:54,355 - httpx - INFO - HTTP Request: POST https://api.telegram.org/bot7093436536:AAEvjyOBDmUYkoOkO2zxZnzplRy8Thhz0Ps/getUpdates "HTTP/1.1 200 OK"
2025-05-23 03:38:54,620 - httpx - INFO - HTTP Request: POST https://api.telegram.org/bot7093436536:AAEvjyOBDmUYkoOkO2zxZnzplRy8Thhz0Ps/answerCallbackQuery "HTTP/1.1 200 OK"
2025-05-23 03:38:56,645 - httpx - INFO - HTTP Request: POST https://api.telegram.org/bot7093436536:AAEvjyOBDmUYkoOkO2zxZnzplRy8Thhz0Ps/getUpdates "HTTP/1.1 200 OK"
2025-05-23 03:38:56,736 - httpx - INFO - HTTP Request: POST https://api.telegram.org/bot7093436536:AAEvjyOBDmUYkoOkO2zxZnzplRy8Thhz0Ps/answerCallbackQuery "HTTP/1.1 200 OK"
2025-05-23 03:39:01,616 - httpx - INFO - HTTP Request: POST https://api.telegram.org/bot7093436536:AAEvjyOBDmUYkoOkO2zxZnzplRy8Thhz0Ps/getUpdates "HTTP/1.1 200 OK"
2025-05-23 03:39:01,719 - httpx - INFO - HTTP Request: POST https://api.telegram.org/bot7093436536:AAEvjyOBDmUYkoOkO2zxZnzplRy8Thhz0Ps/sendMessage "HTTP/1.1 200 OK"
2025-05-23 03:39:03,486 - httpx - INFO - HTTP Request: POST https://api.telegram.org/bot7093436536:AAEvjyOBDmUYkoOkO2zxZnzplRy8Thhz0Ps/getUpdates "HTTP/1.1 200 OK"
2025-05-23 03:39:03,576 - httpx - INFO - HTTP Request: POST https://api.telegram.org/bot7093436536:AAEvjyOBDmUYkoOkO2zxZnzplRy8Thhz0Ps/answerCallbackQuery "HTTP/1.1 200 OK"
2025-05-23 03:39:13,577 - httpx - INFO - HTTP Request: POST https://api.telegram.org/bot7093436536:AAEvjyOBDmUYkoOkO2zxZnzplRy8Thhz0Ps/getUpdates "HTTP/1.1 200 OK"
2025-05-23 03:39:23,667 - httpx - INFO - HTTP Request: POST https://api.telegram.org/bot7093436536:AAEvjyOBDmUYkoOkO2zxZnzplRy8Thhz0Ps/getUpdates "HTTP/1.1 200 OK"
2025-05-23 03:39:33,757 - httpx - INFO - HTTP Request: POST https://api.telegram.org/bot7093436536:AAEvjyOBDmUYkoOkO2zxZnzplRy8Thhz0Ps/getUpdates "HTTP/1.1 200 OK"
2025-05-23 03:39:43,848 - httpx - INFO - HTTP Request: POST https://api.telegram.org/bot7093436536:AAEvjyOBDmUYkoOkO2zxZnzplRy8Thhz0Ps/getUpdates "HTTP/1.1 200 OK"
2025-05-23 03:39:53,937 - httpx - INFO - HTTP Request: POST https://api.telegram.org/bot7093436536:AAEvjyOBDmUYkoOkO2zxZnzplRy8Thhz0Ps/getUpdates "HTTP/1.1 200 OK"
2025-05-23 03:40:04,027 - httpx - INFO - HTTP Request: POST https://api.telegram.org/bot7093436536:AAEvjyOBDmUYkoOkO2zxZnzplRy8Thhz0Ps/getUpdates "HTTP/1.1 200 OK"
2025-05-23 03:40:14,128 - httpx - INFO - HTTP Request: POST https://api.telegram.org/bot7093436536:AAEvjyOBDmUYkoOkO2zxZnzplRy8Thhz0Ps/getUpdates "HTTP/1.1 200 OK"
2025-05-23 03:40:24,217 - httpx - INFO - HTTP Request: POST https://api.telegram.org/bot7093436536:AAEvjyOBDmUYkoOkO2zxZnzplRy8Thhz0Ps/getUpdates "HTTP/1.1 200 OK"
2025-05-23 03:40:34,308 - httpx - INFO - HTTP Request: POST https://api.telegram.org/bot7093436536:AAEvjyOBDmUYkoOkO2zxZnzplRy8Thhz0Ps/getUpdates "HTTP/1.1 200 OK"
2025-05-23 03:40:44,398 - httpx - INFO - HTTP Request: POST https://api.telegram.org/bot7093436536:AAEvjyOBDmUYkoOkO2zxZnzplRy8Thhz0Ps/getUpdates "HTTP/1.1 200 OK"
2025-05-23 03:40:54,488 - httpx - INFO - HTTP Request: POST https://api.telegram.org/bot7093436536:AAEvjyOBDmUYkoOkO2zxZnzplRy8Thhz0Ps/getUpdates "HTTP/1.1 200 OK"
2025-05-23 03:41:04,577 - httpx - INFO - HTTP Request: POST https://api.telegram.org/bot7093436536:AAEvjyOBDmUYkoOkO2zxZnzplRy8Thhz0Ps/getUpdates "HTTP/1.1 200 OK"
2025-05-23 03:41:13,277 - httpx - INFO - HTTP Request: POST https://api.telegram.org/bot7093436536:AAEvjyOBDmUYkoOkO2zxZnzplRy8Thhz0Ps/getUpdates "HTTP/1.1 200 OK"
2025-05-23 03:41:13,277 - telegram.ext.Application - INFO - Application is stopping. This might take a moment.
2025-05-23 03:41:13,277 - apscheduler.scheduler - INFO - Scheduler has been shut down
2025-05-23 03:41:13,288 - telegram.ext.Application - INFO - Application.stop() complete
2025-05-23 03:42:42,119 - httpx - INFO - HTTP Request: POST https://api.telegram.org/bot7093436536:AAEvjyOBDmUYkoOkO2zxZnzplRy8Thhz0Ps/getMe "HTTP/1.1 200 OK"
2025-05-23 03:42:42,218 - httpx - INFO - HTTP Request: POST https://api.telegram.org/bot7093436536:AAEvjyOBDmUYkoOkO2zxZnzplRy8Thhz0Ps/deleteWebhook "HTTP/1.1 200 OK"
2025-05-23 03:42:42,220 - apscheduler.scheduler - INFO - Scheduler started
2025-05-23 03:42:42,221 - telegram.ext.Application - INFO - Application started
2025-05-23 03:42:52,482 - httpx - INFO - HTTP Request: POST https://api.telegram.org/bot7093436536:AAEvjyOBDmUYkoOkO2zxZnzplRy8Thhz0Ps/getUpdates "HTTP/1.1 200 OK"
2025-05-23 03:43:02,569 - httpx - INFO - HTTP Request: POST https://api.telegram.org/bot7093436536:AAEvjyOBDmUYkoOkO2zxZnzplRy8Thhz0Ps/getUpdates "HTTP/1.1 200 OK"
2025-05-23 03:43:12,657 - httpx - INFO - HTTP Request: POST https://api.telegram.org/bot7093436536:AAEvjyOBDmUYkoOkO2zxZnzplRy8Thhz0Ps/getUpdates "HTTP/1.1 200 OK"
2025-05-23 03:43:22,746 - httpx - INFO - HTTP Request: POST https://api.telegram.org/bot7093436536:AAEvjyOBDmUYkoOkO2zxZnzplRy8Thhz0Ps/getUpdates "HTTP/1.1 200 OK"
2025-05-23 03:43:32,834 - httpx - INFO - HTTP Request: POST https://api.telegram.org/bot7093436536:AAEvjyOBDmUYkoOkO2zxZnzplRy8Thhz0Ps/getUpdates "HTTP/1.1 200 OK"
2025-05-23 03:43:42,931 - httpx - INFO - HTTP Request: POST https://api.telegram.org/bot7093436536:AAEvjyOBDmUYkoOkO2zxZnzplRy8Thhz0Ps/getUpdates "HTTP/1.1 200 OK"
2025-05-23 03:43:53,019 - httpx - INFO - HTTP Request: POST https://api.telegram.org/bot7093436536:AAEvjyOBDmUYkoOkO2zxZnzplRy8Thhz0Ps/getUpdates "HTTP/1.1 200 OK"
2025-05-23 03:44:03,107 - httpx - INFO - HTTP Request: POST https://api.telegram.org/bot7093436536:AAEvjyOBDmUYkoOkO2zxZnzplRy8Thhz0Ps/getUpdates "HTTP/1.1 200 OK"
2025-05-23 03:44:13,195 - httpx - INFO - HTTP Request: POST https://api.telegram.org/bot7093436536:AAEvjyOBDmUYkoOkO2zxZnzplRy8Thhz0Ps/getUpdates "HTTP/1.1 200 OK"
2025-05-23 03:44:23,283 - httpx - INFO - HTTP Request: POST https://api.telegram.org/bot7093436536:AAEvjyOBDmUYkoOkO2zxZnzplRy8Thhz0Ps/getUpdates "HTTP/1.1 200 OK"
2025-05-23 03:44:33,370 - httpx - INFO - HTTP Request: POST https://api.telegram.org/bot7093436536:AAEvjyOBDmUYkoOkO2zxZnzplRy8Thhz0Ps/getUpdates "HTTP/1.1 200 OK"
2025-05-23 03:44:43,459 - httpx - INFO - HTTP Request: POST https://api.telegram.org/bot7093436536:AAEvjyOBDmUYkoOkO2zxZnzplRy8Thhz0Ps/getUpdates "HTTP/1.1 200 OK"
2025-05-23 03:44:53,547 - httpx - INFO - HTTP Request: POST https://api.telegram.org/bot7093436536:AAEvjyOBDmUYkoOkO2zxZnzplRy8Thhz0Ps/getUpdates "HTTP/1.1 200 OK"
2025-05-23 03:45:03,636 - httpx - INFO - HTTP Request: POST https://api.telegram.org/bot7093436536:AAEvjyOBDmUYkoOkO2zxZnzplRy8Thhz0Ps/getUpdates "HTTP/1.1 200 OK"
2025-05-23 03:45:13,724 - httpx - INFO - HTTP Request: POST https://api.telegram.org/bot7093436536:AAEvjyOBDmUYkoOkO2zxZnzplRy8Thhz0Ps/getUpdates "HTTP/1.1 200 OK"
2025-05-23 03:45:23,812 - httpx - INFO - HTTP Request: POST https://api.telegram.org/bot7093436536:AAEvjyOBDmUYkoOkO2zxZnzplRy8Thhz0Ps/getUpdates "HTTP/1.1 200 OK"
2025-05-23 03:45:33,911 - httpx - INFO - HTTP Request: POST https://api.telegram.org/bot7093436536:AAEvjyOBDmUYkoOkO2zxZnzplRy8Thhz0Ps/getUpdates "HTTP/1.1 200 OK"
2025-05-23 03:45:43,999 - httpx - INFO - HTTP Request: POST https://api.telegram.org/bot7093436536:AAEvjyOBDmUYkoOkO2zxZnzplRy8Thhz0Ps/getUpdates "HTTP/1.1 200 OK"
2025-05-23 03:45:54,086 - httpx - INFO - HTTP Request: POST https://api.telegram.org/bot7093436536:AAEvjyOBDmUYkoOkO2zxZnzplRy8Thhz0Ps/getUpdates "HTTP/1.1 200 OK"
2025-05-23 03:46:04,174 - httpx - INFO - HTTP Request: POST https://api.telegram.org/bot7093436536:AAEvjyOBDmUYkoOkO2zxZnzplRy8Thhz0Ps/getUpdates "HTTP/1.1 200 OK"
2025-05-23 03:46:14,263 - httpx - INFO - HTTP Request: POST https://api.telegram.org/bot7093436536:AAEvjyOBDmUYkoOkO2zxZnzplRy8Thhz0Ps/getUpdates "HTTP/1.1 200 OK"
2025-05-23 03:46:24,351 - httpx - INFO - HTTP Request: POST https://api.telegram.org/bot7093436536:AAEvjyOBDmUYkoOkO2zxZnzplRy8Thhz0Ps/getUpdates "HTTP/1.1 200 OK"
2025-05-23 03:46:34,438 - httpx - INFO - HTTP Request: POST https://api.telegram.org/bot7093436536:AAEvjyOBDmUYkoOkO2zxZnzplRy8Thhz0Ps/getUpdates "HTTP/1.1 200 OK"
2025-05-23 03:46:44,526 - httpx - INFO - HTTP Request: POST https://api.telegram.org/bot7093436536:AAEvjyOBDmUYkoOkO2zxZnzplRy8Thhz0Ps/getUpdates "HTTP/1.1 200 OK"
2025-05-23 03:46:54,613 - httpx - INFO - HTTP Request: POST https://api.telegram.org/bot7093436536:AAEvjyOBDmUYkoOkO2zxZnzplRy8Thhz0Ps/getUpdates "HTTP/1.1 200 OK"
2025-05-23 03:46:58,325 - httpx - INFO - HTTP Request: POST https://api.telegram.org/bot7093436536:AAEvjyOBDmUYkoOkO2zxZnzplRy8Thhz0Ps/getUpdates "HTTP/1.1 200 OK"
2025-05-23 03:46:58,325 - telegram.ext.Application - INFO - Application is stopping. This might take a moment.
2025-05-23 03:46:58,327 - apscheduler.scheduler - INFO - Scheduler has been shut down
2025-05-23 03:46:58,337 - telegram.ext.Application - INFO - Application.stop() complete
2025-05-23 03:51:45,555 - httpx - INFO - HTTP Request: POST https://api.telegram.org/bot7093436536:AAEvjyOBDmUYkoOkO2zxZnzplRy8Thhz0Ps/getMe "HTTP/1.1 200 OK"
2025-05-23 03:51:45,639 - httpx - INFO - HTTP Request: POST https://api.telegram.org/bot7093436536:AAEvjyOBDmUYkoOkO2zxZnzplRy8Thhz0Ps/deleteWebhook "HTTP/1.1 200 OK"
2025-05-23 03:51:45,640 - apscheduler.scheduler - INFO - Scheduler started
2025-05-23 03:51:45,641 - telegram.ext.Application - INFO - Application started
2025-05-23 03:51:55,932 - httpx - INFO - HTTP Request: POST https://api.telegram.org/bot7093436536:AAEvjyOBDmUYkoOkO2zxZnzplRy8Thhz0Ps/getUpdates "HTTP/1.1 200 OK"
2025-05-23 03:52:06,017 - httpx - INFO - HTTP Request: POST https://api.telegram.org/bot7093436536:AAEvjyOBDmUYkoOkO2zxZnzplRy8Thhz0Ps/getUpdates "HTTP/1.1 200 OK"
2025-05-23 03:52:16,108 - httpx - INFO - HTTP Request: POST https://api.telegram.org/bot7093436536:AAEvjyOBDmUYkoOkO2zxZnzplRy8Thhz0Ps/getUpdates "HTTP/1.1 200 OK"
2025-05-23 03:52:26,193 - httpx - INFO - HTTP Request: POST https://api.telegram.org/bot7093436536:AAEvjyOBDmUYkoOkO2zxZnzplRy8Thhz0Ps/getUpdates "HTTP/1.1 200 OK"
2025-05-23 03:52:36,276 - httpx - INFO - HTTP Request: POST https://api.telegram.org/bot7093436536:AAEvjyOBDmUYkoOkO2zxZnzplRy8Thhz0Ps/getUpdates "HTTP/1.1 200 OK"
2025-05-23 03:52:46,362 - httpx - INFO - HTTP Request: POST https://api.telegram.org/bot7093436536:AAEvjyOBDmUYkoOkO2zxZnzplRy8Thhz0Ps/getUpdates "HTTP/1.1 200 OK"
2025-05-23 03:52:56,454 - httpx - INFO - HTTP Request: POST https://api.telegram.org/bot7093436536:AAEvjyOBDmUYkoOkO2zxZnzplRy8Thhz0Ps/getUpdates "HTTP/1.1 200 OK"
2025-05-23 03:53:06,538 - httpx - INFO - HTTP Request: POST https://api.telegram.org/bot7093436536:AAEvjyOBDmUYkoOkO2zxZnzplRy8Thhz0Ps/getUpdates "HTTP/1.1 200 OK"
2025-05-23 03:53:16,625 - httpx - INFO - HTTP Request: POST https://api.telegram.org/bot7093436536:AAEvjyOBDmUYkoOkO2zxZnzplRy8Thhz0Ps/getUpdates "HTTP/1.1 200 OK"
2025-05-23 03:53:26,709 - httpx - INFO - HTTP Request: POST https://api.telegram.org/bot7093436536:AAEvjyOBDmUYkoOkO2zxZnzplRy8Thhz0Ps/getUpdates "HTTP/1.1 200 OK"
2025-05-23 03:53:36,794 - httpx - INFO - HTTP Request: POST https://api.telegram.org/bot7093436536:AAEvjyOBDmUYkoOkO2zxZnzplRy8Thhz0Ps/getUpdates "HTTP/1.1 200 OK"
2025-05-23 03:53:46,881 - httpx - INFO - HTTP Request: POST https://api.telegram.org/bot7093436536:AAEvjyOBDmUYkoOkO2zxZnzplRy8Thhz0Ps/getUpdates "HTTP/1.1 200 OK"
2025-05-23 03:53:56,977 - httpx - INFO - HTTP Request: POST https://api.telegram.org/bot7093436536:AAEvjyOBDmUYkoOkO2zxZnzplRy8Thhz0Ps/getUpdates "HTTP/1.1 200 OK"
2025-05-23 03:54:07,062 - httpx - INFO - HTTP Request: POST https://api.telegram.org/bot7093436536:AAEvjyOBDmUYkoOkO2zxZnzplRy8Thhz0Ps/getUpdates "HTTP/1.1 200 OK"
2025-05-23 03:54:17,147 - httpx - INFO - HTTP Request: POST https://api.telegram.org/bot7093436536:AAEvjyOBDmUYkoOkO2zxZnzplRy8Thhz0Ps/getUpdates "HTTP/1.1 200 OK"
2025-05-23 03:54:27,231 - httpx - INFO - HTTP Request: POST https://api.telegram.org/bot7093436536:AAEvjyOBDmUYkoOkO2zxZnzplRy8Thhz0Ps/getUpdates "HTTP/1.1 200 OK"
2025-05-23 03:54:37,317 - httpx - INFO - HTTP Request: POST https://api.telegram.org/bot7093436536:AAEvjyOBDmUYkoOkO2zxZnzplRy8Thhz0Ps/getUpdates "HTTP/1.1 200 OK"
2025-05-23 03:54:47,402 - httpx - INFO - HTTP Request: POST https://api.telegram.org/bot7093436536:AAEvjyOBDmUYkoOkO2zxZnzplRy8Thhz0Ps/getUpdates "HTTP/1.1 200 OK"
2025-05-23 03:54:57,488 - httpx - INFO - HTTP Request: POST https://api.telegram.org/bot7093436536:AAEvjyOBDmUYkoOkO2zxZnzplRy8Thhz0Ps/getUpdates "HTTP/1.1 200 OK"
2025-05-23 03:55:07,584 - httpx - INFO - HTTP Request: POST https://api.telegram.org/bot7093436536:AAEvjyOBDmUYkoOkO2zxZnzplRy8Thhz0Ps/getUpdates "HTTP/1.1 200 OK"
2025-05-23 03:55:17,670 - httpx - INFO - HTTP Request: POST https://api.telegram.org/bot7093436536:AAEvjyOBDmUYkoOkO2zxZnzplRy8Thhz0Ps/getUpdates "HTTP/1.1 200 OK"
2025-05-23 03:55:27,755 - httpx - INFO - HTTP Request: POST https://api.telegram.org/bot7093436536:AAEvjyOBDmUYkoOkO2zxZnzplRy8Thhz0Ps/getUpdates "HTTP/1.1 200 OK"
2025-05-23 03:55:37,841 - httpx - INFO - HTTP Request: POST https://api.telegram.org/bot7093436536:AAEvjyOBDmUYkoOkO2zxZnzplRy8Thhz0Ps/getUpdates "HTTP/1.1 200 OK"
2025-05-23 03:55:47,944 - httpx - INFO - HTTP Request: POST https://api.telegram.org/bot7093436536:AAEvjyOBDmUYkoOkO2zxZnzplRy8Thhz0Ps/getUpdates "HTTP/1.1 200 OK"
2025-05-23 03:55:58,031 - httpx - INFO - HTTP Request: POST https://api.telegram.org/bot7093436536:AAEvjyOBDmUYkoOkO2zxZnzplRy8Thhz0Ps/getUpdates "HTTP/1.1 200 OK"
2025-05-23 03:56:07,823 - httpx - INFO - HTTP Request: POST https://api.telegram.org/bot7093436536:AAEvjyOBDmUYkoOkO2zxZnzplRy8Thhz0Ps/getUpdates "HTTP/1.1 200 OK"
2025-05-23 03:56:08,098 - httpx - INFO - HTTP Request: POST https://api.telegram.org/bot7093436536:AAEvjyOBDmUYkoOkO2zxZnzplRy8Thhz0Ps/sendMessage "HTTP/1.1 200 OK"
2025-05-23 03:56:15,090 - httpx - INFO - HTTP Request: POST https://api.telegram.org/bot7093436536:AAEvjyOBDmUYkoOkO2zxZnzplRy8Thhz0Ps/getUpdates "HTTP/1.1 200 OK"
2025-05-23 03:56:15,474 - httpx - INFO - HTTP Request: POST https://api.telegram.org/bot7093436536:AAEvjyOBDmUYkoOkO2zxZnzplRy8Thhz0Ps/sendMessage "HTTP/1.1 200 OK"
2025-05-23 03:56:25,288 - httpx - INFO - HTTP Request: POST https://api.telegram.org/bot7093436536:AAEvjyOBDmUYkoOkO2zxZnzplRy8Thhz0Ps/getUpdates "HTTP/1.1 200 OK"
2025-05-23 03:56:35,373 - httpx - INFO - HTTP Request: POST https://api.telegram.org/bot7093436536:AAEvjyOBDmUYkoOkO2zxZnzplRy8Thhz0Ps/getUpdates "HTTP/1.1 200 OK"
2025-05-23 03:56:45,457 - httpx - INFO - HTTP Request: POST https://api.telegram.org/bot7093436536:AAEvjyOBDmUYkoOkO2zxZnzplRy8Thhz0Ps/getUpdates "HTTP/1.1 200 OK"
2025-05-23 03:56:55,541 - httpx - INFO - HTTP Request: POST https://api.telegram.org/bot7093436536:AAEvjyOBDmUYkoOkO2zxZnzplRy8Thhz0Ps/getUpdates "HTTP/1.1 200 OK"
2025-05-23 03:57:05,627 - httpx - INFO - HTTP Request: POST https://api.telegram.org/bot7093436536:AAEvjyOBDmUYkoOkO2zxZnzplRy8Thhz0Ps/getUpdates "HTTP/1.1 200 OK"
2025-05-23 03:57:09,842 - httpx - INFO - HTTP Request: POST https://api.telegram.org/bot7093436536:AAEvjyOBDmUYkoOkO2zxZnzplRy8Thhz0Ps/getUpdates "HTTP/1.1 200 OK"
2025-05-23 03:57:10,067 - utils - ERROR - Failed to fetch crypto rates: 403, message='Attempt to decode JSON with unexpected mimetype: text/html', url='https://api.bybit.com/v5/market/tickers?category=spot&symbol=TONUSDT'
2025-05-23 03:57:10,355 - httpx - INFO - HTTP Request: POST https://api.telegram.org/bot7093436536:AAEvjyOBDmUYkoOkO2zxZnzplRy8Thhz0Ps/sendMessage "HTTP/1.1 200 OK"
2025-05-23 03:57:19,929 - httpx - INFO - HTTP Request: POST https://api.telegram.org/bot7093436536:AAEvjyOBDmUYkoOkO2zxZnzplRy8Thhz0Ps/getUpdates "HTTP/1.1 200 OK"
2025-05-23 03:57:30,017 - httpx - INFO - HTTP Request: POST https://api.telegram.org/bot7093436536:AAEvjyOBDmUYkoOkO2zxZnzplRy8Thhz0Ps/getUpdates "HTTP/1.1 200 OK"
2025-05-23 03:57:40,102 - httpx - INFO - HTTP Request: POST https://api.telegram.org/bot7093436536:AAEvjyOBDmUYkoOkO2zxZnzplRy8Thhz0Ps/getUpdates "HTTP/1.1 200 OK"
2025-05-23 03:57:50,191 - httpx - INFO - HTTP Request: POST https://api.telegram.org/bot7093436536:AAEvjyOBDmUYkoOkO2zxZnzplRy8Thhz0Ps/getUpdates "HTTP/1.1 200 OK"
2025-05-23 03:58:00,277 - httpx - INFO - HTTP Request: POST https://api.telegram.org/bot7093436536:AAEvjyOBDmUYkoOkO2zxZnzplRy8Thhz0Ps/getUpdates "HTTP/1.1 200 OK"
2025-05-23 03:58:10,366 - httpx - INFO - HTTP Request: POST https://api.telegram.org/bot7093436536:AAEvjyOBDmUYkoOkO2zxZnzplRy8Thhz0Ps/getUpdates "HTTP/1.1 200 OK"
2025-05-23 03:58:20,451 - httpx - INFO - HTTP Request: POST https://api.telegram.org/bot7093436536:AAEvjyOBDmUYkoOkO2zxZnzplRy8Thhz0Ps/getUpdates "HTTP/1.1 200 OK"
2025-05-23 03:58:30,535 - httpx - INFO - HTTP Request: POST https://api.telegram.org/bot7093436536:AAEvjyOBDmUYkoOkO2zxZnzplRy8Thhz0Ps/getUpdates "HTTP/1.1 200 OK"
2025-05-23 03:58:40,620 - httpx - INFO - HTTP Request: POST https://api.telegram.org/bot7093436536:AAEvjyOBDmUYkoOkO2zxZnzplRy8Thhz0Ps/getUpdates "HTTP/1.1 200 OK"
2025-05-23 03:58:50,705 - httpx - INFO - HTTP Request: POST https://api.telegram.org/bot7093436536:AAEvjyOBDmUYkoOkO2zxZnzplRy8Thhz0Ps/getUpdates "HTTP/1.1 200 OK"
2025-05-23 03:59:00,795 - httpx - INFO - HTTP Request: POST https://api.telegram.org/bot7093436536:AAEvjyOBDmUYkoOkO2zxZnzplRy8Thhz0Ps/getUpdates "HTTP/1.1 200 OK"
2025-05-23 03:59:10,884 - httpx - INFO - HTTP Request: POST https://api.telegram.org/bot7093436536:AAEvjyOBDmUYkoOkO2zxZnzplRy8Thhz0Ps/getUpdates "HTTP/1.1 200 OK"
2025-05-23 03:59:20,969 - httpx - INFO - HTTP Request: POST https://api.telegram.org/bot7093436536:AAEvjyOBDmUYkoOkO2zxZnzplRy8Thhz0Ps/getUpdates "HTTP/1.1 200 OK"
2025-05-23 03:59:31,054 - httpx - INFO - HTTP Request: POST https://api.telegram.org/bot7093436536:AAEvjyOBDmUYkoOkO2zxZnzplRy8Thhz0Ps/getUpdates "HTTP/1.1 200 OK"
2025-05-23 03:59:41,139 - httpx - INFO - HTTP Request: POST https://api.telegram.org/bot7093436536:AAEvjyOBDmUYkoOkO2zxZnzplRy8Thhz0Ps/getUpdates "HTTP/1.1 200 OK"
2025-05-23 03:59:48,214 - httpx - INFO - HTTP Request: POST https://api.telegram.org/bot7093436536:AAEvjyOBDmUYkoOkO2zxZnzplRy8Thhz0Ps/getUpdates "HTTP/1.1 200 OK"
2025-05-23 03:59:48,650 - httpx - INFO - HTTP Request: POST https://api.openai.com/v1/chat/completions "HTTP/1.1 429 Too Many Requests"
2025-05-23 03:59:48,651 - openai._base_client - INFO - Retrying request to /chat/completions in 0.486149 seconds
2025-05-23 03:59:49,235 - httpx - INFO - HTTP Request: POST https://api.openai.com/v1/chat/completions "HTTP/1.1 429 Too Many Requests"
2025-05-23 03:59:49,235 - openai._base_client - INFO - Retrying request to /chat/completions in 0.773979 seconds
2025-05-23 03:59:50,257 - httpx - INFO - HTTP Request: POST https://api.openai.com/v1/chat/completions "HTTP/1.1 429 Too Many Requests"
2025-05-23 03:59:50,258 - __main__ - ERROR - OpenAI error: Error code: 429 - {'error': {'message': 'You exceeded your current quota, please check your plan and billing details. For more information on this error, read the docs: https://platform.openai.com/docs/guides/error-codes/api-errors.', 'type': 'insufficient_quota', 'param': None, 'code': 'insufficient_quota'}}
2025-05-23 03:59:50,527 - httpx - INFO - HTTP Request: POST https://api.telegram.org/bot7093436536:AAEvjyOBDmUYkoOkO2zxZnzplRy8Thhz0Ps/sendMessage "HTTP/1.1 200 OK"
2025-05-23 04:00:00,343 - httpx - INFO - HTTP Request: POST https://api.telegram.org/bot7093436536:AAEvjyOBDmUYkoOkO2zxZnzplRy8Thhz0Ps/getUpdates "HTTP/1.1 200 OK"
2025-05-23 04:00:10,431 - httpx - INFO - HTTP Request: POST https://api.telegram.org/bot7093436536:AAEvjyOBDmUYkoOkO2zxZnzplRy8Thhz0Ps/getUpdates "HTTP/1.1 200 OK"
2025-05-23 04:00:18,909 - httpx - INFO - HTTP Request: POST https://api.telegram.org/bot7093436536:AAEvjyOBDmUYkoOkO2zxZnzplRy8Thhz0Ps/getUpdates "HTTP/1.1 200 OK"
2025-05-23 04:00:19,061 - httpx - INFO - HTTP Request: POST https://api.openai.com/v1/chat/completions "HTTP/1.1 429 Too Many Requests"
2025-05-23 04:00:19,061 - openai._base_client - INFO - Retrying request to /chat/completions in 0.436080 seconds
2025-05-23 04:00:19,603 - httpx - INFO - HTTP Request: POST https://api.openai.com/v1/chat/completions "HTTP/1.1 429 Too Many Requests"
2025-05-23 04:00:19,604 - openai._base_client - INFO - Retrying request to /chat/completions in 0.985567 seconds
2025-05-23 04:00:20,691 - httpx - INFO - HTTP Request: POST https://api.openai.com/v1/chat/completions "HTTP/1.1 429 Too Many Requests"
2025-05-23 04:00:20,692 - __main__ - ERROR - OpenAI error: Error code: 429 - {'error': {'message': 'You exceeded your current quota, please check your plan and billing details. For more information on this error, read the docs: https://platform.openai.com/docs/guides/error-codes/api-errors.', 'type': 'insufficient_quota', 'param': None, 'code': 'insufficient_quota'}}
2025-05-23 04:00:20,950 - httpx - INFO - HTTP Request: POST https://api.telegram.org/bot7093436536:AAEvjyOBDmUYkoOkO2zxZnzplRy8Thhz0Ps/sendMessage "HTTP/1.1 200 OK"
2025-05-23 04:00:29,488 - httpx - INFO - HTTP Request: POST https://api.telegram.org/bot7093436536:AAEvjyOBDmUYkoOkO2zxZnzplRy8Thhz0Ps/getUpdates "HTTP/1.1 200 OK"
2025-05-23 04:00:39,581 - httpx - INFO - HTTP Request: POST https://api.telegram.org/bot7093436536:AAEvjyOBDmUYkoOkO2zxZnzplRy8Thhz0Ps/getUpdates "HTTP/1.1 200 OK"
2025-05-23 04:00:49,666 - httpx - INFO - HTTP Request: POST https://api.telegram.org/bot7093436536:AAEvjyOBDmUYkoOkO2zxZnzplRy8Thhz0Ps/getUpdates "HTTP/1.1 200 OK"
2025-05-23 04:00:59,757 - httpx - INFO - HTTP Request: POST https://api.telegram.org/bot7093436536:AAEvjyOBDmUYkoOkO2zxZnzplRy8Thhz0Ps/getUpdates "HTTP/1.1 200 OK"
2025-05-23 04:01:09,843 - httpx - INFO - HTTP Request: POST https://api.telegram.org/bot7093436536:AAEvjyOBDmUYkoOkO2zxZnzplRy8Thhz0Ps/getUpdates "HTTP/1.1 200 OK"
2025-05-23 04:01:19,927 - httpx - INFO - HTTP Request: POST https://api.telegram.org/bot7093436536:AAEvjyOBDmUYkoOkO2zxZnzplRy8Thhz0Ps/getUpdates "HTTP/1.1 200 OK"
2025-05-23 04:01:30,013 - httpx - INFO - HTTP Request: POST https://api.telegram.org/bot7093436536:AAEvjyOBDmUYkoOkO2zxZnzplRy8Thhz0Ps/getUpdates "HTTP/1.1 200 OK"
2025-05-23 04:01:40,098 - httpx - INFO - HTTP Request: POST https://api.telegram.org/bot7093436536:AAEvjyOBDmUYkoOkO2zxZnzplRy8Thhz0Ps/getUpdates "HTTP/1.1 200 OK"
2025-05-23 04:01:50,183 - httpx - INFO - HTTP Request: POST https://api.telegram.org/bot7093436536:AAEvjyOBDmUYkoOkO2zxZnzplRy8Thhz0Ps/getUpdates "HTTP/1.1 200 OK"
2025-05-23 04:02:00,268 - httpx - INFO - HTTP Request: POST https://api.telegram.org/bot7093436536:AAEvjyOBDmUYkoOkO2zxZnzplRy8Thhz0Ps/getUpdates "HTTP/1.1 200 OK"
2025-05-23 04:02:10,379 - httpx - INFO - HTTP Request: POST https://api.telegram.org/bot7093436536:AAEvjyOBDmUYkoOkO2zxZnzplRy8Thhz0Ps/getUpdates "HTTP/1.1 200 OK"
2025-05-23 04:02:20,464 - httpx - INFO - HTTP Request: POST https://api.telegram.org/bot7093436536:AAEvjyOBDmUYkoOkO2zxZnzplRy8Thhz0Ps/getUpdates "HTTP/1.1 200 OK"
2025-05-23 04:02:30,558 - httpx - INFO - HTTP Request: POST https://api.telegram.org/bot7093436536:AAEvjyOBDmUYkoOkO2zxZnzplRy8Thhz0Ps/getUpdates "HTTP/1.1 200 OK"
2025-05-23 04:02:40,643 - httpx - INFO - HTTP Request: POST https://api.telegram.org/bot7093436536:AAEvjyOBDmUYkoOkO2zxZnzplRy8Thhz0Ps/getUpdates "HTTP/1.1 200 OK"
2025-05-23 04:02:50,728 - httpx - INFO - HTTP Request: POST https://api.telegram.org/bot7093436536:AAEvjyOBDmUYkoOkO2zxZnzplRy8Thhz0Ps/getUpdates "HTTP/1.1 200 OK"
2025-05-23 04:03:00,815 - httpx - INFO - HTTP Request: POST https://api.telegram.org/bot7093436536:AAEvjyOBDmUYkoOkO2zxZnzplRy8Thhz0Ps/getUpdates "HTTP/1.1 200 OK"
2025-05-23 04:03:10,900 - httpx - INFO - HTTP Request: POST https://api.telegram.org/bot7093436536:AAEvjyOBDmUYkoOkO2zxZnzplRy8Thhz0Ps/getUpdates "HTTP/1.1 200 OK"
2025-05-23 04:03:20,986 - httpx - INFO - HTTP Request: POST https://api.telegram.org/bot7093436536:AAEvjyOBDmUYkoOkO2zxZnzplRy8Thhz0Ps/getUpdates "HTTP/1.1 200 OK"
2025-05-23 04:03:31,070 - httpx - INFO - HTTP Request: POST https://api.telegram.org/bot7093436536:AAEvjyOBDmUYkoOkO2zxZnzplRy8Thhz0Ps/getUpdates "HTTP/1.1 200 OK"
2025-05-23 04:03:41,156 - httpx - INFO - HTTP Request: POST https://api.telegram.org/bot7093436536:AAEvjyOBDmUYkoOkO2zxZnzplRy8Thhz0Ps/getUpdates "HTTP/1.1 200 OK"
2025-05-23 04:03:51,242 - httpx - INFO - HTTP Request: POST https://api.telegram.org/bot7093436536:AAEvjyOBDmUYkoOkO2zxZnzplRy8Thhz0Ps/getUpdates "HTTP/1.1 200 OK"
2025-05-23 04:04:01,326 - httpx - INFO - HTTP Request: POST https://api.telegram.org/bot7093436536:AAEvjyOBDmUYkoOkO2zxZnzplRy8Thhz0Ps/getUpdates "HTTP/1.1 200 OK"
2025-05-23 04:04:11,413 - httpx - INFO - HTTP Request: POST https://api.telegram.org/bot7093436536:AAEvjyOBDmUYkoOkO2zxZnzplRy8Thhz0Ps/getUpdates "HTTP/1.1 200 OK"
2025-05-23 04:04:21,498 - httpx - INFO - HTTP Request: POST https://api.telegram.org/bot7093436536:AAEvjyOBDmUYkoOkO2zxZnzplRy8Thhz0Ps/getUpdates "HTTP/1.1 200 OK"
2025-05-23 04:04:31,585 - httpx - INFO - HTTP Request: POST https://api.telegram.org/bot7093436536:AAEvjyOBDmUYkoOkO2zxZnzplRy8Thhz0Ps/getUpdates "HTTP/1.1 200 OK"
2025-05-23 04:04:41,670 - httpx - INFO - HTTP Request: POST https://api.telegram.org/bot7093436536:AAEvjyOBDmUYkoOkO2zxZnzplRy8Thhz0Ps/getUpdates "HTTP/1.1 200 OK"
2025-05-23 04:04:51,755 - httpx - INFO - HTTP Request: POST https://api.telegram.org/bot7093436536:AAEvjyOBDmUYkoOkO2zxZnzplRy8Thhz0Ps/getUpdates "HTTP/1.1 200 OK"
2025-05-23 04:05:01,839 - httpx - INFO - HTTP Request: POST https://api.telegram.org/bot7093436536:AAEvjyOBDmUYkoOkO2zxZnzplRy8Thhz0Ps/getUpdates "HTTP/1.1 200 OK"
2025-05-23 04:05:11,924 - httpx - INFO - HTTP Request: POST https://api.telegram.org/bot7093436536:AAEvjyOBDmUYkoOkO2zxZnzplRy8Thhz0Ps/getUpdates "HTTP/1.1 200 OK"
2025-05-23 04:05:22,009 - httpx - INFO - HTTP Request: POST https://api.telegram.org/bot7093436536:AAEvjyOBDmUYkoOkO2zxZnzplRy8Thhz0Ps/getUpdates "HTTP/1.1 200 OK"
2025-05-23 04:05:32,094 - httpx - INFO - HTTP Request: POST https://api.telegram.org/bot7093436536:AAEvjyOBDmUYkoOkO2zxZnzplRy8Thhz0Ps/getUpdates "HTTP/1.1 200 OK"
2025-05-23 04:05:42,178 - httpx - INFO - HTTP Request: POST https://api.telegram.org/bot7093436536:AAEvjyOBDmUYkoOkO2zxZnzplRy8Thhz0Ps/getUpdates "HTTP/1.1 200 OK"
2025-05-23 04:05:52,265 - httpx - INFO - HTTP Request: POST https://api.telegram.org/bot7093436536:AAEvjyOBDmUYkoOkO2zxZnzplRy8Thhz0Ps/getUpdates "HTTP/1.1 200 OK"
2025-05-23 04:06:02,361 - httpx - INFO - HTTP Request: POST https://api.telegram.org/bot7093436536:AAEvjyOBDmUYkoOkO2zxZnzplRy8Thhz0Ps/getUpdates "HTTP/1.1 200 OK"
2025-05-23 04:06:12,450 - httpx - INFO - HTTP Request: POST https://api.telegram.org/bot7093436536:AAEvjyOBDmUYkoOkO2zxZnzplRy8Thhz0Ps/getUpdates "HTTP/1.1 200 OK"
2025-05-23 04:06:22,537 - httpx - INFO - HTTP Request: POST https://api.telegram.org/bot7093436536:AAEvjyOBDmUYkoOkO2zxZnzplRy8Thhz0Ps/getUpdates "HTTP/1.1 200 OK"
2025-05-23 04:06:32,622 - httpx - INFO - HTTP Request: POST https://api.telegram.org/bot7093436536:AAEvjyOBDmUYkoOkO2zxZnzplRy8Thhz0Ps/getUpdates "HTTP/1.1 200 OK"
2025-05-23 04:06:42,706 - httpx - INFO - HTTP Request: POST https://api.telegram.org/bot7093436536:AAEvjyOBDmUYkoOkO2zxZnzplRy8Thhz0Ps/getUpdates "HTTP/1.1 200 OK"
2025-05-23 04:06:52,792 - httpx - INFO - HTTP Request: POST https://api.telegram.org/bot7093436536:AAEvjyOBDmUYkoOkO2zxZnzplRy8Thhz0Ps/getUpdates "HTTP/1.1 200 OK"
2025-05-23 04:07:02,878 - httpx - INFO - HTTP Request: POST https://api.telegram.org/bot7093436536:AAEvjyOBDmUYkoOkO2zxZnzplRy8Thhz0Ps/getUpdates "HTTP/1.1 200 OK"
2025-05-23 04:07:12,965 - httpx - INFO - HTTP Request: POST https://api.telegram.org/bot7093436536:AAEvjyOBDmUYkoOkO2zxZnzplRy8Thhz0Ps/getUpdates "HTTP/1.1 200 OK"
2025-05-23 04:07:23,051 - httpx - INFO - HTTP Request: POST https://api.telegram.org/bot7093436536:AAEvjyOBDmUYkoOkO2zxZnzplRy8Thhz0Ps/getUpdates "HTTP/1.1 200 OK"
2025-05-23 04:07:33,138 - httpx - INFO - HTTP Request: POST https://api.telegram.org/bot7093436536:AAEvjyOBDmUYkoOkO2zxZnzplRy8Thhz0Ps/getUpdates "HTTP/1.1 200 OK"
2025-05-23 04:07:43,223 - httpx - INFO - HTTP Request: POST https://api.telegram.org/bot7093436536:AAEvjyOBDmUYkoOkO2zxZnzplRy8Thhz0Ps/getUpdates "HTTP/1.1 200 OK"
2025-05-23 04:07:53,319 - httpx - INFO - HTTP Request: POST https://api.telegram.org/bot7093436536:AAEvjyOBDmUYkoOkO2zxZnzplRy8Thhz0Ps/getUpdates "HTTP/1.1 200 OK"
2025-05-23 04:08:03,403 - httpx - INFO - HTTP Request: POST https://api.telegram.org/bot7093436536:AAEvjyOBDmUYkoOkO2zxZnzplRy8Thhz0Ps/getUpdates "HTTP/1.1 200 OK"
2025-05-23 04:08:13,490 - httpx - INFO - HTTP Request: POST https://api.telegram.org/bot7093436536:AAEvjyOBDmUYkoOkO2zxZnzplRy8Thhz0Ps/getUpdates "HTTP/1.1 200 OK"
2025-05-23 04:08:23,575 - httpx - INFO - HTTP Request: POST https://api.telegram.org/bot7093436536:AAEvjyOBDmUYkoOkO2zxZnzplRy8Thhz0Ps/getUpdates "HTTP/1.1 200 OK"
2025-05-23 04:08:33,831 - httpx - INFO - HTTP Request: POST https://api.telegram.org/bot7093436536:AAEvjyOBDmUYkoOkO2zxZnzplRy8Thhz0Ps/getUpdates "HTTP/1.1 200 OK"
2025-05-23 04:08:43,917 - httpx - INFO - HTTP Request: POST https://api.telegram.org/bot7093436536:AAEvjyOBDmUYkoOkO2zxZnzplRy8Thhz0Ps/getUpdates "HTTP/1.1 200 OK"
2025-05-23 04:08:54,005 - httpx - INFO - HTTP Request: POST https://api.telegram.org/bot7093436536:AAEvjyOBDmUYkoOkO2zxZnzplRy8Thhz0Ps/getUpdates "HTTP/1.1 200 OK"
2025-05-23 04:09:04,095 - httpx - INFO - HTTP Request: POST https://api.telegram.org/bot7093436536:AAEvjyOBDmUYkoOkO2zxZnzplRy8Thhz0Ps/getUpdates "HTTP/1.1 200 OK"
2025-05-23 04:09:14,184 - httpx - INFO - HTTP Request: POST https://api.telegram.org/bot7093436536:AAEvjyOBDmUYkoOkO2zxZnzplRy8Thhz0Ps/getUpdates "HTTP/1.1 200 OK"
2025-05-23 04:09:24,272 - httpx - INFO - HTTP Request: POST https://api.telegram.org/bot7093436536:AAEvjyOBDmUYkoOkO2zxZnzplRy8Thhz0Ps/getUpdates "HTTP/1.1 200 OK"
2025-05-23 04:09:34,357 - httpx - INFO - HTTP Request: POST https://api.telegram.org/bot7093436536:AAEvjyOBDmUYkoOkO2zxZnzplRy8Thhz0Ps/getUpdates "HTTP/1.1 200 OK"
2025-05-23 04:09:44,445 - httpx - INFO - HTTP Request: POST https://api.telegram.org/bot7093436536:AAEvjyOBDmUYkoOkO2zxZnzplRy8Thhz0Ps/getUpdates "HTTP/1.1 200 OK"
2025-05-23 04:09:54,531 - httpx - INFO - HTTP Request: POST https://api.telegram.org/bot7093436536:AAEvjyOBDmUYkoOkO2zxZnzplRy8Thhz0Ps/getUpdates "HTTP/1.1 200 OK"
2025-05-23 04:10:04,618 - httpx - INFO - HTTP Request: POST https://api.telegram.org/bot7093436536:AAEvjyOBDmUYkoOkO2zxZnzplRy8Thhz0Ps/getUpdates "HTTP/1.1 200 OK"
2025-05-23 04:10:14,705 - httpx - INFO - HTTP Request: POST https://api.telegram.org/bot7093436536:AAEvjyOBDmUYkoOkO2zxZnzplRy8Thhz0Ps/getUpdates "HTTP/1.1 200 OK"
2025-05-23 04:10:24,796 - httpx - INFO - HTTP Request: POST https://api.telegram.org/bot7093436536:AAEvjyOBDmUYkoOkO2zxZnzplRy8Thhz0Ps/getUpdates "HTTP/1.1 200 OK"
2025-05-23 04:10:34,881 - httpx - INFO - HTTP Request: POST https://api.telegram.org/bot7093436536:AAEvjyOBDmUYkoOkO2zxZnzplRy8Thhz0Ps/getUpdates "HTTP/1.1 200 OK"
2025-05-23 04:10:44,972 - httpx - INFO - HTTP Request: POST https://api.telegram.org/bot7093436536:AAEvjyOBDmUYkoOkO2zxZnzplRy8Thhz0Ps/getUpdates "HTTP/1.1 200 OK"
2025-05-23 04:10:55,057 - httpx - INFO - HTTP Request: POST https://api.telegram.org/bot7093436536:AAEvjyOBDmUYkoOkO2zxZnzplRy8Thhz0Ps/getUpdates "HTTP/1.1 200 OK"
2025-05-23 04:11:05,143 - httpx - INFO - HTTP Request: POST https://api.telegram.org/bot7093436536:AAEvjyOBDmUYkoOkO2zxZnzplRy8Thhz0Ps/getUpdates "HTTP/1.1 200 OK"
2025-05-23 04:11:15,229 - httpx - INFO - HTTP Request: POST https://api.telegram.org/bot7093436536:AAEvjyOBDmUYkoOkO2zxZnzplRy8Thhz0Ps/getUpdates "HTTP/1.1 200 OK"
2025-05-23 04:11:25,314 - httpx - INFO - HTTP Request: POST https://api.telegram.org/bot7093436536:AAEvjyOBDmUYkoOkO2zxZnzplRy8Thhz0Ps/getUpdates "HTTP/1.1 200 OK"
2025-05-23 04:11:35,404 - httpx - INFO - HTTP Request: POST https://api.telegram.org/bot7093436536:AAEvjyOBDmUYkoOkO2zxZnzplRy8Thhz0Ps/getUpdates "HTTP/1.1 200 OK"
2025-05-23 04:11:45,489 - httpx - INFO - HTTP Request: POST https://api.telegram.org/bot7093436536:AAEvjyOBDmUYkoOkO2zxZnzplRy8Thhz0Ps/getUpdates "HTTP/1.1 200 OK"
2025-05-23 04:11:55,574 - httpx - INFO - HTTP Request: POST https://api.telegram.org/bot7093436536:AAEvjyOBDmUYkoOkO2zxZnzplRy8Thhz0Ps/getUpdates "HTTP/1.1 200 OK"
2025-05-23 04:12:05,663 - httpx - INFO - HTTP Request: POST https://api.telegram.org/bot7093436536:AAEvjyOBDmUYkoOkO2zxZnzplRy8Thhz0Ps/getUpdates "HTTP/1.1 200 OK"
2025-05-23 04:12:15,749 - httpx - INFO - HTTP Request: POST https://api.telegram.org/bot7093436536:AAEvjyOBDmUYkoOkO2zxZnzplRy8Thhz0Ps/getUpdates "HTTP/1.1 200 OK"
2025-05-23 04:12:25,834 - httpx - INFO - HTTP Request: POST https://api.telegram.org/bot7093436536:AAEvjyOBDmUYkoOkO2zxZnzplRy8Thhz0Ps/getUpdates "HTTP/1.1 200 OK"
2025-05-23 04:12:35,928 - httpx - INFO - HTTP Request: POST https://api.telegram.org/bot7093436536:AAEvjyOBDmUYkoOkO2zxZnzplRy8Thhz0Ps/getUpdates "HTTP/1.1 200 OK"
2025-05-23 04:12:46,012 - httpx - INFO - HTTP Request: POST https://api.telegram.org/bot7093436536:AAEvjyOBDmUYkoOkO2zxZnzplRy8Thhz0Ps/getUpdates "HTTP/1.1 200 OK"
2025-05-23 04:12:56,100 - httpx - INFO - HTTP Request: POST https://api.telegram.org/bot7093436536:AAEvjyOBDmUYkoOkO2zxZnzplRy8Thhz0Ps/getUpdates "HTTP/1.1 200 OK"
2025-05-23 04:13:06,186 - httpx - INFO - HTTP Request: POST https://api.telegram.org/bot7093436536:AAEvjyOBDmUYkoOkO2zxZnzplRy8Thhz0Ps/getUpdates "HTTP/1.1 200 OK"
2025-05-23 04:13:16,274 - httpx - INFO - HTTP Request: POST https://api.telegram.org/bot7093436536:AAEvjyOBDmUYkoOkO2zxZnzplRy8Thhz0Ps/getUpdates "HTTP/1.1 200 OK"
2025-05-23 04:13:26,362 - httpx - INFO - HTTP Request: POST https://api.telegram.org/bot7093436536:AAEvjyOBDmUYkoOkO2zxZnzplRy8Thhz0Ps/getUpdates "HTTP/1.1 200 OK"
2025-05-23 04:13:36,454 - httpx - INFO - HTTP Request: POST https://api.telegram.org/bot7093436536:AAEvjyOBDmUYkoOkO2zxZnzplRy8Thhz0Ps/getUpdates "HTTP/1.1 200 OK"
2025-05-23 04:13:46,540 - httpx - INFO - HTTP Request: POST https://api.telegram.org/bot7093436536:AAEvjyOBDmUYkoOkO2zxZnzplRy8Thhz0Ps/getUpdates "HTTP/1.1 200 OK"
2025-05-23 04:13:56,624 - httpx - INFO - HTTP Request: POST https://api.telegram.org/bot7093436536:AAEvjyOBDmUYkoOkO2zxZnzplRy8Thhz0Ps/getUpdates "HTTP/1.1 200 OK"
2025-05-23 04:14:06,714 - httpx - INFO - HTTP Request: POST https://api.telegram.org/bot7093436536:AAEvjyOBDmUYkoOkO2zxZnzplRy8Thhz0Ps/getUpdates "HTTP/1.1 200 OK"
2025-05-23 04:14:16,806 - httpx - INFO - HTTP Request: POST https://api.telegram.org/bot7093436536:AAEvjyOBDmUYkoOkO2zxZnzplRy8Thhz0Ps/getUpdates "HTTP/1.1 200 OK"
2025-05-23 04:14:26,899 - httpx - INFO - HTTP Request: POST https://api.telegram.org/bot7093436536:AAEvjyOBDmUYkoOkO2zxZnzplRy8Thhz0Ps/getUpdates "HTTP/1.1 200 OK"
2025-05-23 04:14:36,987 - httpx - INFO - HTTP Request: POST https://api.telegram.org/bot7093436536:AAEvjyOBDmUYkoOkO2zxZnzplRy8Thhz0Ps/getUpdates "HTTP/1.1 200 OK"
2025-05-23 04:14:47,072 - httpx - INFO - HTTP Request: POST https://api.telegram.org/bot7093436536:AAEvjyOBDmUYkoOkO2zxZnzplRy8Thhz0Ps/getUpdates "HTTP/1.1 200 OK"
2025-05-23 04:14:57,160 - httpx - INFO - HTTP Request: POST https://api.telegram.org/bot7093436536:AAEvjyOBDmUYkoOkO2zxZnzplRy8Thhz0Ps/getUpdates "HTTP/1.1 200 OK"
2025-05-23 04:15:07,245 - httpx - INFO - HTTP Request: POST https://api.telegram.org/bot7093436536:AAEvjyOBDmUYkoOkO2zxZnzplRy8Thhz0Ps/getUpdates "HTTP/1.1 200 OK"
2025-05-23 04:15:17,335 - httpx - INFO - HTTP Request: POST https://api.telegram.org/bot7093436536:AAEvjyOBDmUYkoOkO2zxZnzplRy8Thhz0Ps/getUpdates "HTTP/1.1 200 OK"
2025-05-23 04:15:27,422 - httpx - INFO - HTTP Request: POST https://api.telegram.org/bot7093436536:AAEvjyOBDmUYkoOkO2zxZnzplRy8Thhz0Ps/getUpdates "HTTP/1.1 200 OK"
2025-05-23 04:15:37,508 - httpx - INFO - HTTP Request: POST https://api.telegram.org/bot7093436536:AAEvjyOBDmUYkoOkO2zxZnzplRy8Thhz0Ps/getUpdates "HTTP/1.1 200 OK"
2025-05-23 04:15:47,593 - httpx - INFO - HTTP Request: POST https://api.telegram.org/bot7093436536:AAEvjyOBDmUYkoOkO2zxZnzplRy8Thhz0Ps/getUpdates "HTTP/1.1 200 OK"
2025-05-23 04:15:57,697 - httpx - INFO - HTTP Request: POST https://api.telegram.org/bot7093436536:AAEvjyOBDmUYkoOkO2zxZnzplRy8Thhz0Ps/getUpdates "HTTP/1.1 200 OK"
2025-05-23 04:16:07,782 - httpx - INFO - HTTP Request: POST https://api.telegram.org/bot7093436536:AAEvjyOBDmUYkoOkO2zxZnzplRy8Thhz0Ps/getUpdates "HTTP/1.1 200 OK"
2025-05-23 04:16:17,868 - httpx - INFO - HTTP Request: POST https://api.telegram.org/bot7093436536:AAEvjyOBDmUYkoOkO2zxZnzplRy8Thhz0Ps/getUpdates "HTTP/1.1 200 OK"
2025-05-23 04:16:27,953 - httpx - INFO - HTTP Request: POST https://api.telegram.org/bot7093436536:AAEvjyOBDmUYkoOkO2zxZnzplRy8Thhz0Ps/getUpdates "HTTP/1.1 200 OK"
2025-05-23 04:16:38,038 - httpx - INFO - HTTP Request: POST https://api.telegram.org/bot7093436536:AAEvjyOBDmUYkoOkO2zxZnzplRy8Thhz0Ps/getUpdates "HTTP/1.1 200 OK"
2025-05-23 04:16:48,123 - httpx - INFO - HTTP Request: POST https://api.telegram.org/bot7093436536:AAEvjyOBDmUYkoOkO2zxZnzplRy8Thhz0Ps/getUpdates "HTTP/1.1 200 OK"
2025-05-23 04:16:58,209 - httpx - INFO - HTTP Request: POST https://api.telegram.org/bot7093436536:AAEvjyOBDmUYkoOkO2zxZnzplRy8Thhz0Ps/getUpdates "HTTP/1.1 200 OK"
2025-05-23 04:17:08,297 - httpx - INFO - HTTP Request: POST https://api.telegram.org/bot7093436536:AAEvjyOBDmUYkoOkO2zxZnzplRy8Thhz0Ps/getUpdates "HTTP/1.1 200 OK"
2025-05-23 04:17:18,382 - httpx - INFO - HTTP Request: POST https://api.telegram.org/bot7093436536:AAEvjyOBDmUYkoOkO2zxZnzplRy8Thhz0Ps/getUpdates "HTTP/1.1 200 OK"
2025-05-23 04:17:28,473 - httpx - INFO - HTTP Request: POST https://api.telegram.org/bot7093436536:AAEvjyOBDmUYkoOkO2zxZnzplRy8Thhz0Ps/getUpdates "HTTP/1.1 200 OK"
2025-05-23 04:17:38,557 - httpx - INFO - HTTP Request: POST https://api.telegram.org/bot7093436536:AAEvjyOBDmUYkoOkO2zxZnzplRy8Thhz0Ps/getUpdates "HTTP/1.1 200 OK"
2025-05-23 04:17:48,644 - httpx - INFO - HTTP Request: POST https://api.telegram.org/bot7093436536:AAEvjyOBDmUYkoOkO2zxZnzplRy8Thhz0Ps/getUpdates "HTTP/1.1 200 OK"
2025-05-23 04:17:58,731 - httpx - INFO - HTTP Request: POST https://api.telegram.org/bot7093436536:AAEvjyOBDmUYkoOkO2zxZnzplRy8Thhz0Ps/getUpdates "HTTP/1.1 200 OK"
2025-05-23 04:18:08,817 - httpx - INFO - HTTP Request: POST https://api.telegram.org/bot7093436536:AAEvjyOBDmUYkoOkO2zxZnzplRy8Thhz0Ps/getUpdates "HTTP/1.1 200 OK"
2025-05-23 04:18:18,907 - httpx - INFO - HTTP Request: POST https://api.telegram.org/bot7093436536:AAEvjyOBDmUYkoOkO2zxZnzplRy8Thhz0Ps/getUpdates "HTTP/1.1 200 OK"
2025-05-23 04:18:28,992 - httpx - INFO - HTTP Request: POST https://api.telegram.org/bot7093436536:AAEvjyOBDmUYkoOkO2zxZnzplRy8Thhz0Ps/getUpdates "HTTP/1.1 200 OK"
2025-05-23 04:18:39,080 - httpx - INFO - HTTP Request: POST https://api.telegram.org/bot7093436536:AAEvjyOBDmUYkoOkO2zxZnzplRy8Thhz0Ps/getUpdates "HTTP/1.1 200 OK"
2025-05-23 04:18:49,167 - httpx - INFO - HTTP Request: POST https://api.telegram.org/bot7093436536:AAEvjyOBDmUYkoOkO2zxZnzplRy8Thhz0Ps/getUpdates "HTTP/1.1 200 OK"
2025-05-23 04:18:59,251 - httpx - INFO - HTTP Request: POST https://api.telegram.org/bot7093436536:AAEvjyOBDmUYkoOkO2zxZnzplRy8Thhz0Ps/getUpdates "HTTP/1.1 200 OK"
2025-05-23 04:19:09,339 - httpx - INFO - HTTP Request: POST https://api.telegram.org/bot7093436536:AAEvjyOBDmUYkoOkO2zxZnzplRy8Thhz0Ps/getUpdates "HTTP/1.1 200 OK"
2025-05-23 04:19:19,428 - httpx - INFO - HTTP Request: POST https://api.telegram.org/bot7093436536:AAEvjyOBDmUYkoOkO2zxZnzplRy8Thhz0Ps/getUpdates "HTTP/1.1 200 OK"
2025-05-23 04:19:29,515 - httpx - INFO - HTTP Request: POST https://api.telegram.org/bot7093436536:AAEvjyOBDmUYkoOkO2zxZnzplRy8Thhz0Ps/getUpdates "HTTP/1.1 200 OK"
2025-05-23 04:19:39,605 - httpx - INFO - HTTP Request: POST https://api.telegram.org/bot7093436536:AAEvjyOBDmUYkoOkO2zxZnzplRy8Thhz0Ps/getUpdates "HTTP/1.1 200 OK"
2025-05-23 04:19:49,692 - httpx - INFO - HTTP Request: POST https://api.telegram.org/bot7093436536:AAEvjyOBDmUYkoOkO2zxZnzplRy8Thhz0Ps/getUpdates "HTTP/1.1 200 OK"
2025-05-23 04:19:59,777 - httpx - INFO - HTTP Request: POST https://api.telegram.org/bot7093436536:AAEvjyOBDmUYkoOkO2zxZnzplRy8Thhz0Ps/getUpdates "HTTP/1.1 200 OK"
2025-05-23 04:20:09,871 - httpx - INFO - HTTP Request: POST https://api.telegram.org/bot7093436536:AAEvjyOBDmUYkoOkO2zxZnzplRy8Thhz0Ps/getUpdates "HTTP/1.1 200 OK"
2025-05-23 04:20:19,956 - httpx - INFO - HTTP Request: POST https://api.telegram.org/bot7093436536:AAEvjyOBDmUYkoOkO2zxZnzplRy8Thhz0Ps/getUpdates "HTTP/1.1 200 OK"
2025-05-23 04:20:30,057 - httpx - INFO - HTTP Request: POST https://api.telegram.org/bot7093436536:AAEvjyOBDmUYkoOkO2zxZnzplRy8Thhz0Ps/getUpdates "HTTP/1.1 200 OK"
2025-05-23 04:20:40,146 - httpx - INFO - HTTP Request: POST https://api.telegram.org/bot7093436536:AAEvjyOBDmUYkoOkO2zxZnzplRy8Thhz0Ps/getUpdates "HTTP/1.1 200 OK"
2025-05-23 04:20:50,233 - httpx - INFO - HTTP Request: POST https://api.telegram.org/bot7093436536:AAEvjyOBDmUYkoOkO2zxZnzplRy8Thhz0Ps/getUpdates "HTTP/1.1 200 OK"
2025-05-23 04:21:00,321 - httpx - INFO - HTTP Request: POST https://api.telegram.org/bot7093436536:AAEvjyOBDmUYkoOkO2zxZnzplRy8Thhz0Ps/getUpdates "HTTP/1.1 200 OK"
2025-05-23 04:21:10,408 - httpx - INFO - HTTP Request: POST https://api.telegram.org/bot7093436536:AAEvjyOBDmUYkoOkO2zxZnzplRy8Thhz0Ps/getUpdates "HTTP/1.1 200 OK"
2025-05-23 04:21:20,498 - httpx - INFO - HTTP Request: POST https://api.telegram.org/bot7093436536:AAEvjyOBDmUYkoOkO2zxZnzplRy8Thhz0Ps/getUpdates "HTTP/1.1 200 OK"
2025-05-23 04:21:30,583 - httpx - INFO - HTTP Request: POST https://api.telegram.org/bot7093436536:AAEvjyOBDmUYkoOkO2zxZnzplRy8Thhz0Ps/getUpdates "HTTP/1.1 200 OK"
2025-05-23 04:21:40,669 - httpx - INFO - HTTP Request: POST https://api.telegram.org/bot7093436536:AAEvjyOBDmUYkoOkO2zxZnzplRy8Thhz0Ps/getUpdates "HTTP/1.1 200 OK"
2025-05-23 04:21:50,756 - httpx - INFO - HTTP Request: POST https://api.telegram.org/bot7093436536:AAEvjyOBDmUYkoOkO2zxZnzplRy8Thhz0Ps/getUpdates "HTTP/1.1 200 OK"
2025-05-23 04:22:00,844 - httpx - INFO - HTTP Request: POST https://api.telegram.org/bot7093436536:AAEvjyOBDmUYkoOkO2zxZnzplRy8Thhz0Ps/getUpdates "HTTP/1.1 200 OK"
2025-05-23 04:22:10,940 - httpx - INFO - HTTP Request: POST https://api.telegram.org/bot7093436536:AAEvjyOBDmUYkoOkO2zxZnzplRy8Thhz0Ps/getUpdates "HTTP/1.1 200 OK"
2025-05-23 04:22:21,027 - httpx - INFO - HTTP Request: POST https://api.telegram.org/bot7093436536:AAEvjyOBDmUYkoOkO2zxZnzplRy8Thhz0Ps/getUpdates "HTTP/1.1 200 OK"
2025-05-23 04:22:31,111 - httpx - INFO - HTTP Request: POST https://api.telegram.org/bot7093436536:AAEvjyOBDmUYkoOkO2zxZnzplRy8Thhz0Ps/getUpdates "HTTP/1.1 200 OK"
2025-05-23 04:22:41,196 - httpx - INFO - HTTP Request: POST https://api.telegram.org/bot7093436536:AAEvjyOBDmUYkoOkO2zxZnzplRy8Thhz0Ps/getUpdates "HTTP/1.1 200 OK"
2025-05-23 04:22:51,284 - httpx - INFO - HTTP Request: POST https://api.telegram.org/bot7093436536:AAEvjyOBDmUYkoOkO2zxZnzplRy8Thhz0Ps/getUpdates "HTTP/1.1 200 OK"
2025-05-23 04:23:01,368 - httpx - INFO - HTTP Request: POST https://api.telegram.org/bot7093436536:AAEvjyOBDmUYkoOkO2zxZnzplRy8Thhz0Ps/getUpdates "HTTP/1.1 200 OK"
2025-05-23 04:23:11,457 - httpx - INFO - HTTP Request: POST https://api.telegram.org/bot7093436536:AAEvjyOBDmUYkoOkO2zxZnzplRy8Thhz0Ps/getUpdates "HTTP/1.1 200 OK"
2025-05-23 04:23:21,550 - httpx - INFO - HTTP Request: POST https://api.telegram.org/bot7093436536:AAEvjyOBDmUYkoOkO2zxZnzplRy8Thhz0Ps/getUpdates "HTTP/1.1 200 OK"
2025-05-23 04:23:31,637 - httpx - INFO - HTTP Request: POST https://api.telegram.org/bot7093436536:AAEvjyOBDmUYkoOkO2zxZnzplRy8Thhz0Ps/getUpdates "HTTP/1.1 200 OK"
2025-05-23 04:23:41,726 - httpx - INFO - HTTP Request: POST https://api.telegram.org/bot7093436536:AAEvjyOBDmUYkoOkO2zxZnzplRy8Thhz0Ps/getUpdates "HTTP/1.1 200 OK"
2025-05-23 04:23:51,813 - httpx - INFO - HTTP Request: POST https://api.telegram.org/bot7093436536:AAEvjyOBDmUYkoOkO2zxZnzplRy8Thhz0Ps/getUpdates "HTTP/1.1 200 OK"
2025-05-23 04:24:01,898 - httpx - INFO - HTTP Request: POST https://api.telegram.org/bot7093436536:AAEvjyOBDmUYkoOkO2zxZnzplRy8Thhz0Ps/getUpdates "HTTP/1.1 200 OK"
2025-05-23 04:24:11,983 - httpx - INFO - HTTP Request: POST https://api.telegram.org/bot7093436536:AAEvjyOBDmUYkoOkO2zxZnzplRy8Thhz0Ps/getUpdates "HTTP/1.1 200 OK"
2025-05-23 04:24:22,071 - httpx - INFO - HTTP Request: POST https://api.telegram.org/bot7093436536:AAEvjyOBDmUYkoOkO2zxZnzplRy8Thhz0Ps/getUpdates "HTTP/1.1 200 OK"
2025-05-23 04:24:32,157 - httpx - INFO - HTTP Request: POST https://api.telegram.org/bot7093436536:AAEvjyOBDmUYkoOkO2zxZnzplRy8Thhz0Ps/getUpdates "HTTP/1.1 200 OK"
2025-05-23 04:24:42,242 - httpx - INFO - HTTP Request: POST https://api.telegram.org/bot7093436536:AAEvjyOBDmUYkoOkO2zxZnzplRy8Thhz0Ps/getUpdates "HTTP/1.1 200 OK"
2025-05-23 04:24:52,328 - httpx - INFO - HTTP Request: POST https://api.telegram.org/bot7093436536:AAEvjyOBDmUYkoOkO2zxZnzplRy8Thhz0Ps/getUpdates "HTTP/1.1 200 OK"
2025-05-23 04:25:02,429 - httpx - INFO - HTTP Request: POST https://api.telegram.org/bot7093436536:AAEvjyOBDmUYkoOkO2zxZnzplRy8Thhz0Ps/getUpdates "HTTP/1.1 200 OK"
2025-05-23 04:25:12,514 - httpx - INFO - HTTP Request: POST https://api.telegram.org/bot7093436536:AAEvjyOBDmUYkoOkO2zxZnzplRy8Thhz0Ps/getUpdates "HTTP/1.1 200 OK"
2025-05-23 04:25:22,777 - httpx - INFO - HTTP Request: POST https://api.telegram.org/bot7093436536:AAEvjyOBDmUYkoOkO2zxZnzplRy8Thhz0Ps/getUpdates "HTTP/1.1 200 OK"
2025-05-23 04:25:32,866 - httpx - INFO - HTTP Request: POST https://api.telegram.org/bot7093436536:AAEvjyOBDmUYkoOkO2zxZnzplRy8Thhz0Ps/getUpdates "HTTP/1.1 200 OK"
2025-05-23 04:25:42,953 - httpx - INFO - HTTP Request: POST https://api.telegram.org/bot7093436536:AAEvjyOBDmUYkoOkO2zxZnzplRy8Thhz0Ps/getUpdates "HTTP/1.1 200 OK"
2025-05-23 04:25:53,047 - httpx - INFO - HTTP Request: POST https://api.telegram.org/bot7093436536:AAEvjyOBDmUYkoOkO2zxZnzplRy8Thhz0Ps/getUpdates "HTTP/1.1 200 OK"
2025-05-23 04:26:03,136 - httpx - INFO - HTTP Request: POST https://api.telegram.org/bot7093436536:AAEvjyOBDmUYkoOkO2zxZnzplRy8Thhz0Ps/getUpdates "HTTP/1.1 200 OK"
2025-05-23 04:26:13,223 - httpx - INFO - HTTP Request: POST https://api.telegram.org/bot7093436536:AAEvjyOBDmUYkoOkO2zxZnzplRy8Thhz0Ps/getUpdates "HTTP/1.1 200 OK"
2025-05-23 04:26:23,311 - httpx - INFO - HTTP Request: POST https://api.telegram.org/bot7093436536:AAEvjyOBDmUYkoOkO2zxZnzplRy8Thhz0Ps/getUpdates "HTTP/1.1 200 OK"
2025-05-23 04:26:33,400 - httpx - INFO - HTTP Request: POST https://api.telegram.org/bot7093436536:AAEvjyOBDmUYkoOkO2zxZnzplRy8Thhz0Ps/getUpdates "HTTP/1.1 200 OK"
2025-05-23 04:26:43,486 - httpx - INFO - HTTP Request: POST https://api.telegram.org/bot7093436536:AAEvjyOBDmUYkoOkO2zxZnzplRy8Thhz0Ps/getUpdates "HTTP/1.1 200 OK"
2025-05-23 04:26:53,574 - httpx - INFO - HTTP Request: POST https://api.telegram.org/bot7093436536:AAEvjyOBDmUYkoOkO2zxZnzplRy8Thhz0Ps/getUpdates "HTTP/1.1 200 OK"
2025-05-23 04:27:03,666 - httpx - INFO - HTTP Request: POST https://api.telegram.org/bot7093436536:AAEvjyOBDmUYkoOkO2zxZnzplRy8Thhz0Ps/getUpdates "HTTP/1.1 200 OK"
2025-05-23 04:27:13,755 - httpx - INFO - HTTP Request: POST https://api.telegram.org/bot7093436536:AAEvjyOBDmUYkoOkO2zxZnzplRy8Thhz0Ps/getUpdates "HTTP/1.1 200 OK"
2025-05-23 04:27:23,845 - httpx - INFO - HTTP Request: POST https://api.telegram.org/bot7093436536:AAEvjyOBDmUYkoOkO2zxZnzplRy8Thhz0Ps/getUpdates "HTTP/1.1 200 OK"
2025-05-23 04:27:33,932 - httpx - INFO - HTTP Request: POST https://api.telegram.org/bot7093436536:AAEvjyOBDmUYkoOkO2zxZnzplRy8Thhz0Ps/getUpdates "HTTP/1.1 200 OK"
2025-05-23 04:27:44,020 - httpx - INFO - HTTP Request: POST https://api.telegram.org/bot7093436536:AAEvjyOBDmUYkoOkO2zxZnzplRy8Thhz0Ps/getUpdates "HTTP/1.1 200 OK"
2025-05-23 04:27:54,108 - httpx - INFO - HTTP Request: POST https://api.telegram.org/bot7093436536:AAEvjyOBDmUYkoOkO2zxZnzplRy8Thhz0Ps/getUpdates "HTTP/1.1 200 OK"
2025-05-23 04:28:04,196 - httpx - INFO - HTTP Request: POST https://api.telegram.org/bot7093436536:AAEvjyOBDmUYkoOkO2zxZnzplRy8Thhz0Ps/getUpdates "HTTP/1.1 200 OK"
2025-05-23 04:28:14,286 - httpx - INFO - HTTP Request: POST https://api.telegram.org/bot7093436536:AAEvjyOBDmUYkoOkO2zxZnzplRy8Thhz0Ps/getUpdates "HTTP/1.1 200 OK"
2025-05-23 04:28:24,394 - httpx - INFO - HTTP Request: POST https://api.telegram.org/bot7093436536:AAEvjyOBDmUYkoOkO2zxZnzplRy8Thhz0Ps/getUpdates "HTTP/1.1 200 OK"
2025-05-23 04:28:34,481 - httpx - INFO - HTTP Request: POST https://api.telegram.org/bot7093436536:AAEvjyOBDmUYkoOkO2zxZnzplRy8Thhz0Ps/getUpdates "HTTP/1.1 200 OK"
2025-05-23 04:28:44,577 - httpx - INFO - HTTP Request: POST https://api.telegram.org/bot7093436536:AAEvjyOBDmUYkoOkO2zxZnzplRy8Thhz0Ps/getUpdates "HTTP/1.1 200 OK"
2025-05-23 04:28:54,676 - httpx - INFO - HTTP Request: POST https://api.telegram.org/bot7093436536:AAEvjyOBDmUYkoOkO2zxZnzplRy8Thhz0Ps/getUpdates "HTTP/1.1 200 OK"
2025-05-23 04:29:04,814 - httpx - INFO - HTTP Request: POST https://api.telegram.org/bot7093436536:AAEvjyOBDmUYkoOkO2zxZnzplRy8Thhz0Ps/getUpdates "HTTP/1.1 200 OK"
2025-05-23 04:29:14,902 - httpx - INFO - HTTP Request: POST https://api.telegram.org/bot7093436536:AAEvjyOBDmUYkoOkO2zxZnzplRy8Thhz0Ps/getUpdates "HTTP/1.1 200 OK"
2025-05-23 04:29:24,991 - httpx - INFO - HTTP Request: POST https://api.telegram.org/bot7093436536:AAEvjyOBDmUYkoOkO2zxZnzplRy8Thhz0Ps/getUpdates "HTTP/1.1 200 OK"
2025-05-23 04:29:35,078 - httpx - INFO - HTTP Request: POST https://api.telegram.org/bot7093436536:AAEvjyOBDmUYkoOkO2zxZnzplRy8Thhz0Ps/getUpdates "HTTP/1.1 200 OK"
2025-05-23 04:29:45,167 - httpx - INFO - HTTP Request: POST https://api.telegram.org/bot7093436536:AAEvjyOBDmUYkoOkO2zxZnzplRy8Thhz0Ps/getUpdates "HTTP/1.1 200 OK"
2025-05-23 04:29:55,281 - httpx - INFO - HTTP Request: POST https://api.telegram.org/bot7093436536:AAEvjyOBDmUYkoOkO2zxZnzplRy8Thhz0Ps/getUpdates "HTTP/1.1 200 OK"
2025-05-23 04:30:05,371 - httpx - INFO - HTTP Request: POST https://api.telegram.org/bot7093436536:AAEvjyOBDmUYkoOkO2zxZnzplRy8Thhz0Ps/getUpdates "HTTP/1.1 200 OK"
2025-05-23 04:30:15,458 - httpx - INFO - HTTP Request: POST https://api.telegram.org/bot7093436536:AAEvjyOBDmUYkoOkO2zxZnzplRy8Thhz0Ps/getUpdates "HTTP/1.1 200 OK"
2025-05-23 04:30:25,546 - httpx - INFO - HTTP Request: POST https://api.telegram.org/bot7093436536:AAEvjyOBDmUYkoOkO2zxZnzplRy8Thhz0Ps/getUpdates "HTTP/1.1 200 OK"
2025-05-23 04:30:35,633 - httpx - INFO - HTTP Request: POST https://api.telegram.org/bot7093436536:AAEvjyOBDmUYkoOkO2zxZnzplRy8Thhz0Ps/getUpdates "HTTP/1.1 200 OK"
2025-05-23 04:30:45,720 - httpx - INFO - HTTP Request: POST https://api.telegram.org/bot7093436536:AAEvjyOBDmUYkoOkO2zxZnzplRy8Thhz0Ps/getUpdates "HTTP/1.1 200 OK"
2025-05-23 04:30:55,807 - httpx - INFO - HTTP Request: POST https://api.telegram.org/bot7093436536:AAEvjyOBDmUYkoOkO2zxZnzplRy8Thhz0Ps/getUpdates "HTTP/1.1 200 OK"
2025-05-23 04:31:05,895 - httpx - INFO - HTTP Request: POST https://api.telegram.org/bot7093436536:AAEvjyOBDmUYkoOkO2zxZnzplRy8Thhz0Ps/getUpdates "HTTP/1.1 200 OK"
2025-05-23 04:31:15,983 - httpx - INFO - HTTP Request: POST https://api.telegram.org/bot7093436536:AAEvjyOBDmUYkoOkO2zxZnzplRy8Thhz0Ps/getUpdates "HTTP/1.1 200 OK"
2025-05-23 04:31:26,071 - httpx - INFO - HTTP Request: POST https://api.telegram.org/bot7093436536:AAEvjyOBDmUYkoOkO2zxZnzplRy8Thhz0Ps/getUpdates "HTTP/1.1 200 OK"
2025-05-23 04:31:36,158 - httpx - INFO - HTTP Request: POST https://api.telegram.org/bot7093436536:AAEvjyOBDmUYkoOkO2zxZnzplRy8Thhz0Ps/getUpdates "HTTP/1.1 200 OK"
2025-05-23 04:31:46,244 - httpx - INFO - HTTP Request: POST https://api.telegram.org/bot7093436536:AAEvjyOBDmUYkoOkO2zxZnzplRy8Thhz0Ps/getUpdates "HTTP/1.1 200 OK"
2025-05-23 04:31:56,347 - httpx - INFO - HTTP Request: POST https://api.telegram.org/bot7093436536:AAEvjyOBDmUYkoOkO2zxZnzplRy8Thhz0Ps/getUpdates "HTTP/1.1 200 OK"
2025-05-23 04:32:06,434 - httpx - INFO - HTTP Request: POST https://api.telegram.org/bot7093436536:AAEvjyOBDmUYkoOkO2zxZnzplRy8Thhz0Ps/getUpdates "HTTP/1.1 200 OK"
2025-05-23 04:32:16,520 - httpx - INFO - HTTP Request: POST https://api.telegram.org/bot7093436536:AAEvjyOBDmUYkoOkO2zxZnzplRy8Thhz0Ps/getUpdates "HTTP/1.1 200 OK"
2025-05-23 04:32:26,607 - httpx - INFO - HTTP Request: POST https://api.telegram.org/bot7093436536:AAEvjyOBDmUYkoOkO2zxZnzplRy8Thhz0Ps/getUpdates "HTTP/1.1 200 OK"
2025-05-23 04:32:36,695 - httpx - INFO - HTTP Request: POST https://api.telegram.org/bot7093436536:AAEvjyOBDmUYkoOkO2zxZnzplRy8Thhz0Ps/getUpdates "HTTP/1.1 200 OK"
2025-05-23 04:32:46,783 - httpx - INFO - HTTP Request: POST https://api.telegram.org/bot7093436536:AAEvjyOBDmUYkoOkO2zxZnzplRy8Thhz0Ps/getUpdates "HTTP/1.1 200 OK"
2025-05-23 04:32:56,900 - httpx - INFO - HTTP Request: POST https://api.telegram.org/bot7093436536:AAEvjyOBDmUYkoOkO2zxZnzplRy8Thhz0Ps/getUpdates "HTTP/1.1 200 OK"
2025-05-23 04:33:06,989 - httpx - INFO - HTTP Request: POST https://api.telegram.org/bot7093436536:AAEvjyOBDmUYkoOkO2zxZnzplRy8Thhz0Ps/getUpdates "HTTP/1.1 200 OK"
2025-05-23 04:33:17,077 - httpx - INFO - HTTP Request: POST https://api.telegram.org/bot7093436536:AAEvjyOBDmUYkoOkO2zxZnzplRy8Thhz0Ps/getUpdates "HTTP/1.1 200 OK"
2025-05-23 04:33:27,175 - httpx - INFO - HTTP Request: POST https://api.telegram.org/bot7093436536:AAEvjyOBDmUYkoOkO2zxZnzplRy8Thhz0Ps/getUpdates "HTTP/1.1 200 OK"
2025-05-23 04:33:37,262 - httpx - INFO - HTTP Request: POST https://api.telegram.org/bot7093436536:AAEvjyOBDmUYkoOkO2zxZnzplRy8Thhz0Ps/getUpdates "HTTP/1.1 200 OK"
2025-05-23 04:33:47,350 - httpx - INFO - HTTP Request: POST https://api.telegram.org/bot7093436536:AAEvjyOBDmUYkoOkO2zxZnzplRy8Thhz0Ps/getUpdates "HTTP/1.1 200 OK"
2025-05-23 04:33:57,441 - httpx - INFO - HTTP Request: POST https://api.telegram.org/bot7093436536:AAEvjyOBDmUYkoOkO2zxZnzplRy8Thhz0Ps/getUpdates "HTTP/1.1 200 OK"
2025-05-23 04:34:07,530 - httpx - INFO - HTTP Request: POST https://api.telegram.org/bot7093436536:AAEvjyOBDmUYkoOkO2zxZnzplRy8Thhz0Ps/getUpdates "HTTP/1.1 200 OK"
2025-05-23 04:34:17,621 - httpx - INFO - HTTP Request: POST https://api.telegram.org/bot7093436536:AAEvjyOBDmUYkoOkO2zxZnzplRy8Thhz0Ps/getUpdates "HTTP/1.1 200 OK"
2025-05-23 04:34:27,709 - httpx - INFO - HTTP Request: POST https://api.telegram.org/bot7093436536:AAEvjyOBDmUYkoOkO2zxZnzplRy8Thhz0Ps/getUpdates "HTTP/1.1 200 OK"
2025-05-23 04:34:37,797 - httpx - INFO - HTTP Request: POST https://api.telegram.org/bot7093436536:AAEvjyOBDmUYkoOkO2zxZnzplRy8Thhz0Ps/getUpdates "HTTP/1.1 200 OK"
2025-05-23 04:34:47,907 - httpx - INFO - HTTP Request: POST https://api.telegram.org/bot7093436536:AAEvjyOBDmUYkoOkO2zxZnzplRy8Thhz0Ps/getUpdates "HTTP/1.1 200 OK"
2025-05-23 04:34:57,995 - httpx - INFO - HTTP Request: POST https://api.telegram.org/bot7093436536:AAEvjyOBDmUYkoOkO2zxZnzplRy8Thhz0Ps/getUpdates "HTTP/1.1 200 OK"
2025-05-23 04:35:08,083 - httpx - INFO - HTTP Request: POST https://api.telegram.org/bot7093436536:AAEvjyOBDmUYkoOkO2zxZnzplRy8Thhz0Ps/getUpdates "HTTP/1.1 200 OK"
2025-05-23 04:35:18,172 - httpx - INFO - HTTP Request: POST https://api.telegram.org/bot7093436536:AAEvjyOBDmUYkoOkO2zxZnzplRy8Thhz0Ps/getUpdates "HTTP/1.1 200 OK"
2025-05-23 04:35:28,259 - httpx - INFO - HTTP Request: POST https://api.telegram.org/bot7093436536:AAEvjyOBDmUYkoOkO2zxZnzplRy8Thhz0Ps/getUpdates "HTTP/1.1 200 OK"
2025-05-23 04:35:38,351 - httpx - INFO - HTTP Request: POST https://api.telegram.org/bot7093436536:AAEvjyOBDmUYkoOkO2zxZnzplRy8Thhz0Ps/getUpdates "HTTP/1.1 200 OK"
2025-05-23 04:35:48,441 - httpx - INFO - HTTP Request: POST https://api.telegram.org/bot7093436536:AAEvjyOBDmUYkoOkO2zxZnzplRy8Thhz0Ps/getUpdates "HTTP/1.1 200 OK"
2025-05-23 04:35:58,529 - httpx - INFO - HTTP Request: POST https://api.telegram.org/bot7093436536:AAEvjyOBDmUYkoOkO2zxZnzplRy8Thhz0Ps/getUpdates "HTTP/1.1 200 OK"
2025-05-23 04:36:08,618 - httpx - INFO - HTTP Request: POST https://api.telegram.org/bot7093436536:AAEvjyOBDmUYkoOkO2zxZnzplRy8Thhz0Ps/getUpdates "HTTP/1.1 200 OK"
2025-05-23 04:36:18,707 - httpx - INFO - HTTP Request: POST https://api.telegram.org/bot7093436536:AAEvjyOBDmUYkoOkO2zxZnzplRy8Thhz0Ps/getUpdates "HTTP/1.1 200 OK"
2025-05-23 04:36:28,795 - httpx - INFO - HTTP Request: POST https://api.telegram.org/bot7093436536:AAEvjyOBDmUYkoOkO2zxZnzplRy8Thhz0Ps/getUpdates "HTTP/1.1 200 OK"
2025-05-23 04:36:38,881 - httpx - INFO - HTTP Request: POST https://api.telegram.org/bot7093436536:AAEvjyOBDmUYkoOkO2zxZnzplRy8Thhz0Ps/getUpdates "HTTP/1.1 200 OK"
2025-05-23 04:36:48,968 - httpx - INFO - HTTP Request: POST https://api.telegram.org/bot7093436536:AAEvjyOBDmUYkoOkO2zxZnzplRy8Thhz0Ps/getUpdates "HTTP/1.1 200 OK"
2025-05-23 04:36:59,056 - httpx - INFO - HTTP Request: POST https://api.telegram.org/bot7093436536:AAEvjyOBDmUYkoOkO2zxZnzplRy8Thhz0Ps/getUpdates "HTTP/1.1 200 OK"
2025-05-23 04:37:09,146 - httpx - INFO - HTTP Request: POST https://api.telegram.org/bot7093436536:AAEvjyOBDmUYkoOkO2zxZnzplRy8Thhz0Ps/getUpdates "HTTP/1.1 200 OK"
2025-05-23 04:37:19,233 - httpx - INFO - HTTP Request: POST https://api.telegram.org/bot7093436536:AAEvjyOBDmUYkoOkO2zxZnzplRy8Thhz0Ps/getUpdates "HTTP/1.1 200 OK"
2025-05-23 04:37:29,320 - httpx - INFO - HTTP Request: POST https://api.telegram.org/bot7093436536:AAEvjyOBDmUYkoOkO2zxZnzplRy8Thhz0Ps/getUpdates "HTTP/1.1 200 OK"
2025-05-23 04:37:39,408 - httpx - INFO - HTTP Request: POST https://api.telegram.org/bot7093436536:AAEvjyOBDmUYkoOkO2zxZnzplRy8Thhz0Ps/getUpdates "HTTP/1.1 200 OK"
2025-05-23 04:37:49,496 - httpx - INFO - HTTP Request: POST https://api.telegram.org/bot7093436536:AAEvjyOBDmUYkoOkO2zxZnzplRy8Thhz0Ps/getUpdates "HTTP/1.1 200 OK"
2025-05-23 04:37:59,583 - httpx - INFO - HTTP Request: POST https://api.telegram.org/bot7093436536:AAEvjyOBDmUYkoOkO2zxZnzplRy8Thhz0Ps/getUpdates "HTTP/1.1 200 OK"
2025-05-23 04:38:09,674 - httpx - INFO - HTTP Request: POST https://api.telegram.org/bot7093436536:AAEvjyOBDmUYkoOkO2zxZnzplRy8Thhz0Ps/getUpdates "HTTP/1.1 200 OK"
2025-05-23 04:38:19,761 - httpx - INFO - HTTP Request: POST https://api.telegram.org/bot7093436536:AAEvjyOBDmUYkoOkO2zxZnzplRy8Thhz0Ps/getUpdates "HTTP/1.1 200 OK"
2025-05-23 04:38:29,849 - httpx - INFO - HTTP Request: POST https://api.telegram.org/bot7093436536:AAEvjyOBDmUYkoOkO2zxZnzplRy8Thhz0Ps/getUpdates "HTTP/1.1 200 OK"
2025-05-23 04:38:39,937 - httpx - INFO - HTTP Request: POST https://api.telegram.org/bot7093436536:AAEvjyOBDmUYkoOkO2zxZnzplRy8Thhz0Ps/getUpdates "HTTP/1.1 200 OK"
2025-05-23 04:38:50,029 - httpx - INFO - HTTP Request: POST https://api.telegram.org/bot7093436536:AAEvjyOBDmUYkoOkO2zxZnzplRy8Thhz0Ps/getUpdates "HTTP/1.1 200 OK"
2025-05-23 04:39:00,116 - httpx - INFO - HTTP Request: POST https://api.telegram.org/bot7093436536:AAEvjyOBDmUYkoOkO2zxZnzplRy8Thhz0Ps/getUpdates "HTTP/1.1 200 OK"
2025-05-23 04:39:10,204 - httpx - INFO - HTTP Request: POST https://api.telegram.org/bot7093436536:AAEvjyOBDmUYkoOkO2zxZnzplRy8Thhz0Ps/getUpdates "HTTP/1.1 200 OK"
2025-05-23 04:39:20,292 - httpx - INFO - HTTP Request: POST https://api.telegram.org/bot7093436536:AAEvjyOBDmUYkoOkO2zxZnzplRy8Thhz0Ps/getUpdates "HTTP/1.1 200 OK"
2025-05-23 04:39:30,380 - httpx - INFO - HTTP Request: POST https://api.telegram.org/bot7093436536:AAEvjyOBDmUYkoOkO2zxZnzplRy8Thhz0Ps/getUpdates "HTTP/1.1 200 OK"
2025-05-23 04:39:40,469 - httpx - INFO - HTTP Request: POST https://api.telegram.org/bot7093436536:AAEvjyOBDmUYkoOkO2zxZnzplRy8Thhz0Ps/getUpdates "HTTP/1.1 200 OK"
2025-05-23 04:39:50,557 - httpx - INFO - HTTP Request: POST https://api.telegram.org/bot7093436536:AAEvjyOBDmUYkoOkO2zxZnzplRy8Thhz0Ps/getUpdates "HTTP/1.1 200 OK"
2025-05-23 04:40:00,645 - httpx - INFO - HTTP Request: POST https://api.telegram.org/bot7093436536:AAEvjyOBDmUYkoOkO2zxZnzplRy8Thhz0Ps/getUpdates "HTTP/1.1 200 OK"
2025-05-23 04:40:10,732 - httpx - INFO - HTTP Request: POST https://api.telegram.org/bot7093436536:AAEvjyOBDmUYkoOkO2zxZnzplRy8Thhz0Ps/getUpdates "HTTP/1.1 200 OK"
2025-05-23 04:40:20,819 - httpx - INFO - HTTP Request: POST https://api.telegram.org/bot7093436536:AAEvjyOBDmUYkoOkO2zxZnzplRy8Thhz0Ps/getUpdates "HTTP/1.1 200 OK"
2025-05-23 04:40:30,907 - httpx - INFO - HTTP Request: POST https://api.telegram.org/bot7093436536:AAEvjyOBDmUYkoOkO2zxZnzplRy8Thhz0Ps/getUpdates "HTTP/1.1 200 OK"
2025-05-23 04:40:41,007 - httpx - INFO - HTTP Request: POST https://api.telegram.org/bot7093436536:AAEvjyOBDmUYkoOkO2zxZnzplRy8Thhz0Ps/getUpdates "HTTP/1.1 200 OK"
2025-05-23 04:40:51,094 - httpx - INFO - HTTP Request: POST https://api.telegram.org/bot7093436536:AAEvjyOBDmUYkoOkO2zxZnzplRy8Thhz0Ps/getUpdates "HTTP/1.1 200 OK"
2025-05-23 04:41:01,181 - httpx - INFO - HTTP Request: POST https://api.telegram.org/bot7093436536:AAEvjyOBDmUYkoOkO2zxZnzplRy8Thhz0Ps/getUpdates "HTTP/1.1 200 OK"
2025-05-23 04:41:11,269 - httpx - INFO - HTTP Request: POST https://api.telegram.org/bot7093436536:AAEvjyOBDmUYkoOkO2zxZnzplRy8Thhz0Ps/getUpdates "HTTP/1.1 200 OK"
2025-05-23 04:41:21,365 - httpx - INFO - HTTP Request: POST https://api.telegram.org/bot7093436536:AAEvjyOBDmUYkoOkO2zxZnzplRy8Thhz0Ps/getUpdates "HTTP/1.1 200 OK"
2025-05-23 04:41:31,452 - httpx - INFO - HTTP Request: POST https://api.telegram.org/bot7093436536:AAEvjyOBDmUYkoOkO2zxZnzplRy8Thhz0Ps/getUpdates "HTTP/1.1 200 OK"
2025-05-23 04:41:41,539 - httpx - INFO - HTTP Request: POST https://api.telegram.org/bot7093436536:AAEvjyOBDmUYkoOkO2zxZnzplRy8Thhz0Ps/getUpdates "HTTP/1.1 200 OK"
2025-05-23 04:41:51,626 - httpx - INFO - HTTP Request: POST https://api.telegram.org/bot7093436536:AAEvjyOBDmUYkoOkO2zxZnzplRy8Thhz0Ps/getUpdates "HTTP/1.1 200 OK"
2025-05-23 04:42:01,716 - httpx - INFO - HTTP Request: POST https://api.telegram.org/bot7093436536:AAEvjyOBDmUYkoOkO2zxZnzplRy8Thhz0Ps/getUpdates "HTTP/1.1 200 OK"
2025-05-23 04:42:11,982 - httpx - INFO - HTTP Request: POST https://api.telegram.org/bot7093436536:AAEvjyOBDmUYkoOkO2zxZnzplRy8Thhz0Ps/getUpdates "HTTP/1.1 200 OK"
2025-05-23 04:42:22,071 - httpx - INFO - HTTP Request: POST https://api.telegram.org/bot7093436536:AAEvjyOBDmUYkoOkO2zxZnzplRy8Thhz0Ps/getUpdates "HTTP/1.1 200 OK"
2025-05-23 04:42:32,160 - httpx - INFO - HTTP Request: POST https://api.telegram.org/bot7093436536:AAEvjyOBDmUYkoOkO2zxZnzplRy8Thhz0Ps/getUpdates "HTTP/1.1 200 OK"
2025-05-23 04:42:42,249 - httpx - INFO - HTTP Request: POST https://api.telegram.org/bot7093436536:AAEvjyOBDmUYkoOkO2zxZnzplRy8Thhz0Ps/getUpdates "HTTP/1.1 200 OK"
2025-05-23 04:42:52,338 - httpx - INFO - HTTP Request: POST https://api.telegram.org/bot7093436536:AAEvjyOBDmUYkoOkO2zxZnzplRy8Thhz0Ps/getUpdates "HTTP/1.1 200 OK"
2025-05-23 04:43:02,427 - httpx - INFO - HTTP Request: POST https://api.telegram.org/bot7093436536:AAEvjyOBDmUYkoOkO2zxZnzplRy8Thhz0Ps/getUpdates "HTTP/1.1 200 OK"
2025-05-23 04:43:12,515 - httpx - INFO - HTTP Request: POST https://api.telegram.org/bot7093436536:AAEvjyOBDmUYkoOkO2zxZnzplRy8Thhz0Ps/getUpdates "HTTP/1.1 200 OK"
2025-05-23 04:43:22,605 - httpx - INFO - HTTP Request: POST https://api.telegram.org/bot7093436536:AAEvjyOBDmUYkoOkO2zxZnzplRy8Thhz0Ps/getUpdates "HTTP/1.1 200 OK"
2025-05-23 04:43:32,694 - httpx - INFO - HTTP Request: POST https://api.telegram.org/bot7093436536:AAEvjyOBDmUYkoOkO2zxZnzplRy8Thhz0Ps/getUpdates "HTTP/1.1 200 OK"
2025-05-23 04:43:42,783 - httpx - INFO - HTTP Request: POST https://api.telegram.org/bot7093436536:AAEvjyOBDmUYkoOkO2zxZnzplRy8Thhz0Ps/getUpdates "HTTP/1.1 200 OK"
2025-05-23 04:43:52,877 - httpx - INFO - HTTP Request: POST https://api.telegram.org/bot7093436536:AAEvjyOBDmUYkoOkO2zxZnzplRy8Thhz0Ps/getUpdates "HTTP/1.1 200 OK"
2025-05-23 04:44:02,965 - httpx - INFO - HTTP Request: POST https://api.telegram.org/bot7093436536:AAEvjyOBDmUYkoOkO2zxZnzplRy8Thhz0Ps/getUpdates "HTTP/1.1 200 OK"
2025-05-23 04:44:13,053 - httpx - INFO - HTTP Request: POST https://api.telegram.org/bot7093436536:AAEvjyOBDmUYkoOkO2zxZnzplRy8Thhz0Ps/getUpdates "HTTP/1.1 200 OK"
2025-05-23 04:44:23,142 - httpx - INFO - HTTP Request: POST https://api.telegram.org/bot7093436536:AAEvjyOBDmUYkoOkO2zxZnzplRy8Thhz0Ps/getUpdates "HTTP/1.1 200 OK"
2025-05-23 04:44:33,231 - httpx - INFO - HTTP Request: POST https://api.telegram.org/bot7093436536:AAEvjyOBDmUYkoOkO2zxZnzplRy8Thhz0Ps/getUpdates "HTTP/1.1 200 OK"
2025-05-23 04:44:43,320 - httpx - INFO - HTTP Request: POST https://api.telegram.org/bot7093436536:AAEvjyOBDmUYkoOkO2zxZnzplRy8Thhz0Ps/getUpdates "HTTP/1.1 200 OK"
2025-05-23 04:44:53,409 - httpx - INFO - HTTP Request: POST https://api.telegram.org/bot7093436536:AAEvjyOBDmUYkoOkO2zxZnzplRy8Thhz0Ps/getUpdates "HTTP/1.1 200 OK"
2025-05-23 04:45:03,499 - httpx - INFO - HTTP Request: POST https://api.telegram.org/bot7093436536:AAEvjyOBDmUYkoOkO2zxZnzplRy8Thhz0Ps/getUpdates "HTTP/1.1 200 OK"
2025-05-23 04:45:13,588 - httpx - INFO - HTTP Request: POST https://api.telegram.org/bot7093436536:AAEvjyOBDmUYkoOkO2zxZnzplRy8Thhz0Ps/getUpdates "HTTP/1.1 200 OK"
2025-05-23 04:45:23,676 - httpx - INFO - HTTP Request: POST https://api.telegram.org/bot7093436536:AAEvjyOBDmUYkoOkO2zxZnzplRy8Thhz0Ps/getUpdates "HTTP/1.1 200 OK"
2025-05-23 04:45:33,768 - httpx - INFO - HTTP Request: POST https://api.telegram.org/bot7093436536:AAEvjyOBDmUYkoOkO2zxZnzplRy8Thhz0Ps/getUpdates "HTTP/1.1 200 OK"
2025-05-23 04:45:43,856 - httpx - INFO - HTTP Request: POST https://api.telegram.org/bot7093436536:AAEvjyOBDmUYkoOkO2zxZnzplRy8Thhz0Ps/getUpdates "HTTP/1.1 200 OK"
2025-05-23 04:45:53,946 - httpx - INFO - HTTP Request: POST https://api.telegram.org/bot7093436536:AAEvjyOBDmUYkoOkO2zxZnzplRy8Thhz0Ps/getUpdates "HTTP/1.1 200 OK"
2025-05-23 04:46:04,035 - httpx - INFO - HTTP Request: POST https://api.telegram.org/bot7093436536:AAEvjyOBDmUYkoOkO2zxZnzplRy8Thhz0Ps/getUpdates "HTTP/1.1 200 OK"
2025-05-23 04:46:14,124 - httpx - INFO - HTTP Request: POST https://api.telegram.org/bot7093436536:AAEvjyOBDmUYkoOkO2zxZnzplRy8Thhz0Ps/getUpdates "HTTP/1.1 200 OK"
2025-05-23 04:46:24,213 - httpx - INFO - HTTP Request: POST https://api.telegram.org/bot7093436536:AAEvjyOBDmUYkoOkO2zxZnzplRy8Thhz0Ps/getUpdates "HTTP/1.1 200 OK"
2025-05-23 04:46:34,302 - httpx - INFO - HTTP Request: POST https://api.telegram.org/bot7093436536:AAEvjyOBDmUYkoOkO2zxZnzplRy8Thhz0Ps/getUpdates "HTTP/1.1 200 OK"
2025-05-23 04:46:44,391 - httpx - INFO - HTTP Request: POST https://api.telegram.org/bot7093436536:AAEvjyOBDmUYkoOkO2zxZnzplRy8Thhz0Ps/getUpdates "HTTP/1.1 200 OK"
2025-05-23 04:46:54,479 - httpx - INFO - HTTP Request: POST https://api.telegram.org/bot7093436536:AAEvjyOBDmUYkoOkO2zxZnzplRy8Thhz0Ps/getUpdates "HTTP/1.1 200 OK"
2025-05-23 04:47:04,568 - httpx - INFO - HTTP Request: POST https://api.telegram.org/bot7093436536:AAEvjyOBDmUYkoOkO2zxZnzplRy8Thhz0Ps/getUpdates "HTTP/1.1 200 OK"
2025-05-23 04:47:14,658 - httpx - INFO - HTTP Request: POST https://api.telegram.org/bot7093436536:AAEvjyOBDmUYkoOkO2zxZnzplRy8Thhz0Ps/getUpdates "HTTP/1.1 200 OK"
2025-05-23 04:47:24,747 - httpx - INFO - HTTP Request: POST https://api.telegram.org/bot7093436536:AAEvjyOBDmUYkoOkO2zxZnzplRy8Thhz0Ps/getUpdates "HTTP/1.1 200 OK"
2025-05-23 04:47:34,837 - httpx - INFO - HTTP Request: POST https://api.telegram.org/bot7093436536:AAEvjyOBDmUYkoOkO2zxZnzplRy8Thhz0Ps/getUpdates "HTTP/1.1 200 OK"
2025-05-23 04:47:44,926 - httpx - INFO - HTTP Request: POST https://api.telegram.org/bot7093436536:AAEvjyOBDmUYkoOkO2zxZnzplRy8Thhz0Ps/getUpdates "HTTP/1.1 200 OK"
2025-05-23 04:47:55,015 - httpx - INFO - HTTP Request: POST https://api.telegram.org/bot7093436536:AAEvjyOBDmUYkoOkO2zxZnzplRy8Thhz0Ps/getUpdates "HTTP/1.1 200 OK"
2025-05-23 04:48:05,106 - httpx - INFO - HTTP Request: POST https://api.telegram.org/bot7093436536:AAEvjyOBDmUYkoOkO2zxZnzplRy8Thhz0Ps/getUpdates "HTTP/1.1 200 OK"
2025-05-23 04:48:15,194 - httpx - INFO - HTTP Request: POST https://api.telegram.org/bot7093436536:AAEvjyOBDmUYkoOkO2zxZnzplRy8Thhz0Ps/getUpdates "HTTP/1.1 200 OK"
2025-05-23 04:48:25,283 - httpx - INFO - HTTP Request: POST https://api.telegram.org/bot7093436536:AAEvjyOBDmUYkoOkO2zxZnzplRy8Thhz0Ps/getUpdates "HTTP/1.1 200 OK"
2025-05-23 04:48:35,371 - httpx - INFO - HTTP Request: POST https://api.telegram.org/bot7093436536:AAEvjyOBDmUYkoOkO2zxZnzplRy8Thhz0Ps/getUpdates "HTTP/1.1 200 OK"
2025-05-23 04:48:45,462 - httpx - INFO - HTTP Request: POST https://api.telegram.org/bot7093436536:AAEvjyOBDmUYkoOkO2zxZnzplRy8Thhz0Ps/getUpdates "HTTP/1.1 200 OK"
2025-05-23 04:48:55,551 - httpx - INFO - HTTP Request: POST https://api.telegram.org/bot7093436536:AAEvjyOBDmUYkoOkO2zxZnzplRy8Thhz0Ps/getUpdates "HTTP/1.1 200 OK"
2025-05-23 04:49:05,640 - httpx - INFO - HTTP Request: POST https://api.telegram.org/bot7093436536:AAEvjyOBDmUYkoOkO2zxZnzplRy8Thhz0Ps/getUpdates "HTTP/1.1 200 OK"
2025-05-23 04:49:15,728 - httpx - INFO - HTTP Request: POST https://api.telegram.org/bot7093436536:AAEvjyOBDmUYkoOkO2zxZnzplRy8Thhz0Ps/getUpdates "HTTP/1.1 200 OK"
2025-05-23 04:49:25,817 - httpx - INFO - HTTP Request: POST https://api.telegram.org/bot7093436536:AAEvjyOBDmUYkoOkO2zxZnzplRy8Thhz0Ps/getUpdates "HTTP/1.1 200 OK"
2025-05-23 04:49:35,905 - httpx - INFO - HTTP Request: POST https://api.telegram.org/bot7093436536:AAEvjyOBDmUYkoOkO2zxZnzplRy8Thhz0Ps/getUpdates "HTTP/1.1 200 OK"
2025-05-23 04:49:45,994 - httpx - INFO - HTTP Request: POST https://api.telegram.org/bot7093436536:AAEvjyOBDmUYkoOkO2zxZnzplRy8Thhz0Ps/getUpdates "HTTP/1.1 200 OK"
2025-05-23 04:49:56,084 - httpx - INFO - HTTP Request: POST https://api.telegram.org/bot7093436536:AAEvjyOBDmUYkoOkO2zxZnzplRy8Thhz0Ps/getUpdates "HTTP/1.1 200 OK"
2025-05-23 04:50:06,174 - httpx - INFO - HTTP Request: POST https://api.telegram.org/bot7093436536:AAEvjyOBDmUYkoOkO2zxZnzplRy8Thhz0Ps/getUpdates "HTTP/1.1 200 OK"
2025-05-23 04:50:16,263 - httpx - INFO - HTTP Request: POST https://api.telegram.org/bot7093436536:AAEvjyOBDmUYkoOkO2zxZnzplRy8Thhz0Ps/getUpdates "HTTP/1.1 200 OK"
2025-05-23 04:50:26,351 - httpx - INFO - HTTP Request: POST https://api.telegram.org/bot7093436536:AAEvjyOBDmUYkoOkO2zxZnzplRy8Thhz0Ps/getUpdates "HTTP/1.1 200 OK"
2025-05-23 04:50:36,440 - httpx - INFO - HTTP Request: POST https://api.telegram.org/bot7093436536:AAEvjyOBDmUYkoOkO2zxZnzplRy8Thhz0Ps/getUpdates "HTTP/1.1 200 OK"
2025-05-23 04:50:46,529 - httpx - INFO - HTTP Request: POST https://api.telegram.org/bot7093436536:AAEvjyOBDmUYkoOkO2zxZnzplRy8Thhz0Ps/getUpdates "HTTP/1.1 200 OK"
2025-05-23 04:50:56,618 - httpx - INFO - HTTP Request: POST https://api.telegram.org/bot7093436536:AAEvjyOBDmUYkoOkO2zxZnzplRy8Thhz0Ps/getUpdates "HTTP/1.1 200 OK"
2025-05-23 04:51:06,708 - httpx - INFO - HTTP Request: POST https://api.telegram.org/bot7093436536:AAEvjyOBDmUYkoOkO2zxZnzplRy8Thhz0Ps/getUpdates "HTTP/1.1 200 OK"
2025-05-23 04:51:16,798 - httpx - INFO - HTTP Request: POST https://api.telegram.org/bot7093436536:AAEvjyOBDmUYkoOkO2zxZnzplRy8Thhz0Ps/getUpdates "HTTP/1.1 200 OK"
2025-05-23 04:51:26,887 - httpx - INFO - HTTP Request: POST https://api.telegram.org/bot7093436536:AAEvjyOBDmUYkoOkO2zxZnzplRy8Thhz0Ps/getUpdates "HTTP/1.1 200 OK"
2025-05-23 04:51:36,981 - httpx - INFO - HTTP Request: POST https://api.telegram.org/bot7093436536:AAEvjyOBDmUYkoOkO2zxZnzplRy8Thhz0Ps/getUpdates "HTTP/1.1 200 OK"
2025-05-23 04:51:47,070 - httpx - INFO - HTTP Request: POST https://api.telegram.org/bot7093436536:AAEvjyOBDmUYkoOkO2zxZnzplRy8Thhz0Ps/getUpdates "HTTP/1.1 200 OK"
2025-05-23 04:51:57,158 - httpx - INFO - HTTP Request: POST https://api.telegram.org/bot7093436536:AAEvjyOBDmUYkoOkO2zxZnzplRy8Thhz0Ps/getUpdates "HTTP/1.1 200 OK"
2025-05-23 04:52:07,247 - httpx - INFO - HTTP Request: POST https://api.telegram.org/bot7093436536:AAEvjyOBDmUYkoOkO2zxZnzplRy8Thhz0Ps/getUpdates "HTTP/1.1 200 OK"
2025-05-23 04:52:17,335 - httpx - INFO - HTTP Request: POST https://api.telegram.org/bot7093436536:AAEvjyOBDmUYkoOkO2zxZnzplRy8Thhz0Ps/getUpdates "HTTP/1.1 200 OK"
2025-05-23 04:52:27,425 - httpx - INFO - HTTP Request: POST https://api.telegram.org/bot7093436536:AAEvjyOBDmUYkoOkO2zxZnzplRy8Thhz0Ps/getUpdates "HTTP/1.1 200 OK"
2025-05-23 04:52:37,514 - httpx - INFO - HTTP Request: POST https://api.telegram.org/bot7093436536:AAEvjyOBDmUYkoOkO2zxZnzplRy8Thhz0Ps/getUpdates "HTTP/1.1 200 OK"
2025-05-23 04:52:47,603 - httpx - INFO - HTTP Request: POST https://api.telegram.org/bot7093436536:AAEvjyOBDmUYkoOkO2zxZnzplRy8Thhz0Ps/getUpdates "HTTP/1.1 200 OK"
2025-05-23 04:52:57,691 - httpx - INFO - HTTP Request: POST https://api.telegram.org/bot7093436536:AAEvjyOBDmUYkoOkO2zxZnzplRy8Thhz0Ps/getUpdates "HTTP/1.1 200 OK"
2025-05-23 04:53:07,780 - httpx - INFO - HTTP Request: POST https://api.telegram.org/bot7093436536:AAEvjyOBDmUYkoOkO2zxZnzplRy8Thhz0Ps/getUpdates "HTTP/1.1 200 OK"
2025-05-23 04:53:17,870 - httpx - INFO - HTTP Request: POST https://api.telegram.org/bot7093436536:AAEvjyOBDmUYkoOkO2zxZnzplRy8Thhz0Ps/getUpdates "HTTP/1.1 200 OK"
2025-05-23 04:53:27,984 - httpx - INFO - HTTP Request: POST https://api.telegram.org/bot7093436536:AAEvjyOBDmUYkoOkO2zxZnzplRy8Thhz0Ps/getUpdates "HTTP/1.1 200 OK"
2025-05-23 04:53:38,073 - httpx - INFO - HTTP Request: POST https://api.telegram.org/bot7093436536:AAEvjyOBDmUYkoOkO2zxZnzplRy8Thhz0Ps/getUpdates "HTTP/1.1 200 OK"
2025-05-23 04:53:48,164 - httpx - INFO - HTTP Request: POST https://api.telegram.org/bot7093436536:AAEvjyOBDmUYkoOkO2zxZnzplRy8Thhz0Ps/getUpdates "HTTP/1.1 200 OK"
2025-05-23 04:53:58,252 - httpx - INFO - HTTP Request: POST https://api.telegram.org/bot7093436536:AAEvjyOBDmUYkoOkO2zxZnzplRy8Thhz0Ps/getUpdates "HTTP/1.1 200 OK"
2025-05-23 04:54:08,340 - httpx - INFO - HTTP Request: POST https://api.telegram.org/bot7093436536:AAEvjyOBDmUYkoOkO2zxZnzplRy8Thhz0Ps/getUpdates "HTTP/1.1 200 OK"
2025-05-23 04:54:18,435 - httpx - INFO - HTTP Request: POST https://api.telegram.org/bot7093436536:AAEvjyOBDmUYkoOkO2zxZnzplRy8Thhz0Ps/getUpdates "HTTP/1.1 200 OK"
2025-05-23 04:54:28,525 - httpx - INFO - HTTP Request: POST https://api.telegram.org/bot7093436536:AAEvjyOBDmUYkoOkO2zxZnzplRy8Thhz0Ps/getUpdates "HTTP/1.1 200 OK"
2025-05-23 04:54:38,613 - httpx - INFO - HTTP Request: POST https://api.telegram.org/bot7093436536:AAEvjyOBDmUYkoOkO2zxZnzplRy8Thhz0Ps/getUpdates "HTTP/1.1 200 OK"
2025-05-23 04:54:48,702 - httpx - INFO - HTTP Request: POST https://api.telegram.org/bot7093436536:AAEvjyOBDmUYkoOkO2zxZnzplRy8Thhz0Ps/getUpdates "HTTP/1.1 200 OK"
2025-05-23 04:54:58,791 - httpx - INFO - HTTP Request: POST https://api.telegram.org/bot7093436536:AAEvjyOBDmUYkoOkO2zxZnzplRy8Thhz0Ps/getUpdates "HTTP/1.1 200 OK"
2025-05-23 04:55:08,880 - httpx - INFO - HTTP Request: POST https://api.telegram.org/bot7093436536:AAEvjyOBDmUYkoOkO2zxZnzplRy8Thhz0Ps/getUpdates "HTTP/1.1 200 OK"
2025-05-23 04:55:18,969 - httpx - INFO - HTTP Request: POST https://api.telegram.org/bot7093436536:AAEvjyOBDmUYkoOkO2zxZnzplRy8Thhz0Ps/getUpdates "HTTP/1.1 200 OK"
2025-05-23 04:55:29,059 - httpx - INFO - HTTP Request: POST https://api.telegram.org/bot7093436536:AAEvjyOBDmUYkoOkO2zxZnzplRy8Thhz0Ps/getUpdates "HTTP/1.1 200 OK"
2025-05-23 04:55:39,151 - httpx - INFO - HTTP Request: POST https://api.telegram.org/bot7093436536:AAEvjyOBDmUYkoOkO2zxZnzplRy8Thhz0Ps/getUpdates "HTTP/1.1 200 OK"
2025-05-23 04:55:49,239 - httpx - INFO - HTTP Request: POST https://api.telegram.org/bot7093436536:AAEvjyOBDmUYkoOkO2zxZnzplRy8Thhz0Ps/getUpdates "HTTP/1.1 200 OK"
2025-05-23 04:55:59,330 - httpx - INFO - HTTP Request: POST https://api.telegram.org/bot7093436536:AAEvjyOBDmUYkoOkO2zxZnzplRy8Thhz0Ps/getUpdates "HTTP/1.1 200 OK"
2025-05-23 04:56:09,419 - httpx - INFO - HTTP Request: POST https://api.telegram.org/bot7093436536:AAEvjyOBDmUYkoOkO2zxZnzplRy8Thhz0Ps/getUpdates "HTTP/1.1 200 OK"
2025-05-23 04:56:19,507 - httpx - INFO - HTTP Request: POST https://api.telegram.org/bot7093436536:AAEvjyOBDmUYkoOkO2zxZnzplRy8Thhz0Ps/getUpdates "HTTP/1.1 200 OK"
2025-05-23 04:56:29,596 - httpx - INFO - HTTP Request: POST https://api.telegram.org/bot7093436536:AAEvjyOBDmUYkoOkO2zxZnzplRy8Thhz0Ps/getUpdates "HTTP/1.1 200 OK"
2025-05-23 04:56:39,685 - httpx - INFO - HTTP Request: POST https://api.telegram.org/bot7093436536:AAEvjyOBDmUYkoOkO2zxZnzplRy8Thhz0Ps/getUpdates "HTTP/1.1 200 OK"
2025-05-23 04:56:49,775 - httpx - INFO - HTTP Request: POST https://api.telegram.org/bot7093436536:AAEvjyOBDmUYkoOkO2zxZnzplRy8Thhz0Ps/getUpdates "HTTP/1.1 200 OK"
2025-05-23 04:56:59,864 - httpx - INFO - HTTP Request: POST https://api.telegram.org/bot7093436536:AAEvjyOBDmUYkoOkO2zxZnzplRy8Thhz0Ps/getUpdates "HTTP/1.1 200 OK"
2025-05-23 04:57:09,953 - httpx - INFO - HTTP Request: POST https://api.telegram.org/bot7093436536:AAEvjyOBDmUYkoOkO2zxZnzplRy8Thhz0Ps/getUpdates "HTTP/1.1 200 OK"
2025-05-23 04:57:20,042 - httpx - INFO - HTTP Request: POST https://api.telegram.org/bot7093436536:AAEvjyOBDmUYkoOkO2zxZnzplRy8Thhz0Ps/getUpdates "HTTP/1.1 200 OK"
2025-05-23 04:57:30,130 - httpx - INFO - HTTP Request: POST https://api.telegram.org/bot7093436536:AAEvjyOBDmUYkoOkO2zxZnzplRy8Thhz0Ps/getUpdates "HTTP/1.1 200 OK"
2025-05-23 04:57:40,219 - httpx - INFO - HTTP Request: POST https://api.telegram.org/bot7093436536:AAEvjyOBDmUYkoOkO2zxZnzplRy8Thhz0Ps/getUpdates "HTTP/1.1 200 OK"
2025-05-23 04:57:50,311 - httpx - INFO - HTTP Request: POST https://api.telegram.org/bot7093436536:AAEvjyOBDmUYkoOkO2zxZnzplRy8Thhz0Ps/getUpdates "HTTP/1.1 200 OK"
2025-05-23 04:58:00,408 - httpx - INFO - HTTP Request: POST https://api.telegram.org/bot7093436536:AAEvjyOBDmUYkoOkO2zxZnzplRy8Thhz0Ps/getUpdates "HTTP/1.1 200 OK"
2025-05-23 04:58:10,514 - httpx - INFO - HTTP Request: POST https://api.telegram.org/bot7093436536:AAEvjyOBDmUYkoOkO2zxZnzplRy8Thhz0Ps/getUpdates "HTTP/1.1 200 OK"
2025-05-23 04:58:20,603 - httpx - INFO - HTTP Request: POST https://api.telegram.org/bot7093436536:AAEvjyOBDmUYkoOkO2zxZnzplRy8Thhz0Ps/getUpdates "HTTP/1.1 200 OK"
2025-05-23 04:58:30,691 - httpx - INFO - HTTP Request: POST https://api.telegram.org/bot7093436536:AAEvjyOBDmUYkoOkO2zxZnzplRy8Thhz0Ps/getUpdates "HTTP/1.1 200 OK"
2025-05-23 04:58:40,781 - httpx - INFO - HTTP Request: POST https://api.telegram.org/bot7093436536:AAEvjyOBDmUYkoOkO2zxZnzplRy8Thhz0Ps/getUpdates "HTTP/1.1 200 OK"
2025-05-23 04:58:50,869 - httpx - INFO - HTTP Request: POST https://api.telegram.org/bot7093436536:AAEvjyOBDmUYkoOkO2zxZnzplRy8Thhz0Ps/getUpdates "HTTP/1.1 200 OK"
2025-05-23 04:59:01,140 - httpx - INFO - HTTP Request: POST https://api.telegram.org/bot7093436536:AAEvjyOBDmUYkoOkO2zxZnzplRy8Thhz0Ps/getUpdates "HTTP/1.1 200 OK"
2025-05-23 04:59:11,230 - httpx - INFO - HTTP Request: POST https://api.telegram.org/bot7093436536:AAEvjyOBDmUYkoOkO2zxZnzplRy8Thhz0Ps/getUpdates "HTTP/1.1 200 OK"
2025-05-23 04:59:21,320 - httpx - INFO - HTTP Request: POST https://api.telegram.org/bot7093436536:AAEvjyOBDmUYkoOkO2zxZnzplRy8Thhz0Ps/getUpdates "HTTP/1.1 200 OK"
2025-05-23 04:59:31,409 - httpx - INFO - HTTP Request: POST https://api.telegram.org/bot7093436536:AAEvjyOBDmUYkoOkO2zxZnzplRy8Thhz0Ps/getUpdates "HTTP/1.1 200 OK"
2025-05-23 04:59:41,497 - httpx - INFO - HTTP Request: POST https://api.telegram.org/bot7093436536:AAEvjyOBDmUYkoOkO2zxZnzplRy8Thhz0Ps/getUpdates "HTTP/1.1 200 OK"
2025-05-23 04:59:51,588 - httpx - INFO - HTTP Request: POST https://api.telegram.org/bot7093436536:AAEvjyOBDmUYkoOkO2zxZnzplRy8Thhz0Ps/getUpdates "HTTP/1.1 200 OK"
2025-05-23 05:00:01,677 - httpx - INFO - HTTP Request: POST https://api.telegram.org/bot7093436536:AAEvjyOBDmUYkoOkO2zxZnzplRy8Thhz0Ps/getUpdates "HTTP/1.1 200 OK"
2025-05-23 05:00:11,767 - httpx - INFO - HTTP Request: POST https://api.telegram.org/bot7093436536:AAEvjyOBDmUYkoOkO2zxZnzplRy8Thhz0Ps/getUpdates "HTTP/1.1 200 OK"
2025-05-23 05:00:21,856 - httpx - INFO - HTTP Request: POST https://api.telegram.org/bot7093436536:AAEvjyOBDmUYkoOkO2zxZnzplRy8Thhz0Ps/getUpdates "HTTP/1.1 200 OK"
2025-05-23 05:00:31,947 - httpx - INFO - HTTP Request: POST https://api.telegram.org/bot7093436536:AAEvjyOBDmUYkoOkO2zxZnzplRy8Thhz0Ps/getUpdates "HTTP/1.1 200 OK"
2025-05-23 05:00:42,035 - httpx - INFO - HTTP Request: POST https://api.telegram.org/bot7093436536:AAEvjyOBDmUYkoOkO2zxZnzplRy8Thhz0Ps/getUpdates "HTTP/1.1 200 OK"
2025-05-23 05:00:52,140 - httpx - INFO - HTTP Request: POST https://api.telegram.org/bot7093436536:AAEvjyOBDmUYkoOkO2zxZnzplRy8Thhz0Ps/getUpdates "HTTP/1.1 200 OK"
2025-05-23 05:01:02,256 - httpx - INFO - HTTP Request: POST https://api.telegram.org/bot7093436536:AAEvjyOBDmUYkoOkO2zxZnzplRy8Thhz0Ps/getUpdates "HTTP/1.1 200 OK"
2025-05-23 05:01:12,347 - httpx - INFO - HTTP Request: POST https://api.telegram.org/bot7093436536:AAEvjyOBDmUYkoOkO2zxZnzplRy8Thhz0Ps/getUpdates "HTTP/1.1 200 OK"
2025-05-23 05:01:22,436 - httpx - INFO - HTTP Request: POST https://api.telegram.org/bot7093436536:AAEvjyOBDmUYkoOkO2zxZnzplRy8Thhz0Ps/getUpdates "HTTP/1.1 200 OK"
2025-05-23 05:01:32,527 - httpx - INFO - HTTP Request: POST https://api.telegram.org/bot7093436536:AAEvjyOBDmUYkoOkO2zxZnzplRy8Thhz0Ps/getUpdates "HTTP/1.1 200 OK"
2025-05-23 05:01:42,616 - httpx - INFO - HTTP Request: POST https://api.telegram.org/bot7093436536:AAEvjyOBDmUYkoOkO2zxZnzplRy8Thhz0Ps/getUpdates "HTTP/1.1 200 OK"
2025-05-23 05:01:52,705 - httpx - INFO - HTTP Request: POST https://api.telegram.org/bot7093436536:AAEvjyOBDmUYkoOkO2zxZnzplRy8Thhz0Ps/getUpdates "HTTP/1.1 200 OK"
2025-05-23 05:02:02,793 - httpx - INFO - HTTP Request: POST https://api.telegram.org/bot7093436536:AAEvjyOBDmUYkoOkO2zxZnzplRy8Thhz0Ps/getUpdates "HTTP/1.1 200 OK"
2025-05-23 05:02:12,883 - httpx - INFO - HTTP Request: POST https://api.telegram.org/bot7093436536:AAEvjyOBDmUYkoOkO2zxZnzplRy8Thhz0Ps/getUpdates "HTTP/1.1 200 OK"
2025-05-23 05:02:22,972 - httpx - INFO - HTTP Request: POST https://api.telegram.org/bot7093436536:AAEvjyOBDmUYkoOkO2zxZnzplRy8Thhz0Ps/getUpdates "HTTP/1.1 200 OK"
2025-05-23 05:02:33,062 - httpx - INFO - HTTP Request: POST https://api.telegram.org/bot7093436536:AAEvjyOBDmUYkoOkO2zxZnzplRy8Thhz0Ps/getUpdates "HTTP/1.1 200 OK"
2025-05-23 05:02:43,153 - httpx - INFO - HTTP Request: POST https://api.telegram.org/bot7093436536:AAEvjyOBDmUYkoOkO2zxZnzplRy8Thhz0Ps/getUpdates "HTTP/1.1 200 OK"
2025-05-23 05:02:53,243 - httpx - INFO - HTTP Request: POST https://api.telegram.org/bot7093436536:AAEvjyOBDmUYkoOkO2zxZnzplRy8Thhz0Ps/getUpdates "HTTP/1.1 200 OK"
2025-05-23 05:03:03,332 - httpx - INFO - HTTP Request: POST https://api.telegram.org/bot7093436536:AAEvjyOBDmUYkoOkO2zxZnzplRy8Thhz0Ps/getUpdates "HTTP/1.1 200 OK"
2025-05-23 05:03:13,422 - httpx - INFO - HTTP Request: POST https://api.telegram.org/bot7093436536:AAEvjyOBDmUYkoOkO2zxZnzplRy8Thhz0Ps/getUpdates "HTTP/1.1 200 OK"
2025-05-23 05:03:23,511 - httpx - INFO - HTTP Request: POST https://api.telegram.org/bot7093436536:AAEvjyOBDmUYkoOkO2zxZnzplRy8Thhz0Ps/getUpdates "HTTP/1.1 200 OK"
2025-05-23 05:03:33,600 - httpx - INFO - HTTP Request: POST https://api.telegram.org/bot7093436536:AAEvjyOBDmUYkoOkO2zxZnzplRy8Thhz0Ps/getUpdates "HTTP/1.1 200 OK"
2025-05-23 05:03:43,689 - httpx - INFO - HTTP Request: POST https://api.telegram.org/bot7093436536:AAEvjyOBDmUYkoOkO2zxZnzplRy8Thhz0Ps/getUpdates "HTTP/1.1 200 OK"
2025-05-23 05:03:53,778 - httpx - INFO - HTTP Request: POST https://api.telegram.org/bot7093436536:AAEvjyOBDmUYkoOkO2zxZnzplRy8Thhz0Ps/getUpdates "HTTP/1.1 200 OK"
2025-05-23 05:04:03,867 - httpx - INFO - HTTP Request: POST https://api.telegram.org/bot7093436536:AAEvjyOBDmUYkoOkO2zxZnzplRy8Thhz0Ps/getUpdates "HTTP/1.1 200 OK"
2025-05-23 05:04:13,980 - httpx - INFO - HTTP Request: POST https://api.telegram.org/bot7093436536:AAEvjyOBDmUYkoOkO2zxZnzplRy8Thhz0Ps/getUpdates "HTTP/1.1 200 OK"
2025-05-23 05:04:24,078 - httpx - INFO - HTTP Request: POST https://api.telegram.org/bot7093436536:AAEvjyOBDmUYkoOkO2zxZnzplRy8Thhz0Ps/getUpdates "HTTP/1.1 200 OK"
2025-05-23 05:04:34,168 - httpx - INFO - HTTP Request: POST https://api.telegram.org/bot7093436536:AAEvjyOBDmUYkoOkO2zxZnzplRy8Thhz0Ps/getUpdates "HTTP/1.1 200 OK"
2025-05-23 05:04:44,257 - httpx - INFO - HTTP Request: POST https://api.telegram.org/bot7093436536:AAEvjyOBDmUYkoOkO2zxZnzplRy8Thhz0Ps/getUpdates "HTTP/1.1 200 OK"
2025-05-23 05:04:54,346 - httpx - INFO - HTTP Request: POST https://api.telegram.org/bot7093436536:AAEvjyOBDmUYkoOkO2zxZnzplRy8Thhz0Ps/getUpdates "HTTP/1.1 200 OK"
2025-05-23 05:05:04,435 - httpx - INFO - HTTP Request: POST https://api.telegram.org/bot7093436536:AAEvjyOBDmUYkoOkO2zxZnzplRy8Thhz0Ps/getUpdates "HTTP/1.1 200 OK"
2025-05-23 05:05:14,523 - httpx - INFO - HTTP Request: POST https://api.telegram.org/bot7093436536:AAEvjyOBDmUYkoOkO2zxZnzplRy8Thhz0Ps/getUpdates "HTTP/1.1 200 OK"
2025-05-23 05:05:24,615 - httpx - INFO - HTTP Request: POST https://api.telegram.org/bot7093436536:AAEvjyOBDmUYkoOkO2zxZnzplRy8Thhz0Ps/getUpdates "HTTP/1.1 200 OK"
2025-05-23 05:05:34,705 - httpx - INFO - HTTP Request: POST https://api.telegram.org/bot7093436536:AAEvjyOBDmUYkoOkO2zxZnzplRy8Thhz0Ps/getUpdates "HTTP/1.1 200 OK"
2025-05-23 05:05:44,793 - httpx - INFO - HTTP Request: POST https://api.telegram.org/bot7093436536:AAEvjyOBDmUYkoOkO2zxZnzplRy8Thhz0Ps/getUpdates "HTTP/1.1 200 OK"
2025-05-23 05:05:54,882 - httpx - INFO - HTTP Request: POST https://api.telegram.org/bot7093436536:AAEvjyOBDmUYkoOkO2zxZnzplRy8Thhz0Ps/getUpdates "HTTP/1.1 200 OK"
2025-05-23 05:06:04,971 - httpx - INFO - HTTP Request: POST https://api.telegram.org/bot7093436536:AAEvjyOBDmUYkoOkO2zxZnzplRy8Thhz0Ps/getUpdates "HTTP/1.1 200 OK"
2025-05-23 05:06:15,076 - httpx - INFO - HTTP Request: POST https://api.telegram.org/bot7093436536:AAEvjyOBDmUYkoOkO2zxZnzplRy8Thhz0Ps/getUpdates "HTTP/1.1 200 OK"
2025-05-23 05:06:25,165 - httpx - INFO - HTTP Request: POST https://api.telegram.org/bot7093436536:AAEvjyOBDmUYkoOkO2zxZnzplRy8Thhz0Ps/getUpdates "HTTP/1.1 200 OK"
2025-05-23 05:06:35,253 - httpx - INFO - HTTP Request: POST https://api.telegram.org/bot7093436536:AAEvjyOBDmUYkoOkO2zxZnzplRy8Thhz0Ps/getUpdates "HTTP/1.1 200 OK"
2025-05-23 05:06:45,343 - httpx - INFO - HTTP Request: POST https://api.telegram.org/bot7093436536:AAEvjyOBDmUYkoOkO2zxZnzplRy8Thhz0Ps/getUpdates "HTTP/1.1 200 OK"
2025-05-23 05:06:55,432 - httpx - INFO - HTTP Request: POST https://api.telegram.org/bot7093436536:AAEvjyOBDmUYkoOkO2zxZnzplRy8Thhz0Ps/getUpdates "HTTP/1.1 200 OK"
2025-05-23 05:07:05,522 - httpx - INFO - HTTP Request: POST https://api.telegram.org/bot7093436536:AAEvjyOBDmUYkoOkO2zxZnzplRy8Thhz0Ps/getUpdates "HTTP/1.1 200 OK"
2025-05-23 05:07:15,611 - httpx - INFO - HTTP Request: POST https://api.telegram.org/bot7093436536:AAEvjyOBDmUYkoOkO2zxZnzplRy8Thhz0Ps/getUpdates "HTTP/1.1 200 OK"
2025-05-23 05:07:25,700 - httpx - INFO - HTTP Request: POST https://api.telegram.org/bot7093436536:AAEvjyOBDmUYkoOkO2zxZnzplRy8Thhz0Ps/getUpdates "HTTP/1.1 200 OK"
2025-05-23 05:07:35,790 - httpx - INFO - HTTP Request: POST https://api.telegram.org/bot7093436536:AAEvjyOBDmUYkoOkO2zxZnzplRy8Thhz0Ps/getUpdates "HTTP/1.1 200 OK"
2025-05-23 05:07:45,879 - httpx - INFO - HTTP Request: POST https://api.telegram.org/bot7093436536:AAEvjyOBDmUYkoOkO2zxZnzplRy8Thhz0Ps/getUpdates "HTTP/1.1 200 OK"
2025-05-23 05:07:55,969 - httpx - INFO - HTTP Request: POST https://api.telegram.org/bot7093436536:AAEvjyOBDmUYkoOkO2zxZnzplRy8Thhz0Ps/getUpdates "HTTP/1.1 200 OK"
2025-05-23 05:08:06,057 - httpx - INFO - HTTP Request: POST https://api.telegram.org/bot7093436536:AAEvjyOBDmUYkoOkO2zxZnzplRy8Thhz0Ps/getUpdates "HTTP/1.1 200 OK"
2025-05-23 05:08:16,147 - httpx - INFO - HTTP Request: POST https://api.telegram.org/bot7093436536:AAEvjyOBDmUYkoOkO2zxZnzplRy8Thhz0Ps/getUpdates "HTTP/1.1 200 OK"
2025-05-23 05:08:26,237 - httpx - INFO - HTTP Request: POST https://api.telegram.org/bot7093436536:AAEvjyOBDmUYkoOkO2zxZnzplRy8Thhz0Ps/getUpdates "HTTP/1.1 200 OK"
2025-05-23 05:08:36,325 - httpx - INFO - HTTP Request: POST https://api.telegram.org/bot7093436536:AAEvjyOBDmUYkoOkO2zxZnzplRy8Thhz0Ps/getUpdates "HTTP/1.1 200 OK"
2025-05-23 05:08:46,414 - httpx - INFO - HTTP Request: POST https://api.telegram.org/bot7093436536:AAEvjyOBDmUYkoOkO2zxZnzplRy8Thhz0Ps/getUpdates "HTTP/1.1 200 OK"
2025-05-23 05:08:56,503 - httpx - INFO - HTTP Request: POST https://api.telegram.org/bot7093436536:AAEvjyOBDmUYkoOkO2zxZnzplRy8Thhz0Ps/getUpdates "HTTP/1.1 200 OK"
2025-05-23 05:09:06,594 - httpx - INFO - HTTP Request: POST https://api.telegram.org/bot7093436536:AAEvjyOBDmUYkoOkO2zxZnzplRy8Thhz0Ps/getUpdates "HTTP/1.1 200 OK"
2025-05-23 05:09:16,683 - httpx - INFO - HTTP Request: POST https://api.telegram.org/bot7093436536:AAEvjyOBDmUYkoOkO2zxZnzplRy8Thhz0Ps/getUpdates "HTTP/1.1 200 OK"
2025-05-23 05:09:26,771 - httpx - INFO - HTTP Request: POST https://api.telegram.org/bot7093436536:AAEvjyOBDmUYkoOkO2zxZnzplRy8Thhz0Ps/getUpdates "HTTP/1.1 200 OK"
2025-05-23 05:09:36,863 - httpx - INFO - HTTP Request: POST https://api.telegram.org/bot7093436536:AAEvjyOBDmUYkoOkO2zxZnzplRy8Thhz0Ps/getUpdates "HTTP/1.1 200 OK"
2025-05-23 05:09:46,955 - httpx - INFO - HTTP Request: POST https://api.telegram.org/bot7093436536:AAEvjyOBDmUYkoOkO2zxZnzplRy8Thhz0Ps/getUpdates "HTTP/1.1 200 OK"
2025-05-23 05:09:57,047 - httpx - INFO - HTTP Request: POST https://api.telegram.org/bot7093436536:AAEvjyOBDmUYkoOkO2zxZnzplRy8Thhz0Ps/getUpdates "HTTP/1.1 200 OK"
2025-05-23 05:10:07,142 - httpx - INFO - HTTP Request: POST https://api.telegram.org/bot7093436536:AAEvjyOBDmUYkoOkO2zxZnzplRy8Thhz0Ps/getUpdates "HTTP/1.1 200 OK"
2025-05-23 05:10:17,235 - httpx - INFO - HTTP Request: POST https://api.telegram.org/bot7093436536:AAEvjyOBDmUYkoOkO2zxZnzplRy8Thhz0Ps/getUpdates "HTTP/1.1 200 OK"
2025-05-23 05:10:27,328 - httpx - INFO - HTTP Request: POST https://api.telegram.org/bot7093436536:AAEvjyOBDmUYkoOkO2zxZnzplRy8Thhz0Ps/getUpdates "HTTP/1.1 200 OK"
2025-05-23 05:10:37,421 - httpx - INFO - HTTP Request: POST https://api.telegram.org/bot7093436536:AAEvjyOBDmUYkoOkO2zxZnzplRy8Thhz0Ps/getUpdates "HTTP/1.1 200 OK"
2025-05-23 05:10:47,514 - httpx - INFO - HTTP Request: POST https://api.telegram.org/bot7093436536:AAEvjyOBDmUYkoOkO2zxZnzplRy8Thhz0Ps/getUpdates "HTTP/1.1 200 OK"
2025-05-23 05:10:57,627 - httpx - INFO - HTTP Request: POST https://api.telegram.org/bot7093436536:AAEvjyOBDmUYkoOkO2zxZnzplRy8Thhz0Ps/getUpdates "HTTP/1.1 200 OK"
2025-05-23 05:11:07,721 - httpx - INFO - HTTP Request: POST https://api.telegram.org/bot7093436536:AAEvjyOBDmUYkoOkO2zxZnzplRy8Thhz0Ps/getUpdates "HTTP/1.1 200 OK"
2025-05-23 05:11:17,815 - httpx - INFO - HTTP Request: POST https://api.telegram.org/bot7093436536:AAEvjyOBDmUYkoOkO2zxZnzplRy8Thhz0Ps/getUpdates "HTTP/1.1 200 OK"
2025-05-23 05:11:27,907 - httpx - INFO - HTTP Request: POST https://api.telegram.org/bot7093436536:AAEvjyOBDmUYkoOkO2zxZnzplRy8Thhz0Ps/getUpdates "HTTP/1.1 200 OK"
2025-05-23 05:11:38,000 - httpx - INFO - HTTP Request: POST https://api.telegram.org/bot7093436536:AAEvjyOBDmUYkoOkO2zxZnzplRy8Thhz0Ps/getUpdates "HTTP/1.1 200 OK"
2025-05-23 05:11:48,093 - httpx - INFO - HTTP Request: POST https://api.telegram.org/bot7093436536:AAEvjyOBDmUYkoOkO2zxZnzplRy8Thhz0Ps/getUpdates "HTTP/1.1 200 OK"
2025-05-23 05:11:58,187 - httpx - INFO - HTTP Request: POST https://api.telegram.org/bot7093436536:AAEvjyOBDmUYkoOkO2zxZnzplRy8Thhz0Ps/getUpdates "HTTP/1.1 200 OK"
2025-05-23 05:12:08,279 - httpx - INFO - HTTP Request: POST https://api.telegram.org/bot7093436536:AAEvjyOBDmUYkoOkO2zxZnzplRy8Thhz0Ps/getUpdates "HTTP/1.1 200 OK"
2025-05-23 05:12:18,371 - httpx - INFO - HTTP Request: POST https://api.telegram.org/bot7093436536:AAEvjyOBDmUYkoOkO2zxZnzplRy8Thhz0Ps/getUpdates "HTTP/1.1 200 OK"
2025-05-23 05:12:28,470 - httpx - INFO - HTTP Request: POST https://api.telegram.org/bot7093436536:AAEvjyOBDmUYkoOkO2zxZnzplRy8Thhz0Ps/getUpdates "HTTP/1.1 200 OK"
2025-05-23 05:12:38,564 - httpx - INFO - HTTP Request: POST https://api.telegram.org/bot7093436536:AAEvjyOBDmUYkoOkO2zxZnzplRy8Thhz0Ps/getUpdates "HTTP/1.1 200 OK"
2025-05-23 05:12:48,656 - httpx - INFO - HTTP Request: POST https://api.telegram.org/bot7093436536:AAEvjyOBDmUYkoOkO2zxZnzplRy8Thhz0Ps/getUpdates "HTTP/1.1 200 OK"
2025-05-23 05:12:58,751 - httpx - INFO - HTTP Request: POST https://api.telegram.org/bot7093436536:AAEvjyOBDmUYkoOkO2zxZnzplRy8Thhz0Ps/getUpdates "HTTP/1.1 200 OK"
2025-05-23 05:13:08,843 - httpx - INFO - HTTP Request: POST https://api.telegram.org/bot7093436536:AAEvjyOBDmUYkoOkO2zxZnzplRy8Thhz0Ps/getUpdates "HTTP/1.1 200 OK"
2025-05-23 05:13:18,935 - httpx - INFO - HTTP Request: POST https://api.telegram.org/bot7093436536:AAEvjyOBDmUYkoOkO2zxZnzplRy8Thhz0Ps/getUpdates "HTTP/1.1 200 OK"
2025-05-23 05:13:29,036 - httpx - INFO - HTTP Request: POST https://api.telegram.org/bot7093436536:AAEvjyOBDmUYkoOkO2zxZnzplRy8Thhz0Ps/getUpdates "HTTP/1.1 200 OK"
2025-05-23 05:13:39,129 - httpx - INFO - HTTP Request: POST https://api.telegram.org/bot7093436536:AAEvjyOBDmUYkoOkO2zxZnzplRy8Thhz0Ps/getUpdates "HTTP/1.1 200 OK"
2025-05-23 05:13:49,221 - httpx - INFO - HTTP Request: POST https://api.telegram.org/bot7093436536:AAEvjyOBDmUYkoOkO2zxZnzplRy8Thhz0Ps/getUpdates "HTTP/1.1 200 OK"
2025-05-23 05:13:59,314 - httpx - INFO - HTTP Request: POST https://api.telegram.org/bot7093436536:AAEvjyOBDmUYkoOkO2zxZnzplRy8Thhz0Ps/getUpdates "HTTP/1.1 200 OK"
2025-05-23 05:14:09,408 - httpx - INFO - HTTP Request: POST https://api.telegram.org/bot7093436536:AAEvjyOBDmUYkoOkO2zxZnzplRy8Thhz0Ps/getUpdates "HTTP/1.1 200 OK"
2025-05-23 05:14:19,501 - httpx - INFO - HTTP Request: POST https://api.telegram.org/bot7093436536:AAEvjyOBDmUYkoOkO2zxZnzplRy8Thhz0Ps/getUpdates "HTTP/1.1 200 OK"
2025-05-23 05:14:29,594 - httpx - INFO - HTTP Request: POST https://api.telegram.org/bot7093436536:AAEvjyOBDmUYkoOkO2zxZnzplRy8Thhz0Ps/getUpdates "HTTP/1.1 200 OK"
2025-05-23 05:14:39,686 - httpx - INFO - HTTP Request: POST https://api.telegram.org/bot7093436536:AAEvjyOBDmUYkoOkO2zxZnzplRy8Thhz0Ps/getUpdates "HTTP/1.1 200 OK"
2025-05-23 05:14:49,779 - httpx - INFO - HTTP Request: POST https://api.telegram.org/bot7093436536:AAEvjyOBDmUYkoOkO2zxZnzplRy8Thhz0Ps/getUpdates "HTTP/1.1 200 OK"
2025-05-23 05:14:59,871 - httpx - INFO - HTTP Request: POST https://api.telegram.org/bot7093436536:AAEvjyOBDmUYkoOkO2zxZnzplRy8Thhz0Ps/getUpdates "HTTP/1.1 200 OK"
2025-05-23 05:15:09,964 - httpx - INFO - HTTP Request: POST https://api.telegram.org/bot7093436536:AAEvjyOBDmUYkoOkO2zxZnzplRy8Thhz0Ps/getUpdates "HTTP/1.1 200 OK"
2025-05-23 05:15:20,057 - httpx - INFO - HTTP Request: POST https://api.telegram.org/bot7093436536:AAEvjyOBDmUYkoOkO2zxZnzplRy8Thhz0Ps/getUpdates "HTTP/1.1 200 OK"
2025-05-23 05:15:30,148 - httpx - INFO - HTTP Request: POST https://api.telegram.org/bot7093436536:AAEvjyOBDmUYkoOkO2zxZnzplRy8Thhz0Ps/getUpdates "HTTP/1.1 200 OK"
2025-05-23 05:15:40,246 - httpx - INFO - HTTP Request: POST https://api.telegram.org/bot7093436536:AAEvjyOBDmUYkoOkO2zxZnzplRy8Thhz0Ps/getUpdates "HTTP/1.1 200 OK"
2025-05-23 05:15:50,538 - httpx - INFO - HTTP Request: POST https://api.telegram.org/bot7093436536:AAEvjyOBDmUYkoOkO2zxZnzplRy8Thhz0Ps/getUpdates "HTTP/1.1 200 OK"
2025-05-23 05:16:00,629 - httpx - INFO - HTTP Request: POST https://api.telegram.org/bot7093436536:AAEvjyOBDmUYkoOkO2zxZnzplRy8Thhz0Ps/getUpdates "HTTP/1.1 200 OK"
2025-05-23 05:16:10,732 - httpx - INFO - HTTP Request: POST https://api.telegram.org/bot7093436536:AAEvjyOBDmUYkoOkO2zxZnzplRy8Thhz0Ps/getUpdates "HTTP/1.1 200 OK"
2025-05-23 05:16:20,824 - httpx - INFO - HTTP Request: POST https://api.telegram.org/bot7093436536:AAEvjyOBDmUYkoOkO2zxZnzplRy8Thhz0Ps/getUpdates "HTTP/1.1 200 OK"
2025-05-23 05:16:30,912 - httpx - INFO - HTTP Request: POST https://api.telegram.org/bot7093436536:AAEvjyOBDmUYkoOkO2zxZnzplRy8Thhz0Ps/getUpdates "HTTP/1.1 200 OK"
2025-05-23 05:16:41,007 - httpx - INFO - HTTP Request: POST https://api.telegram.org/bot7093436536:AAEvjyOBDmUYkoOkO2zxZnzplRy8Thhz0Ps/getUpdates "HTTP/1.1 200 OK"
2025-05-23 05:16:51,105 - httpx - INFO - HTTP Request: POST https://api.telegram.org/bot7093436536:AAEvjyOBDmUYkoOkO2zxZnzplRy8Thhz0Ps/getUpdates "HTTP/1.1 200 OK"
2025-05-23 05:17:01,192 - httpx - INFO - HTTP Request: POST https://api.telegram.org/bot7093436536:AAEvjyOBDmUYkoOkO2zxZnzplRy8Thhz0Ps/getUpdates "HTTP/1.1 200 OK"
2025-05-23 05:17:11,284 - httpx - INFO - HTTP Request: POST https://api.telegram.org/bot7093436536:AAEvjyOBDmUYkoOkO2zxZnzplRy8Thhz0Ps/getUpdates "HTTP/1.1 200 OK"
2025-05-23 05:17:21,371 - httpx - INFO - HTTP Request: POST https://api.telegram.org/bot7093436536:AAEvjyOBDmUYkoOkO2zxZnzplRy8Thhz0Ps/getUpdates "HTTP/1.1 200 OK"
2025-05-23 05:17:31,461 - httpx - INFO - HTTP Request: POST https://api.telegram.org/bot7093436536:AAEvjyOBDmUYkoOkO2zxZnzplRy8Thhz0Ps/getUpdates "HTTP/1.1 200 OK"
2025-05-23 05:17:41,550 - httpx - INFO - HTTP Request: POST https://api.telegram.org/bot7093436536:AAEvjyOBDmUYkoOkO2zxZnzplRy8Thhz0Ps/getUpdates "HTTP/1.1 200 OK"
2025-05-23 05:17:51,638 - httpx - INFO - HTTP Request: POST https://api.telegram.org/bot7093436536:AAEvjyOBDmUYkoOkO2zxZnzplRy8Thhz0Ps/getUpdates "HTTP/1.1 200 OK"
2025-05-23 05:18:01,737 - httpx - INFO - HTTP Request: POST https://api.telegram.org/bot7093436536:AAEvjyOBDmUYkoOkO2zxZnzplRy8Thhz0Ps/getUpdates "HTTP/1.1 200 OK"
2025-05-23 05:18:11,835 - httpx - INFO - HTTP Request: POST https://api.telegram.org/bot7093436536:AAEvjyOBDmUYkoOkO2zxZnzplRy8Thhz0Ps/getUpdates "HTTP/1.1 200 OK"
2025-05-23 05:18:21,930 - httpx - INFO - HTTP Request: POST https://api.telegram.org/bot7093436536:AAEvjyOBDmUYkoOkO2zxZnzplRy8Thhz0Ps/getUpdates "HTTP/1.1 200 OK"
2025-05-23 05:18:32,019 - httpx - INFO - HTTP Request: POST https://api.telegram.org/bot7093436536:AAEvjyOBDmUYkoOkO2zxZnzplRy8Thhz0Ps/getUpdates "HTTP/1.1 200 OK"
2025-05-23 05:18:42,109 - httpx - INFO - HTTP Request: POST https://api.telegram.org/bot7093436536:AAEvjyOBDmUYkoOkO2zxZnzplRy8Thhz0Ps/getUpdates "HTTP/1.1 200 OK"
2025-05-23 05:18:52,198 - httpx - INFO - HTTP Request: POST https://api.telegram.org/bot7093436536:AAEvjyOBDmUYkoOkO2zxZnzplRy8Thhz0Ps/getUpdates "HTTP/1.1 200 OK"
2025-05-23 05:19:02,286 - httpx - INFO - HTTP Request: POST https://api.telegram.org/bot7093436536:AAEvjyOBDmUYkoOkO2zxZnzplRy8Thhz0Ps/getUpdates "HTTP/1.1 200 OK"
2025-05-23 05:19:12,376 - httpx - INFO - HTTP Request: POST https://api.telegram.org/bot7093436536:AAEvjyOBDmUYkoOkO2zxZnzplRy8Thhz0Ps/getUpdates "HTTP/1.1 200 OK"
2025-05-23 05:19:22,464 - httpx - INFO - HTTP Request: POST https://api.telegram.org/bot7093436536:AAEvjyOBDmUYkoOkO2zxZnzplRy8Thhz0Ps/getUpdates "HTTP/1.1 200 OK"
2025-05-23 05:19:32,553 - httpx - INFO - HTTP Request: POST https://api.telegram.org/bot7093436536:AAEvjyOBDmUYkoOkO2zxZnzplRy8Thhz0Ps/getUpdates "HTTP/1.1 200 OK"
2025-05-23 05:19:42,639 - httpx - INFO - HTTP Request: POST https://api.telegram.org/bot7093436536:AAEvjyOBDmUYkoOkO2zxZnzplRy8Thhz0Ps/getUpdates "HTTP/1.1 200 OK"
2025-05-23 05:19:52,727 - httpx - INFO - HTTP Request: POST https://api.telegram.org/bot7093436536:AAEvjyOBDmUYkoOkO2zxZnzplRy8Thhz0Ps/getUpdates "HTTP/1.1 200 OK"
2025-05-23 05:20:02,818 - httpx - INFO - HTTP Request: POST https://api.telegram.org/bot7093436536:AAEvjyOBDmUYkoOkO2zxZnzplRy8Thhz0Ps/getUpdates "HTTP/1.1 200 OK"
2025-05-23 05:20:12,908 - httpx - INFO - HTTP Request: POST https://api.telegram.org/bot7093436536:AAEvjyOBDmUYkoOkO2zxZnzplRy8Thhz0Ps/getUpdates "HTTP/1.1 200 OK"
2025-05-23 05:20:23,000 - httpx - INFO - HTTP Request: POST https://api.telegram.org/bot7093436536:AAEvjyOBDmUYkoOkO2zxZnzplRy8Thhz0Ps/getUpdates "HTTP/1.1 200 OK"
2025-05-23 05:20:33,090 - httpx - INFO - HTTP Request: POST https://api.telegram.org/bot7093436536:AAEvjyOBDmUYkoOkO2zxZnzplRy8Thhz0Ps/getUpdates "HTTP/1.1 200 OK"
2025-05-23 05:20:43,177 - httpx - INFO - HTTP Request: POST https://api.telegram.org/bot7093436536:AAEvjyOBDmUYkoOkO2zxZnzplRy8Thhz0Ps/getUpdates "HTTP/1.1 200 OK"
2025-05-23 05:20:53,270 - httpx - INFO - HTTP Request: POST https://api.telegram.org/bot7093436536:AAEvjyOBDmUYkoOkO2zxZnzplRy8Thhz0Ps/getUpdates "HTTP/1.1 200 OK"
2025-05-23 05:21:03,357 - httpx - INFO - HTTP Request: POST https://api.telegram.org/bot7093436536:AAEvjyOBDmUYkoOkO2zxZnzplRy8Thhz0Ps/getUpdates "HTTP/1.1 200 OK"
2025-05-23 05:21:13,443 - httpx - INFO - HTTP Request: POST https://api.telegram.org/bot7093436536:AAEvjyOBDmUYkoOkO2zxZnzplRy8Thhz0Ps/getUpdates "HTTP/1.1 200 OK"
2025-05-23 05:21:23,540 - httpx - INFO - HTTP Request: POST https://api.telegram.org/bot7093436536:AAEvjyOBDmUYkoOkO2zxZnzplRy8Thhz0Ps/getUpdates "HTTP/1.1 200 OK"
2025-05-23 05:21:33,626 - httpx - INFO - HTTP Request: POST https://api.telegram.org/bot7093436536:AAEvjyOBDmUYkoOkO2zxZnzplRy8Thhz0Ps/getUpdates "HTTP/1.1 200 OK"
2025-05-23 05:21:43,715 - httpx - INFO - HTTP Request: POST https://api.telegram.org/bot7093436536:AAEvjyOBDmUYkoOkO2zxZnzplRy8Thhz0Ps/getUpdates "HTTP/1.1 200 OK"
2025-05-23 05:21:53,802 - httpx - INFO - HTTP Request: POST https://api.telegram.org/bot7093436536:AAEvjyOBDmUYkoOkO2zxZnzplRy8Thhz0Ps/getUpdates "HTTP/1.1 200 OK"
2025-05-23 05:22:03,899 - httpx - INFO - HTTP Request: POST https://api.telegram.org/bot7093436536:AAEvjyOBDmUYkoOkO2zxZnzplRy8Thhz0Ps/getUpdates "HTTP/1.1 200 OK"
2025-05-23 05:22:13,988 - httpx - INFO - HTTP Request: POST https://api.telegram.org/bot7093436536:AAEvjyOBDmUYkoOkO2zxZnzplRy8Thhz0Ps/getUpdates "HTTP/1.1 200 OK"
2025-05-23 05:22:24,077 - httpx - INFO - HTTP Request: POST https://api.telegram.org/bot7093436536:AAEvjyOBDmUYkoOkO2zxZnzplRy8Thhz0Ps/getUpdates "HTTP/1.1 200 OK"
2025-05-23 05:22:34,171 - httpx - INFO - HTTP Request: POST https://api.telegram.org/bot7093436536:AAEvjyOBDmUYkoOkO2zxZnzplRy8Thhz0Ps/getUpdates "HTTP/1.1 200 OK"
2025-05-23 05:22:44,258 - httpx - INFO - HTTP Request: POST https://api.telegram.org/bot7093436536:AAEvjyOBDmUYkoOkO2zxZnzplRy8Thhz0Ps/getUpdates "HTTP/1.1 200 OK"
2025-05-23 05:22:54,348 - httpx - INFO - HTTP Request: POST https://api.telegram.org/bot7093436536:AAEvjyOBDmUYkoOkO2zxZnzplRy8Thhz0Ps/getUpdates "HTTP/1.1 200 OK"
2025-05-23 05:23:04,437 - httpx - INFO - HTTP Request: POST https://api.telegram.org/bot7093436536:AAEvjyOBDmUYkoOkO2zxZnzplRy8Thhz0Ps/getUpdates "HTTP/1.1 200 OK"
2025-05-23 05:23:14,525 - httpx - INFO - HTTP Request: POST https://api.telegram.org/bot7093436536:AAEvjyOBDmUYkoOkO2zxZnzplRy8Thhz0Ps/getUpdates "HTTP/1.1 200 OK"
2025-05-23 05:23:24,615 - httpx - INFO - HTTP Request: POST https://api.telegram.org/bot7093436536:AAEvjyOBDmUYkoOkO2zxZnzplRy8Thhz0Ps/getUpdates "HTTP/1.1 200 OK"
2025-05-23 05:23:34,703 - httpx - INFO - HTTP Request: POST https://api.telegram.org/bot7093436536:AAEvjyOBDmUYkoOkO2zxZnzplRy8Thhz0Ps/getUpdates "HTTP/1.1 200 OK"
2025-05-23 05:23:44,793 - httpx - INFO - HTTP Request: POST https://api.telegram.org/bot7093436536:AAEvjyOBDmUYkoOkO2zxZnzplRy8Thhz0Ps/getUpdates "HTTP/1.1 200 OK"
2025-05-23 05:23:54,882 - httpx - INFO - HTTP Request: POST https://api.telegram.org/bot7093436536:AAEvjyOBDmUYkoOkO2zxZnzplRy8Thhz0Ps/getUpdates "HTTP/1.1 200 OK"
2025-05-23 05:24:04,971 - httpx - INFO - HTTP Request: POST https://api.telegram.org/bot7093436536:AAEvjyOBDmUYkoOkO2zxZnzplRy8Thhz0Ps/getUpdates "HTTP/1.1 200 OK"
2025-05-23 05:24:15,061 - httpx - INFO - HTTP Request: POST https://api.telegram.org/bot7093436536:AAEvjyOBDmUYkoOkO2zxZnzplRy8Thhz0Ps/getUpdates "HTTP/1.1 200 OK"
2025-05-23 05:24:25,156 - httpx - INFO - HTTP Request: POST https://api.telegram.org/bot7093436536:AAEvjyOBDmUYkoOkO2zxZnzplRy8Thhz0Ps/getUpdates "HTTP/1.1 200 OK"
2025-05-23 05:24:35,247 - httpx - INFO - HTTP Request: POST https://api.telegram.org/bot7093436536:AAEvjyOBDmUYkoOkO2zxZnzplRy8Thhz0Ps/getUpdates "HTTP/1.1 200 OK"
2025-05-23 05:24:45,334 - httpx - INFO - HTTP Request: POST https://api.telegram.org/bot7093436536:AAEvjyOBDmUYkoOkO2zxZnzplRy8Thhz0Ps/getUpdates "HTTP/1.1 200 OK"
2025-05-23 05:24:55,421 - httpx - INFO - HTTP Request: POST https://api.telegram.org/bot7093436536:AAEvjyOBDmUYkoOkO2zxZnzplRy8Thhz0Ps/getUpdates "HTTP/1.1 200 OK"
2025-05-23 05:25:05,508 - httpx - INFO - HTTP Request: POST https://api.telegram.org/bot7093436536:AAEvjyOBDmUYkoOkO2zxZnzplRy8Thhz0Ps/getUpdates "HTTP/1.1 200 OK"
2025-05-23 05:25:15,599 - httpx - INFO - HTTP Request: POST https://api.telegram.org/bot7093436536:AAEvjyOBDmUYkoOkO2zxZnzplRy8Thhz0Ps/getUpdates "HTTP/1.1 200 OK"
2025-05-23 05:25:25,689 - httpx - INFO - HTTP Request: POST https://api.telegram.org/bot7093436536:AAEvjyOBDmUYkoOkO2zxZnzplRy8Thhz0Ps/getUpdates "HTTP/1.1 200 OK"
2025-05-23 05:25:35,777 - httpx - INFO - HTTP Request: POST https://api.telegram.org/bot7093436536:AAEvjyOBDmUYkoOkO2zxZnzplRy8Thhz0Ps/getUpdates "HTTP/1.1 200 OK"
2025-05-23 05:25:45,869 - httpx - INFO - HTTP Request: POST https://api.telegram.org/bot7093436536:AAEvjyOBDmUYkoOkO2zxZnzplRy8Thhz0Ps/getUpdates "HTTP/1.1 200 OK"
2025-05-23 05:25:55,958 - httpx - INFO - HTTP Request: POST https://api.telegram.org/bot7093436536:AAEvjyOBDmUYkoOkO2zxZnzplRy8Thhz0Ps/getUpdates "HTTP/1.1 200 OK"
2025-05-23 05:26:06,048 - httpx - INFO - HTTP Request: POST https://api.telegram.org/bot7093436536:AAEvjyOBDmUYkoOkO2zxZnzplRy8Thhz0Ps/getUpdates "HTTP/1.1 200 OK"
2025-05-23 05:26:16,136 - httpx - INFO - HTTP Request: POST https://api.telegram.org/bot7093436536:AAEvjyOBDmUYkoOkO2zxZnzplRy8Thhz0Ps/getUpdates "HTTP/1.1 200 OK"
2025-05-23 05:26:26,227 - httpx - INFO - HTTP Request: POST https://api.telegram.org/bot7093436536:AAEvjyOBDmUYkoOkO2zxZnzplRy8Thhz0Ps/getUpdates "HTTP/1.1 200 OK"
2025-05-23 05:26:36,316 - httpx - INFO - HTTP Request: POST https://api.telegram.org/bot7093436536:AAEvjyOBDmUYkoOkO2zxZnzplRy8Thhz0Ps/getUpdates "HTTP/1.1 200 OK"
2025-05-23 05:26:46,404 - httpx - INFO - HTTP Request: POST https://api.telegram.org/bot7093436536:AAEvjyOBDmUYkoOkO2zxZnzplRy8Thhz0Ps/getUpdates "HTTP/1.1 200 OK"
2025-05-23 05:26:56,494 - httpx - INFO - HTTP Request: POST https://api.telegram.org/bot7093436536:AAEvjyOBDmUYkoOkO2zxZnzplRy8Thhz0Ps/getUpdates "HTTP/1.1 200 OK"
2025-05-23 05:27:06,587 - httpx - INFO - HTTP Request: POST https://api.telegram.org/bot7093436536:AAEvjyOBDmUYkoOkO2zxZnzplRy8Thhz0Ps/getUpdates "HTTP/1.1 200 OK"
2025-05-23 05:27:16,675 - httpx - INFO - HTTP Request: POST https://api.telegram.org/bot7093436536:AAEvjyOBDmUYkoOkO2zxZnzplRy8Thhz0Ps/getUpdates "HTTP/1.1 200 OK"
2025-05-23 05:27:26,763 - httpx - INFO - HTTP Request: POST https://api.telegram.org/bot7093436536:AAEvjyOBDmUYkoOkO2zxZnzplRy8Thhz0Ps/getUpdates "HTTP/1.1 200 OK"
2025-05-23 05:27:36,851 - httpx - INFO - HTTP Request: POST https://api.telegram.org/bot7093436536:AAEvjyOBDmUYkoOkO2zxZnzplRy8Thhz0Ps/getUpdates "HTTP/1.1 200 OK"
2025-05-23 05:27:46,938 - httpx - INFO - HTTP Request: POST https://api.telegram.org/bot7093436536:AAEvjyOBDmUYkoOkO2zxZnzplRy8Thhz0Ps/getUpdates "HTTP/1.1 200 OK"
2025-05-23 05:27:57,029 - httpx - INFO - HTTP Request: POST https://api.telegram.org/bot7093436536:AAEvjyOBDmUYkoOkO2zxZnzplRy8Thhz0Ps/getUpdates "HTTP/1.1 200 OK"
2025-05-23 05:28:07,115 - httpx - INFO - HTTP Request: POST https://api.telegram.org/bot7093436536:AAEvjyOBDmUYkoOkO2zxZnzplRy8Thhz0Ps/getUpdates "HTTP/1.1 200 OK"
2025-05-23 05:28:17,206 - httpx - INFO - HTTP Request: POST https://api.telegram.org/bot7093436536:AAEvjyOBDmUYkoOkO2zxZnzplRy8Thhz0Ps/getUpdates "HTTP/1.1 200 OK"
2025-05-23 05:28:27,299 - httpx - INFO - HTTP Request: POST https://api.telegram.org/bot7093436536:AAEvjyOBDmUYkoOkO2zxZnzplRy8Thhz0Ps/getUpdates "HTTP/1.1 200 OK"
2025-05-23 05:28:37,387 - httpx - INFO - HTTP Request: POST https://api.telegram.org/bot7093436536:AAEvjyOBDmUYkoOkO2zxZnzplRy8Thhz0Ps/getUpdates "HTTP/1.1 200 OK"
2025-05-23 05:28:47,480 - httpx - INFO - HTTP Request: POST https://api.telegram.org/bot7093436536:AAEvjyOBDmUYkoOkO2zxZnzplRy8Thhz0Ps/getUpdates "HTTP/1.1 200 OK"
2025-05-23 05:28:57,572 - httpx - INFO - HTTP Request: POST https://api.telegram.org/bot7093436536:AAEvjyOBDmUYkoOkO2zxZnzplRy8Thhz0Ps/getUpdates "HTTP/1.1 200 OK"
2025-05-23 05:29:07,664 - httpx - INFO - HTTP Request: POST https://api.telegram.org/bot7093436536:AAEvjyOBDmUYkoOkO2zxZnzplRy8Thhz0Ps/getUpdates "HTTP/1.1 200 OK"
2025-05-23 05:29:17,753 - httpx - INFO - HTTP Request: POST https://api.telegram.org/bot7093436536:AAEvjyOBDmUYkoOkO2zxZnzplRy8Thhz0Ps/getUpdates "HTTP/1.1 200 OK"
2025-05-23 05:29:27,840 - httpx - INFO - HTTP Request: POST https://api.telegram.org/bot7093436536:AAEvjyOBDmUYkoOkO2zxZnzplRy8Thhz0Ps/getUpdates "HTTP/1.1 200 OK"
2025-05-23 05:29:37,927 - httpx - INFO - HTTP Request: POST https://api.telegram.org/bot7093436536:AAEvjyOBDmUYkoOkO2zxZnzplRy8Thhz0Ps/getUpdates "HTTP/1.1 200 OK"
2025-05-23 05:29:48,015 - httpx - INFO - HTTP Request: POST https://api.telegram.org/bot7093436536:AAEvjyOBDmUYkoOkO2zxZnzplRy8Thhz0Ps/getUpdates "HTTP/1.1 200 OK"
2025-05-23 05:29:58,110 - httpx - INFO - HTTP Request: POST https://api.telegram.org/bot7093436536:AAEvjyOBDmUYkoOkO2zxZnzplRy8Thhz0Ps/getUpdates "HTTP/1.1 200 OK"
2025-05-23 05:30:08,196 - httpx - INFO - HTTP Request: POST https://api.telegram.org/bot7093436536:AAEvjyOBDmUYkoOkO2zxZnzplRy8Thhz0Ps/getUpdates "HTTP/1.1 200 OK"
2025-05-23 05:30:18,283 - httpx - INFO - HTTP Request: POST https://api.telegram.org/bot7093436536:AAEvjyOBDmUYkoOkO2zxZnzplRy8Thhz0Ps/getUpdates "HTTP/1.1 200 OK"
2025-05-23 05:30:28,373 - httpx - INFO - HTTP Request: POST https://api.telegram.org/bot7093436536:AAEvjyOBDmUYkoOkO2zxZnzplRy8Thhz0Ps/getUpdates "HTTP/1.1 200 OK"
2025-05-23 05:30:38,461 - httpx - INFO - HTTP Request: POST https://api.telegram.org/bot7093436536:AAEvjyOBDmUYkoOkO2zxZnzplRy8Thhz0Ps/getUpdates "HTTP/1.1 200 OK"
2025-05-23 05:30:48,555 - httpx - INFO - HTTP Request: POST https://api.telegram.org/bot7093436536:AAEvjyOBDmUYkoOkO2zxZnzplRy8Thhz0Ps/getUpdates "HTTP/1.1 200 OK"
2025-05-23 05:30:58,655 - httpx - INFO - HTTP Request: POST https://api.telegram.org/bot7093436536:AAEvjyOBDmUYkoOkO2zxZnzplRy8Thhz0Ps/getUpdates "HTTP/1.1 200 OK"
2025-05-23 05:31:08,747 - httpx - INFO - HTTP Request: POST https://api.telegram.org/bot7093436536:AAEvjyOBDmUYkoOkO2zxZnzplRy8Thhz0Ps/getUpdates "HTTP/1.1 200 OK"
2025-05-23 05:31:18,837 - httpx - INFO - HTTP Request: POST https://api.telegram.org/bot7093436536:AAEvjyOBDmUYkoOkO2zxZnzplRy8Thhz0Ps/getUpdates "HTTP/1.1 200 OK"
2025-05-23 05:31:28,923 - httpx - INFO - HTTP Request: POST https://api.telegram.org/bot7093436536:AAEvjyOBDmUYkoOkO2zxZnzplRy8Thhz0Ps/getUpdates "HTTP/1.1 200 OK"
2025-05-23 05:31:39,018 - httpx - INFO - HTTP Request: POST https://api.telegram.org/bot7093436536:AAEvjyOBDmUYkoOkO2zxZnzplRy8Thhz0Ps/getUpdates "HTTP/1.1 200 OK"
2025-05-23 05:31:49,107 - httpx - INFO - HTTP Request: POST https://api.telegram.org/bot7093436536:AAEvjyOBDmUYkoOkO2zxZnzplRy8Thhz0Ps/getUpdates "HTTP/1.1 200 OK"
2025-05-23 05:31:59,196 - httpx - INFO - HTTP Request: POST https://api.telegram.org/bot7093436536:AAEvjyOBDmUYkoOkO2zxZnzplRy8Thhz0Ps/getUpdates "HTTP/1.1 200 OK"
2025-05-23 05:32:09,289 - httpx - INFO - HTTP Request: POST https://api.telegram.org/bot7093436536:AAEvjyOBDmUYkoOkO2zxZnzplRy8Thhz0Ps/getUpdates "HTTP/1.1 200 OK"
2025-05-23 05:32:19,377 - httpx - INFO - HTTP Request: POST https://api.telegram.org/bot7093436536:AAEvjyOBDmUYkoOkO2zxZnzplRy8Thhz0Ps/getUpdates "HTTP/1.1 200 OK"
2025-05-23 05:32:29,467 - httpx - INFO - HTTP Request: POST https://api.telegram.org/bot7093436536:AAEvjyOBDmUYkoOkO2zxZnzplRy8Thhz0Ps/getUpdates "HTTP/1.1 200 OK"
2025-05-23 05:32:39,746 - httpx - INFO - HTTP Request: POST https://api.telegram.org/bot7093436536:AAEvjyOBDmUYkoOkO2zxZnzplRy8Thhz0Ps/getUpdates "HTTP/1.1 200 OK"
2025-05-23 05:32:49,833 - httpx - INFO - HTTP Request: POST https://api.telegram.org/bot7093436536:AAEvjyOBDmUYkoOkO2zxZnzplRy8Thhz0Ps/getUpdates "HTTP/1.1 200 OK"
2025-05-23 05:32:59,922 - httpx - INFO - HTTP Request: POST https://api.telegram.org/bot7093436536:AAEvjyOBDmUYkoOkO2zxZnzplRy8Thhz0Ps/getUpdates "HTTP/1.1 200 OK"
2025-05-23 05:33:10,009 - httpx - INFO - HTTP Request: POST https://api.telegram.org/bot7093436536:AAEvjyOBDmUYkoOkO2zxZnzplRy8Thhz0Ps/getUpdates "HTTP/1.1 200 OK"
2025-05-23 05:33:20,099 - httpx - INFO - HTTP Request: POST https://api.telegram.org/bot7093436536:AAEvjyOBDmUYkoOkO2zxZnzplRy8Thhz0Ps/getUpdates "HTTP/1.1 200 OK"
2025-05-23 05:33:30,188 - httpx - INFO - HTTP Request: POST https://api.telegram.org/bot7093436536:AAEvjyOBDmUYkoOkO2zxZnzplRy8Thhz0Ps/getUpdates "HTTP/1.1 200 OK"
2025-05-23 05:33:40,275 - httpx - INFO - HTTP Request: POST https://api.telegram.org/bot7093436536:AAEvjyOBDmUYkoOkO2zxZnzplRy8Thhz0Ps/getUpdates "HTTP/1.1 200 OK"
2025-05-23 05:33:50,362 - httpx - INFO - HTTP Request: POST https://api.telegram.org/bot7093436536:AAEvjyOBDmUYkoOkO2zxZnzplRy8Thhz0Ps/getUpdates "HTTP/1.1 200 OK"
2025-05-23 05:34:00,459 - httpx - INFO - HTTP Request: POST https://api.telegram.org/bot7093436536:AAEvjyOBDmUYkoOkO2zxZnzplRy8Thhz0Ps/getUpdates "HTTP/1.1 200 OK"
2025-05-23 05:34:10,560 - httpx - INFO - HTTP Request: POST https://api.telegram.org/bot7093436536:AAEvjyOBDmUYkoOkO2zxZnzplRy8Thhz0Ps/getUpdates "HTTP/1.1 200 OK"
2025-05-23 05:34:20,647 - httpx - INFO - HTTP Request: POST https://api.telegram.org/bot7093436536:AAEvjyOBDmUYkoOkO2zxZnzplRy8Thhz0Ps/getUpdates "HTTP/1.1 200 OK"
2025-05-23 05:34:30,761 - httpx - INFO - HTTP Request: POST https://api.telegram.org/bot7093436536:AAEvjyOBDmUYkoOkO2zxZnzplRy8Thhz0Ps/getUpdates "HTTP/1.1 200 OK"
2025-05-23 05:34:40,848 - httpx - INFO - HTTP Request: POST https://api.telegram.org/bot7093436536:AAEvjyOBDmUYkoOkO2zxZnzplRy8Thhz0Ps/getUpdates "HTTP/1.1 200 OK"
2025-05-23 05:34:50,941 - httpx - INFO - HTTP Request: POST https://api.telegram.org/bot7093436536:AAEvjyOBDmUYkoOkO2zxZnzplRy8Thhz0Ps/getUpdates "HTTP/1.1 200 OK"
2025-05-23 05:35:01,030 - httpx - INFO - HTTP Request: POST https://api.telegram.org/bot7093436536:AAEvjyOBDmUYkoOkO2zxZnzplRy8Thhz0Ps/getUpdates "HTTP/1.1 200 OK"
2025-05-23 05:35:11,121 - httpx - INFO - HTTP Request: POST https://api.telegram.org/bot7093436536:AAEvjyOBDmUYkoOkO2zxZnzplRy8Thhz0Ps/getUpdates "HTTP/1.1 200 OK"
2025-05-23 05:35:21,207 - httpx - INFO - HTTP Request: POST https://api.telegram.org/bot7093436536:AAEvjyOBDmUYkoOkO2zxZnzplRy8Thhz0Ps/getUpdates "HTTP/1.1 200 OK"
2025-05-23 05:35:31,299 - httpx - INFO - HTTP Request: POST https://api.telegram.org/bot7093436536:AAEvjyOBDmUYkoOkO2zxZnzplRy8Thhz0Ps/getUpdates "HTTP/1.1 200 OK"
2025-05-23 05:35:41,393 - httpx - INFO - HTTP Request: POST https://api.telegram.org/bot7093436536:AAEvjyOBDmUYkoOkO2zxZnzplRy8Thhz0Ps/getUpdates "HTTP/1.1 200 OK"
2025-05-23 05:35:51,481 - httpx - INFO - HTTP Request: POST https://api.telegram.org/bot7093436536:AAEvjyOBDmUYkoOkO2zxZnzplRy8Thhz0Ps/getUpdates "HTTP/1.1 200 OK"
2025-05-23 05:36:01,577 - httpx - INFO - HTTP Request: POST https://api.telegram.org/bot7093436536:AAEvjyOBDmUYkoOkO2zxZnzplRy8Thhz0Ps/getUpdates "HTTP/1.1 200 OK"
2025-05-23 05:36:11,662 - httpx - INFO - HTTP Request: POST https://api.telegram.org/bot7093436536:AAEvjyOBDmUYkoOkO2zxZnzplRy8Thhz0Ps/getUpdates "HTTP/1.1 200 OK"
2025-05-23 05:36:21,752 - httpx - INFO - HTTP Request: POST https://api.telegram.org/bot7093436536:AAEvjyOBDmUYkoOkO2zxZnzplRy8Thhz0Ps/getUpdates "HTTP/1.1 200 OK"
2025-05-23 05:36:31,842 - httpx - INFO - HTTP Request: POST https://api.telegram.org/bot7093436536:AAEvjyOBDmUYkoOkO2zxZnzplRy8Thhz0Ps/getUpdates "HTTP/1.1 200 OK"
2025-05-23 05:36:41,930 - httpx - INFO - HTTP Request: POST https://api.telegram.org/bot7093436536:AAEvjyOBDmUYkoOkO2zxZnzplRy8Thhz0Ps/getUpdates "HTTP/1.1 200 OK"
2025-05-23 05:36:52,016 - httpx - INFO - HTTP Request: POST https://api.telegram.org/bot7093436536:AAEvjyOBDmUYkoOkO2zxZnzplRy8Thhz0Ps/getUpdates "HTTP/1.1 200 OK"
2025-05-23 05:37:02,103 - httpx - INFO - HTTP Request: POST https://api.telegram.org/bot7093436536:AAEvjyOBDmUYkoOkO2zxZnzplRy8Thhz0Ps/getUpdates "HTTP/1.1 200 OK"
2025-05-23 05:37:12,195 - httpx - INFO - HTTP Request: POST https://api.telegram.org/bot7093436536:AAEvjyOBDmUYkoOkO2zxZnzplRy8Thhz0Ps/getUpdates "HTTP/1.1 200 OK"
2025-05-23 05:37:22,295 - httpx - INFO - HTTP Request: POST https://api.telegram.org/bot7093436536:AAEvjyOBDmUYkoOkO2zxZnzplRy8Thhz0Ps/getUpdates "HTTP/1.1 200 OK"
2025-05-23 05:37:32,385 - httpx - INFO - HTTP Request: POST https://api.telegram.org/bot7093436536:AAEvjyOBDmUYkoOkO2zxZnzplRy8Thhz0Ps/getUpdates "HTTP/1.1 200 OK"
2025-05-23 05:37:42,474 - httpx - INFO - HTTP Request: POST https://api.telegram.org/bot7093436536:AAEvjyOBDmUYkoOkO2zxZnzplRy8Thhz0Ps/getUpdates "HTTP/1.1 200 OK"
2025-05-23 05:37:52,563 - httpx - INFO - HTTP Request: POST https://api.telegram.org/bot7093436536:AAEvjyOBDmUYkoOkO2zxZnzplRy8Thhz0Ps/getUpdates "HTTP/1.1 200 OK"
2025-05-23 05:38:02,652 - httpx - INFO - HTTP Request: POST https://api.telegram.org/bot7093436536:AAEvjyOBDmUYkoOkO2zxZnzplRy8Thhz0Ps/getUpdates "HTTP/1.1 200 OK"
2025-05-23 05:38:12,749 - httpx - INFO - HTTP Request: POST https://api.telegram.org/bot7093436536:AAEvjyOBDmUYkoOkO2zxZnzplRy8Thhz0Ps/getUpdates "HTTP/1.1 200 OK"
2025-05-23 05:38:22,841 - httpx - INFO - HTTP Request: POST https://api.telegram.org/bot7093436536:AAEvjyOBDmUYkoOkO2zxZnzplRy8Thhz0Ps/getUpdates "HTTP/1.1 200 OK"
2025-05-23 05:38:32,928 - httpx - INFO - HTTP Request: POST https://api.telegram.org/bot7093436536:AAEvjyOBDmUYkoOkO2zxZnzplRy8Thhz0Ps/getUpdates "HTTP/1.1 200 OK"
2025-05-23 05:38:43,017 - httpx - INFO - HTTP Request: POST https://api.telegram.org/bot7093436536:AAEvjyOBDmUYkoOkO2zxZnzplRy8Thhz0Ps/getUpdates "HTTP/1.1 200 OK"
2025-05-23 05:38:53,106 - httpx - INFO - HTTP Request: POST https://api.telegram.org/bot7093436536:AAEvjyOBDmUYkoOkO2zxZnzplRy8Thhz0Ps/getUpdates "HTTP/1.1 200 OK"
2025-05-23 05:39:03,194 - httpx - INFO - HTTP Request: POST https://api.telegram.org/bot7093436536:AAEvjyOBDmUYkoOkO2zxZnzplRy8Thhz0Ps/getUpdates "HTTP/1.1 200 OK"
2025-05-23 05:39:13,284 - httpx - INFO - HTTP Request: POST https://api.telegram.org/bot7093436536:AAEvjyOBDmUYkoOkO2zxZnzplRy8Thhz0Ps/getUpdates "HTTP/1.1 200 OK"
2025-05-23 05:39:23,371 - httpx - INFO - HTTP Request: POST https://api.telegram.org/bot7093436536:AAEvjyOBDmUYkoOkO2zxZnzplRy8Thhz0Ps/getUpdates "HTTP/1.1 200 OK"
2025-05-23 05:39:33,458 - httpx - INFO - HTTP Request: POST https://api.telegram.org/bot7093436536:AAEvjyOBDmUYkoOkO2zxZnzplRy8Thhz0Ps/getUpdates "HTTP/1.1 200 OK"
2025-05-23 05:39:43,548 - httpx - INFO - HTTP Request: POST https://api.telegram.org/bot7093436536:AAEvjyOBDmUYkoOkO2zxZnzplRy8Thhz0Ps/getUpdates "HTTP/1.1 200 OK"
2025-05-23 05:39:53,637 - httpx - INFO - HTTP Request: POST https://api.telegram.org/bot7093436536:AAEvjyOBDmUYkoOkO2zxZnzplRy8Thhz0Ps/getUpdates "HTTP/1.1 200 OK"
2025-05-23 05:40:03,729 - httpx - INFO - HTTP Request: POST https://api.telegram.org/bot7093436536:AAEvjyOBDmUYkoOkO2zxZnzplRy8Thhz0Ps/getUpdates "HTTP/1.1 200 OK"
2025-05-23 05:40:13,815 - httpx - INFO - HTTP Request: POST https://api.telegram.org/bot7093436536:AAEvjyOBDmUYkoOkO2zxZnzplRy8Thhz0Ps/getUpdates "HTTP/1.1 200 OK"
2025-05-23 05:40:23,902 - httpx - INFO - HTTP Request: POST https://api.telegram.org/bot7093436536:AAEvjyOBDmUYkoOkO2zxZnzplRy8Thhz0Ps/getUpdates "HTTP/1.1 200 OK"
2025-05-23 05:40:33,995 - httpx - INFO - HTTP Request: POST https://api.telegram.org/bot7093436536:AAEvjyOBDmUYkoOkO2zxZnzplRy8Thhz0Ps/getUpdates "HTTP/1.1 200 OK"
2025-05-23 05:40:44,084 - httpx - INFO - HTTP Request: POST https://api.telegram.org/bot7093436536:AAEvjyOBDmUYkoOkO2zxZnzplRy8Thhz0Ps/getUpdates "HTTP/1.1 200 OK"
2025-05-23 05:40:54,172 - httpx - INFO - HTTP Request: POST https://api.telegram.org/bot7093436536:AAEvjyOBDmUYkoOkO2zxZnzplRy8Thhz0Ps/getUpdates "HTTP/1.1 200 OK"
2025-05-23 05:41:04,261 - httpx - INFO - HTTP Request: POST https://api.telegram.org/bot7093436536:AAEvjyOBDmUYkoOkO2zxZnzplRy8Thhz0Ps/getUpdates "HTTP/1.1 200 OK"
2025-05-23 05:41:14,351 - httpx - INFO - HTTP Request: POST https://api.telegram.org/bot7093436536:AAEvjyOBDmUYkoOkO2zxZnzplRy8Thhz0Ps/getUpdates "HTTP/1.1 200 OK"
2025-05-23 05:41:24,439 - httpx - INFO - HTTP Request: POST https://api.telegram.org/bot7093436536:AAEvjyOBDmUYkoOkO2zxZnzplRy8Thhz0Ps/getUpdates "HTTP/1.1 200 OK"
2025-05-23 05:41:34,526 - httpx - INFO - HTTP Request: POST https://api.telegram.org/bot7093436536:AAEvjyOBDmUYkoOkO2zxZnzplRy8Thhz0Ps/getUpdates "HTTP/1.1 200 OK"
2025-05-23 05:41:44,620 - httpx - INFO - HTTP Request: POST https://api.telegram.org/bot7093436536:AAEvjyOBDmUYkoOkO2zxZnzplRy8Thhz0Ps/getUpdates "HTTP/1.1 200 OK"
2025-05-23 05:41:54,709 - httpx - INFO - HTTP Request: POST https://api.telegram.org/bot7093436536:AAEvjyOBDmUYkoOkO2zxZnzplRy8Thhz0Ps/getUpdates "HTTP/1.1 200 OK"
2025-05-23 05:42:04,795 - httpx - INFO - HTTP Request: POST https://api.telegram.org/bot7093436536:AAEvjyOBDmUYkoOkO2zxZnzplRy8Thhz0Ps/getUpdates "HTTP/1.1 200 OK"
2025-05-23 05:42:14,882 - httpx - INFO - HTTP Request: POST https://api.telegram.org/bot7093436536:AAEvjyOBDmUYkoOkO2zxZnzplRy8Thhz0Ps/getUpdates "HTTP/1.1 200 OK"
2025-05-23 05:42:24,971 - httpx - INFO - HTTP Request: POST https://api.telegram.org/bot7093436536:AAEvjyOBDmUYkoOkO2zxZnzplRy8Thhz0Ps/getUpdates "HTTP/1.1 200 OK"
2025-05-23 05:42:35,063 - httpx - INFO - HTTP Request: POST https://api.telegram.org/bot7093436536:AAEvjyOBDmUYkoOkO2zxZnzplRy8Thhz0Ps/getUpdates "HTTP/1.1 200 OK"
2025-05-23 05:42:45,156 - httpx - INFO - HTTP Request: POST https://api.telegram.org/bot7093436536:AAEvjyOBDmUYkoOkO2zxZnzplRy8Thhz0Ps/getUpdates "HTTP/1.1 200 OK"
2025-05-23 05:42:55,242 - httpx - INFO - HTTP Request: POST https://api.telegram.org/bot7093436536:AAEvjyOBDmUYkoOkO2zxZnzplRy8Thhz0Ps/getUpdates "HTTP/1.1 200 OK"
2025-05-23 05:43:05,338 - httpx - INFO - HTTP Request: POST https://api.telegram.org/bot7093436536:AAEvjyOBDmUYkoOkO2zxZnzplRy8Thhz0Ps/getUpdates "HTTP/1.1 200 OK"
2025-05-23 05:43:15,425 - httpx - INFO - HTTP Request: POST https://api.telegram.org/bot7093436536:AAEvjyOBDmUYkoOkO2zxZnzplRy8Thhz0Ps/getUpdates "HTTP/1.1 200 OK"
2025-05-23 05:43:25,513 - httpx - INFO - HTTP Request: POST https://api.telegram.org/bot7093436536:AAEvjyOBDmUYkoOkO2zxZnzplRy8Thhz0Ps/getUpdates "HTTP/1.1 200 OK"
2025-05-23 05:43:35,600 - httpx - INFO - HTTP Request: POST https://api.telegram.org/bot7093436536:AAEvjyOBDmUYkoOkO2zxZnzplRy8Thhz0Ps/getUpdates "HTTP/1.1 200 OK"
2025-05-23 05:43:45,688 - httpx - INFO - HTTP Request: POST https://api.telegram.org/bot7093436536:AAEvjyOBDmUYkoOkO2zxZnzplRy8Thhz0Ps/getUpdates "HTTP/1.1 200 OK"
2025-05-23 05:43:55,775 - httpx - INFO - HTTP Request: POST https://api.telegram.org/bot7093436536:AAEvjyOBDmUYkoOkO2zxZnzplRy8Thhz0Ps/getUpdates "HTTP/1.1 200 OK"
2025-05-23 05:44:05,865 - httpx - INFO - HTTP Request: POST https://api.telegram.org/bot7093436536:AAEvjyOBDmUYkoOkO2zxZnzplRy8Thhz0Ps/getUpdates "HTTP/1.1 200 OK"
2025-05-23 05:44:15,954 - httpx - INFO - HTTP Request: POST https://api.telegram.org/bot7093436536:AAEvjyOBDmUYkoOkO2zxZnzplRy8Thhz0Ps/getUpdates "HTTP/1.1 200 OK"
2025-05-23 05:44:26,044 - httpx - INFO - HTTP Request: POST https://api.telegram.org/bot7093436536:AAEvjyOBDmUYkoOkO2zxZnzplRy8Thhz0Ps/getUpdates "HTTP/1.1 200 OK"
2025-05-23 05:44:36,131 - httpx - INFO - HTTP Request: POST https://api.telegram.org/bot7093436536:AAEvjyOBDmUYkoOkO2zxZnzplRy8Thhz0Ps/getUpdates "HTTP/1.1 200 OK"
2025-05-23 05:44:46,220 - httpx - INFO - HTTP Request: POST https://api.telegram.org/bot7093436536:AAEvjyOBDmUYkoOkO2zxZnzplRy8Thhz0Ps/getUpdates "HTTP/1.1 200 OK"
2025-05-23 05:44:56,311 - httpx - INFO - HTTP Request: POST https://api.telegram.org/bot7093436536:AAEvjyOBDmUYkoOkO2zxZnzplRy8Thhz0Ps/getUpdates "HTTP/1.1 200 OK"
2025-05-23 05:45:06,406 - httpx - INFO - HTTP Request: POST https://api.telegram.org/bot7093436536:AAEvjyOBDmUYkoOkO2zxZnzplRy8Thhz0Ps/getUpdates "HTTP/1.1 200 OK"
2025-05-23 05:45:16,498 - httpx - INFO - HTTP Request: POST https://api.telegram.org/bot7093436536:AAEvjyOBDmUYkoOkO2zxZnzplRy8Thhz0Ps/getUpdates "HTTP/1.1 200 OK"
2025-05-23 05:45:26,596 - httpx - INFO - HTTP Request: POST https://api.telegram.org/bot7093436536:AAEvjyOBDmUYkoOkO2zxZnzplRy8Thhz0Ps/getUpdates "HTTP/1.1 200 OK"
2025-05-23 05:45:36,720 - httpx - INFO - HTTP Request: POST https://api.telegram.org/bot7093436536:AAEvjyOBDmUYkoOkO2zxZnzplRy8Thhz0Ps/getUpdates "HTTP/1.1 200 OK"
2025-05-23 05:45:46,814 - httpx - INFO - HTTP Request: POST https://api.telegram.org/bot7093436536:AAEvjyOBDmUYkoOkO2zxZnzplRy8Thhz0Ps/getUpdates "HTTP/1.1 200 OK"
2025-05-23 05:45:56,904 - httpx - INFO - HTTP Request: POST https://api.telegram.org/bot7093436536:AAEvjyOBDmUYkoOkO2zxZnzplRy8Thhz0Ps/getUpdates "HTTP/1.1 200 OK"
2025-05-23 05:46:06,992 - httpx - INFO - HTTP Request: POST https://api.telegram.org/bot7093436536:AAEvjyOBDmUYkoOkO2zxZnzplRy8Thhz0Ps/getUpdates "HTTP/1.1 200 OK"
2025-05-23 05:46:17,090 - httpx - INFO - HTTP Request: POST https://api.telegram.org/bot7093436536:AAEvjyOBDmUYkoOkO2zxZnzplRy8Thhz0Ps/getUpdates "HTTP/1.1 200 OK"
2025-05-23 05:46:27,180 - httpx - INFO - HTTP Request: POST https://api.telegram.org/bot7093436536:AAEvjyOBDmUYkoOkO2zxZnzplRy8Thhz0Ps/getUpdates "HTTP/1.1 200 OK"
2025-05-23 05:46:37,271 - httpx - INFO - HTTP Request: POST https://api.telegram.org/bot7093436536:AAEvjyOBDmUYkoOkO2zxZnzplRy8Thhz0Ps/getUpdates "HTTP/1.1 200 OK"
2025-05-23 05:46:47,358 - httpx - INFO - HTTP Request: POST https://api.telegram.org/bot7093436536:AAEvjyOBDmUYkoOkO2zxZnzplRy8Thhz0Ps/getUpdates "HTTP/1.1 200 OK"
2025-05-23 05:46:57,448 - httpx - INFO - HTTP Request: POST https://api.telegram.org/bot7093436536:AAEvjyOBDmUYkoOkO2zxZnzplRy8Thhz0Ps/getUpdates "HTTP/1.1 200 OK"
2025-05-23 05:47:07,539 - httpx - INFO - HTTP Request: POST https://api.telegram.org/bot7093436536:AAEvjyOBDmUYkoOkO2zxZnzplRy8Thhz0Ps/getUpdates "HTTP/1.1 200 OK"
2025-05-23 05:47:17,626 - httpx - INFO - HTTP Request: POST https://api.telegram.org/bot7093436536:AAEvjyOBDmUYkoOkO2zxZnzplRy8Thhz0Ps/getUpdates "HTTP/1.1 200 OK"
2025-05-23 05:47:27,715 - httpx - INFO - HTTP Request: POST https://api.telegram.org/bot7093436536:AAEvjyOBDmUYkoOkO2zxZnzplRy8Thhz0Ps/getUpdates "HTTP/1.1 200 OK"
2025-05-23 05:47:37,805 - httpx - INFO - HTTP Request: POST https://api.telegram.org/bot7093436536:AAEvjyOBDmUYkoOkO2zxZnzplRy8Thhz0Ps/getUpdates "HTTP/1.1 200 OK"
2025-05-23 05:47:47,902 - httpx - INFO - HTTP Request: POST https://api.telegram.org/bot7093436536:AAEvjyOBDmUYkoOkO2zxZnzplRy8Thhz0Ps/getUpdates "HTTP/1.1 200 OK"
2025-05-23 05:47:57,990 - httpx - INFO - HTTP Request: POST https://api.telegram.org/bot7093436536:AAEvjyOBDmUYkoOkO2zxZnzplRy8Thhz0Ps/getUpdates "HTTP/1.1 200 OK"
2025-05-23 05:48:08,083 - httpx - INFO - HTTP Request: POST https://api.telegram.org/bot7093436536:AAEvjyOBDmUYkoOkO2zxZnzplRy8Thhz0Ps/getUpdates "HTTP/1.1 200 OK"
2025-05-23 05:48:18,172 - httpx - INFO - HTTP Request: POST https://api.telegram.org/bot7093436536:AAEvjyOBDmUYkoOkO2zxZnzplRy8Thhz0Ps/getUpdates "HTTP/1.1 200 OK"
2025-05-23 05:48:28,260 - httpx - INFO - HTTP Request: POST https://api.telegram.org/bot7093436536:AAEvjyOBDmUYkoOkO2zxZnzplRy8Thhz0Ps/getUpdates "HTTP/1.1 200 OK"
2025-05-23 05:48:38,346 - httpx - INFO - HTTP Request: POST https://api.telegram.org/bot7093436536:AAEvjyOBDmUYkoOkO2zxZnzplRy8Thhz0Ps/getUpdates "HTTP/1.1 200 OK"
2025-05-23 05:48:48,436 - httpx - INFO - HTTP Request: POST https://api.telegram.org/bot7093436536:AAEvjyOBDmUYkoOkO2zxZnzplRy8Thhz0Ps/getUpdates "HTTP/1.1 200 OK"
2025-05-23 05:48:58,523 - httpx - INFO - HTTP Request: POST https://api.telegram.org/bot7093436536:AAEvjyOBDmUYkoOkO2zxZnzplRy8Thhz0Ps/getUpdates "HTTP/1.1 200 OK"
2025-05-23 05:49:08,611 - httpx - INFO - HTTP Request: POST https://api.telegram.org/bot7093436536:AAEvjyOBDmUYkoOkO2zxZnzplRy8Thhz0Ps/getUpdates "HTTP/1.1 200 OK"
2025-05-23 05:49:18,702 - httpx - INFO - HTTP Request: POST https://api.telegram.org/bot7093436536:AAEvjyOBDmUYkoOkO2zxZnzplRy8Thhz0Ps/getUpdates "HTTP/1.1 200 OK"
2025-05-23 05:49:28,967 - httpx - INFO - HTTP Request: POST https://api.telegram.org/bot7093436536:AAEvjyOBDmUYkoOkO2zxZnzplRy8Thhz0Ps/getUpdates "HTTP/1.1 200 OK"
2025-05-23 05:49:39,055 - httpx - INFO - HTTP Request: POST https://api.telegram.org/bot7093436536:AAEvjyOBDmUYkoOkO2zxZnzplRy8Thhz0Ps/getUpdates "HTTP/1.1 200 OK"
2025-05-23 05:49:49,143 - httpx - INFO - HTTP Request: POST https://api.telegram.org/bot7093436536:AAEvjyOBDmUYkoOkO2zxZnzplRy8Thhz0Ps/getUpdates "HTTP/1.1 200 OK"
2025-05-23 05:49:59,234 - httpx - INFO - HTTP Request: POST https://api.telegram.org/bot7093436536:AAEvjyOBDmUYkoOkO2zxZnzplRy8Thhz0Ps/getUpdates "HTTP/1.1 200 OK"
2025-05-23 05:50:09,322 - httpx - INFO - HTTP Request: POST https://api.telegram.org/bot7093436536:AAEvjyOBDmUYkoOkO2zxZnzplRy8Thhz0Ps/getUpdates "HTTP/1.1 200 OK"
2025-05-23 05:50:19,412 - httpx - INFO - HTTP Request: POST https://api.telegram.org/bot7093436536:AAEvjyOBDmUYkoOkO2zxZnzplRy8Thhz0Ps/getUpdates "HTTP/1.1 200 OK"
2025-05-23 05:50:29,504 - httpx - INFO - HTTP Request: POST https://api.telegram.org/bot7093436536:AAEvjyOBDmUYkoOkO2zxZnzplRy8Thhz0Ps/getUpdates "HTTP/1.1 200 OK"
2025-05-23 05:50:39,593 - httpx - INFO - HTTP Request: POST https://api.telegram.org/bot7093436536:AAEvjyOBDmUYkoOkO2zxZnzplRy8Thhz0Ps/getUpdates "HTTP/1.1 200 OK"
2025-05-23 05:50:49,680 - httpx - INFO - HTTP Request: POST https://api.telegram.org/bot7093436536:AAEvjyOBDmUYkoOkO2zxZnzplRy8Thhz0Ps/getUpdates "HTTP/1.1 200 OK"
2025-05-23 05:50:59,768 - httpx - INFO - HTTP Request: POST https://api.telegram.org/bot7093436536:AAEvjyOBDmUYkoOkO2zxZnzplRy8Thhz0Ps/getUpdates "HTTP/1.1 200 OK"
2025-05-23 05:51:09,856 - httpx - INFO - HTTP Request: POST https://api.telegram.org/bot7093436536:AAEvjyOBDmUYkoOkO2zxZnzplRy8Thhz0Ps/getUpdates "HTTP/1.1 200 OK"
2025-05-23 05:51:19,944 - httpx - INFO - HTTP Request: POST https://api.telegram.org/bot7093436536:AAEvjyOBDmUYkoOkO2zxZnzplRy8Thhz0Ps/getUpdates "HTTP/1.1 200 OK"
2025-05-23 05:51:30,032 - httpx - INFO - HTTP Request: POST https://api.telegram.org/bot7093436536:AAEvjyOBDmUYkoOkO2zxZnzplRy8Thhz0Ps/getUpdates "HTTP/1.1 200 OK"
2025-05-23 05:51:40,121 - httpx - INFO - HTTP Request: POST https://api.telegram.org/bot7093436536:AAEvjyOBDmUYkoOkO2zxZnzplRy8Thhz0Ps/getUpdates "HTTP/1.1 200 OK"
2025-05-23 05:51:50,210 - httpx - INFO - HTTP Request: POST https://api.telegram.org/bot7093436536:AAEvjyOBDmUYkoOkO2zxZnzplRy8Thhz0Ps/getUpdates "HTTP/1.1 200 OK"
2025-05-23 05:52:00,300 - httpx - INFO - HTTP Request: POST https://api.telegram.org/bot7093436536:AAEvjyOBDmUYkoOkO2zxZnzplRy8Thhz0Ps/getUpdates "HTTP/1.1 200 OK"
2025-05-23 05:52:10,388 - httpx - INFO - HTTP Request: POST https://api.telegram.org/bot7093436536:AAEvjyOBDmUYkoOkO2zxZnzplRy8Thhz0Ps/getUpdates "HTTP/1.1 200 OK"
2025-05-23 05:52:20,482 - httpx - INFO - HTTP Request: POST https://api.telegram.org/bot7093436536:AAEvjyOBDmUYkoOkO2zxZnzplRy8Thhz0Ps/getUpdates "HTTP/1.1 200 OK"
2025-05-23 05:52:30,572 - httpx - INFO - HTTP Request: POST https://api.telegram.org/bot7093436536:AAEvjyOBDmUYkoOkO2zxZnzplRy8Thhz0Ps/getUpdates "HTTP/1.1 200 OK"
2025-05-23 05:52:40,660 - httpx - INFO - HTTP Request: POST https://api.telegram.org/bot7093436536:AAEvjyOBDmUYkoOkO2zxZnzplRy8Thhz0Ps/getUpdates "HTTP/1.1 200 OK"
2025-05-23 05:52:50,750 - httpx - INFO - HTTP Request: POST https://api.telegram.org/bot7093436536:AAEvjyOBDmUYkoOkO2zxZnzplRy8Thhz0Ps/getUpdates "HTTP/1.1 200 OK"
2025-05-23 05:53:00,838 - httpx - INFO - HTTP Request: POST https://api.telegram.org/bot7093436536:AAEvjyOBDmUYkoOkO2zxZnzplRy8Thhz0Ps/getUpdates "HTTP/1.1 200 OK"
2025-05-23 05:53:10,927 - httpx - INFO - HTTP Request: POST https://api.telegram.org/bot7093436536:AAEvjyOBDmUYkoOkO2zxZnzplRy8Thhz0Ps/getUpdates "HTTP/1.1 200 OK"
2025-05-23 05:53:21,015 - httpx - INFO - HTTP Request: POST https://api.telegram.org/bot7093436536:AAEvjyOBDmUYkoOkO2zxZnzplRy8Thhz0Ps/getUpdates "HTTP/1.1 200 OK"
2025-05-23 05:53:31,103 - httpx - INFO - HTTP Request: POST https://api.telegram.org/bot7093436536:AAEvjyOBDmUYkoOkO2zxZnzplRy8Thhz0Ps/getUpdates "HTTP/1.1 200 OK"
2025-05-23 05:53:41,194 - httpx - INFO - HTTP Request: POST https://api.telegram.org/bot7093436536:AAEvjyOBDmUYkoOkO2zxZnzplRy8Thhz0Ps/getUpdates "HTTP/1.1 200 OK"
2025-05-23 05:53:51,282 - httpx - INFO - HTTP Request: POST https://api.telegram.org/bot7093436536:AAEvjyOBDmUYkoOkO2zxZnzplRy8Thhz0Ps/getUpdates "HTTP/1.1 200 OK"
2025-05-23 05:54:01,373 - httpx - INFO - HTTP Request: POST https://api.telegram.org/bot7093436536:AAEvjyOBDmUYkoOkO2zxZnzplRy8Thhz0Ps/getUpdates "HTTP/1.1 200 OK"
2025-05-23 05:54:11,461 - httpx - INFO - HTTP Request: POST https://api.telegram.org/bot7093436536:AAEvjyOBDmUYkoOkO2zxZnzplRy8Thhz0Ps/getUpdates "HTTP/1.1 200 OK"
2025-05-23 05:54:21,550 - httpx - INFO - HTTP Request: POST https://api.telegram.org/bot7093436536:AAEvjyOBDmUYkoOkO2zxZnzplRy8Thhz0Ps/getUpdates "HTTP/1.1 200 OK"
2025-05-23 05:54:31,639 - httpx - INFO - HTTP Request: POST https://api.telegram.org/bot7093436536:AAEvjyOBDmUYkoOkO2zxZnzplRy8Thhz0Ps/getUpdates "HTTP/1.1 200 OK"
2025-05-23 05:54:41,728 - httpx - INFO - HTTP Request: POST https://api.telegram.org/bot7093436536:AAEvjyOBDmUYkoOkO2zxZnzplRy8Thhz0Ps/getUpdates "HTTP/1.1 200 OK"
2025-05-23 05:54:51,816 - httpx - INFO - HTTP Request: POST https://api.telegram.org/bot7093436536:AAEvjyOBDmUYkoOkO2zxZnzplRy8Thhz0Ps/getUpdates "HTTP/1.1 200 OK"
2025-05-23 05:55:01,909 - httpx - INFO - HTTP Request: POST https://api.telegram.org/bot7093436536:AAEvjyOBDmUYkoOkO2zxZnzplRy8Thhz0Ps/getUpdates "HTTP/1.1 200 OK"
2025-05-23 05:55:11,997 - httpx - INFO - HTTP Request: POST https://api.telegram.org/bot7093436536:AAEvjyOBDmUYkoOkO2zxZnzplRy8Thhz0Ps/getUpdates "HTTP/1.1 200 OK"
2025-05-23 05:55:22,089 - httpx - INFO - HTTP Request: POST https://api.telegram.org/bot7093436536:AAEvjyOBDmUYkoOkO2zxZnzplRy8Thhz0Ps/getUpdates "HTTP/1.1 200 OK"
2025-05-23 05:55:32,177 - httpx - INFO - HTTP Request: POST https://api.telegram.org/bot7093436536:AAEvjyOBDmUYkoOkO2zxZnzplRy8Thhz0Ps/getUpdates "HTTP/1.1 200 OK"
2025-05-23 05:55:42,267 - httpx - INFO - HTTP Request: POST https://api.telegram.org/bot7093436536:AAEvjyOBDmUYkoOkO2zxZnzplRy8Thhz0Ps/getUpdates "HTTP/1.1 200 OK"
2025-05-23 05:55:52,357 - httpx - INFO - HTTP Request: POST https://api.telegram.org/bot7093436536:AAEvjyOBDmUYkoOkO2zxZnzplRy8Thhz0Ps/getUpdates "HTTP/1.1 200 OK"
2025-05-23 05:56:02,448 - httpx - INFO - HTTP Request: POST https://api.telegram.org/bot7093436536:AAEvjyOBDmUYkoOkO2zxZnzplRy8Thhz0Ps/getUpdates "HTTP/1.1 200 OK"
2025-05-23 05:56:12,540 - httpx - INFO - HTTP Request: POST https://api.telegram.org/bot7093436536:AAEvjyOBDmUYkoOkO2zxZnzplRy8Thhz0Ps/getUpdates "HTTP/1.1 200 OK"
2025-05-23 05:56:22,631 - httpx - INFO - HTTP Request: POST https://api.telegram.org/bot7093436536:AAEvjyOBDmUYkoOkO2zxZnzplRy8Thhz0Ps/getUpdates "HTTP/1.1 200 OK"
2025-05-23 05:56:32,720 - httpx - INFO - HTTP Request: POST https://api.telegram.org/bot7093436536:AAEvjyOBDmUYkoOkO2zxZnzplRy8Thhz0Ps/getUpdates "HTTP/1.1 200 OK"
2025-05-23 05:56:42,809 - httpx - INFO - HTTP Request: POST https://api.telegram.org/bot7093436536:AAEvjyOBDmUYkoOkO2zxZnzplRy8Thhz0Ps/getUpdates "HTTP/1.1 200 OK"
2025-05-23 05:56:52,898 - httpx - INFO - HTTP Request: POST https://api.telegram.org/bot7093436536:AAEvjyOBDmUYkoOkO2zxZnzplRy8Thhz0Ps/getUpdates "HTTP/1.1 200 OK"
2025-05-23 05:57:02,988 - httpx - INFO - HTTP Request: POST https://api.telegram.org/bot7093436536:AAEvjyOBDmUYkoOkO2zxZnzplRy8Thhz0Ps/getUpdates "HTTP/1.1 200 OK"
2025-05-23 05:57:13,076 - httpx - INFO - HTTP Request: POST https://api.telegram.org/bot7093436536:AAEvjyOBDmUYkoOkO2zxZnzplRy8Thhz0Ps/getUpdates "HTTP/1.1 200 OK"
2025-05-23 05:57:23,167 - httpx - INFO - HTTP Request: POST https://api.telegram.org/bot7093436536:AAEvjyOBDmUYkoOkO2zxZnzplRy8Thhz0Ps/getUpdates "HTTP/1.1 200 OK"
2025-05-23 05:57:33,257 - httpx - INFO - HTTP Request: POST https://api.telegram.org/bot7093436536:AAEvjyOBDmUYkoOkO2zxZnzplRy8Thhz0Ps/getUpdates "HTTP/1.1 200 OK"
2025-05-23 05:57:43,345 - httpx - INFO - HTTP Request: POST https://api.telegram.org/bot7093436536:AAEvjyOBDmUYkoOkO2zxZnzplRy8Thhz0Ps/getUpdates "HTTP/1.1 200 OK"
2025-05-23 05:57:53,436 - httpx - INFO - HTTP Request: POST https://api.telegram.org/bot7093436536:AAEvjyOBDmUYkoOkO2zxZnzplRy8Thhz0Ps/getUpdates "HTTP/1.1 200 OK"
2025-05-23 05:58:03,525 - httpx - INFO - HTTP Request: POST https://api.telegram.org/bot7093436536:AAEvjyOBDmUYkoOkO2zxZnzplRy8Thhz0Ps/getUpdates "HTTP/1.1 200 OK"
2025-05-23 05:58:13,613 - httpx - INFO - HTTP Request: POST https://api.telegram.org/bot7093436536:AAEvjyOBDmUYkoOkO2zxZnzplRy8Thhz0Ps/getUpdates "HTTP/1.1 200 OK"
2025-05-23 05:58:23,702 - httpx - INFO - HTTP Request: POST https://api.telegram.org/bot7093436536:AAEvjyOBDmUYkoOkO2zxZnzplRy8Thhz0Ps/getUpdates "HTTP/1.1 200 OK"
2025-05-23 05:58:33,793 - httpx - INFO - HTTP Request: POST https://api.telegram.org/bot7093436536:AAEvjyOBDmUYkoOkO2zxZnzplRy8Thhz0Ps/getUpdates "HTTP/1.1 200 OK"
2025-05-23 05:58:43,882 - httpx - INFO - HTTP Request: POST https://api.telegram.org/bot7093436536:AAEvjyOBDmUYkoOkO2zxZnzplRy8Thhz0Ps/getUpdates "HTTP/1.1 200 OK"
2025-05-23 05:58:53,970 - httpx - INFO - HTTP Request: POST https://api.telegram.org/bot7093436536:AAEvjyOBDmUYkoOkO2zxZnzplRy8Thhz0Ps/getUpdates "HTTP/1.1 200 OK"
2025-05-23 05:59:04,060 - httpx - INFO - HTTP Request: POST https://api.telegram.org/bot7093436536:AAEvjyOBDmUYkoOkO2zxZnzplRy8Thhz0Ps/getUpdates "HTTP/1.1 200 OK"
2025-05-23 05:59:14,153 - httpx - INFO - HTTP Request: POST https://api.telegram.org/bot7093436536:AAEvjyOBDmUYkoOkO2zxZnzplRy8Thhz0Ps/getUpdates "HTTP/1.1 200 OK"
2025-05-23 05:59:24,242 - httpx - INFO - HTTP Request: POST https://api.telegram.org/bot7093436536:AAEvjyOBDmUYkoOkO2zxZnzplRy8Thhz0Ps/getUpdates "HTTP/1.1 200 OK"
2025-05-23 05:59:34,331 - httpx - INFO - HTTP Request: POST https://api.telegram.org/bot7093436536:AAEvjyOBDmUYkoOkO2zxZnzplRy8Thhz0Ps/getUpdates "HTTP/1.1 200 OK"
2025-05-23 05:59:44,420 - httpx - INFO - HTTP Request: POST https://api.telegram.org/bot7093436536:AAEvjyOBDmUYkoOkO2zxZnzplRy8Thhz0Ps/getUpdates "HTTP/1.1 200 OK"
2025-05-23 05:59:54,511 - httpx - INFO - HTTP Request: POST https://api.telegram.org/bot7093436536:AAEvjyOBDmUYkoOkO2zxZnzplRy8Thhz0Ps/getUpdates "HTTP/1.1 200 OK"
2025-05-23 06:00:04,599 - httpx - INFO - HTTP Request: POST https://api.telegram.org/bot7093436536:AAEvjyOBDmUYkoOkO2zxZnzplRy8Thhz0Ps/getUpdates "HTTP/1.1 200 OK"
2025-05-23 06:00:14,695 - httpx - INFO - HTTP Request: POST https://api.telegram.org/bot7093436536:AAEvjyOBDmUYkoOkO2zxZnzplRy8Thhz0Ps/getUpdates "HTTP/1.1 200 OK"
2025-05-23 06:00:24,783 - httpx - INFO - HTTP Request: POST https://api.telegram.org/bot7093436536:AAEvjyOBDmUYkoOkO2zxZnzplRy8Thhz0Ps/getUpdates "HTTP/1.1 200 OK"
2025-05-23 06:00:34,871 - httpx - INFO - HTTP Request: POST https://api.telegram.org/bot7093436536:AAEvjyOBDmUYkoOkO2zxZnzplRy8Thhz0Ps/getUpdates "HTTP/1.1 200 OK"
2025-05-23 06:00:44,957 - httpx - INFO - HTTP Request: POST https://api.telegram.org/bot7093436536:AAEvjyOBDmUYkoOkO2zxZnzplRy8Thhz0Ps/getUpdates "HTTP/1.1 200 OK"
2025-05-23 06:00:55,046 - httpx - INFO - HTTP Request: POST https://api.telegram.org/bot7093436536:AAEvjyOBDmUYkoOkO2zxZnzplRy8Thhz0Ps/getUpdates "HTTP/1.1 200 OK"
2025-05-23 06:01:05,134 - httpx - INFO - HTTP Request: POST https://api.telegram.org/bot7093436536:AAEvjyOBDmUYkoOkO2zxZnzplRy8Thhz0Ps/getUpdates "HTTP/1.1 200 OK"
2025-05-23 06:01:15,232 - httpx - INFO - HTTP Request: POST https://api.telegram.org/bot7093436536:AAEvjyOBDmUYkoOkO2zxZnzplRy8Thhz0Ps/getUpdates "HTTP/1.1 200 OK"
2025-05-23 06:01:25,321 - httpx - INFO - HTTP Request: POST https://api.telegram.org/bot7093436536:AAEvjyOBDmUYkoOkO2zxZnzplRy8Thhz0Ps/getUpdates "HTTP/1.1 200 OK"
2025-05-23 06:01:35,411 - httpx - INFO - HTTP Request: POST https://api.telegram.org/bot7093436536:AAEvjyOBDmUYkoOkO2zxZnzplRy8Thhz0Ps/getUpdates "HTTP/1.1 200 OK"
2025-05-23 06:01:45,499 - httpx - INFO - HTTP Request: POST https://api.telegram.org/bot7093436536:AAEvjyOBDmUYkoOkO2zxZnzplRy8Thhz0Ps/getUpdates "HTTP/1.1 200 OK"
2025-05-23 06:01:55,589 - httpx - INFO - HTTP Request: POST https://api.telegram.org/bot7093436536:AAEvjyOBDmUYkoOkO2zxZnzplRy8Thhz0Ps/getUpdates "HTTP/1.1 200 OK"
2025-05-23 06:02:05,683 - httpx - INFO - HTTP Request: POST https://api.telegram.org/bot7093436536:AAEvjyOBDmUYkoOkO2zxZnzplRy8Thhz0Ps/getUpdates "HTTP/1.1 200 OK"
2025-05-23 06:02:15,770 - httpx - INFO - HTTP Request: POST https://api.telegram.org/bot7093436536:AAEvjyOBDmUYkoOkO2zxZnzplRy8Thhz0Ps/getUpdates "HTTP/1.1 200 OK"
2025-05-23 06:02:25,860 - httpx - INFO - HTTP Request: POST https://api.telegram.org/bot7093436536:AAEvjyOBDmUYkoOkO2zxZnzplRy8Thhz0Ps/getUpdates "HTTP/1.1 200 OK"
2025-05-23 06:02:35,951 - httpx - INFO - HTTP Request: POST https://api.telegram.org/bot7093436536:AAEvjyOBDmUYkoOkO2zxZnzplRy8Thhz0Ps/getUpdates "HTTP/1.1 200 OK"
2025-05-23 06:02:46,039 - httpx - INFO - HTTP Request: POST https://api.telegram.org/bot7093436536:AAEvjyOBDmUYkoOkO2zxZnzplRy8Thhz0Ps/getUpdates "HTTP/1.1 200 OK"
2025-05-23 06:02:56,128 - httpx - INFO - HTTP Request: POST https://api.telegram.org/bot7093436536:AAEvjyOBDmUYkoOkO2zxZnzplRy8Thhz0Ps/getUpdates "HTTP/1.1 200 OK"
2025-05-23 06:03:06,215 - httpx - INFO - HTTP Request: POST https://api.telegram.org/bot7093436536:AAEvjyOBDmUYkoOkO2zxZnzplRy8Thhz0Ps/getUpdates "HTTP/1.1 200 OK"
2025-05-23 06:03:16,303 - httpx - INFO - HTTP Request: POST https://api.telegram.org/bot7093436536:AAEvjyOBDmUYkoOkO2zxZnzplRy8Thhz0Ps/getUpdates "HTTP/1.1 200 OK"
2025-05-23 06:03:26,391 - httpx - INFO - HTTP Request: POST https://api.telegram.org/bot7093436536:AAEvjyOBDmUYkoOkO2zxZnzplRy8Thhz0Ps/getUpdates "HTTP/1.1 200 OK"
2025-05-23 06:03:36,480 - httpx - INFO - HTTP Request: POST https://api.telegram.org/bot7093436536:AAEvjyOBDmUYkoOkO2zxZnzplRy8Thhz0Ps/getUpdates "HTTP/1.1 200 OK"
2025-05-23 06:03:46,568 - httpx - INFO - HTTP Request: POST https://api.telegram.org/bot7093436536:AAEvjyOBDmUYkoOkO2zxZnzplRy8Thhz0Ps/getUpdates "HTTP/1.1 200 OK"
2025-05-23 06:03:56,656 - httpx - INFO - HTTP Request: POST https://api.telegram.org/bot7093436536:AAEvjyOBDmUYkoOkO2zxZnzplRy8Thhz0Ps/getUpdates "HTTP/1.1 200 OK"
2025-05-23 06:04:06,743 - httpx - INFO - HTTP Request: POST https://api.telegram.org/bot7093436536:AAEvjyOBDmUYkoOkO2zxZnzplRy8Thhz0Ps/getUpdates "HTTP/1.1 200 OK"
2025-05-23 06:04:16,833 - httpx - INFO - HTTP Request: POST https://api.telegram.org/bot7093436536:AAEvjyOBDmUYkoOkO2zxZnzplRy8Thhz0Ps/getUpdates "HTTP/1.1 200 OK"
2025-05-23 06:04:26,922 - httpx - INFO - HTTP Request: POST https://api.telegram.org/bot7093436536:AAEvjyOBDmUYkoOkO2zxZnzplRy8Thhz0Ps/getUpdates "HTTP/1.1 200 OK"
2025-05-23 06:04:37,009 - httpx - INFO - HTTP Request: POST https://api.telegram.org/bot7093436536:AAEvjyOBDmUYkoOkO2zxZnzplRy8Thhz0Ps/getUpdates "HTTP/1.1 200 OK"
2025-05-23 06:04:47,098 - httpx - INFO - HTTP Request: POST https://api.telegram.org/bot7093436536:AAEvjyOBDmUYkoOkO2zxZnzplRy8Thhz0Ps/getUpdates "HTTP/1.1 200 OK"
2025-05-23 06:04:57,188 - httpx - INFO - HTTP Request: POST https://api.telegram.org/bot7093436536:AAEvjyOBDmUYkoOkO2zxZnzplRy8Thhz0Ps/getUpdates "HTTP/1.1 200 OK"
2025-05-23 06:05:07,277 - httpx - INFO - HTTP Request: POST https://api.telegram.org/bot7093436536:AAEvjyOBDmUYkoOkO2zxZnzplRy8Thhz0Ps/getUpdates "HTTP/1.1 200 OK"
2025-05-23 06:05:17,369 - httpx - INFO - HTTP Request: POST https://api.telegram.org/bot7093436536:AAEvjyOBDmUYkoOkO2zxZnzplRy8Thhz0Ps/getUpdates "HTTP/1.1 200 OK"
2025-05-23 06:05:27,462 - httpx - INFO - HTTP Request: POST https://api.telegram.org/bot7093436536:AAEvjyOBDmUYkoOkO2zxZnzplRy8Thhz0Ps/getUpdates "HTTP/1.1 200 OK"
2025-05-23 06:05:37,550 - httpx - INFO - HTTP Request: POST https://api.telegram.org/bot7093436536:AAEvjyOBDmUYkoOkO2zxZnzplRy8Thhz0Ps/getUpdates "HTTP/1.1 200 OK"
2025-05-23 06:05:47,638 - httpx - INFO - HTTP Request: POST https://api.telegram.org/bot7093436536:AAEvjyOBDmUYkoOkO2zxZnzplRy8Thhz0Ps/getUpdates "HTTP/1.1 200 OK"
2025-05-23 06:05:57,727 - httpx - INFO - HTTP Request: POST https://api.telegram.org/bot7093436536:AAEvjyOBDmUYkoOkO2zxZnzplRy8Thhz0Ps/getUpdates "HTTP/1.1 200 OK"
2025-05-23 06:06:07,815 - httpx - INFO - HTTP Request: POST https://api.telegram.org/bot7093436536:AAEvjyOBDmUYkoOkO2zxZnzplRy8Thhz0Ps/getUpdates "HTTP/1.1 200 OK"
2025-05-23 06:06:18,087 - httpx - INFO - HTTP Request: POST https://api.telegram.org/bot7093436536:AAEvjyOBDmUYkoOkO2zxZnzplRy8Thhz0Ps/getUpdates "HTTP/1.1 200 OK"
2025-05-23 06:06:28,182 - httpx - INFO - HTTP Request: POST https://api.telegram.org/bot7093436536:AAEvjyOBDmUYkoOkO2zxZnzplRy8Thhz0Ps/getUpdates "HTTP/1.1 200 OK"
2025-05-23 06:06:38,274 - httpx - INFO - HTTP Request: POST https://api.telegram.org/bot7093436536:AAEvjyOBDmUYkoOkO2zxZnzplRy8Thhz0Ps/getUpdates "HTTP/1.1 200 OK"
2025-05-23 06:06:48,365 - httpx - INFO - HTTP Request: POST https://api.telegram.org/bot7093436536:AAEvjyOBDmUYkoOkO2zxZnzplRy8Thhz0Ps/getUpdates "HTTP/1.1 200 OK"
2025-05-23 06:06:58,460 - httpx - INFO - HTTP Request: POST https://api.telegram.org/bot7093436536:AAEvjyOBDmUYkoOkO2zxZnzplRy8Thhz0Ps/getUpdates "HTTP/1.1 200 OK"
2025-05-23 06:07:08,549 - httpx - INFO - HTTP Request: POST https://api.telegram.org/bot7093436536:AAEvjyOBDmUYkoOkO2zxZnzplRy8Thhz0Ps/getUpdates "HTTP/1.1 200 OK"
2025-05-23 06:07:18,637 - httpx - INFO - HTTP Request: POST https://api.telegram.org/bot7093436536:AAEvjyOBDmUYkoOkO2zxZnzplRy8Thhz0Ps/getUpdates "HTTP/1.1 200 OK"
2025-05-23 06:07:28,730 - httpx - INFO - HTTP Request: POST https://api.telegram.org/bot7093436536:AAEvjyOBDmUYkoOkO2zxZnzplRy8Thhz0Ps/getUpdates "HTTP/1.1 200 OK"
2025-05-23 06:07:38,817 - httpx - INFO - HTTP Request: POST https://api.telegram.org/bot7093436536:AAEvjyOBDmUYkoOkO2zxZnzplRy8Thhz0Ps/getUpdates "HTTP/1.1 200 OK"
2025-05-23 06:07:48,907 - httpx - INFO - HTTP Request: POST https://api.telegram.org/bot7093436536:AAEvjyOBDmUYkoOkO2zxZnzplRy8Thhz0Ps/getUpdates "HTTP/1.1 200 OK"
2025-05-23 06:07:58,995 - httpx - INFO - HTTP Request: POST https://api.telegram.org/bot7093436536:AAEvjyOBDmUYkoOkO2zxZnzplRy8Thhz0Ps/getUpdates "HTTP/1.1 200 OK"
2025-05-23 06:08:09,086 - httpx - INFO - HTTP Request: POST https://api.telegram.org/bot7093436536:AAEvjyOBDmUYkoOkO2zxZnzplRy8Thhz0Ps/getUpdates "HTTP/1.1 200 OK"
2025-05-23 06:08:19,175 - httpx - INFO - HTTP Request: POST https://api.telegram.org/bot7093436536:AAEvjyOBDmUYkoOkO2zxZnzplRy8Thhz0Ps/getUpdates "HTTP/1.1 200 OK"
2025-05-23 06:08:29,265 - httpx - INFO - HTTP Request: POST https://api.telegram.org/bot7093436536:AAEvjyOBDmUYkoOkO2zxZnzplRy8Thhz0Ps/getUpdates "HTTP/1.1 200 OK"
2025-05-23 06:08:39,357 - httpx - INFO - HTTP Request: POST https://api.telegram.org/bot7093436536:AAEvjyOBDmUYkoOkO2zxZnzplRy8Thhz0Ps/getUpdates "HTTP/1.1 200 OK"
2025-05-23 06:08:49,445 - httpx - INFO - HTTP Request: POST https://api.telegram.org/bot7093436536:AAEvjyOBDmUYkoOkO2zxZnzplRy8Thhz0Ps/getUpdates "HTTP/1.1 200 OK"
2025-05-23 06:08:59,537 - httpx - INFO - HTTP Request: POST https://api.telegram.org/bot7093436536:AAEvjyOBDmUYkoOkO2zxZnzplRy8Thhz0Ps/getUpdates "HTTP/1.1 200 OK"
2025-05-23 06:09:09,627 - httpx - INFO - HTTP Request: POST https://api.telegram.org/bot7093436536:AAEvjyOBDmUYkoOkO2zxZnzplRy8Thhz0Ps/getUpdates "HTTP/1.1 200 OK"
2025-05-23 06:09:19,715 - httpx - INFO - HTTP Request: POST https://api.telegram.org/bot7093436536:AAEvjyOBDmUYkoOkO2zxZnzplRy8Thhz0Ps/getUpdates "HTTP/1.1 200 OK"
2025-05-23 06:09:29,807 - httpx - INFO - HTTP Request: POST https://api.telegram.org/bot7093436536:AAEvjyOBDmUYkoOkO2zxZnzplRy8Thhz0Ps/getUpdates "HTTP/1.1 200 OK"
2025-05-23 06:09:39,897 - httpx - INFO - HTTP Request: POST https://api.telegram.org/bot7093436536:AAEvjyOBDmUYkoOkO2zxZnzplRy8Thhz0Ps/getUpdates "HTTP/1.1 200 OK"
2025-05-23 06:09:49,987 - httpx - INFO - HTTP Request: POST https://api.telegram.org/bot7093436536:AAEvjyOBDmUYkoOkO2zxZnzplRy8Thhz0Ps/getUpdates "HTTP/1.1 200 OK"
2025-05-23 06:10:00,080 - httpx - INFO - HTTP Request: POST https://api.telegram.org/bot7093436536:AAEvjyOBDmUYkoOkO2zxZnzplRy8Thhz0Ps/getUpdates "HTTP/1.1 200 OK"
2025-05-23 06:10:10,167 - httpx - INFO - HTTP Request: POST https://api.telegram.org/bot7093436536:AAEvjyOBDmUYkoOkO2zxZnzplRy8Thhz0Ps/getUpdates "HTTP/1.1 200 OK"
2025-05-23 06:10:20,258 - httpx - INFO - HTTP Request: POST https://api.telegram.org/bot7093436536:AAEvjyOBDmUYkoOkO2zxZnzplRy8Thhz0Ps/getUpdates "HTTP/1.1 200 OK"
2025-05-23 06:10:30,347 - httpx - INFO - HTTP Request: POST https://api.telegram.org/bot7093436536:AAEvjyOBDmUYkoOkO2zxZnzplRy8Thhz0Ps/getUpdates "HTTP/1.1 200 OK"
2025-05-23 06:10:40,439 - httpx - INFO - HTTP Request: POST https://api.telegram.org/bot7093436536:AAEvjyOBDmUYkoOkO2zxZnzplRy8Thhz0Ps/getUpdates "HTTP/1.1 200 OK"
2025-05-23 06:10:50,532 - httpx - INFO - HTTP Request: POST https://api.telegram.org/bot7093436536:AAEvjyOBDmUYkoOkO2zxZnzplRy8Thhz0Ps/getUpdates "HTTP/1.1 200 OK"
2025-05-23 06:11:00,625 - httpx - INFO - HTTP Request: POST https://api.telegram.org/bot7093436536:AAEvjyOBDmUYkoOkO2zxZnzplRy8Thhz0Ps/getUpdates "HTTP/1.1 200 OK"
2025-05-23 06:11:10,715 - httpx - INFO - HTTP Request: POST https://api.telegram.org/bot7093436536:AAEvjyOBDmUYkoOkO2zxZnzplRy8Thhz0Ps/getUpdates "HTTP/1.1 200 OK"
2025-05-23 06:11:20,813 - httpx - INFO - HTTP Request: POST https://api.telegram.org/bot7093436536:AAEvjyOBDmUYkoOkO2zxZnzplRy8Thhz0Ps/getUpdates "HTTP/1.1 200 OK"
2025-05-23 06:11:30,902 - httpx - INFO - HTTP Request: POST https://api.telegram.org/bot7093436536:AAEvjyOBDmUYkoOkO2zxZnzplRy8Thhz0Ps/getUpdates "HTTP/1.1 200 OK"
2025-05-23 06:11:40,991 - httpx - INFO - HTTP Request: POST https://api.telegram.org/bot7093436536:AAEvjyOBDmUYkoOkO2zxZnzplRy8Thhz0Ps/getUpdates "HTTP/1.1 200 OK"
2025-05-23 06:11:51,082 - httpx - INFO - HTTP Request: POST https://api.telegram.org/bot7093436536:AAEvjyOBDmUYkoOkO2zxZnzplRy8Thhz0Ps/getUpdates "HTTP/1.1 200 OK"
2025-05-23 06:12:01,169 - httpx - INFO - HTTP Request: POST https://api.telegram.org/bot7093436536:AAEvjyOBDmUYkoOkO2zxZnzplRy8Thhz0Ps/getUpdates "HTTP/1.1 200 OK"
2025-05-23 06:12:11,264 - httpx - INFO - HTTP Request: POST https://api.telegram.org/bot7093436536:AAEvjyOBDmUYkoOkO2zxZnzplRy8Thhz0Ps/getUpdates "HTTP/1.1 200 OK"
2025-05-23 06:12:21,355 - httpx - INFO - HTTP Request: POST https://api.telegram.org/bot7093436536:AAEvjyOBDmUYkoOkO2zxZnzplRy8Thhz0Ps/getUpdates "HTTP/1.1 200 OK"
2025-05-23 06:12:31,442 - httpx - INFO - HTTP Request: POST https://api.telegram.org/bot7093436536:AAEvjyOBDmUYkoOkO2zxZnzplRy8Thhz0Ps/getUpdates "HTTP/1.1 200 OK"
2025-05-23 06:12:41,535 - httpx - INFO - HTTP Request: POST https://api.telegram.org/bot7093436536:AAEvjyOBDmUYkoOkO2zxZnzplRy8Thhz0Ps/getUpdates "HTTP/1.1 200 OK"
2025-05-23 06:12:51,633 - httpx - INFO - HTTP Request: POST https://api.telegram.org/bot7093436536:AAEvjyOBDmUYkoOkO2zxZnzplRy8Thhz0Ps/getUpdates "HTTP/1.1 200 OK"
2025-05-23 06:13:01,732 - httpx - INFO - HTTP Request: POST https://api.telegram.org/bot7093436536:AAEvjyOBDmUYkoOkO2zxZnzplRy8Thhz0Ps/getUpdates "HTTP/1.1 200 OK"
2025-05-23 06:13:11,821 - httpx - INFO - HTTP Request: POST https://api.telegram.org/bot7093436536:AAEvjyOBDmUYkoOkO2zxZnzplRy8Thhz0Ps/getUpdates "HTTP/1.1 200 OK"
2025-05-23 06:13:21,911 - httpx - INFO - HTTP Request: POST https://api.telegram.org/bot7093436536:AAEvjyOBDmUYkoOkO2zxZnzplRy8Thhz0Ps/getUpdates "HTTP/1.1 200 OK"
2025-05-23 06:13:32,001 - httpx - INFO - HTTP Request: POST https://api.telegram.org/bot7093436536:AAEvjyOBDmUYkoOkO2zxZnzplRy8Thhz0Ps/getUpdates "HTTP/1.1 200 OK"
2025-05-23 06:13:42,090 - httpx - INFO - HTTP Request: POST https://api.telegram.org/bot7093436536:AAEvjyOBDmUYkoOkO2zxZnzplRy8Thhz0Ps/getUpdates "HTTP/1.1 200 OK"
2025-05-23 06:13:52,181 - httpx - INFO - HTTP Request: POST https://api.telegram.org/bot7093436536:AAEvjyOBDmUYkoOkO2zxZnzplRy8Thhz0Ps/getUpdates "HTTP/1.1 200 OK"
2025-05-23 06:14:02,277 - httpx - INFO - HTTP Request: POST https://api.telegram.org/bot7093436536:AAEvjyOBDmUYkoOkO2zxZnzplRy8Thhz0Ps/getUpdates "HTTP/1.1 200 OK"
2025-05-23 06:14:12,367 - httpx - INFO - HTTP Request: POST https://api.telegram.org/bot7093436536:AAEvjyOBDmUYkoOkO2zxZnzplRy8Thhz0Ps/getUpdates "HTTP/1.1 200 OK"
2025-05-23 06:14:22,459 - httpx - INFO - HTTP Request: POST https://api.telegram.org/bot7093436536:AAEvjyOBDmUYkoOkO2zxZnzplRy8Thhz0Ps/getUpdates "HTTP/1.1 200 OK"
2025-05-23 06:14:32,549 - httpx - INFO - HTTP Request: POST https://api.telegram.org/bot7093436536:AAEvjyOBDmUYkoOkO2zxZnzplRy8Thhz0Ps/getUpdates "HTTP/1.1 200 OK"
2025-05-23 06:14:42,637 - httpx - INFO - HTTP Request: POST https://api.telegram.org/bot7093436536:AAEvjyOBDmUYkoOkO2zxZnzplRy8Thhz0Ps/getUpdates "HTTP/1.1 200 OK"
2025-05-23 06:14:52,730 - httpx - INFO - HTTP Request: POST https://api.telegram.org/bot7093436536:AAEvjyOBDmUYkoOkO2zxZnzplRy8Thhz0Ps/getUpdates "HTTP/1.1 200 OK"
2025-05-23 06:15:02,821 - httpx - INFO - HTTP Request: POST https://api.telegram.org/bot7093436536:AAEvjyOBDmUYkoOkO2zxZnzplRy8Thhz0Ps/getUpdates "HTTP/1.1 200 OK"
2025-05-23 06:15:12,915 - httpx - INFO - HTTP Request: POST https://api.telegram.org/bot7093436536:AAEvjyOBDmUYkoOkO2zxZnzplRy8Thhz0Ps/getUpdates "HTTP/1.1 200 OK"
2025-05-23 06:15:23,008 - httpx - INFO - HTTP Request: POST https://api.telegram.org/bot7093436536:AAEvjyOBDmUYkoOkO2zxZnzplRy8Thhz0Ps/getUpdates "HTTP/1.1 200 OK"
2025-05-23 06:15:33,101 - httpx - INFO - HTTP Request: POST https://api.telegram.org/bot7093436536:AAEvjyOBDmUYkoOkO2zxZnzplRy8Thhz0Ps/getUpdates "HTTP/1.1 200 OK"
2025-05-23 06:15:43,190 - httpx - INFO - HTTP Request: POST https://api.telegram.org/bot7093436536:AAEvjyOBDmUYkoOkO2zxZnzplRy8Thhz0Ps/getUpdates "HTTP/1.1 200 OK"
2025-05-23 06:15:53,280 - httpx - INFO - HTTP Request: POST https://api.telegram.org/bot7093436536:AAEvjyOBDmUYkoOkO2zxZnzplRy8Thhz0Ps/getUpdates "HTTP/1.1 200 OK"
2025-05-23 06:16:03,374 - httpx - INFO - HTTP Request: POST https://api.telegram.org/bot7093436536:AAEvjyOBDmUYkoOkO2zxZnzplRy8Thhz0Ps/getUpdates "HTTP/1.1 200 OK"
2025-05-23 06:16:13,462 - httpx - INFO - HTTP Request: POST https://api.telegram.org/bot7093436536:AAEvjyOBDmUYkoOkO2zxZnzplRy8Thhz0Ps/getUpdates "HTTP/1.1 200 OK"
2025-05-23 06:16:23,557 - httpx - INFO - HTTP Request: POST https://api.telegram.org/bot7093436536:AAEvjyOBDmUYkoOkO2zxZnzplRy8Thhz0Ps/getUpdates "HTTP/1.1 200 OK"
2025-05-23 06:16:33,668 - httpx - INFO - HTTP Request: POST https://api.telegram.org/bot7093436536:AAEvjyOBDmUYkoOkO2zxZnzplRy8Thhz0Ps/getUpdates "HTTP/1.1 200 OK"
2025-05-23 06:16:43,756 - httpx - INFO - HTTP Request: POST https://api.telegram.org/bot7093436536:AAEvjyOBDmUYkoOkO2zxZnzplRy8Thhz0Ps/getUpdates "HTTP/1.1 200 OK"
2025-05-23 06:16:53,848 - httpx - INFO - HTTP Request: POST https://api.telegram.org/bot7093436536:AAEvjyOBDmUYkoOkO2zxZnzplRy8Thhz0Ps/getUpdates "HTTP/1.1 200 OK"
2025-05-23 06:17:03,939 - httpx - INFO - HTTP Request: POST https://api.telegram.org/bot7093436536:AAEvjyOBDmUYkoOkO2zxZnzplRy8Thhz0Ps/getUpdates "HTTP/1.1 200 OK"
2025-05-23 06:17:14,028 - httpx - INFO - HTTP Request: POST https://api.telegram.org/bot7093436536:AAEvjyOBDmUYkoOkO2zxZnzplRy8Thhz0Ps/getUpdates "HTTP/1.1 200 OK"
2025-05-23 06:17:24,116 - httpx - INFO - HTTP Request: POST https://api.telegram.org/bot7093436536:AAEvjyOBDmUYkoOkO2zxZnzplRy8Thhz0Ps/getUpdates "HTTP/1.1 200 OK"
2025-05-23 06:17:34,213 - httpx - INFO - HTTP Request: POST https://api.telegram.org/bot7093436536:AAEvjyOBDmUYkoOkO2zxZnzplRy8Thhz0Ps/getUpdates "HTTP/1.1 200 OK"
2025-05-23 06:17:44,300 - httpx - INFO - HTTP Request: POST https://api.telegram.org/bot7093436536:AAEvjyOBDmUYkoOkO2zxZnzplRy8Thhz0Ps/getUpdates "HTTP/1.1 200 OK"
2025-05-23 06:17:54,389 - httpx - INFO - HTTP Request: POST https://api.telegram.org/bot7093436536:AAEvjyOBDmUYkoOkO2zxZnzplRy8Thhz0Ps/getUpdates "HTTP/1.1 200 OK"
2025-05-23 06:18:04,478 - httpx - INFO - HTTP Request: POST https://api.telegram.org/bot7093436536:AAEvjyOBDmUYkoOkO2zxZnzplRy8Thhz0Ps/getUpdates "HTTP/1.1 200 OK"
2025-05-23 06:18:14,574 - httpx - INFO - HTTP Request: POST https://api.telegram.org/bot7093436536:AAEvjyOBDmUYkoOkO2zxZnzplRy8Thhz0Ps/getUpdates "HTTP/1.1 200 OK"
2025-05-23 06:18:24,666 - httpx - INFO - HTTP Request: POST https://api.telegram.org/bot7093436536:AAEvjyOBDmUYkoOkO2zxZnzplRy8Thhz0Ps/getUpdates "HTTP/1.1 200 OK"
2025-05-23 06:18:34,755 - httpx - INFO - HTTP Request: POST https://api.telegram.org/bot7093436536:AAEvjyOBDmUYkoOkO2zxZnzplRy8Thhz0Ps/getUpdates "HTTP/1.1 200 OK"
2025-05-23 06:18:44,848 - httpx - INFO - HTTP Request: POST https://api.telegram.org/bot7093436536:AAEvjyOBDmUYkoOkO2zxZnzplRy8Thhz0Ps/getUpdates "HTTP/1.1 200 OK"
2025-05-23 06:18:54,935 - httpx - INFO - HTTP Request: POST https://api.telegram.org/bot7093436536:AAEvjyOBDmUYkoOkO2zxZnzplRy8Thhz0Ps/getUpdates "HTTP/1.1 200 OK"
2025-05-23 06:19:05,033 - httpx - INFO - HTTP Request: POST https://api.telegram.org/bot7093436536:AAEvjyOBDmUYkoOkO2zxZnzplRy8Thhz0Ps/getUpdates "HTTP/1.1 200 OK"
2025-05-23 06:19:15,125 - httpx - INFO - HTTP Request: POST https://api.telegram.org/bot7093436536:AAEvjyOBDmUYkoOkO2zxZnzplRy8Thhz0Ps/getUpdates "HTTP/1.1 200 OK"
2025-05-23 06:19:25,215 - httpx - INFO - HTTP Request: POST https://api.telegram.org/bot7093436536:AAEvjyOBDmUYkoOkO2zxZnzplRy8Thhz0Ps/getUpdates "HTTP/1.1 200 OK"
2025-05-23 06:19:35,302 - httpx - INFO - HTTP Request: POST https://api.telegram.org/bot7093436536:AAEvjyOBDmUYkoOkO2zxZnzplRy8Thhz0Ps/getUpdates "HTTP/1.1 200 OK"
2025-05-23 06:19:45,393 - httpx - INFO - HTTP Request: POST https://api.telegram.org/bot7093436536:AAEvjyOBDmUYkoOkO2zxZnzplRy8Thhz0Ps/getUpdates "HTTP/1.1 200 OK"
2025-05-23 06:19:55,481 - httpx - INFO - HTTP Request: POST https://api.telegram.org/bot7093436536:AAEvjyOBDmUYkoOkO2zxZnzplRy8Thhz0Ps/getUpdates "HTTP/1.1 200 OK"
2025-05-23 06:20:05,569 - httpx - INFO - HTTP Request: POST https://api.telegram.org/bot7093436536:AAEvjyOBDmUYkoOkO2zxZnzplRy8Thhz0Ps/getUpdates "HTTP/1.1 200 OK"
2025-05-23 06:20:15,661 - httpx - INFO - HTTP Request: POST https://api.telegram.org/bot7093436536:AAEvjyOBDmUYkoOkO2zxZnzplRy8Thhz0Ps/getUpdates "HTTP/1.1 200 OK"
2025-05-23 06:20:25,750 - httpx - INFO - HTTP Request: POST https://api.telegram.org/bot7093436536:AAEvjyOBDmUYkoOkO2zxZnzplRy8Thhz0Ps/getUpdates "HTTP/1.1 200 OK"
2025-05-23 06:20:35,844 - httpx - INFO - HTTP Request: POST https://api.telegram.org/bot7093436536:AAEvjyOBDmUYkoOkO2zxZnzplRy8Thhz0Ps/getUpdates "HTTP/1.1 200 OK"
2025-05-23 06:20:45,931 - httpx - INFO - HTTP Request: POST https://api.telegram.org/bot7093436536:AAEvjyOBDmUYkoOkO2zxZnzplRy8Thhz0Ps/getUpdates "HTTP/1.1 200 OK"
2025-05-23 06:20:56,030 - httpx - INFO - HTTP Request: POST https://api.telegram.org/bot7093436536:AAEvjyOBDmUYkoOkO2zxZnzplRy8Thhz0Ps/getUpdates "HTTP/1.1 200 OK"
2025-05-23 06:21:06,119 - httpx - INFO - HTTP Request: POST https://api.telegram.org/bot7093436536:AAEvjyOBDmUYkoOkO2zxZnzplRy8Thhz0Ps/getUpdates "HTTP/1.1 200 OK"
2025-05-23 06:21:16,210 - httpx - INFO - HTTP Request: POST https://api.telegram.org/bot7093436536:AAEvjyOBDmUYkoOkO2zxZnzplRy8Thhz0Ps/getUpdates "HTTP/1.1 200 OK"
2025-05-23 06:21:26,301 - httpx - INFO - HTTP Request: POST https://api.telegram.org/bot7093436536:AAEvjyOBDmUYkoOkO2zxZnzplRy8Thhz0Ps/getUpdates "HTTP/1.1 200 OK"
2025-05-23 06:21:36,390 - httpx - INFO - HTTP Request: POST https://api.telegram.org/bot7093436536:AAEvjyOBDmUYkoOkO2zxZnzplRy8Thhz0Ps/getUpdates "HTTP/1.1 200 OK"
2025-05-23 06:21:46,478 - httpx - INFO - HTTP Request: POST https://api.telegram.org/bot7093436536:AAEvjyOBDmUYkoOkO2zxZnzplRy8Thhz0Ps/getUpdates "HTTP/1.1 200 OK"
2025-05-23 06:21:56,572 - httpx - INFO - HTTP Request: POST https://api.telegram.org/bot7093436536:AAEvjyOBDmUYkoOkO2zxZnzplRy8Thhz0Ps/getUpdates "HTTP/1.1 200 OK"
2025-05-23 06:22:06,660 - httpx - INFO - HTTP Request: POST https://api.telegram.org/bot7093436536:AAEvjyOBDmUYkoOkO2zxZnzplRy8Thhz0Ps/getUpdates "HTTP/1.1 200 OK"
2025-05-23 06:22:16,748 - httpx - INFO - HTTP Request: POST https://api.telegram.org/bot7093436536:AAEvjyOBDmUYkoOkO2zxZnzplRy8Thhz0Ps/getUpdates "HTTP/1.1 200 OK"
2025-05-23 06:22:26,838 - httpx - INFO - HTTP Request: POST https://api.telegram.org/bot7093436536:AAEvjyOBDmUYkoOkO2zxZnzplRy8Thhz0Ps/getUpdates "HTTP/1.1 200 OK"
2025-05-23 06:22:36,926 - httpx - INFO - HTTP Request: POST https://api.telegram.org/bot7093436536:AAEvjyOBDmUYkoOkO2zxZnzplRy8Thhz0Ps/getUpdates "HTTP/1.1 200 OK"
2025-05-23 06:22:47,015 - httpx - INFO - HTTP Request: POST https://api.telegram.org/bot7093436536:AAEvjyOBDmUYkoOkO2zxZnzplRy8Thhz0Ps/getUpdates "HTTP/1.1 200 OK"
2025-05-23 06:22:57,104 - httpx - INFO - HTTP Request: POST https://api.telegram.org/bot7093436536:AAEvjyOBDmUYkoOkO2zxZnzplRy8Thhz0Ps/getUpdates "HTTP/1.1 200 OK"
2025-05-23 06:23:07,375 - httpx - INFO - HTTP Request: POST https://api.telegram.org/bot7093436536:AAEvjyOBDmUYkoOkO2zxZnzplRy8Thhz0Ps/getUpdates "HTTP/1.1 200 OK"
2025-05-23 06:23:17,463 - httpx - INFO - HTTP Request: POST https://api.telegram.org/bot7093436536:AAEvjyOBDmUYkoOkO2zxZnzplRy8Thhz0Ps/getUpdates "HTTP/1.1 200 OK"
2025-05-23 06:23:27,549 - httpx - INFO - HTTP Request: POST https://api.telegram.org/bot7093436536:AAEvjyOBDmUYkoOkO2zxZnzplRy8Thhz0Ps/getUpdates "HTTP/1.1 200 OK"
2025-05-23 06:23:37,637 - httpx - INFO - HTTP Request: POST https://api.telegram.org/bot7093436536:AAEvjyOBDmUYkoOkO2zxZnzplRy8Thhz0Ps/getUpdates "HTTP/1.1 200 OK"
2025-05-23 06:23:47,723 - httpx - INFO - HTTP Request: POST https://api.telegram.org/bot7093436536:AAEvjyOBDmUYkoOkO2zxZnzplRy8Thhz0Ps/getUpdates "HTTP/1.1 200 OK"
2025-05-23 06:23:57,810 - httpx - INFO - HTTP Request: POST https://api.telegram.org/bot7093436536:AAEvjyOBDmUYkoOkO2zxZnzplRy8Thhz0Ps/getUpdates "HTTP/1.1 200 OK"
2025-05-23 06:24:07,900 - httpx - INFO - HTTP Request: POST https://api.telegram.org/bot7093436536:AAEvjyOBDmUYkoOkO2zxZnzplRy8Thhz0Ps/getUpdates "HTTP/1.1 200 OK"
2025-05-23 06:24:17,987 - httpx - INFO - HTTP Request: POST https://api.telegram.org/bot7093436536:AAEvjyOBDmUYkoOkO2zxZnzplRy8Thhz0Ps/getUpdates "HTTP/1.1 200 OK"
2025-05-23 06:24:28,075 - httpx - INFO - HTTP Request: POST https://api.telegram.org/bot7093436536:AAEvjyOBDmUYkoOkO2zxZnzplRy8Thhz0Ps/getUpdates "HTTP/1.1 200 OK"
2025-05-23 06:24:38,161 - httpx - INFO - HTTP Request: POST https://api.telegram.org/bot7093436536:AAEvjyOBDmUYkoOkO2zxZnzplRy8Thhz0Ps/getUpdates "HTTP/1.1 200 OK"
2025-05-23 06:24:48,248 - httpx - INFO - HTTP Request: POST https://api.telegram.org/bot7093436536:AAEvjyOBDmUYkoOkO2zxZnzplRy8Thhz0Ps/getUpdates "HTTP/1.1 200 OK"
2025-05-23 06:24:58,335 - httpx - INFO - HTTP Request: POST https://api.telegram.org/bot7093436536:AAEvjyOBDmUYkoOkO2zxZnzplRy8Thhz0Ps/getUpdates "HTTP/1.1 200 OK"
2025-05-23 06:25:08,422 - httpx - INFO - HTTP Request: POST https://api.telegram.org/bot7093436536:AAEvjyOBDmUYkoOkO2zxZnzplRy8Thhz0Ps/getUpdates "HTTP/1.1 200 OK"
2025-05-23 06:25:18,509 - httpx - INFO - HTTP Request: POST https://api.telegram.org/bot7093436536:AAEvjyOBDmUYkoOkO2zxZnzplRy8Thhz0Ps/getUpdates "HTTP/1.1 200 OK"
2025-05-23 06:25:28,596 - httpx - INFO - HTTP Request: POST https://api.telegram.org/bot7093436536:AAEvjyOBDmUYkoOkO2zxZnzplRy8Thhz0Ps/getUpdates "HTTP/1.1 200 OK"
2025-05-23 06:25:38,682 - httpx - INFO - HTTP Request: POST https://api.telegram.org/bot7093436536:AAEvjyOBDmUYkoOkO2zxZnzplRy8Thhz0Ps/getUpdates "HTTP/1.1 200 OK"
2025-05-23 06:25:48,772 - httpx - INFO - HTTP Request: POST https://api.telegram.org/bot7093436536:AAEvjyOBDmUYkoOkO2zxZnzplRy8Thhz0Ps/getUpdates "HTTP/1.1 200 OK"
2025-05-23 06:25:58,858 - httpx - INFO - HTTP Request: POST https://api.telegram.org/bot7093436536:AAEvjyOBDmUYkoOkO2zxZnzplRy8Thhz0Ps/getUpdates "HTTP/1.1 200 OK"
2025-05-23 06:26:08,944 - httpx - INFO - HTTP Request: POST https://api.telegram.org/bot7093436536:AAEvjyOBDmUYkoOkO2zxZnzplRy8Thhz0Ps/getUpdates "HTTP/1.1 200 OK"
2025-05-23 06:26:19,033 - httpx - INFO - HTTP Request: POST https://api.telegram.org/bot7093436536:AAEvjyOBDmUYkoOkO2zxZnzplRy8Thhz0Ps/getUpdates "HTTP/1.1 200 OK"
2025-05-23 06:26:29,120 - httpx - INFO - HTTP Request: POST https://api.telegram.org/bot7093436536:AAEvjyOBDmUYkoOkO2zxZnzplRy8Thhz0Ps/getUpdates "HTTP/1.1 200 OK"
2025-05-23 06:26:30,166 - httpx - INFO - HTTP Request: POST https://api.telegram.org/bot7093436536:AAEvjyOBDmUYkoOkO2zxZnzplRy8Thhz0Ps/getUpdates "HTTP/1.1 200 OK"
2025-05-23 06:26:30,488 - httpx - INFO - HTTP Request: POST https://api.telegram.org/bot7093436536:AAEvjyOBDmUYkoOkO2zxZnzplRy8Thhz0Ps/sendMessage "HTTP/1.1 200 OK"
2025-05-23 06:26:40,284 - httpx - INFO - HTTP Request: POST https://api.telegram.org/bot7093436536:AAEvjyOBDmUYkoOkO2zxZnzplRy8Thhz0Ps/getUpdates "HTTP/1.1 200 OK"
2025-05-23 06:26:50,371 - httpx - INFO - HTTP Request: POST https://api.telegram.org/bot7093436536:AAEvjyOBDmUYkoOkO2zxZnzplRy8Thhz0Ps/getUpdates "HTTP/1.1 200 OK"
2025-05-23 06:27:00,458 - httpx - INFO - HTTP Request: POST https://api.telegram.org/bot7093436536:AAEvjyOBDmUYkoOkO2zxZnzplRy8Thhz0Ps/getUpdates "HTTP/1.1 200 OK"
2025-05-23 06:27:10,549 - httpx - INFO - HTTP Request: POST https://api.telegram.org/bot7093436536:AAEvjyOBDmUYkoOkO2zxZnzplRy8Thhz0Ps/getUpdates "HTTP/1.1 200 OK"
2025-05-23 06:27:20,636 - httpx - INFO - HTTP Request: POST https://api.telegram.org/bot7093436536:AAEvjyOBDmUYkoOkO2zxZnzplRy8Thhz0Ps/getUpdates "HTTP/1.1 200 OK"
2025-05-23 06:27:30,722 - httpx - INFO - HTTP Request: POST https://api.telegram.org/bot7093436536:AAEvjyOBDmUYkoOkO2zxZnzplRy8Thhz0Ps/getUpdates "HTTP/1.1 200 OK"
2025-05-23 06:27:40,811 - httpx - INFO - HTTP Request: POST https://api.telegram.org/bot7093436536:AAEvjyOBDmUYkoOkO2zxZnzplRy8Thhz0Ps/getUpdates "HTTP/1.1 200 OK"
2025-05-23 06:27:50,898 - httpx - INFO - HTTP Request: POST https://api.telegram.org/bot7093436536:AAEvjyOBDmUYkoOkO2zxZnzplRy8Thhz0Ps/getUpdates "HTTP/1.1 200 OK"
2025-05-23 06:28:00,986 - httpx - INFO - HTTP Request: POST https://api.telegram.org/bot7093436536:AAEvjyOBDmUYkoOkO2zxZnzplRy8Thhz0Ps/getUpdates "HTTP/1.1 200 OK"
2025-05-23 06:28:11,073 - httpx - INFO - HTTP Request: POST https://api.telegram.org/bot7093436536:AAEvjyOBDmUYkoOkO2zxZnzplRy8Thhz0Ps/getUpdates "HTTP/1.1 200 OK"
2025-05-23 06:28:21,161 - httpx - INFO - HTTP Request: POST https://api.telegram.org/bot7093436536:AAEvjyOBDmUYkoOkO2zxZnzplRy8Thhz0Ps/getUpdates "HTTP/1.1 200 OK"
2025-05-23 06:28:31,248 - httpx - INFO - HTTP Request: POST https://api.telegram.org/bot7093436536:AAEvjyOBDmUYkoOkO2zxZnzplRy8Thhz0Ps/getUpdates "HTTP/1.1 200 OK"
2025-05-23 06:28:41,334 - httpx - INFO - HTTP Request: POST https://api.telegram.org/bot7093436536:AAEvjyOBDmUYkoOkO2zxZnzplRy8Thhz0Ps/getUpdates "HTTP/1.1 200 OK"
2025-05-23 06:28:51,423 - httpx - INFO - HTTP Request: POST https://api.telegram.org/bot7093436536:AAEvjyOBDmUYkoOkO2zxZnzplRy8Thhz0Ps/getUpdates "HTTP/1.1 200 OK"
2025-05-23 06:29:01,511 - httpx - INFO - HTTP Request: POST https://api.telegram.org/bot7093436536:AAEvjyOBDmUYkoOkO2zxZnzplRy8Thhz0Ps/getUpdates "HTTP/1.1 200 OK"
2025-05-23 06:29:11,598 - httpx - INFO - HTTP Request: POST https://api.telegram.org/bot7093436536:AAEvjyOBDmUYkoOkO2zxZnzplRy8Thhz0Ps/getUpdates "HTTP/1.1 200 OK"
2025-05-23 06:29:21,687 - httpx - INFO - HTTP Request: POST https://api.telegram.org/bot7093436536:AAEvjyOBDmUYkoOkO2zxZnzplRy8Thhz0Ps/getUpdates "HTTP/1.1 200 OK"
2025-05-23 06:29:31,773 - httpx - INFO - HTTP Request: POST https://api.telegram.org/bot7093436536:AAEvjyOBDmUYkoOkO2zxZnzplRy8Thhz0Ps/getUpdates "HTTP/1.1 200 OK"
2025-05-23 06:29:41,859 - httpx - INFO - HTTP Request: POST https://api.telegram.org/bot7093436536:AAEvjyOBDmUYkoOkO2zxZnzplRy8Thhz0Ps/getUpdates "HTTP/1.1 200 OK"
2025-05-23 06:29:51,947 - httpx - INFO - HTTP Request: POST https://api.telegram.org/bot7093436536:AAEvjyOBDmUYkoOkO2zxZnzplRy8Thhz0Ps/getUpdates "HTTP/1.1 200 OK"
2025-05-23 06:30:02,033 - httpx - INFO - HTTP Request: POST https://api.telegram.org/bot7093436536:AAEvjyOBDmUYkoOkO2zxZnzplRy8Thhz0Ps/getUpdates "HTTP/1.1 200 OK"
2025-05-23 06:30:12,120 - httpx - INFO - HTTP Request: POST https://api.telegram.org/bot7093436536:AAEvjyOBDmUYkoOkO2zxZnzplRy8Thhz0Ps/getUpdates "HTTP/1.1 200 OK"
2025-05-23 06:30:22,206 - httpx - INFO - HTTP Request: POST https://api.telegram.org/bot7093436536:AAEvjyOBDmUYkoOkO2zxZnzplRy8Thhz0Ps/getUpdates "HTTP/1.1 200 OK"
2025-05-23 06:30:32,294 - httpx - INFO - HTTP Request: POST https://api.telegram.org/bot7093436536:AAEvjyOBDmUYkoOkO2zxZnzplRy8Thhz0Ps/getUpdates "HTTP/1.1 200 OK"
2025-05-23 06:30:42,380 - httpx - INFO - HTTP Request: POST https://api.telegram.org/bot7093436536:AAEvjyOBDmUYkoOkO2zxZnzplRy8Thhz0Ps/getUpdates "HTTP/1.1 200 OK"
2025-05-23 06:30:52,467 - httpx - INFO - HTTP Request: POST https://api.telegram.org/bot7093436536:AAEvjyOBDmUYkoOkO2zxZnzplRy8Thhz0Ps/getUpdates "HTTP/1.1 200 OK"
2025-05-23 06:31:02,553 - httpx - INFO - HTTP Request: POST https://api.telegram.org/bot7093436536:AAEvjyOBDmUYkoOkO2zxZnzplRy8Thhz0Ps/getUpdates "HTTP/1.1 200 OK"
2025-05-23 06:31:12,640 - httpx - INFO - HTTP Request: POST https://api.telegram.org/bot7093436536:AAEvjyOBDmUYkoOkO2zxZnzplRy8Thhz0Ps/getUpdates "HTTP/1.1 200 OK"
2025-05-23 06:31:22,729 - httpx - INFO - HTTP Request: POST https://api.telegram.org/bot7093436536:AAEvjyOBDmUYkoOkO2zxZnzplRy8Thhz0Ps/getUpdates "HTTP/1.1 200 OK"
2025-05-23 06:31:32,816 - httpx - INFO - HTTP Request: POST https://api.telegram.org/bot7093436536:AAEvjyOBDmUYkoOkO2zxZnzplRy8Thhz0Ps/getUpdates "HTTP/1.1 200 OK"
2025-05-23 06:31:42,903 - httpx - INFO - HTTP Request: POST https://api.telegram.org/bot7093436536:AAEvjyOBDmUYkoOkO2zxZnzplRy8Thhz0Ps/getUpdates "HTTP/1.1 200 OK"
2025-05-23 06:31:52,993 - httpx - INFO - HTTP Request: POST https://api.telegram.org/bot7093436536:AAEvjyOBDmUYkoOkO2zxZnzplRy8Thhz0Ps/getUpdates "HTTP/1.1 200 OK"
2025-05-23 06:32:03,079 - httpx - INFO - HTTP Request: POST https://api.telegram.org/bot7093436536:AAEvjyOBDmUYkoOkO2zxZnzplRy8Thhz0Ps/getUpdates "HTTP/1.1 200 OK"
2025-05-23 06:32:13,167 - httpx - INFO - HTTP Request: POST https://api.telegram.org/bot7093436536:AAEvjyOBDmUYkoOkO2zxZnzplRy8Thhz0Ps/getUpdates "HTTP/1.1 200 OK"
2025-05-23 06:32:23,254 - httpx - INFO - HTTP Request: POST https://api.telegram.org/bot7093436536:AAEvjyOBDmUYkoOkO2zxZnzplRy8Thhz0Ps/getUpdates "HTTP/1.1 200 OK"
2025-05-23 06:32:33,340 - httpx - INFO - HTTP Request: POST https://api.telegram.org/bot7093436536:AAEvjyOBDmUYkoOkO2zxZnzplRy8Thhz0Ps/getUpdates "HTTP/1.1 200 OK"
2025-05-23 06:32:43,427 - httpx - INFO - HTTP Request: POST https://api.telegram.org/bot7093436536:AAEvjyOBDmUYkoOkO2zxZnzplRy8Thhz0Ps/getUpdates "HTTP/1.1 200 OK"
2025-05-23 06:32:53,516 - httpx - INFO - HTTP Request: POST https://api.telegram.org/bot7093436536:AAEvjyOBDmUYkoOkO2zxZnzplRy8Thhz0Ps/getUpdates "HTTP/1.1 200 OK"
2025-05-23 06:33:03,603 - httpx - INFO - HTTP Request: POST https://api.telegram.org/bot7093436536:AAEvjyOBDmUYkoOkO2zxZnzplRy8Thhz0Ps/getUpdates "HTTP/1.1 200 OK"
2025-05-23 06:33:13,690 - httpx - INFO - HTTP Request: POST https://api.telegram.org/bot7093436536:AAEvjyOBDmUYkoOkO2zxZnzplRy8Thhz0Ps/getUpdates "HTTP/1.1 200 OK"
2025-05-23 06:33:23,782 - httpx - INFO - HTTP Request: POST https://api.telegram.org/bot7093436536:AAEvjyOBDmUYkoOkO2zxZnzplRy8Thhz0Ps/getUpdates "HTTP/1.1 200 OK"
2025-05-23 06:33:33,873 - httpx - INFO - HTTP Request: POST https://api.telegram.org/bot7093436536:AAEvjyOBDmUYkoOkO2zxZnzplRy8Thhz0Ps/getUpdates "HTTP/1.1 200 OK"
2025-05-23 06:33:43,960 - httpx - INFO - HTTP Request: POST https://api.telegram.org/bot7093436536:AAEvjyOBDmUYkoOkO2zxZnzplRy8Thhz0Ps/getUpdates "HTTP/1.1 200 OK"
2025-05-23 06:33:54,049 - httpx - INFO - HTTP Request: POST https://api.telegram.org/bot7093436536:AAEvjyOBDmUYkoOkO2zxZnzplRy8Thhz0Ps/getUpdates "HTTP/1.1 200 OK"
2025-05-23 06:34:04,137 - httpx - INFO - HTTP Request: POST https://api.telegram.org/bot7093436536:AAEvjyOBDmUYkoOkO2zxZnzplRy8Thhz0Ps/getUpdates "HTTP/1.1 200 OK"
2025-05-23 06:34:14,223 - httpx - INFO - HTTP Request: POST https://api.telegram.org/bot7093436536:AAEvjyOBDmUYkoOkO2zxZnzplRy8Thhz0Ps/getUpdates "HTTP/1.1 200 OK"
2025-05-23 06:34:24,310 - httpx - INFO - HTTP Request: POST https://api.telegram.org/bot7093436536:AAEvjyOBDmUYkoOkO2zxZnzplRy8Thhz0Ps/getUpdates "HTTP/1.1 200 OK"
2025-05-23 06:34:34,396 - httpx - INFO - HTTP Request: POST https://api.telegram.org/bot7093436536:AAEvjyOBDmUYkoOkO2zxZnzplRy8Thhz0Ps/getUpdates "HTTP/1.1 200 OK"
2025-05-23 06:34:44,484 - httpx - INFO - HTTP Request: POST https://api.telegram.org/bot7093436536:AAEvjyOBDmUYkoOkO2zxZnzplRy8Thhz0Ps/getUpdates "HTTP/1.1 200 OK"
2025-05-23 06:34:54,570 - httpx - INFO - HTTP Request: POST https://api.telegram.org/bot7093436536:AAEvjyOBDmUYkoOkO2zxZnzplRy8Thhz0Ps/getUpdates "HTTP/1.1 200 OK"
2025-05-23 06:35:04,661 - httpx - INFO - HTTP Request: POST https://api.telegram.org/bot7093436536:AAEvjyOBDmUYkoOkO2zxZnzplRy8Thhz0Ps/getUpdates "HTTP/1.1 200 OK"
2025-05-23 06:35:14,747 - httpx - INFO - HTTP Request: POST https://api.telegram.org/bot7093436536:AAEvjyOBDmUYkoOkO2zxZnzplRy8Thhz0Ps/getUpdates "HTTP/1.1 200 OK"
2025-05-23 06:35:24,834 - httpx - INFO - HTTP Request: POST https://api.telegram.org/bot7093436536:AAEvjyOBDmUYkoOkO2zxZnzplRy8Thhz0Ps/getUpdates "HTTP/1.1 200 OK"
2025-05-23 06:35:34,924 - httpx - INFO - HTTP Request: POST https://api.telegram.org/bot7093436536:AAEvjyOBDmUYkoOkO2zxZnzplRy8Thhz0Ps/getUpdates "HTTP/1.1 200 OK"
2025-05-23 06:35:45,012 - httpx - INFO - HTTP Request: POST https://api.telegram.org/bot7093436536:AAEvjyOBDmUYkoOkO2zxZnzplRy8Thhz0Ps/getUpdates "HTTP/1.1 200 OK"
2025-05-23 06:35:55,098 - httpx - INFO - HTTP Request: POST https://api.telegram.org/bot7093436536:AAEvjyOBDmUYkoOkO2zxZnzplRy8Thhz0Ps/getUpdates "HTTP/1.1 200 OK"
2025-05-23 06:36:05,185 - httpx - INFO - HTTP Request: POST https://api.telegram.org/bot7093436536:AAEvjyOBDmUYkoOkO2zxZnzplRy8Thhz0Ps/getUpdates "HTTP/1.1 200 OK"
2025-05-23 06:36:15,273 - httpx - INFO - HTTP Request: POST https://api.telegram.org/bot7093436536:AAEvjyOBDmUYkoOkO2zxZnzplRy8Thhz0Ps/getUpdates "HTTP/1.1 200 OK"
2025-05-23 06:36:25,359 - httpx - INFO - HTTP Request: POST https://api.telegram.org/bot7093436536:AAEvjyOBDmUYkoOkO2zxZnzplRy8Thhz0Ps/getUpdates "HTTP/1.1 200 OK"
2025-05-23 06:36:35,446 - httpx - INFO - HTTP Request: POST https://api.telegram.org/bot7093436536:AAEvjyOBDmUYkoOkO2zxZnzplRy8Thhz0Ps/getUpdates "HTTP/1.1 200 OK"
2025-05-23 06:36:45,533 - httpx - INFO - HTTP Request: POST https://api.telegram.org/bot7093436536:AAEvjyOBDmUYkoOkO2zxZnzplRy8Thhz0Ps/getUpdates "HTTP/1.1 200 OK"
2025-05-23 06:36:55,619 - httpx - INFO - HTTP Request: POST https://api.telegram.org/bot7093436536:AAEvjyOBDmUYkoOkO2zxZnzplRy8Thhz0Ps/getUpdates "HTTP/1.1 200 OK"
2025-05-23 06:37:05,707 - httpx - INFO - HTTP Request: POST https://api.telegram.org/bot7093436536:AAEvjyOBDmUYkoOkO2zxZnzplRy8Thhz0Ps/getUpdates "HTTP/1.1 200 OK"
2025-05-23 06:37:15,794 - httpx - INFO - HTTP Request: POST https://api.telegram.org/bot7093436536:AAEvjyOBDmUYkoOkO2zxZnzplRy8Thhz0Ps/getUpdates "HTTP/1.1 200 OK"
2025-05-23 06:37:25,881 - httpx - INFO - HTTP Request: POST https://api.telegram.org/bot7093436536:AAEvjyOBDmUYkoOkO2zxZnzplRy8Thhz0Ps/getUpdates "HTTP/1.1 200 OK"
2025-05-23 06:37:35,967 - httpx - INFO - HTTP Request: POST https://api.telegram.org/bot7093436536:AAEvjyOBDmUYkoOkO2zxZnzplRy8Thhz0Ps/getUpdates "HTTP/1.1 200 OK"
2025-05-23 06:37:46,056 - httpx - INFO - HTTP Request: POST https://api.telegram.org/bot7093436536:AAEvjyOBDmUYkoOkO2zxZnzplRy8Thhz0Ps/getUpdates "HTTP/1.1 200 OK"
2025-05-23 06:37:56,145 - httpx - INFO - HTTP Request: POST https://api.telegram.org/bot7093436536:AAEvjyOBDmUYkoOkO2zxZnzplRy8Thhz0Ps/getUpdates "HTTP/1.1 200 OK"
2025-05-23 06:38:06,236 - httpx - INFO - HTTP Request: POST https://api.telegram.org/bot7093436536:AAEvjyOBDmUYkoOkO2zxZnzplRy8Thhz0Ps/getUpdates "HTTP/1.1 200 OK"
2025-05-23 06:38:16,322 - httpx - INFO - HTTP Request: POST https://api.telegram.org/bot7093436536:AAEvjyOBDmUYkoOkO2zxZnzplRy8Thhz0Ps/getUpdates "HTTP/1.1 200 OK"
2025-05-23 06:38:26,410 - httpx - INFO - HTTP Request: POST https://api.telegram.org/bot7093436536:AAEvjyOBDmUYkoOkO2zxZnzplRy8Thhz0Ps/getUpdates "HTTP/1.1 200 OK"
2025-05-23 06:38:36,497 - httpx - INFO - HTTP Request: POST https://api.telegram.org/bot7093436536:AAEvjyOBDmUYkoOkO2zxZnzplRy8Thhz0Ps/getUpdates "HTTP/1.1 200 OK"
2025-05-23 06:38:46,583 - httpx - INFO - HTTP Request: POST https://api.telegram.org/bot7093436536:AAEvjyOBDmUYkoOkO2zxZnzplRy8Thhz0Ps/getUpdates "HTTP/1.1 200 OK"
2025-05-23 06:38:56,670 - httpx - INFO - HTTP Request: POST https://api.telegram.org/bot7093436536:AAEvjyOBDmUYkoOkO2zxZnzplRy8Thhz0Ps/getUpdates "HTTP/1.1 200 OK"
2025-05-23 06:39:06,757 - httpx - INFO - HTTP Request: POST https://api.telegram.org/bot7093436536:AAEvjyOBDmUYkoOkO2zxZnzplRy8Thhz0Ps/getUpdates "HTTP/1.1 200 OK"
2025-05-23 06:39:16,844 - httpx - INFO - HTTP Request: POST https://api.telegram.org/bot7093436536:AAEvjyOBDmUYkoOkO2zxZnzplRy8Thhz0Ps/getUpdates "HTTP/1.1 200 OK"
2025-05-23 06:39:26,931 - httpx - INFO - HTTP Request: POST https://api.telegram.org/bot7093436536:AAEvjyOBDmUYkoOkO2zxZnzplRy8Thhz0Ps/getUpdates "HTTP/1.1 200 OK"
2025-05-23 06:39:37,019 - httpx - INFO - HTTP Request: POST https://api.telegram.org/bot7093436536:AAEvjyOBDmUYkoOkO2zxZnzplRy8Thhz0Ps/getUpdates "HTTP/1.1 200 OK"
2025-05-23 06:39:47,295 - httpx - INFO - HTTP Request: POST https://api.telegram.org/bot7093436536:AAEvjyOBDmUYkoOkO2zxZnzplRy8Thhz0Ps/getUpdates "HTTP/1.1 200 OK"
2025-05-23 06:39:57,386 - httpx - INFO - HTTP Request: POST https://api.telegram.org/bot7093436536:AAEvjyOBDmUYkoOkO2zxZnzplRy8Thhz0Ps/getUpdates "HTTP/1.1 200 OK"
2025-05-23 06:40:07,475 - httpx - INFO - HTTP Request: POST https://api.telegram.org/bot7093436536:AAEvjyOBDmUYkoOkO2zxZnzplRy8Thhz0Ps/getUpdates "HTTP/1.1 200 OK"
2025-05-23 06:40:17,563 - httpx - INFO - HTTP Request: POST https://api.telegram.org/bot7093436536:AAEvjyOBDmUYkoOkO2zxZnzplRy8Thhz0Ps/getUpdates "HTTP/1.1 200 OK"
2025-05-23 06:40:27,654 - httpx - INFO - HTTP Request: POST https://api.telegram.org/bot7093436536:AAEvjyOBDmUYkoOkO2zxZnzplRy8Thhz0Ps/getUpdates "HTTP/1.1 200 OK"
2025-05-23 06:40:37,752 - httpx - INFO - HTTP Request: POST https://api.telegram.org/bot7093436536:AAEvjyOBDmUYkoOkO2zxZnzplRy8Thhz0Ps/getUpdates "HTTP/1.1 200 OK"
2025-05-23 06:40:47,843 - httpx - INFO - HTTP Request: POST https://api.telegram.org/bot7093436536:AAEvjyOBDmUYkoOkO2zxZnzplRy8Thhz0Ps/getUpdates "HTTP/1.1 200 OK"
2025-05-23 06:40:57,932 - httpx - INFO - HTTP Request: POST https://api.telegram.org/bot7093436536:AAEvjyOBDmUYkoOkO2zxZnzplRy8Thhz0Ps/getUpdates "HTTP/1.1 200 OK"
2025-05-23 06:41:08,024 - httpx - INFO - HTTP Request: POST https://api.telegram.org/bot7093436536:AAEvjyOBDmUYkoOkO2zxZnzplRy8Thhz0Ps/getUpdates "HTTP/1.1 200 OK"
2025-05-23 06:41:18,119 - httpx - INFO - HTTP Request: POST https://api.telegram.org/bot7093436536:AAEvjyOBDmUYkoOkO2zxZnzplRy8Thhz0Ps/getUpdates "HTTP/1.1 200 OK"
2025-05-23 06:41:28,210 - httpx - INFO - HTTP Request: POST https://api.telegram.org/bot7093436536:AAEvjyOBDmUYkoOkO2zxZnzplRy8Thhz0Ps/getUpdates "HTTP/1.1 200 OK"
2025-05-23 06:41:38,299 - httpx - INFO - HTTP Request: POST https://api.telegram.org/bot7093436536:AAEvjyOBDmUYkoOkO2zxZnzplRy8Thhz0Ps/getUpdates "HTTP/1.1 200 OK"
2025-05-23 06:41:48,388 - httpx - INFO - HTTP Request: POST https://api.telegram.org/bot7093436536:AAEvjyOBDmUYkoOkO2zxZnzplRy8Thhz0Ps/getUpdates "HTTP/1.1 200 OK"
2025-05-23 06:41:58,479 - httpx - INFO - HTTP Request: POST https://api.telegram.org/bot7093436536:AAEvjyOBDmUYkoOkO2zxZnzplRy8Thhz0Ps/getUpdates "HTTP/1.1 200 OK"
2025-05-23 06:42:08,573 - httpx - INFO - HTTP Request: POST https://api.telegram.org/bot7093436536:AAEvjyOBDmUYkoOkO2zxZnzplRy8Thhz0Ps/getUpdates "HTTP/1.1 200 OK"
2025-05-23 06:42:18,662 - httpx - INFO - HTTP Request: POST https://api.telegram.org/bot7093436536:AAEvjyOBDmUYkoOkO2zxZnzplRy8Thhz0Ps/getUpdates "HTTP/1.1 200 OK"
2025-05-23 06:42:28,751 - httpx - INFO - HTTP Request: POST https://api.telegram.org/bot7093436536:AAEvjyOBDmUYkoOkO2zxZnzplRy8Thhz0Ps/getUpdates "HTTP/1.1 200 OK"
2025-05-23 06:42:38,843 - httpx - INFO - HTTP Request: POST https://api.telegram.org/bot7093436536:AAEvjyOBDmUYkoOkO2zxZnzplRy8Thhz0Ps/getUpdates "HTTP/1.1 200 OK"
2025-05-23 06:42:48,932 - httpx - INFO - HTTP Request: POST https://api.telegram.org/bot7093436536:AAEvjyOBDmUYkoOkO2zxZnzplRy8Thhz0Ps/getUpdates "HTTP/1.1 200 OK"
2025-05-23 06:42:59,023 - httpx - INFO - HTTP Request: POST https://api.telegram.org/bot7093436536:AAEvjyOBDmUYkoOkO2zxZnzplRy8Thhz0Ps/getUpdates "HTTP/1.1 200 OK"
2025-05-23 06:43:09,112 - httpx - INFO - HTTP Request: POST https://api.telegram.org/bot7093436536:AAEvjyOBDmUYkoOkO2zxZnzplRy8Thhz0Ps/getUpdates "HTTP/1.1 200 OK"
2025-05-23 06:43:19,203 - httpx - INFO - HTTP Request: POST https://api.telegram.org/bot7093436536:AAEvjyOBDmUYkoOkO2zxZnzplRy8Thhz0Ps/getUpdates "HTTP/1.1 200 OK"
2025-05-23 06:43:29,296 - httpx - INFO - HTTP Request: POST https://api.telegram.org/bot7093436536:AAEvjyOBDmUYkoOkO2zxZnzplRy8Thhz0Ps/getUpdates "HTTP/1.1 200 OK"
2025-05-23 06:43:39,407 - httpx - INFO - HTTP Request: POST https://api.telegram.org/bot7093436536:AAEvjyOBDmUYkoOkO2zxZnzplRy8Thhz0Ps/getUpdates "HTTP/1.1 200 OK"
2025-05-23 06:43:49,497 - httpx - INFO - HTTP Request: POST https://api.telegram.org/bot7093436536:AAEvjyOBDmUYkoOkO2zxZnzplRy8Thhz0Ps/getUpdates "HTTP/1.1 200 OK"
2025-05-23 06:43:59,589 - httpx - INFO - HTTP Request: POST https://api.telegram.org/bot7093436536:AAEvjyOBDmUYkoOkO2zxZnzplRy8Thhz0Ps/getUpdates "HTTP/1.1 200 OK"
2025-05-23 06:44:09,690 - httpx - INFO - HTTP Request: POST https://api.telegram.org/bot7093436536:AAEvjyOBDmUYkoOkO2zxZnzplRy8Thhz0Ps/getUpdates "HTTP/1.1 200 OK"
2025-05-23 06:44:19,781 - httpx - INFO - HTTP Request: POST https://api.telegram.org/bot7093436536:AAEvjyOBDmUYkoOkO2zxZnzplRy8Thhz0Ps/getUpdates "HTTP/1.1 200 OK"
2025-05-23 06:44:29,872 - httpx - INFO - HTTP Request: POST https://api.telegram.org/bot7093436536:AAEvjyOBDmUYkoOkO2zxZnzplRy8Thhz0Ps/getUpdates "HTTP/1.1 200 OK"
2025-05-23 06:44:39,964 - httpx - INFO - HTTP Request: POST https://api.telegram.org/bot7093436536:AAEvjyOBDmUYkoOkO2zxZnzplRy8Thhz0Ps/getUpdates "HTTP/1.1 200 OK"
2025-05-23 06:44:50,055 - httpx - INFO - HTTP Request: POST https://api.telegram.org/bot7093436536:AAEvjyOBDmUYkoOkO2zxZnzplRy8Thhz0Ps/getUpdates "HTTP/1.1 200 OK"
2025-05-23 06:45:00,150 - httpx - INFO - HTTP Request: POST https://api.telegram.org/bot7093436536:AAEvjyOBDmUYkoOkO2zxZnzplRy8Thhz0Ps/getUpdates "HTTP/1.1 200 OK"
2025-05-23 06:45:10,245 - httpx - INFO - HTTP Request: POST https://api.telegram.org/bot7093436536:AAEvjyOBDmUYkoOkO2zxZnzplRy8Thhz0Ps/getUpdates "HTTP/1.1 200 OK"
2025-05-23 06:45:20,336 - httpx - INFO - HTTP Request: POST https://api.telegram.org/bot7093436536:AAEvjyOBDmUYkoOkO2zxZnzplRy8Thhz0Ps/getUpdates "HTTP/1.1 200 OK"
2025-05-23 06:45:30,429 - httpx - INFO - HTTP Request: POST https://api.telegram.org/bot7093436536:AAEvjyOBDmUYkoOkO2zxZnzplRy8Thhz0Ps/getUpdates "HTTP/1.1 200 OK"
2025-05-23 06:45:40,520 - httpx - INFO - HTTP Request: POST https://api.telegram.org/bot7093436536:AAEvjyOBDmUYkoOkO2zxZnzplRy8Thhz0Ps/getUpdates "HTTP/1.1 200 OK"
2025-05-23 06:45:50,612 - httpx - INFO - HTTP Request: POST https://api.telegram.org/bot7093436536:AAEvjyOBDmUYkoOkO2zxZnzplRy8Thhz0Ps/getUpdates "HTTP/1.1 200 OK"
2025-05-23 06:46:00,702 - httpx - INFO - HTTP Request: POST https://api.telegram.org/bot7093436536:AAEvjyOBDmUYkoOkO2zxZnzplRy8Thhz0Ps/getUpdates "HTTP/1.1 200 OK"
2025-05-23 06:46:10,804 - httpx - INFO - HTTP Request: POST https://api.telegram.org/bot7093436536:AAEvjyOBDmUYkoOkO2zxZnzplRy8Thhz0Ps/getUpdates "HTTP/1.1 200 OK"
2025-05-23 06:46:20,893 - httpx - INFO - HTTP Request: POST https://api.telegram.org/bot7093436536:AAEvjyOBDmUYkoOkO2zxZnzplRy8Thhz0Ps/getUpdates "HTTP/1.1 200 OK"
2025-05-23 06:46:30,987 - httpx - INFO - HTTP Request: POST https://api.telegram.org/bot7093436536:AAEvjyOBDmUYkoOkO2zxZnzplRy8Thhz0Ps/getUpdates "HTTP/1.1 200 OK"
2025-05-23 06:46:41,079 - httpx - INFO - HTTP Request: POST https://api.telegram.org/bot7093436536:AAEvjyOBDmUYkoOkO2zxZnzplRy8Thhz0Ps/getUpdates "HTTP/1.1 200 OK"
2025-05-23 06:46:51,170 - httpx - INFO - HTTP Request: POST https://api.telegram.org/bot7093436536:AAEvjyOBDmUYkoOkO2zxZnzplRy8Thhz0Ps/getUpdates "HTTP/1.1 200 OK"
2025-05-23 06:47:01,263 - httpx - INFO - HTTP Request: POST https://api.telegram.org/bot7093436536:AAEvjyOBDmUYkoOkO2zxZnzplRy8Thhz0Ps/getUpdates "HTTP/1.1 200 OK"
2025-05-23 06:47:11,355 - httpx - INFO - HTTP Request: POST https://api.telegram.org/bot7093436536:AAEvjyOBDmUYkoOkO2zxZnzplRy8Thhz0Ps/getUpdates "HTTP/1.1 200 OK"
2025-05-23 06:47:21,444 - httpx - INFO - HTTP Request: POST https://api.telegram.org/bot7093436536:AAEvjyOBDmUYkoOkO2zxZnzplRy8Thhz0Ps/getUpdates "HTTP/1.1 200 OK"
2025-05-23 06:47:31,538 - httpx - INFO - HTTP Request: POST https://api.telegram.org/bot7093436536:AAEvjyOBDmUYkoOkO2zxZnzplRy8Thhz0Ps/getUpdates "HTTP/1.1 200 OK"
2025-05-23 06:47:41,629 - httpx - INFO - HTTP Request: POST https://api.telegram.org/bot7093436536:AAEvjyOBDmUYkoOkO2zxZnzplRy8Thhz0Ps/getUpdates "HTTP/1.1 200 OK"
2025-05-23 06:47:51,721 - httpx - INFO - HTTP Request: POST https://api.telegram.org/bot7093436536:AAEvjyOBDmUYkoOkO2zxZnzplRy8Thhz0Ps/getUpdates "HTTP/1.1 200 OK"
2025-05-23 06:48:01,810 - httpx - INFO - HTTP Request: POST https://api.telegram.org/bot7093436536:AAEvjyOBDmUYkoOkO2zxZnzplRy8Thhz0Ps/getUpdates "HTTP/1.1 200 OK"
2025-05-23 06:48:11,906 - httpx - INFO - HTTP Request: POST https://api.telegram.org/bot7093436536:AAEvjyOBDmUYkoOkO2zxZnzplRy8Thhz0Ps/getUpdates "HTTP/1.1 200 OK"
2025-05-23 06:48:21,995 - httpx - INFO - HTTP Request: POST https://api.telegram.org/bot7093436536:AAEvjyOBDmUYkoOkO2zxZnzplRy8Thhz0Ps/getUpdates "HTTP/1.1 200 OK"
2025-05-23 06:48:32,086 - httpx - INFO - HTTP Request: POST https://api.telegram.org/bot7093436536:AAEvjyOBDmUYkoOkO2zxZnzplRy8Thhz0Ps/getUpdates "HTTP/1.1 200 OK"
2025-05-23 06:48:42,175 - httpx - INFO - HTTP Request: POST https://api.telegram.org/bot7093436536:AAEvjyOBDmUYkoOkO2zxZnzplRy8Thhz0Ps/getUpdates "HTTP/1.1 200 OK"
2025-05-23 06:48:52,264 - httpx - INFO - HTTP Request: POST https://api.telegram.org/bot7093436536:AAEvjyOBDmUYkoOkO2zxZnzplRy8Thhz0Ps/getUpdates "HTTP/1.1 200 OK"
2025-05-23 06:49:02,353 - httpx - INFO - HTTP Request: POST https://api.telegram.org/bot7093436536:AAEvjyOBDmUYkoOkO2zxZnzplRy8Thhz0Ps/getUpdates "HTTP/1.1 200 OK"
2025-05-23 06:49:12,444 - httpx - INFO - HTTP Request: POST https://api.telegram.org/bot7093436536:AAEvjyOBDmUYkoOkO2zxZnzplRy8Thhz0Ps/getUpdates "HTTP/1.1 200 OK"
2025-05-23 06:49:22,538 - httpx - INFO - HTTP Request: POST https://api.telegram.org/bot7093436536:AAEvjyOBDmUYkoOkO2zxZnzplRy8Thhz0Ps/getUpdates "HTTP/1.1 200 OK"
2025-05-23 06:49:32,628 - httpx - INFO - HTTP Request: POST https://api.telegram.org/bot7093436536:AAEvjyOBDmUYkoOkO2zxZnzplRy8Thhz0Ps/getUpdates "HTTP/1.1 200 OK"
2025-05-23 06:49:42,717 - httpx - INFO - HTTP Request: POST https://api.telegram.org/bot7093436536:AAEvjyOBDmUYkoOkO2zxZnzplRy8Thhz0Ps/getUpdates "HTTP/1.1 200 OK"
2025-05-23 06:49:52,809 - httpx - INFO - HTTP Request: POST https://api.telegram.org/bot7093436536:AAEvjyOBDmUYkoOkO2zxZnzplRy8Thhz0Ps/getUpdates "HTTP/1.1 200 OK"
2025-05-23 06:50:02,899 - httpx - INFO - HTTP Request: POST https://api.telegram.org/bot7093436536:AAEvjyOBDmUYkoOkO2zxZnzplRy8Thhz0Ps/getUpdates "HTTP/1.1 200 OK"
2025-05-23 06:50:12,990 - httpx - INFO - HTTP Request: POST https://api.telegram.org/bot7093436536:AAEvjyOBDmUYkoOkO2zxZnzplRy8Thhz0Ps/getUpdates "HTTP/1.1 200 OK"
2025-05-23 06:50:23,080 - httpx - INFO - HTTP Request: POST https://api.telegram.org/bot7093436536:AAEvjyOBDmUYkoOkO2zxZnzplRy8Thhz0Ps/getUpdates "HTTP/1.1 200 OK"
2025-05-23 06:50:33,169 - httpx - INFO - HTTP Request: POST https://api.telegram.org/bot7093436536:AAEvjyOBDmUYkoOkO2zxZnzplRy8Thhz0Ps/getUpdates "HTTP/1.1 200 OK"
2025-05-23 06:50:43,257 - httpx - INFO - HTTP Request: POST https://api.telegram.org/bot7093436536:AAEvjyOBDmUYkoOkO2zxZnzplRy8Thhz0Ps/getUpdates "HTTP/1.1 200 OK"
2025-05-23 06:50:53,345 - httpx - INFO - HTTP Request: POST https://api.telegram.org/bot7093436536:AAEvjyOBDmUYkoOkO2zxZnzplRy8Thhz0Ps/getUpdates "HTTP/1.1 200 OK"
2025-05-23 06:51:03,439 - httpx - INFO - HTTP Request: POST https://api.telegram.org/bot7093436536:AAEvjyOBDmUYkoOkO2zxZnzplRy8Thhz0Ps/getUpdates "HTTP/1.1 200 OK"
2025-05-23 06:51:13,528 - httpx - INFO - HTTP Request: POST https://api.telegram.org/bot7093436536:AAEvjyOBDmUYkoOkO2zxZnzplRy8Thhz0Ps/getUpdates "HTTP/1.1 200 OK"
2025-05-23 06:51:23,617 - httpx - INFO - HTTP Request: POST https://api.telegram.org/bot7093436536:AAEvjyOBDmUYkoOkO2zxZnzplRy8Thhz0Ps/getUpdates "HTTP/1.1 200 OK"
2025-05-23 06:51:33,709 - httpx - INFO - HTTP Request: POST https://api.telegram.org/bot7093436536:AAEvjyOBDmUYkoOkO2zxZnzplRy8Thhz0Ps/getUpdates "HTTP/1.1 200 OK"
2025-05-23 06:51:43,801 - httpx - INFO - HTTP Request: POST https://api.telegram.org/bot7093436536:AAEvjyOBDmUYkoOkO2zxZnzplRy8Thhz0Ps/getUpdates "HTTP/1.1 200 OK"
2025-05-23 06:51:53,892 - httpx - INFO - HTTP Request: POST https://api.telegram.org/bot7093436536:AAEvjyOBDmUYkoOkO2zxZnzplRy8Thhz0Ps/getUpdates "HTTP/1.1 200 OK"
2025-05-23 06:52:03,988 - httpx - INFO - HTTP Request: POST https://api.telegram.org/bot7093436536:AAEvjyOBDmUYkoOkO2zxZnzplRy8Thhz0Ps/getUpdates "HTTP/1.1 200 OK"
2025-05-23 06:52:14,081 - httpx - INFO - HTTP Request: POST https://api.telegram.org/bot7093436536:AAEvjyOBDmUYkoOkO2zxZnzplRy8Thhz0Ps/getUpdates "HTTP/1.1 200 OK"
2025-05-23 06:52:24,169 - httpx - INFO - HTTP Request: POST https://api.telegram.org/bot7093436536:AAEvjyOBDmUYkoOkO2zxZnzplRy8Thhz0Ps/getUpdates "HTTP/1.1 200 OK"
2025-05-23 06:52:34,260 - httpx - INFO - HTTP Request: POST https://api.telegram.org/bot7093436536:AAEvjyOBDmUYkoOkO2zxZnzplRy8Thhz0Ps/getUpdates "HTTP/1.1 200 OK"
2025-05-23 06:52:44,351 - httpx - INFO - HTTP Request: POST https://api.telegram.org/bot7093436536:AAEvjyOBDmUYkoOkO2zxZnzplRy8Thhz0Ps/getUpdates "HTTP/1.1 200 OK"
2025-05-23 06:52:54,441 - httpx - INFO - HTTP Request: POST https://api.telegram.org/bot7093436536:AAEvjyOBDmUYkoOkO2zxZnzplRy8Thhz0Ps/getUpdates "HTTP/1.1 200 OK"
2025-05-23 06:53:04,532 - httpx - INFO - HTTP Request: POST https://api.telegram.org/bot7093436536:AAEvjyOBDmUYkoOkO2zxZnzplRy8Thhz0Ps/getUpdates "HTTP/1.1 200 OK"
2025-05-23 06:53:14,624 - httpx - INFO - HTTP Request: POST https://api.telegram.org/bot7093436536:AAEvjyOBDmUYkoOkO2zxZnzplRy8Thhz0Ps/getUpdates "HTTP/1.1 200 OK"
2025-05-23 06:53:24,721 - httpx - INFO - HTTP Request: POST https://api.telegram.org/bot7093436536:AAEvjyOBDmUYkoOkO2zxZnzplRy8Thhz0Ps/getUpdates "HTTP/1.1 200 OK"
2025-05-23 06:53:34,810 - httpx - INFO - HTTP Request: POST https://api.telegram.org/bot7093436536:AAEvjyOBDmUYkoOkO2zxZnzplRy8Thhz0Ps/getUpdates "HTTP/1.1 200 OK"
2025-05-23 06:53:44,899 - httpx - INFO - HTTP Request: POST https://api.telegram.org/bot7093436536:AAEvjyOBDmUYkoOkO2zxZnzplRy8Thhz0Ps/getUpdates "HTTP/1.1 200 OK"
2025-05-23 06:53:54,989 - httpx - INFO - HTTP Request: POST https://api.telegram.org/bot7093436536:AAEvjyOBDmUYkoOkO2zxZnzplRy8Thhz0Ps/getUpdates "HTTP/1.1 200 OK"
2025-05-23 06:54:05,080 - httpx - INFO - HTTP Request: POST https://api.telegram.org/bot7093436536:AAEvjyOBDmUYkoOkO2zxZnzplRy8Thhz0Ps/getUpdates "HTTP/1.1 200 OK"
2025-05-23 06:54:15,173 - httpx - INFO - HTTP Request: POST https://api.telegram.org/bot7093436536:AAEvjyOBDmUYkoOkO2zxZnzplRy8Thhz0Ps/getUpdates "HTTP/1.1 200 OK"
2025-05-23 06:54:25,265 - httpx - INFO - HTTP Request: POST https://api.telegram.org/bot7093436536:AAEvjyOBDmUYkoOkO2zxZnzplRy8Thhz0Ps/getUpdates "HTTP/1.1 200 OK"
2025-05-23 06:54:35,355 - httpx - INFO - HTTP Request: POST https://api.telegram.org/bot7093436536:AAEvjyOBDmUYkoOkO2zxZnzplRy8Thhz0Ps/getUpdates "HTTP/1.1 200 OK"
2025-05-23 06:54:45,450 - httpx - INFO - HTTP Request: POST https://api.telegram.org/bot7093436536:AAEvjyOBDmUYkoOkO2zxZnzplRy8Thhz0Ps/getUpdates "HTTP/1.1 200 OK"
2025-05-23 06:54:55,541 - httpx - INFO - HTTP Request: POST https://api.telegram.org/bot7093436536:AAEvjyOBDmUYkoOkO2zxZnzplRy8Thhz0Ps/getUpdates "HTTP/1.1 200 OK"
2025-05-23 06:55:05,641 - httpx - INFO - HTTP Request: POST https://api.telegram.org/bot7093436536:AAEvjyOBDmUYkoOkO2zxZnzplRy8Thhz0Ps/getUpdates "HTTP/1.1 200 OK"
2025-05-23 06:55:15,730 - httpx - INFO - HTTP Request: POST https://api.telegram.org/bot7093436536:AAEvjyOBDmUYkoOkO2zxZnzplRy8Thhz0Ps/getUpdates "HTTP/1.1 200 OK"
2025-05-23 06:55:25,820 - httpx - INFO - HTTP Request: POST https://api.telegram.org/bot7093436536:AAEvjyOBDmUYkoOkO2zxZnzplRy8Thhz0Ps/getUpdates "HTTP/1.1 200 OK"
2025-05-23 06:55:35,914 - httpx - INFO - HTTP Request: POST https://api.telegram.org/bot7093436536:AAEvjyOBDmUYkoOkO2zxZnzplRy8Thhz0Ps/getUpdates "HTTP/1.1 200 OK"
2025-05-23 06:55:46,005 - httpx - INFO - HTTP Request: POST https://api.telegram.org/bot7093436536:AAEvjyOBDmUYkoOkO2zxZnzplRy8Thhz0Ps/getUpdates "HTTP/1.1 200 OK"
2025-05-23 06:55:56,109 - httpx - INFO - HTTP Request: POST https://api.telegram.org/bot7093436536:AAEvjyOBDmUYkoOkO2zxZnzplRy8Thhz0Ps/getUpdates "HTTP/1.1 200 OK"
2025-05-23 06:56:06,200 - httpx - INFO - HTTP Request: POST https://api.telegram.org/bot7093436536:AAEvjyOBDmUYkoOkO2zxZnzplRy8Thhz0Ps/getUpdates "HTTP/1.1 200 OK"
2025-05-23 06:56:16,289 - httpx - INFO - HTTP Request: POST https://api.telegram.org/bot7093436536:AAEvjyOBDmUYkoOkO2zxZnzplRy8Thhz0Ps/getUpdates "HTTP/1.1 200 OK"
2025-05-23 06:56:26,380 - httpx - INFO - HTTP Request: POST https://api.telegram.org/bot7093436536:AAEvjyOBDmUYkoOkO2zxZnzplRy8Thhz0Ps/getUpdates "HTTP/1.1 200 OK"
2025-05-23 06:56:36,633 - httpx - INFO - HTTP Request: POST https://api.telegram.org/bot7093436536:AAEvjyOBDmUYkoOkO2zxZnzplRy8Thhz0Ps/getUpdates "HTTP/1.1 200 OK"
2025-05-23 06:56:46,718 - httpx - INFO - HTTP Request: POST https://api.telegram.org/bot7093436536:AAEvjyOBDmUYkoOkO2zxZnzplRy8Thhz0Ps/getUpdates "HTTP/1.1 200 OK"
2025-05-23 06:56:56,811 - httpx - INFO - HTTP Request: POST https://api.telegram.org/bot7093436536:AAEvjyOBDmUYkoOkO2zxZnzplRy8Thhz0Ps/getUpdates "HTTP/1.1 200 OK"
2025-05-23 06:57:06,897 - httpx - INFO - HTTP Request: POST https://api.telegram.org/bot7093436536:AAEvjyOBDmUYkoOkO2zxZnzplRy8Thhz0Ps/getUpdates "HTTP/1.1 200 OK"
2025-05-23 06:57:16,981 - httpx - INFO - HTTP Request: POST https://api.telegram.org/bot7093436536:AAEvjyOBDmUYkoOkO2zxZnzplRy8Thhz0Ps/getUpdates "HTTP/1.1 200 OK"
2025-05-23 06:57:27,066 - httpx - INFO - HTTP Request: POST https://api.telegram.org/bot7093436536:AAEvjyOBDmUYkoOkO2zxZnzplRy8Thhz0Ps/getUpdates "HTTP/1.1 200 OK"
2025-05-23 06:57:37,152 - httpx - INFO - HTTP Request: POST https://api.telegram.org/bot7093436536:AAEvjyOBDmUYkoOkO2zxZnzplRy8Thhz0Ps/getUpdates "HTTP/1.1 200 OK"
2025-05-23 06:57:47,236 - httpx - INFO - HTTP Request: POST https://api.telegram.org/bot7093436536:AAEvjyOBDmUYkoOkO2zxZnzplRy8Thhz0Ps/getUpdates "HTTP/1.1 200 OK"
2025-05-23 06:57:57,321 - httpx - INFO - HTTP Request: POST https://api.telegram.org/bot7093436536:AAEvjyOBDmUYkoOkO2zxZnzplRy8Thhz0Ps/getUpdates "HTTP/1.1 200 OK"
2025-05-23 06:58:07,407 - httpx - INFO - HTTP Request: POST https://api.telegram.org/bot7093436536:AAEvjyOBDmUYkoOkO2zxZnzplRy8Thhz0Ps/getUpdates "HTTP/1.1 200 OK"
2025-05-23 06:58:17,507 - httpx - INFO - HTTP Request: POST https://api.telegram.org/bot7093436536:AAEvjyOBDmUYkoOkO2zxZnzplRy8Thhz0Ps/getUpdates "HTTP/1.1 200 OK"
2025-05-23 06:58:27,592 - httpx - INFO - HTTP Request: POST https://api.telegram.org/bot7093436536:AAEvjyOBDmUYkoOkO2zxZnzplRy8Thhz0Ps/getUpdates "HTTP/1.1 200 OK"
2025-05-23 06:58:37,677 - httpx - INFO - HTTP Request: POST https://api.telegram.org/bot7093436536:AAEvjyOBDmUYkoOkO2zxZnzplRy8Thhz0Ps/getUpdates "HTTP/1.1 200 OK"
2025-05-23 06:58:47,761 - httpx - INFO - HTTP Request: POST https://api.telegram.org/bot7093436536:AAEvjyOBDmUYkoOkO2zxZnzplRy8Thhz0Ps/getUpdates "HTTP/1.1 200 OK"
2025-05-23 06:58:57,845 - httpx - INFO - HTTP Request: POST https://api.telegram.org/bot7093436536:AAEvjyOBDmUYkoOkO2zxZnzplRy8Thhz0Ps/getUpdates "HTTP/1.1 200 OK"
2025-05-23 06:59:07,931 - httpx - INFO - HTTP Request: POST https://api.telegram.org/bot7093436536:AAEvjyOBDmUYkoOkO2zxZnzplRy8Thhz0Ps/getUpdates "HTTP/1.1 200 OK"
2025-05-23 06:59:18,036 - httpx - INFO - HTTP Request: POST https://api.telegram.org/bot7093436536:AAEvjyOBDmUYkoOkO2zxZnzplRy8Thhz0Ps/getUpdates "HTTP/1.1 200 OK"
2025-05-23 06:59:28,123 - httpx - INFO - HTTP Request: POST https://api.telegram.org/bot7093436536:AAEvjyOBDmUYkoOkO2zxZnzplRy8Thhz0Ps/getUpdates "HTTP/1.1 200 OK"
2025-05-23 06:59:38,208 - httpx - INFO - HTTP Request: POST https://api.telegram.org/bot7093436536:AAEvjyOBDmUYkoOkO2zxZnzplRy8Thhz0Ps/getUpdates "HTTP/1.1 200 OK"
2025-05-23 06:59:48,292 - httpx - INFO - HTTP Request: POST https://api.telegram.org/bot7093436536:AAEvjyOBDmUYkoOkO2zxZnzplRy8Thhz0Ps/getUpdates "HTTP/1.1 200 OK"
2025-05-23 06:59:58,381 - httpx - INFO - HTTP Request: POST https://api.telegram.org/bot7093436536:AAEvjyOBDmUYkoOkO2zxZnzplRy8Thhz0Ps/getUpdates "HTTP/1.1 200 OK"
2025-05-23 07:00:08,472 - httpx - INFO - HTTP Request: POST https://api.telegram.org/bot7093436536:AAEvjyOBDmUYkoOkO2zxZnzplRy8Thhz0Ps/getUpdates "HTTP/1.1 200 OK"
2025-05-23 07:00:18,568 - httpx - INFO - HTTP Request: POST https://api.telegram.org/bot7093436536:AAEvjyOBDmUYkoOkO2zxZnzplRy8Thhz0Ps/getUpdates "HTTP/1.1 200 OK"
2025-05-23 07:00:28,663 - httpx - INFO - HTTP Request: POST https://api.telegram.org/bot7093436536:AAEvjyOBDmUYkoOkO2zxZnzplRy8Thhz0Ps/getUpdates "HTTP/1.1 200 OK"
2025-05-23 07:00:38,748 - httpx - INFO - HTTP Request: POST https://api.telegram.org/bot7093436536:AAEvjyOBDmUYkoOkO2zxZnzplRy8Thhz0Ps/getUpdates "HTTP/1.1 200 OK"
2025-05-23 07:00:48,831 - httpx - INFO - HTTP Request: POST https://api.telegram.org/bot7093436536:AAEvjyOBDmUYkoOkO2zxZnzplRy8Thhz0Ps/getUpdates "HTTP/1.1 200 OK"
2025-05-23 07:00:58,915 - httpx - INFO - HTTP Request: POST https://api.telegram.org/bot7093436536:AAEvjyOBDmUYkoOkO2zxZnzplRy8Thhz0Ps/getUpdates "HTTP/1.1 200 OK"
2025-05-23 07:01:09,000 - httpx - INFO - HTTP Request: POST https://api.telegram.org/bot7093436536:AAEvjyOBDmUYkoOkO2zxZnzplRy8Thhz0Ps/getUpdates "HTTP/1.1 200 OK"
2025-05-23 07:01:19,095 - httpx - INFO - HTTP Request: POST https://api.telegram.org/bot7093436536:AAEvjyOBDmUYkoOkO2zxZnzplRy8Thhz0Ps/getUpdates "HTTP/1.1 200 OK"
2025-05-23 07:01:29,213 - httpx - INFO - HTTP Request: POST https://api.telegram.org/bot7093436536:AAEvjyOBDmUYkoOkO2zxZnzplRy8Thhz0Ps/getUpdates "HTTP/1.1 200 OK"
2025-05-23 07:01:39,299 - httpx - INFO - HTTP Request: POST https://api.telegram.org/bot7093436536:AAEvjyOBDmUYkoOkO2zxZnzplRy8Thhz0Ps/getUpdates "HTTP/1.1 200 OK"
2025-05-23 07:01:49,383 - httpx - INFO - HTTP Request: POST https://api.telegram.org/bot7093436536:AAEvjyOBDmUYkoOkO2zxZnzplRy8Thhz0Ps/getUpdates "HTTP/1.1 200 OK"
2025-05-23 07:01:59,467 - httpx - INFO - HTTP Request: POST https://api.telegram.org/bot7093436536:AAEvjyOBDmUYkoOkO2zxZnzplRy8Thhz0Ps/getUpdates "HTTP/1.1 200 OK"
2025-05-23 07:02:09,551 - httpx - INFO - HTTP Request: POST https://api.telegram.org/bot7093436536:AAEvjyOBDmUYkoOkO2zxZnzplRy8Thhz0Ps/getUpdates "HTTP/1.1 200 OK"
2025-05-23 07:02:19,637 - httpx - INFO - HTTP Request: POST https://api.telegram.org/bot7093436536:AAEvjyOBDmUYkoOkO2zxZnzplRy8Thhz0Ps/getUpdates "HTTP/1.1 200 OK"
2025-05-23 07:02:29,724 - httpx - INFO - HTTP Request: POST https://api.telegram.org/bot7093436536:AAEvjyOBDmUYkoOkO2zxZnzplRy8Thhz0Ps/getUpdates "HTTP/1.1 200 OK"
2025-05-23 07:02:39,810 - httpx - INFO - HTTP Request: POST https://api.telegram.org/bot7093436536:AAEvjyOBDmUYkoOkO2zxZnzplRy8Thhz0Ps/getUpdates "HTTP/1.1 200 OK"
2025-05-23 07:02:49,894 - httpx - INFO - HTTP Request: POST https://api.telegram.org/bot7093436536:AAEvjyOBDmUYkoOkO2zxZnzplRy8Thhz0Ps/getUpdates "HTTP/1.1 200 OK"
2025-05-23 07:02:59,978 - httpx - INFO - HTTP Request: POST https://api.telegram.org/bot7093436536:AAEvjyOBDmUYkoOkO2zxZnzplRy8Thhz0Ps/getUpdates "HTTP/1.1 200 OK"
2025-05-23 07:03:10,063 - httpx - INFO - HTTP Request: POST https://api.telegram.org/bot7093436536:AAEvjyOBDmUYkoOkO2zxZnzplRy8Thhz0Ps/getUpdates "HTTP/1.1 200 OK"
2025-05-23 07:03:20,149 - httpx - INFO - HTTP Request: POST https://api.telegram.org/bot7093436536:AAEvjyOBDmUYkoOkO2zxZnzplRy8Thhz0Ps/getUpdates "HTTP/1.1 200 OK"
2025-05-23 07:03:30,234 - httpx - INFO - HTTP Request: POST https://api.telegram.org/bot7093436536:AAEvjyOBDmUYkoOkO2zxZnzplRy8Thhz0Ps/getUpdates "HTTP/1.1 200 OK"
2025-05-23 07:03:40,321 - httpx - INFO - HTTP Request: POST https://api.telegram.org/bot7093436536:AAEvjyOBDmUYkoOkO2zxZnzplRy8Thhz0Ps/getUpdates "HTTP/1.1 200 OK"
2025-05-23 07:03:50,406 - httpx - INFO - HTTP Request: POST https://api.telegram.org/bot7093436536:AAEvjyOBDmUYkoOkO2zxZnzplRy8Thhz0Ps/getUpdates "HTTP/1.1 200 OK"
2025-05-23 07:04:00,491 - httpx - INFO - HTTP Request: POST https://api.telegram.org/bot7093436536:AAEvjyOBDmUYkoOkO2zxZnzplRy8Thhz0Ps/getUpdates "HTTP/1.1 200 OK"
2025-05-23 07:04:10,576 - httpx - INFO - HTTP Request: POST https://api.telegram.org/bot7093436536:AAEvjyOBDmUYkoOkO2zxZnzplRy8Thhz0Ps/getUpdates "HTTP/1.1 200 OK"
2025-05-23 07:04:20,681 - httpx - INFO - HTTP Request: POST https://api.telegram.org/bot7093436536:AAEvjyOBDmUYkoOkO2zxZnzplRy8Thhz0Ps/getUpdates "HTTP/1.1 200 OK"
2025-05-23 07:04:30,766 - httpx - INFO - HTTP Request: POST https://api.telegram.org/bot7093436536:AAEvjyOBDmUYkoOkO2zxZnzplRy8Thhz0Ps/getUpdates "HTTP/1.1 200 OK"
2025-05-23 07:04:40,850 - httpx - INFO - HTTP Request: POST https://api.telegram.org/bot7093436536:AAEvjyOBDmUYkoOkO2zxZnzplRy8Thhz0Ps/getUpdates "HTTP/1.1 200 OK"
2025-05-23 07:04:50,935 - httpx - INFO - HTTP Request: POST https://api.telegram.org/bot7093436536:AAEvjyOBDmUYkoOkO2zxZnzplRy8Thhz0Ps/getUpdates "HTTP/1.1 200 OK"
2025-05-23 07:05:01,022 - httpx - INFO - HTTP Request: POST https://api.telegram.org/bot7093436536:AAEvjyOBDmUYkoOkO2zxZnzplRy8Thhz0Ps/getUpdates "HTTP/1.1 200 OK"
2025-05-23 07:05:11,108 - httpx - INFO - HTTP Request: POST https://api.telegram.org/bot7093436536:AAEvjyOBDmUYkoOkO2zxZnzplRy8Thhz0Ps/getUpdates "HTTP/1.1 200 OK"
2025-05-23 07:05:21,193 - httpx - INFO - HTTP Request: POST https://api.telegram.org/bot7093436536:AAEvjyOBDmUYkoOkO2zxZnzplRy8Thhz0Ps/getUpdates "HTTP/1.1 200 OK"
2025-05-23 07:05:31,277 - httpx - INFO - HTTP Request: POST https://api.telegram.org/bot7093436536:AAEvjyOBDmUYkoOkO2zxZnzplRy8Thhz0Ps/getUpdates "HTTP/1.1 200 OK"
2025-05-23 07:05:41,363 - httpx - INFO - HTTP Request: POST https://api.telegram.org/bot7093436536:AAEvjyOBDmUYkoOkO2zxZnzplRy8Thhz0Ps/getUpdates "HTTP/1.1 200 OK"
2025-05-23 07:05:51,452 - httpx - INFO - HTTP Request: POST https://api.telegram.org/bot7093436536:AAEvjyOBDmUYkoOkO2zxZnzplRy8Thhz0Ps/getUpdates "HTTP/1.1 200 OK"
2025-05-23 07:06:01,536 - httpx - INFO - HTTP Request: POST https://api.telegram.org/bot7093436536:AAEvjyOBDmUYkoOkO2zxZnzplRy8Thhz0Ps/getUpdates "HTTP/1.1 200 OK"
2025-05-23 07:06:11,621 - httpx - INFO - HTTP Request: POST https://api.telegram.org/bot7093436536:AAEvjyOBDmUYkoOkO2zxZnzplRy8Thhz0Ps/getUpdates "HTTP/1.1 200 OK"
2025-05-23 07:06:21,704 - httpx - INFO - HTTP Request: POST https://api.telegram.org/bot7093436536:AAEvjyOBDmUYkoOkO2zxZnzplRy8Thhz0Ps/getUpdates "HTTP/1.1 200 OK"
2025-05-23 07:06:31,790 - httpx - INFO - HTTP Request: POST https://api.telegram.org/bot7093436536:AAEvjyOBDmUYkoOkO2zxZnzplRy8Thhz0Ps/getUpdates "HTTP/1.1 200 OK"
2025-05-23 07:06:41,874 - httpx - INFO - HTTP Request: POST https://api.telegram.org/bot7093436536:AAEvjyOBDmUYkoOkO2zxZnzplRy8Thhz0Ps/getUpdates "HTTP/1.1 200 OK"
2025-05-23 07:06:51,957 - httpx - INFO - HTTP Request: POST https://api.telegram.org/bot7093436536:AAEvjyOBDmUYkoOkO2zxZnzplRy8Thhz0Ps/getUpdates "HTTP/1.1 200 OK"
2025-05-23 07:07:02,041 - httpx - INFO - HTTP Request: POST https://api.telegram.org/bot7093436536:AAEvjyOBDmUYkoOkO2zxZnzplRy8Thhz0Ps/getUpdates "HTTP/1.1 200 OK"
2025-05-23 07:07:12,127 - httpx - INFO - HTTP Request: POST https://api.telegram.org/bot7093436536:AAEvjyOBDmUYkoOkO2zxZnzplRy8Thhz0Ps/getUpdates "HTTP/1.1 200 OK"
2025-05-23 07:07:22,211 - httpx - INFO - HTTP Request: POST https://api.telegram.org/bot7093436536:AAEvjyOBDmUYkoOkO2zxZnzplRy8Thhz0Ps/getUpdates "HTTP/1.1 200 OK"
2025-05-23 07:07:32,294 - httpx - INFO - HTTP Request: POST https://api.telegram.org/bot7093436536:AAEvjyOBDmUYkoOkO2zxZnzplRy8Thhz0Ps/getUpdates "HTTP/1.1 200 OK"
2025-05-23 07:07:42,380 - httpx - INFO - HTTP Request: POST https://api.telegram.org/bot7093436536:AAEvjyOBDmUYkoOkO2zxZnzplRy8Thhz0Ps/getUpdates "HTTP/1.1 200 OK"
2025-05-23 07:07:52,465 - httpx - INFO - HTTP Request: POST https://api.telegram.org/bot7093436536:AAEvjyOBDmUYkoOkO2zxZnzplRy8Thhz0Ps/getUpdates "HTTP/1.1 200 OK"
2025-05-23 07:08:02,550 - httpx - INFO - HTTP Request: POST https://api.telegram.org/bot7093436536:AAEvjyOBDmUYkoOkO2zxZnzplRy8Thhz0Ps/getUpdates "HTTP/1.1 200 OK"
2025-05-23 07:08:12,634 - httpx - INFO - HTTP Request: POST https://api.telegram.org/bot7093436536:AAEvjyOBDmUYkoOkO2zxZnzplRy8Thhz0Ps/getUpdates "HTTP/1.1 200 OK"
2025-05-23 07:08:22,719 - httpx - INFO - HTTP Request: POST https://api.telegram.org/bot7093436536:AAEvjyOBDmUYkoOkO2zxZnzplRy8Thhz0Ps/getUpdates "HTTP/1.1 200 OK"
2025-05-23 07:08:32,805 - httpx - INFO - HTTP Request: POST https://api.telegram.org/bot7093436536:AAEvjyOBDmUYkoOkO2zxZnzplRy8Thhz0Ps/getUpdates "HTTP/1.1 200 OK"
2025-05-23 07:08:42,893 - httpx - INFO - HTTP Request: POST https://api.telegram.org/bot7093436536:AAEvjyOBDmUYkoOkO2zxZnzplRy8Thhz0Ps/getUpdates "HTTP/1.1 200 OK"
2025-05-23 07:08:52,979 - httpx - INFO - HTTP Request: POST https://api.telegram.org/bot7093436536:AAEvjyOBDmUYkoOkO2zxZnzplRy8Thhz0Ps/getUpdates "HTTP/1.1 200 OK"
2025-05-23 07:09:03,063 - httpx - INFO - HTTP Request: POST https://api.telegram.org/bot7093436536:AAEvjyOBDmUYkoOkO2zxZnzplRy8Thhz0Ps/getUpdates "HTTP/1.1 200 OK"
2025-05-23 07:09:13,147 - httpx - INFO - HTTP Request: POST https://api.telegram.org/bot7093436536:AAEvjyOBDmUYkoOkO2zxZnzplRy8Thhz0Ps/getUpdates "HTTP/1.1 200 OK"
2025-05-23 07:09:23,232 - httpx - INFO - HTTP Request: POST https://api.telegram.org/bot7093436536:AAEvjyOBDmUYkoOkO2zxZnzplRy8Thhz0Ps/getUpdates "HTTP/1.1 200 OK"
2025-05-23 07:09:33,332 - httpx - INFO - HTTP Request: POST https://api.telegram.org/bot7093436536:AAEvjyOBDmUYkoOkO2zxZnzplRy8Thhz0Ps/getUpdates "HTTP/1.1 200 OK"
2025-05-23 07:09:43,418 - httpx - INFO - HTTP Request: POST https://api.telegram.org/bot7093436536:AAEvjyOBDmUYkoOkO2zxZnzplRy8Thhz0Ps/getUpdates "HTTP/1.1 200 OK"
2025-05-23 07:09:53,510 - httpx - INFO - HTTP Request: POST https://api.telegram.org/bot7093436536:AAEvjyOBDmUYkoOkO2zxZnzplRy8Thhz0Ps/getUpdates "HTTP/1.1 200 OK"
2025-05-23 07:10:03,598 - httpx - INFO - HTTP Request: POST https://api.telegram.org/bot7093436536:AAEvjyOBDmUYkoOkO2zxZnzplRy8Thhz0Ps/getUpdates "HTTP/1.1 200 OK"
2025-05-23 07:10:13,682 - httpx - INFO - HTTP Request: POST https://api.telegram.org/bot7093436536:AAEvjyOBDmUYkoOkO2zxZnzplRy8Thhz0Ps/getUpdates "HTTP/1.1 200 OK"
2025-05-23 07:10:23,765 - httpx - INFO - HTTP Request: POST https://api.telegram.org/bot7093436536:AAEvjyOBDmUYkoOkO2zxZnzplRy8Thhz0Ps/getUpdates "HTTP/1.1 200 OK"
2025-05-23 07:10:33,851 - httpx - INFO - HTTP Request: POST https://api.telegram.org/bot7093436536:AAEvjyOBDmUYkoOkO2zxZnzplRy8Thhz0Ps/getUpdates "HTTP/1.1 200 OK"
2025-05-23 07:10:43,935 - httpx - INFO - HTTP Request: POST https://api.telegram.org/bot7093436536:AAEvjyOBDmUYkoOkO2zxZnzplRy8Thhz0Ps/getUpdates "HTTP/1.1 200 OK"
2025-05-23 07:10:54,020 - httpx - INFO - HTTP Request: POST https://api.telegram.org/bot7093436536:AAEvjyOBDmUYkoOkO2zxZnzplRy8Thhz0Ps/getUpdates "HTTP/1.1 200 OK"
2025-05-23 07:11:04,105 - httpx - INFO - HTTP Request: POST https://api.telegram.org/bot7093436536:AAEvjyOBDmUYkoOkO2zxZnzplRy8Thhz0Ps/getUpdates "HTTP/1.1 200 OK"
2025-05-23 07:11:14,196 - httpx - INFO - HTTP Request: POST https://api.telegram.org/bot7093436536:AAEvjyOBDmUYkoOkO2zxZnzplRy8Thhz0Ps/getUpdates "HTTP/1.1 200 OK"
2025-05-23 07:11:24,280 - httpx - INFO - HTTP Request: POST https://api.telegram.org/bot7093436536:AAEvjyOBDmUYkoOkO2zxZnzplRy8Thhz0Ps/getUpdates "HTTP/1.1 200 OK"
2025-05-23 07:11:34,364 - httpx - INFO - HTTP Request: POST https://api.telegram.org/bot7093436536:AAEvjyOBDmUYkoOkO2zxZnzplRy8Thhz0Ps/getUpdates "HTTP/1.1 200 OK"
2025-05-23 07:11:44,449 - httpx - INFO - HTTP Request: POST https://api.telegram.org/bot7093436536:AAEvjyOBDmUYkoOkO2zxZnzplRy8Thhz0Ps/getUpdates "HTTP/1.1 200 OK"
2025-05-23 07:11:54,533 - httpx - INFO - HTTP Request: POST https://api.telegram.org/bot7093436536:AAEvjyOBDmUYkoOkO2zxZnzplRy8Thhz0Ps/getUpdates "HTTP/1.1 200 OK"
2025-05-23 07:12:04,618 - httpx - INFO - HTTP Request: POST https://api.telegram.org/bot7093436536:AAEvjyOBDmUYkoOkO2zxZnzplRy8Thhz0Ps/getUpdates "HTTP/1.1 200 OK"
2025-05-23 07:12:14,704 - httpx - INFO - HTTP Request: POST https://api.telegram.org/bot7093436536:AAEvjyOBDmUYkoOkO2zxZnzplRy8Thhz0Ps/getUpdates "HTTP/1.1 200 OK"
2025-05-23 07:12:24,792 - httpx - INFO - HTTP Request: POST https://api.telegram.org/bot7093436536:AAEvjyOBDmUYkoOkO2zxZnzplRy8Thhz0Ps/getUpdates "HTTP/1.1 200 OK"
2025-05-23 07:12:34,882 - httpx - INFO - HTTP Request: POST https://api.telegram.org/bot7093436536:AAEvjyOBDmUYkoOkO2zxZnzplRy8Thhz0Ps/getUpdates "HTTP/1.1 200 OK"
2025-05-23 07:12:44,965 - httpx - INFO - HTTP Request: POST https://api.telegram.org/bot7093436536:AAEvjyOBDmUYkoOkO2zxZnzplRy8Thhz0Ps/getUpdates "HTTP/1.1 200 OK"
2025-05-23 07:12:55,049 - httpx - INFO - HTTP Request: POST https://api.telegram.org/bot7093436536:AAEvjyOBDmUYkoOkO2zxZnzplRy8Thhz0Ps/getUpdates "HTTP/1.1 200 OK"
2025-05-23 07:13:05,133 - httpx - INFO - HTTP Request: POST https://api.telegram.org/bot7093436536:AAEvjyOBDmUYkoOkO2zxZnzplRy8Thhz0Ps/getUpdates "HTTP/1.1 200 OK"
2025-05-23 07:13:15,217 - httpx - INFO - HTTP Request: POST https://api.telegram.org/bot7093436536:AAEvjyOBDmUYkoOkO2zxZnzplRy8Thhz0Ps/getUpdates "HTTP/1.1 200 OK"
2025-05-23 07:13:25,474 - httpx - INFO - HTTP Request: POST https://api.telegram.org/bot7093436536:AAEvjyOBDmUYkoOkO2zxZnzplRy8Thhz0Ps/getUpdates "HTTP/1.1 200 OK"
2025-05-23 07:13:35,560 - httpx - INFO - HTTP Request: POST https://api.telegram.org/bot7093436536:AAEvjyOBDmUYkoOkO2zxZnzplRy8Thhz0Ps/getUpdates "HTTP/1.1 200 OK"
2025-05-23 07:13:45,648 - httpx - INFO - HTTP Request: POST https://api.telegram.org/bot7093436536:AAEvjyOBDmUYkoOkO2zxZnzplRy8Thhz0Ps/getUpdates "HTTP/1.1 200 OK"
2025-05-23 07:13:55,734 - httpx - INFO - HTTP Request: POST https://api.telegram.org/bot7093436536:AAEvjyOBDmUYkoOkO2zxZnzplRy8Thhz0Ps/getUpdates "HTTP/1.1 200 OK"
2025-05-23 07:14:05,819 - httpx - INFO - HTTP Request: POST https://api.telegram.org/bot7093436536:AAEvjyOBDmUYkoOkO2zxZnzplRy8Thhz0Ps/getUpdates "HTTP/1.1 200 OK"
2025-05-23 07:14:15,905 - httpx - INFO - HTTP Request: POST https://api.telegram.org/bot7093436536:AAEvjyOBDmUYkoOkO2zxZnzplRy8Thhz0Ps/getUpdates "HTTP/1.1 200 OK"
2025-05-23 07:14:25,989 - httpx - INFO - HTTP Request: POST https://api.telegram.org/bot7093436536:AAEvjyOBDmUYkoOkO2zxZnzplRy8Thhz0Ps/getUpdates "HTTP/1.1 200 OK"
2025-05-23 07:14:36,077 - httpx - INFO - HTTP Request: POST https://api.telegram.org/bot7093436536:AAEvjyOBDmUYkoOkO2zxZnzplRy8Thhz0Ps/getUpdates "HTTP/1.1 200 OK"
2025-05-23 07:14:46,164 - httpx - INFO - HTTP Request: POST https://api.telegram.org/bot7093436536:AAEvjyOBDmUYkoOkO2zxZnzplRy8Thhz0Ps/getUpdates "HTTP/1.1 200 OK"
2025-05-23 07:14:56,251 - httpx - INFO - HTTP Request: POST https://api.telegram.org/bot7093436536:AAEvjyOBDmUYkoOkO2zxZnzplRy8Thhz0Ps/getUpdates "HTTP/1.1 200 OK"
2025-05-23 07:15:06,337 - httpx - INFO - HTTP Request: POST https://api.telegram.org/bot7093436536:AAEvjyOBDmUYkoOkO2zxZnzplRy8Thhz0Ps/getUpdates "HTTP/1.1 200 OK"
2025-05-23 07:15:16,424 - httpx - INFO - HTTP Request: POST https://api.telegram.org/bot7093436536:AAEvjyOBDmUYkoOkO2zxZnzplRy8Thhz0Ps/getUpdates "HTTP/1.1 200 OK"
2025-05-23 07:15:26,510 - httpx - INFO - HTTP Request: POST https://api.telegram.org/bot7093436536:AAEvjyOBDmUYkoOkO2zxZnzplRy8Thhz0Ps/getUpdates "HTTP/1.1 200 OK"
2025-05-23 07:15:36,594 - httpx - INFO - HTTP Request: POST https://api.telegram.org/bot7093436536:AAEvjyOBDmUYkoOkO2zxZnzplRy8Thhz0Ps/getUpdates "HTTP/1.1 200 OK"
2025-05-23 07:15:46,684 - httpx - INFO - HTTP Request: POST https://api.telegram.org/bot7093436536:AAEvjyOBDmUYkoOkO2zxZnzplRy8Thhz0Ps/getUpdates "HTTP/1.1 200 OK"
2025-05-23 07:15:56,771 - httpx - INFO - HTTP Request: POST https://api.telegram.org/bot7093436536:AAEvjyOBDmUYkoOkO2zxZnzplRy8Thhz0Ps/getUpdates "HTTP/1.1 200 OK"
2025-05-23 07:16:06,869 - httpx - INFO - HTTP Request: POST https://api.telegram.org/bot7093436536:AAEvjyOBDmUYkoOkO2zxZnzplRy8Thhz0Ps/getUpdates "HTTP/1.1 200 OK"
2025-05-23 07:16:16,954 - httpx - INFO - HTTP Request: POST https://api.telegram.org/bot7093436536:AAEvjyOBDmUYkoOkO2zxZnzplRy8Thhz0Ps/getUpdates "HTTP/1.1 200 OK"
2025-05-23 07:16:27,041 - httpx - INFO - HTTP Request: POST https://api.telegram.org/bot7093436536:AAEvjyOBDmUYkoOkO2zxZnzplRy8Thhz0Ps/getUpdates "HTTP/1.1 200 OK"
2025-05-23 07:16:37,129 - httpx - INFO - HTTP Request: POST https://api.telegram.org/bot7093436536:AAEvjyOBDmUYkoOkO2zxZnzplRy8Thhz0Ps/getUpdates "HTTP/1.1 200 OK"
2025-05-23 07:16:47,220 - httpx - INFO - HTTP Request: POST https://api.telegram.org/bot7093436536:AAEvjyOBDmUYkoOkO2zxZnzplRy8Thhz0Ps/getUpdates "HTTP/1.1 200 OK"
2025-05-23 07:16:57,307 - httpx - INFO - HTTP Request: POST https://api.telegram.org/bot7093436536:AAEvjyOBDmUYkoOkO2zxZnzplRy8Thhz0Ps/getUpdates "HTTP/1.1 200 OK"
2025-05-23 07:17:07,395 - httpx - INFO - HTTP Request: POST https://api.telegram.org/bot7093436536:AAEvjyOBDmUYkoOkO2zxZnzplRy8Thhz0Ps/getUpdates "HTTP/1.1 200 OK"
2025-05-23 07:17:17,484 - httpx - INFO - HTTP Request: POST https://api.telegram.org/bot7093436536:AAEvjyOBDmUYkoOkO2zxZnzplRy8Thhz0Ps/getUpdates "HTTP/1.1 200 OK"
2025-05-23 07:17:27,571 - httpx - INFO - HTTP Request: POST https://api.telegram.org/bot7093436536:AAEvjyOBDmUYkoOkO2zxZnzplRy8Thhz0Ps/getUpdates "HTTP/1.1 200 OK"
2025-05-23 07:17:37,656 - httpx - INFO - HTTP Request: POST https://api.telegram.org/bot7093436536:AAEvjyOBDmUYkoOkO2zxZnzplRy8Thhz0Ps/getUpdates "HTTP/1.1 200 OK"
2025-05-23 07:17:47,742 - httpx - INFO - HTTP Request: POST https://api.telegram.org/bot7093436536:AAEvjyOBDmUYkoOkO2zxZnzplRy8Thhz0Ps/getUpdates "HTTP/1.1 200 OK"
2025-05-23 07:17:57,833 - httpx - INFO - HTTP Request: POST https://api.telegram.org/bot7093436536:AAEvjyOBDmUYkoOkO2zxZnzplRy8Thhz0Ps/getUpdates "HTTP/1.1 200 OK"
2025-05-23 07:18:07,918 - httpx - INFO - HTTP Request: POST https://api.telegram.org/bot7093436536:AAEvjyOBDmUYkoOkO2zxZnzplRy8Thhz0Ps/getUpdates "HTTP/1.1 200 OK"
2025-05-23 07:18:18,005 - httpx - INFO - HTTP Request: POST https://api.telegram.org/bot7093436536:AAEvjyOBDmUYkoOkO2zxZnzplRy8Thhz0Ps/getUpdates "HTTP/1.1 200 OK"
2025-05-23 07:18:22,859 - httpx - INFO - HTTP Request: POST https://api.telegram.org/bot7093436536:AAEvjyOBDmUYkoOkO2zxZnzplRy8Thhz0Ps/getUpdates "HTTP/1.1 200 OK"
2025-05-23 07:18:22,860 - telegram.ext.Application - INFO - Application is stopping. This might take a moment.
2025-05-23 07:18:22,860 - apscheduler.scheduler - INFO - Scheduler has been shut down
2025-05-23 07:18:22,872 - telegram.ext.Application - INFO - Application.stop() complete
2025-05-23 07:19:30,560 - httpx - INFO - HTTP Request: POST https://api.telegram.org/bot7093436536:AAEvjyOBDmUYkoOkO2zxZnzplRy8Thhz0Ps/getMe "HTTP/1.1 200 OK"
2025-05-23 07:19:30,651 - httpx - INFO - HTTP Request: POST https://api.telegram.org/bot7093436536:AAEvjyOBDmUYkoOkO2zxZnzplRy8Thhz0Ps/deleteWebhook "HTTP/1.1 200 OK"
2025-05-23 07:19:30,653 - apscheduler.scheduler - INFO - Scheduler started
2025-05-23 07:19:30,653 - telegram.ext.Application - INFO - Application started
2025-05-23 07:19:40,903 - httpx - INFO - HTTP Request: POST https://api.telegram.org/bot7093436536:AAEvjyOBDmUYkoOkO2zxZnzplRy8Thhz0Ps/getUpdates "HTTP/1.1 200 OK"
2025-05-23 07:19:50,986 - httpx - INFO - HTTP Request: POST https://api.telegram.org/bot7093436536:AAEvjyOBDmUYkoOkO2zxZnzplRy8Thhz0Ps/getUpdates "HTTP/1.1 200 OK"
2025-05-23 07:20:01,071 - httpx - INFO - HTTP Request: POST https://api.telegram.org/bot7093436536:AAEvjyOBDmUYkoOkO2zxZnzplRy8Thhz0Ps/getUpdates "HTTP/1.1 200 OK"
2025-05-23 07:20:11,156 - httpx - INFO - HTTP Request: POST https://api.telegram.org/bot7093436536:AAEvjyOBDmUYkoOkO2zxZnzplRy8Thhz0Ps/getUpdates "HTTP/1.1 200 OK"
2025-05-23 07:20:21,239 - httpx - INFO - HTTP Request: POST https://api.telegram.org/bot7093436536:AAEvjyOBDmUYkoOkO2zxZnzplRy8Thhz0Ps/getUpdates "HTTP/1.1 200 OK"
2025-05-23 07:20:31,324 - httpx - INFO - HTTP Request: POST https://api.telegram.org/bot7093436536:AAEvjyOBDmUYkoOkO2zxZnzplRy8Thhz0Ps/getUpdates "HTTP/1.1 200 OK"
2025-05-23 07:20:41,408 - httpx - INFO - HTTP Request: POST https://api.telegram.org/bot7093436536:AAEvjyOBDmUYkoOkO2zxZnzplRy8Thhz0Ps/getUpdates "HTTP/1.1 200 OK"
2025-05-23 07:20:51,492 - httpx - INFO - HTTP Request: POST https://api.telegram.org/bot7093436536:AAEvjyOBDmUYkoOkO2zxZnzplRy8Thhz0Ps/getUpdates "HTTP/1.1 200 OK"
2025-05-23 07:21:01,577 - httpx - INFO - HTTP Request: POST https://api.telegram.org/bot7093436536:AAEvjyOBDmUYkoOkO2zxZnzplRy8Thhz0Ps/getUpdates "HTTP/1.1 200 OK"
2025-05-23 07:21:11,666 - httpx - INFO - HTTP Request: POST https://api.telegram.org/bot7093436536:AAEvjyOBDmUYkoOkO2zxZnzplRy8Thhz0Ps/getUpdates "HTTP/1.1 200 OK"
2025-05-23 07:21:21,749 - httpx - INFO - HTTP Request: POST https://api.telegram.org/bot7093436536:AAEvjyOBDmUYkoOkO2zxZnzplRy8Thhz0Ps/getUpdates "HTTP/1.1 200 OK"
2025-05-23 07:21:31,834 - httpx - INFO - HTTP Request: POST https://api.telegram.org/bot7093436536:AAEvjyOBDmUYkoOkO2zxZnzplRy8Thhz0Ps/getUpdates "HTTP/1.1 200 OK"
2025-05-23 07:21:41,926 - httpx - INFO - HTTP Request: POST https://api.telegram.org/bot7093436536:AAEvjyOBDmUYkoOkO2zxZnzplRy8Thhz0Ps/getUpdates "HTTP/1.1 200 OK"
2025-05-23 07:21:52,009 - httpx - INFO - HTTP Request: POST https://api.telegram.org/bot7093436536:AAEvjyOBDmUYkoOkO2zxZnzplRy8Thhz0Ps/getUpdates "HTTP/1.1 200 OK"
2025-05-23 07:22:02,095 - httpx - INFO - HTTP Request: POST https://api.telegram.org/bot7093436536:AAEvjyOBDmUYkoOkO2zxZnzplRy8Thhz0Ps/getUpdates "HTTP/1.1 200 OK"
2025-05-23 07:22:12,180 - httpx - INFO - HTTP Request: POST https://api.telegram.org/bot7093436536:AAEvjyOBDmUYkoOkO2zxZnzplRy8Thhz0Ps/getUpdates "HTTP/1.1 200 OK"
2025-05-23 07:22:22,277 - httpx - INFO - HTTP Request: POST https://api.telegram.org/bot7093436536:AAEvjyOBDmUYkoOkO2zxZnzplRy8Thhz0Ps/getUpdates "HTTP/1.1 200 OK"
2025-05-23 07:22:32,360 - httpx - INFO - HTTP Request: POST https://api.telegram.org/bot7093436536:AAEvjyOBDmUYkoOkO2zxZnzplRy8Thhz0Ps/getUpdates "HTTP/1.1 200 OK"
2025-05-23 07:22:42,445 - httpx - INFO - HTTP Request: POST https://api.telegram.org/bot7093436536:AAEvjyOBDmUYkoOkO2zxZnzplRy8Thhz0Ps/getUpdates "HTTP/1.1 200 OK"
2025-05-23 07:22:52,531 - httpx - INFO - HTTP Request: POST https://api.telegram.org/bot7093436536:AAEvjyOBDmUYkoOkO2zxZnzplRy8Thhz0Ps/getUpdates "HTTP/1.1 200 OK"
2025-05-23 07:23:02,616 - httpx - INFO - HTTP Request: POST https://api.telegram.org/bot7093436536:AAEvjyOBDmUYkoOkO2zxZnzplRy8Thhz0Ps/getUpdates "HTTP/1.1 200 OK"
2025-05-23 07:23:12,700 - httpx - INFO - HTTP Request: POST https://api.telegram.org/bot7093436536:AAEvjyOBDmUYkoOkO2zxZnzplRy8Thhz0Ps/getUpdates "HTTP/1.1 200 OK"
2025-05-23 07:23:22,784 - httpx - INFO - HTTP Request: POST https://api.telegram.org/bot7093436536:AAEvjyOBDmUYkoOkO2zxZnzplRy8Thhz0Ps/getUpdates "HTTP/1.1 200 OK"
2025-05-23 07:23:32,868 - httpx - INFO - HTTP Request: POST https://api.telegram.org/bot7093436536:AAEvjyOBDmUYkoOkO2zxZnzplRy8Thhz0Ps/getUpdates "HTTP/1.1 200 OK"
2025-05-23 07:23:42,953 - httpx - INFO - HTTP Request: POST https://api.telegram.org/bot7093436536:AAEvjyOBDmUYkoOkO2zxZnzplRy8Thhz0Ps/getUpdates "HTTP/1.1 200 OK"
2025-05-23 07:23:53,038 - httpx - INFO - HTTP Request: POST https://api.telegram.org/bot7093436536:AAEvjyOBDmUYkoOkO2zxZnzplRy8Thhz0Ps/getUpdates "HTTP/1.1 200 OK"
2025-05-23 07:24:03,122 - httpx - INFO - HTTP Request: POST https://api.telegram.org/bot7093436536:AAEvjyOBDmUYkoOkO2zxZnzplRy8Thhz0Ps/getUpdates "HTTP/1.1 200 OK"
2025-05-23 07:24:13,205 - httpx - INFO - HTTP Request: POST https://api.telegram.org/bot7093436536:AAEvjyOBDmUYkoOkO2zxZnzplRy8Thhz0Ps/getUpdates "HTTP/1.1 200 OK"
2025-05-23 07:24:23,289 - httpx - INFO - HTTP Request: POST https://api.telegram.org/bot7093436536:AAEvjyOBDmUYkoOkO2zxZnzplRy8Thhz0Ps/getUpdates "HTTP/1.1 200 OK"
2025-05-23 07:24:33,372 - httpx - INFO - HTTP Request: POST https://api.telegram.org/bot7093436536:AAEvjyOBDmUYkoOkO2zxZnzplRy8Thhz0Ps/getUpdates "HTTP/1.1 200 OK"
2025-05-23 07:24:43,456 - httpx - INFO - HTTP Request: POST https://api.telegram.org/bot7093436536:AAEvjyOBDmUYkoOkO2zxZnzplRy8Thhz0Ps/getUpdates "HTTP/1.1 200 OK"
2025-05-23 07:24:53,540 - httpx - INFO - HTTP Request: POST https://api.telegram.org/bot7093436536:AAEvjyOBDmUYkoOkO2zxZnzplRy8Thhz0Ps/getUpdates "HTTP/1.1 200 OK"
2025-05-23 07:25:03,624 - httpx - INFO - HTTP Request: POST https://api.telegram.org/bot7093436536:AAEvjyOBDmUYkoOkO2zxZnzplRy8Thhz0Ps/getUpdates "HTTP/1.1 200 OK"
2025-05-23 07:25:13,710 - httpx - INFO - HTTP Request: POST https://api.telegram.org/bot7093436536:AAEvjyOBDmUYkoOkO2zxZnzplRy8Thhz0Ps/getUpdates "HTTP/1.1 200 OK"
2025-05-23 07:25:23,793 - httpx - INFO - HTTP Request: POST https://api.telegram.org/bot7093436536:AAEvjyOBDmUYkoOkO2zxZnzplRy8Thhz0Ps/getUpdates "HTTP/1.1 200 OK"
2025-05-23 07:25:33,877 - httpx - INFO - HTTP Request: POST https://api.telegram.org/bot7093436536:AAEvjyOBDmUYkoOkO2zxZnzplRy8Thhz0Ps/getUpdates "HTTP/1.1 200 OK"
2025-05-23 07:25:43,960 - httpx - INFO - HTTP Request: POST https://api.telegram.org/bot7093436536:AAEvjyOBDmUYkoOkO2zxZnzplRy8Thhz0Ps/getUpdates "HTTP/1.1 200 OK"
2025-05-23 07:25:54,046 - httpx - INFO - HTTP Request: POST https://api.telegram.org/bot7093436536:AAEvjyOBDmUYkoOkO2zxZnzplRy8Thhz0Ps/getUpdates "HTTP/1.1 200 OK"
2025-05-23 07:26:04,130 - httpx - INFO - HTTP Request: POST https://api.telegram.org/bot7093436536:AAEvjyOBDmUYkoOkO2zxZnzplRy8Thhz0Ps/getUpdates "HTTP/1.1 200 OK"
2025-05-23 07:26:14,213 - httpx - INFO - HTTP Request: POST https://api.telegram.org/bot7093436536:AAEvjyOBDmUYkoOkO2zxZnzplRy8Thhz0Ps/getUpdates "HTTP/1.1 200 OK"
2025-05-23 07:26:24,297 - httpx - INFO - HTTP Request: POST https://api.telegram.org/bot7093436536:AAEvjyOBDmUYkoOkO2zxZnzplRy8Thhz0Ps/getUpdates "HTTP/1.1 200 OK"
2025-05-23 07:26:34,381 - httpx - INFO - HTTP Request: POST https://api.telegram.org/bot7093436536:AAEvjyOBDmUYkoOkO2zxZnzplRy8Thhz0Ps/getUpdates "HTTP/1.1 200 OK"
2025-05-23 07:26:44,465 - httpx - INFO - HTTP Request: POST https://api.telegram.org/bot7093436536:AAEvjyOBDmUYkoOkO2zxZnzplRy8Thhz0Ps/getUpdates "HTTP/1.1 200 OK"
2025-05-23 07:26:54,548 - httpx - INFO - HTTP Request: POST https://api.telegram.org/bot7093436536:AAEvjyOBDmUYkoOkO2zxZnzplRy8Thhz0Ps/getUpdates "HTTP/1.1 200 OK"
2025-05-23 07:27:04,632 - httpx - INFO - HTTP Request: POST https://api.telegram.org/bot7093436536:AAEvjyOBDmUYkoOkO2zxZnzplRy8Thhz0Ps/getUpdates "HTTP/1.1 200 OK"
2025-05-23 07:27:14,728 - httpx - INFO - HTTP Request: POST https://api.telegram.org/bot7093436536:AAEvjyOBDmUYkoOkO2zxZnzplRy8Thhz0Ps/getUpdates "HTTP/1.1 200 OK"
2025-05-23 07:27:24,812 - httpx - INFO - HTTP Request: POST https://api.telegram.org/bot7093436536:AAEvjyOBDmUYkoOkO2zxZnzplRy8Thhz0Ps/getUpdates "HTTP/1.1 200 OK"
2025-05-23 07:27:34,901 - httpx - INFO - HTTP Request: POST https://api.telegram.org/bot7093436536:AAEvjyOBDmUYkoOkO2zxZnzplRy8Thhz0Ps/getUpdates "HTTP/1.1 200 OK"
2025-05-23 07:27:44,985 - httpx - INFO - HTTP Request: POST https://api.telegram.org/bot7093436536:AAEvjyOBDmUYkoOkO2zxZnzplRy8Thhz0Ps/getUpdates "HTTP/1.1 200 OK"
2025-05-23 07:27:55,070 - httpx - INFO - HTTP Request: POST https://api.telegram.org/bot7093436536:AAEvjyOBDmUYkoOkO2zxZnzplRy8Thhz0Ps/getUpdates "HTTP/1.1 200 OK"
2025-05-23 07:28:05,154 - httpx - INFO - HTTP Request: POST https://api.telegram.org/bot7093436536:AAEvjyOBDmUYkoOkO2zxZnzplRy8Thhz0Ps/getUpdates "HTTP/1.1 200 OK"
2025-05-23 07:28:15,238 - httpx - INFO - HTTP Request: POST https://api.telegram.org/bot7093436536:AAEvjyOBDmUYkoOkO2zxZnzplRy8Thhz0Ps/getUpdates "HTTP/1.1 200 OK"
2025-05-23 07:28:25,322 - httpx - INFO - HTTP Request: POST https://api.telegram.org/bot7093436536:AAEvjyOBDmUYkoOkO2zxZnzplRy8Thhz0Ps/getUpdates "HTTP/1.1 200 OK"
2025-05-23 07:28:35,406 - httpx - INFO - HTTP Request: POST https://api.telegram.org/bot7093436536:AAEvjyOBDmUYkoOkO2zxZnzplRy8Thhz0Ps/getUpdates "HTTP/1.1 200 OK"
2025-05-23 07:28:45,490 - httpx - INFO - HTTP Request: POST https://api.telegram.org/bot7093436536:AAEvjyOBDmUYkoOkO2zxZnzplRy8Thhz0Ps/getUpdates "HTTP/1.1 200 OK"
2025-05-23 07:28:55,573 - httpx - INFO - HTTP Request: POST https://api.telegram.org/bot7093436536:AAEvjyOBDmUYkoOkO2zxZnzplRy8Thhz0Ps/getUpdates "HTTP/1.1 200 OK"
2025-05-23 07:29:05,656 - httpx - INFO - HTTP Request: POST https://api.telegram.org/bot7093436536:AAEvjyOBDmUYkoOkO2zxZnzplRy8Thhz0Ps/getUpdates "HTTP/1.1 200 OK"
2025-05-23 07:29:15,739 - httpx - INFO - HTTP Request: POST https://api.telegram.org/bot7093436536:AAEvjyOBDmUYkoOkO2zxZnzplRy8Thhz0Ps/getUpdates "HTTP/1.1 200 OK"
2025-05-23 07:29:25,823 - httpx - INFO - HTTP Request: POST https://api.telegram.org/bot7093436536:AAEvjyOBDmUYkoOkO2zxZnzplRy8Thhz0Ps/getUpdates "HTTP/1.1 200 OK"
2025-05-23 07:29:35,907 - httpx - INFO - HTTP Request: POST https://api.telegram.org/bot7093436536:AAEvjyOBDmUYkoOkO2zxZnzplRy8Thhz0Ps/getUpdates "HTTP/1.1 200 OK"
2025-05-23 07:29:45,991 - httpx - INFO - HTTP Request: POST https://api.telegram.org/bot7093436536:AAEvjyOBDmUYkoOkO2zxZnzplRy8Thhz0Ps/getUpdates "HTTP/1.1 200 OK"
2025-05-23 07:29:56,077 - httpx - INFO - HTTP Request: POST https://api.telegram.org/bot7093436536:AAEvjyOBDmUYkoOkO2zxZnzplRy8Thhz0Ps/getUpdates "HTTP/1.1 200 OK"
2025-05-23 07:30:06,166 - httpx - INFO - HTTP Request: POST https://api.telegram.org/bot7093436536:AAEvjyOBDmUYkoOkO2zxZnzplRy8Thhz0Ps/getUpdates "HTTP/1.1 200 OK"
2025-05-23 07:30:16,249 - httpx - INFO - HTTP Request: POST https://api.telegram.org/bot7093436536:AAEvjyOBDmUYkoOkO2zxZnzplRy8Thhz0Ps/getUpdates "HTTP/1.1 200 OK"
2025-05-23 07:30:26,332 - httpx - INFO - HTTP Request: POST https://api.telegram.org/bot7093436536:AAEvjyOBDmUYkoOkO2zxZnzplRy8Thhz0Ps/getUpdates "HTTP/1.1 200 OK"
2025-05-23 07:30:28,583 - httpx - INFO - HTTP Request: POST https://api.telegram.org/bot7093436536:AAEvjyOBDmUYkoOkO2zxZnzplRy8Thhz0Ps/getUpdates "HTTP/1.1 200 OK"
2025-05-23 07:30:29,064 - utils - ERROR - Failed to fetch crypto rates: 403, message='Attempt to decode JSON with unexpected mimetype: text/html', url='https://api.bybit.com/v5/market/tickers?category=spot&symbol=BTCUSDT'
2025-05-23 07:30:29,430 - httpx - INFO - HTTP Request: POST https://api.telegram.org/bot7093436536:AAEvjyOBDmUYkoOkO2zxZnzplRy8Thhz0Ps/sendMessage "HTTP/1.1 200 OK"
2025-05-23 07:30:35,575 - httpx - INFO - HTTP Request: POST https://api.telegram.org/bot7093436536:AAEvjyOBDmUYkoOkO2zxZnzplRy8Thhz0Ps/getUpdates "HTTP/1.1 200 OK"
2025-05-23 07:30:35,787 - utils - ERROR - Failed to fetch crypto rates: 403, message='Attempt to decode JSON with unexpected mimetype: text/html', url='https://api.bybit.com/v5/market/tickers?category=spot&symbol=TONUSDT'
2025-05-23 07:30:36,077 - httpx - INFO - HTTP Request: POST https://api.telegram.org/bot7093436536:AAEvjyOBDmUYkoOkO2zxZnzplRy8Thhz0Ps/sendMessage "HTTP/1.1 200 OK"
2025-05-23 07:30:45,663 - httpx - INFO - HTTP Request: POST https://api.telegram.org/bot7093436536:AAEvjyOBDmUYkoOkO2zxZnzplRy8Thhz0Ps/getUpdates "HTTP/1.1 200 OK"
2025-05-23 07:30:55,746 - httpx - INFO - HTTP Request: POST https://api.telegram.org/bot7093436536:AAEvjyOBDmUYkoOkO2zxZnzplRy8Thhz0Ps/getUpdates "HTTP/1.1 200 OK"
2025-05-23 07:31:05,831 - httpx - INFO - HTTP Request: POST https://api.telegram.org/bot7093436536:AAEvjyOBDmUYkoOkO2zxZnzplRy8Thhz0Ps/getUpdates "HTTP/1.1 200 OK"
2025-05-23 07:31:15,915 - httpx - INFO - HTTP Request: POST https://api.telegram.org/bot7093436536:AAEvjyOBDmUYkoOkO2zxZnzplRy8Thhz0Ps/getUpdates "HTTP/1.1 200 OK"
2025-05-23 07:31:25,999 - httpx - INFO - HTTP Request: POST https://api.telegram.org/bot7093436536:AAEvjyOBDmUYkoOkO2zxZnzplRy8Thhz0Ps/getUpdates "HTTP/1.1 200 OK"
2025-05-23 07:31:36,083 - httpx - INFO - HTTP Request: POST https://api.telegram.org/bot7093436536:AAEvjyOBDmUYkoOkO2zxZnzplRy8Thhz0Ps/getUpdates "HTTP/1.1 200 OK"
2025-05-23 07:31:46,167 - httpx - INFO - HTTP Request: POST https://api.telegram.org/bot7093436536:AAEvjyOBDmUYkoOkO2zxZnzplRy8Thhz0Ps/getUpdates "HTTP/1.1 200 OK"
2025-05-23 07:31:56,251 - httpx - INFO - HTTP Request: POST https://api.telegram.org/bot7093436536:AAEvjyOBDmUYkoOkO2zxZnzplRy8Thhz0Ps/getUpdates "HTTP/1.1 200 OK"
2025-05-23 07:32:06,335 - httpx - INFO - HTTP Request: POST https://api.telegram.org/bot7093436536:AAEvjyOBDmUYkoOkO2zxZnzplRy8Thhz0Ps/getUpdates "HTTP/1.1 200 OK"
2025-05-23 07:32:16,418 - httpx - INFO - HTTP Request: POST https://api.telegram.org/bot7093436536:AAEvjyOBDmUYkoOkO2zxZnzplRy8Thhz0Ps/getUpdates "HTTP/1.1 200 OK"
2025-05-23 07:32:26,503 - httpx - INFO - HTTP Request: POST https://api.telegram.org/bot7093436536:AAEvjyOBDmUYkoOkO2zxZnzplRy8Thhz0Ps/getUpdates "HTTP/1.1 200 OK"
2025-05-23 07:32:36,587 - httpx - INFO - HTTP Request: POST https://api.telegram.org/bot7093436536:AAEvjyOBDmUYkoOkO2zxZnzplRy8Thhz0Ps/getUpdates "HTTP/1.1 200 OK"
2025-05-23 07:32:46,670 - httpx - INFO - HTTP Request: POST https://api.telegram.org/bot7093436536:AAEvjyOBDmUYkoOkO2zxZnzplRy8Thhz0Ps/getUpdates "HTTP/1.1 200 OK"
2025-05-23 07:32:56,755 - httpx - INFO - HTTP Request: POST https://api.telegram.org/bot7093436536:AAEvjyOBDmUYkoOkO2zxZnzplRy8Thhz0Ps/getUpdates "HTTP/1.1 200 OK"
2025-05-23 07:33:06,839 - httpx - INFO - HTTP Request: POST https://api.telegram.org/bot7093436536:AAEvjyOBDmUYkoOkO2zxZnzplRy8Thhz0Ps/getUpdates "HTTP/1.1 200 OK"
2025-05-23 07:33:16,924 - httpx - INFO - HTTP Request: POST https://api.telegram.org/bot7093436536:AAEvjyOBDmUYkoOkO2zxZnzplRy8Thhz0Ps/getUpdates "HTTP/1.1 200 OK"
2025-05-23 07:33:27,010 - httpx - INFO - HTTP Request: POST https://api.telegram.org/bot7093436536:AAEvjyOBDmUYkoOkO2zxZnzplRy8Thhz0Ps/getUpdates "HTTP/1.1 200 OK"
2025-05-23 07:33:37,094 - httpx - INFO - HTTP Request: POST https://api.telegram.org/bot7093436536:AAEvjyOBDmUYkoOkO2zxZnzplRy8Thhz0Ps/getUpdates "HTTP/1.1 200 OK"
2025-05-23 07:33:47,178 - httpx - INFO - HTTP Request: POST https://api.telegram.org/bot7093436536:AAEvjyOBDmUYkoOkO2zxZnzplRy8Thhz0Ps/getUpdates "HTTP/1.1 200 OK"
2025-05-23 07:33:57,260 - httpx - INFO - HTTP Request: POST https://api.telegram.org/bot7093436536:AAEvjyOBDmUYkoOkO2zxZnzplRy8Thhz0Ps/getUpdates "HTTP/1.1 200 OK"
2025-05-23 07:34:07,345 - httpx - INFO - HTTP Request: POST https://api.telegram.org/bot7093436536:AAEvjyOBDmUYkoOkO2zxZnzplRy8Thhz0Ps/getUpdates "HTTP/1.1 200 OK"
2025-05-23 07:34:17,429 - httpx - INFO - HTTP Request: POST https://api.telegram.org/bot7093436536:AAEvjyOBDmUYkoOkO2zxZnzplRy8Thhz0Ps/getUpdates "HTTP/1.1 200 OK"
2025-05-23 07:34:27,514 - httpx - INFO - HTTP Request: POST https://api.telegram.org/bot7093436536:AAEvjyOBDmUYkoOkO2zxZnzplRy8Thhz0Ps/getUpdates "HTTP/1.1 200 OK"
2025-05-23 07:34:37,600 - httpx - INFO - HTTP Request: POST https://api.telegram.org/bot7093436536:AAEvjyOBDmUYkoOkO2zxZnzplRy8Thhz0Ps/getUpdates "HTTP/1.1 200 OK"
2025-05-23 07:34:47,685 - httpx - INFO - HTTP Request: POST https://api.telegram.org/bot7093436536:AAEvjyOBDmUYkoOkO2zxZnzplRy8Thhz0Ps/getUpdates "HTTP/1.1 200 OK"
2025-05-23 07:34:57,769 - httpx - INFO - HTTP Request: POST https://api.telegram.org/bot7093436536:AAEvjyOBDmUYkoOkO2zxZnzplRy8Thhz0Ps/getUpdates "HTTP/1.1 200 OK"
2025-05-23 07:35:07,853 - httpx - INFO - HTTP Request: POST https://api.telegram.org/bot7093436536:AAEvjyOBDmUYkoOkO2zxZnzplRy8Thhz0Ps/getUpdates "HTTP/1.1 200 OK"
2025-05-23 07:35:17,936 - httpx - INFO - HTTP Request: POST https://api.telegram.org/bot7093436536:AAEvjyOBDmUYkoOkO2zxZnzplRy8Thhz0Ps/getUpdates "HTTP/1.1 200 OK"
2025-05-23 07:35:28,021 - httpx - INFO - HTTP Request: POST https://api.telegram.org/bot7093436536:AAEvjyOBDmUYkoOkO2zxZnzplRy8Thhz0Ps/getUpdates "HTTP/1.1 200 OK"
2025-05-23 07:35:38,105 - httpx - INFO - HTTP Request: POST https://api.telegram.org/bot7093436536:AAEvjyOBDmUYkoOkO2zxZnzplRy8Thhz0Ps/getUpdates "HTTP/1.1 200 OK"
2025-05-23 07:35:48,191 - httpx - INFO - HTTP Request: POST https://api.telegram.org/bot7093436536:AAEvjyOBDmUYkoOkO2zxZnzplRy8Thhz0Ps/getUpdates "HTTP/1.1 200 OK"
2025-05-23 07:35:58,276 - httpx - INFO - HTTP Request: POST https://api.telegram.org/bot7093436536:AAEvjyOBDmUYkoOkO2zxZnzplRy8Thhz0Ps/getUpdates "HTTP/1.1 200 OK"
2025-05-23 07:36:08,359 - httpx - INFO - HTTP Request: POST https://api.telegram.org/bot7093436536:AAEvjyOBDmUYkoOkO2zxZnzplRy8Thhz0Ps/getUpdates "HTTP/1.1 200 OK"
2025-05-23 07:36:18,628 - httpx - INFO - HTTP Request: POST https://api.telegram.org/bot7093436536:AAEvjyOBDmUYkoOkO2zxZnzplRy8Thhz0Ps/getUpdates "HTTP/1.1 200 OK"
2025-05-23 07:36:28,719 - httpx - INFO - HTTP Request: POST https://api.telegram.org/bot7093436536:AAEvjyOBDmUYkoOkO2zxZnzplRy8Thhz0Ps/getUpdates "HTTP/1.1 200 OK"
2025-05-23 07:36:38,811 - httpx - INFO - HTTP Request: POST https://api.telegram.org/bot7093436536:AAEvjyOBDmUYkoOkO2zxZnzplRy8Thhz0Ps/getUpdates "HTTP/1.1 200 OK"
2025-05-23 07:36:48,907 - httpx - INFO - HTTP Request: POST https://api.telegram.org/bot7093436536:AAEvjyOBDmUYkoOkO2zxZnzplRy8Thhz0Ps/getUpdates "HTTP/1.1 200 OK"
2025-05-23 07:36:58,996 - httpx - INFO - HTTP Request: POST https://api.telegram.org/bot7093436536:AAEvjyOBDmUYkoOkO2zxZnzplRy8Thhz0Ps/getUpdates "HTTP/1.1 200 OK"
2025-05-23 07:37:09,088 - httpx - INFO - HTTP Request: POST https://api.telegram.org/bot7093436536:AAEvjyOBDmUYkoOkO2zxZnzplRy8Thhz0Ps/getUpdates "HTTP/1.1 200 OK"
2025-05-23 07:37:19,178 - httpx - INFO - HTTP Request: POST https://api.telegram.org/bot7093436536:AAEvjyOBDmUYkoOkO2zxZnzplRy8Thhz0Ps/getUpdates "HTTP/1.1 200 OK"
2025-05-23 07:37:29,285 - httpx - INFO - HTTP Request: POST https://api.telegram.org/bot7093436536:AAEvjyOBDmUYkoOkO2zxZnzplRy8Thhz0Ps/getUpdates "HTTP/1.1 200 OK"
2025-05-23 07:37:39,379 - httpx - INFO - HTTP Request: POST https://api.telegram.org/bot7093436536:AAEvjyOBDmUYkoOkO2zxZnzplRy8Thhz0Ps/getUpdates "HTTP/1.1 200 OK"
2025-05-23 07:37:49,474 - httpx - INFO - HTTP Request: POST https://api.telegram.org/bot7093436536:AAEvjyOBDmUYkoOkO2zxZnzplRy8Thhz0Ps/getUpdates "HTTP/1.1 200 OK"
2025-05-23 07:37:59,565 - httpx - INFO - HTTP Request: POST https://api.telegram.org/bot7093436536:AAEvjyOBDmUYkoOkO2zxZnzplRy8Thhz0Ps/getUpdates "HTTP/1.1 200 OK"
2025-05-23 07:38:09,656 - httpx - INFO - HTTP Request: POST https://api.telegram.org/bot7093436536:AAEvjyOBDmUYkoOkO2zxZnzplRy8Thhz0Ps/getUpdates "HTTP/1.1 200 OK"
2025-05-23 07:38:19,745 - httpx - INFO - HTTP Request: POST https://api.telegram.org/bot7093436536:AAEvjyOBDmUYkoOkO2zxZnzplRy8Thhz0Ps/getUpdates "HTTP/1.1 200 OK"
2025-05-23 07:38:29,838 - httpx - INFO - HTTP Request: POST https://api.telegram.org/bot7093436536:AAEvjyOBDmUYkoOkO2zxZnzplRy8Thhz0Ps/getUpdates "HTTP/1.1 200 OK"
2025-05-23 07:38:39,928 - httpx - INFO - HTTP Request: POST https://api.telegram.org/bot7093436536:AAEvjyOBDmUYkoOkO2zxZnzplRy8Thhz0Ps/getUpdates "HTTP/1.1 200 OK"
2025-05-23 07:38:50,022 - httpx - INFO - HTTP Request: POST https://api.telegram.org/bot7093436536:AAEvjyOBDmUYkoOkO2zxZnzplRy8Thhz0Ps/getUpdates "HTTP/1.1 200 OK"
2025-05-23 07:39:00,112 - httpx - INFO - HTTP Request: POST https://api.telegram.org/bot7093436536:AAEvjyOBDmUYkoOkO2zxZnzplRy8Thhz0Ps/getUpdates "HTTP/1.1 200 OK"
2025-05-23 07:39:10,205 - httpx - INFO - HTTP Request: POST https://api.telegram.org/bot7093436536:AAEvjyOBDmUYkoOkO2zxZnzplRy8Thhz0Ps/getUpdates "HTTP/1.1 200 OK"
2025-05-23 07:39:20,295 - httpx - INFO - HTTP Request: POST https://api.telegram.org/bot7093436536:AAEvjyOBDmUYkoOkO2zxZnzplRy8Thhz0Ps/getUpdates "HTTP/1.1 200 OK"
2025-05-23 07:39:30,386 - httpx - INFO - HTTP Request: POST https://api.telegram.org/bot7093436536:AAEvjyOBDmUYkoOkO2zxZnzplRy8Thhz0Ps/getUpdates "HTTP/1.1 200 OK"
2025-05-23 07:39:40,478 - httpx - INFO - HTTP Request: POST https://api.telegram.org/bot7093436536:AAEvjyOBDmUYkoOkO2zxZnzplRy8Thhz0Ps/getUpdates "HTTP/1.1 200 OK"
2025-05-23 07:39:50,568 - httpx - INFO - HTTP Request: POST https://api.telegram.org/bot7093436536:AAEvjyOBDmUYkoOkO2zxZnzplRy8Thhz0Ps/getUpdates "HTTP/1.1 200 OK"
2025-05-23 07:40:00,658 - httpx - INFO - HTTP Request: POST https://api.telegram.org/bot7093436536:AAEvjyOBDmUYkoOkO2zxZnzplRy8Thhz0Ps/getUpdates "HTTP/1.1 200 OK"
2025-05-23 07:40:10,748 - httpx - INFO - HTTP Request: POST https://api.telegram.org/bot7093436536:AAEvjyOBDmUYkoOkO2zxZnzplRy8Thhz0Ps/getUpdates "HTTP/1.1 200 OK"
2025-05-23 07:40:20,841 - httpx - INFO - HTTP Request: POST https://api.telegram.org/bot7093436536:AAEvjyOBDmUYkoOkO2zxZnzplRy8Thhz0Ps/getUpdates "HTTP/1.1 200 OK"
2025-05-23 07:40:30,930 - httpx - INFO - HTTP Request: POST https://api.telegram.org/bot7093436536:AAEvjyOBDmUYkoOkO2zxZnzplRy8Thhz0Ps/getUpdates "HTTP/1.1 200 OK"
2025-05-23 07:40:41,019 - httpx - INFO - HTTP Request: POST https://api.telegram.org/bot7093436536:AAEvjyOBDmUYkoOkO2zxZnzplRy8Thhz0Ps/getUpdates "HTTP/1.1 200 OK"
2025-05-23 07:40:51,110 - httpx - INFO - HTTP Request: POST https://api.telegram.org/bot7093436536:AAEvjyOBDmUYkoOkO2zxZnzplRy8Thhz0Ps/getUpdates "HTTP/1.1 200 OK"
2025-05-23 07:41:01,202 - httpx - INFO - HTTP Request: POST https://api.telegram.org/bot7093436536:AAEvjyOBDmUYkoOkO2zxZnzplRy8Thhz0Ps/getUpdates "HTTP/1.1 200 OK"
2025-05-23 07:41:11,291 - httpx - INFO - HTTP Request: POST https://api.telegram.org/bot7093436536:AAEvjyOBDmUYkoOkO2zxZnzplRy8Thhz0Ps/getUpdates "HTTP/1.1 200 OK"
2025-05-23 07:41:21,383 - httpx - INFO - HTTP Request: POST https://api.telegram.org/bot7093436536:AAEvjyOBDmUYkoOkO2zxZnzplRy8Thhz0Ps/getUpdates "HTTP/1.1 200 OK"
2025-05-23 07:41:31,478 - httpx - INFO - HTTP Request: POST https://api.telegram.org/bot7093436536:AAEvjyOBDmUYkoOkO2zxZnzplRy8Thhz0Ps/getUpdates "HTTP/1.1 200 OK"
2025-05-23 07:41:41,569 - httpx - INFO - HTTP Request: POST https://api.telegram.org/bot7093436536:AAEvjyOBDmUYkoOkO2zxZnzplRy8Thhz0Ps/getUpdates "HTTP/1.1 200 OK"
2025-05-23 07:41:51,661 - httpx - INFO - HTTP Request: POST https://api.telegram.org/bot7093436536:AAEvjyOBDmUYkoOkO2zxZnzplRy8Thhz0Ps/getUpdates "HTTP/1.1 200 OK"
2025-05-23 07:42:01,754 - httpx - INFO - HTTP Request: POST https://api.telegram.org/bot7093436536:AAEvjyOBDmUYkoOkO2zxZnzplRy8Thhz0Ps/getUpdates "HTTP/1.1 200 OK"
2025-05-23 07:42:11,843 - httpx - INFO - HTTP Request: POST https://api.telegram.org/bot7093436536:AAEvjyOBDmUYkoOkO2zxZnzplRy8Thhz0Ps/getUpdates "HTTP/1.1 200 OK"
2025-05-23 07:42:21,935 - httpx - INFO - HTTP Request: POST https://api.telegram.org/bot7093436536:AAEvjyOBDmUYkoOkO2zxZnzplRy8Thhz0Ps/getUpdates "HTTP/1.1 200 OK"
2025-05-23 07:42:32,031 - httpx - INFO - HTTP Request: POST https://api.telegram.org/bot7093436536:AAEvjyOBDmUYkoOkO2zxZnzplRy8Thhz0Ps/getUpdates "HTTP/1.1 200 OK"
2025-05-23 07:42:42,124 - httpx - INFO - HTTP Request: POST https://api.telegram.org/bot7093436536:AAEvjyOBDmUYkoOkO2zxZnzplRy8Thhz0Ps/getUpdates "HTTP/1.1 200 OK"
2025-05-23 07:42:52,215 - httpx - INFO - HTTP Request: POST https://api.telegram.org/bot7093436536:AAEvjyOBDmUYkoOkO2zxZnzplRy8Thhz0Ps/getUpdates "HTTP/1.1 200 OK"
2025-05-23 07:43:02,306 - httpx - INFO - HTTP Request: POST https://api.telegram.org/bot7093436536:AAEvjyOBDmUYkoOkO2zxZnzplRy8Thhz0Ps/getUpdates "HTTP/1.1 200 OK"
2025-05-23 07:43:12,401 - httpx - INFO - HTTP Request: POST https://api.telegram.org/bot7093436536:AAEvjyOBDmUYkoOkO2zxZnzplRy8Thhz0Ps/getUpdates "HTTP/1.1 200 OK"
2025-05-23 07:43:22,492 - httpx - INFO - HTTP Request: POST https://api.telegram.org/bot7093436536:AAEvjyOBDmUYkoOkO2zxZnzplRy8Thhz0Ps/getUpdates "HTTP/1.1 200 OK"
2025-05-23 07:43:32,584 - httpx - INFO - HTTP Request: POST https://api.telegram.org/bot7093436536:AAEvjyOBDmUYkoOkO2zxZnzplRy8Thhz0Ps/getUpdates "HTTP/1.1 200 OK"
2025-05-23 07:43:42,676 - httpx - INFO - HTTP Request: POST https://api.telegram.org/bot7093436536:AAEvjyOBDmUYkoOkO2zxZnzplRy8Thhz0Ps/getUpdates "HTTP/1.1 200 OK"
2025-05-23 07:43:52,767 - httpx - INFO - HTTP Request: POST https://api.telegram.org/bot7093436536:AAEvjyOBDmUYkoOkO2zxZnzplRy8Thhz0Ps/getUpdates "HTTP/1.1 200 OK"
2025-05-23 07:44:02,857 - httpx - INFO - HTTP Request: POST https://api.telegram.org/bot7093436536:AAEvjyOBDmUYkoOkO2zxZnzplRy8Thhz0Ps/getUpdates "HTTP/1.1 200 OK"
2025-05-23 07:44:12,947 - httpx - INFO - HTTP Request: POST https://api.telegram.org/bot7093436536:AAEvjyOBDmUYkoOkO2zxZnzplRy8Thhz0Ps/getUpdates "HTTP/1.1 200 OK"
2025-05-23 07:44:23,038 - httpx - INFO - HTTP Request: POST https://api.telegram.org/bot7093436536:AAEvjyOBDmUYkoOkO2zxZnzplRy8Thhz0Ps/getUpdates "HTTP/1.1 200 OK"
2025-05-23 07:44:33,129 - httpx - INFO - HTTP Request: POST https://api.telegram.org/bot7093436536:AAEvjyOBDmUYkoOkO2zxZnzplRy8Thhz0Ps/getUpdates "HTTP/1.1 200 OK"
2025-05-23 07:44:43,223 - httpx - INFO - HTTP Request: POST https://api.telegram.org/bot7093436536:AAEvjyOBDmUYkoOkO2zxZnzplRy8Thhz0Ps/getUpdates "HTTP/1.1 200 OK"
2025-05-23 07:44:53,316 - httpx - INFO - HTTP Request: POST https://api.telegram.org/bot7093436536:AAEvjyOBDmUYkoOkO2zxZnzplRy8Thhz0Ps/getUpdates "HTTP/1.1 200 OK"
2025-05-23 07:45:03,409 - httpx - INFO - HTTP Request: POST https://api.telegram.org/bot7093436536:AAEvjyOBDmUYkoOkO2zxZnzplRy8Thhz0Ps/getUpdates "HTTP/1.1 200 OK"
2025-05-23 07:45:13,499 - httpx - INFO - HTTP Request: POST https://api.telegram.org/bot7093436536:AAEvjyOBDmUYkoOkO2zxZnzplRy8Thhz0Ps/getUpdates "HTTP/1.1 200 OK"
2025-05-23 07:45:23,589 - httpx - INFO - HTTP Request: POST https://api.telegram.org/bot7093436536:AAEvjyOBDmUYkoOkO2zxZnzplRy8Thhz0Ps/getUpdates "HTTP/1.1 200 OK"
2025-05-23 07:45:33,679 - httpx - INFO - HTTP Request: POST https://api.telegram.org/bot7093436536:AAEvjyOBDmUYkoOkO2zxZnzplRy8Thhz0Ps/getUpdates "HTTP/1.1 200 OK"
2025-05-23 07:45:43,769 - httpx - INFO - HTTP Request: POST https://api.telegram.org/bot7093436536:AAEvjyOBDmUYkoOkO2zxZnzplRy8Thhz0Ps/getUpdates "HTTP/1.1 200 OK"
2025-05-23 07:45:53,860 - httpx - INFO - HTTP Request: POST https://api.telegram.org/bot7093436536:AAEvjyOBDmUYkoOkO2zxZnzplRy8Thhz0Ps/getUpdates "HTTP/1.1 200 OK"
2025-05-23 07:46:03,949 - httpx - INFO - HTTP Request: POST https://api.telegram.org/bot7093436536:AAEvjyOBDmUYkoOkO2zxZnzplRy8Thhz0Ps/getUpdates "HTTP/1.1 200 OK"
2025-05-23 07:46:14,039 - httpx - INFO - HTTP Request: POST https://api.telegram.org/bot7093436536:AAEvjyOBDmUYkoOkO2zxZnzplRy8Thhz0Ps/getUpdates "HTTP/1.1 200 OK"
2025-05-23 07:46:24,139 - httpx - INFO - HTTP Request: POST https://api.telegram.org/bot7093436536:AAEvjyOBDmUYkoOkO2zxZnzplRy8Thhz0Ps/getUpdates "HTTP/1.1 200 OK"
2025-05-23 07:46:34,230 - httpx - INFO - HTTP Request: POST https://api.telegram.org/bot7093436536:AAEvjyOBDmUYkoOkO2zxZnzplRy8Thhz0Ps/getUpdates "HTTP/1.1 200 OK"
2025-05-23 07:46:44,321 - httpx - INFO - HTTP Request: POST https://api.telegram.org/bot7093436536:AAEvjyOBDmUYkoOkO2zxZnzplRy8Thhz0Ps/getUpdates "HTTP/1.1 200 OK"
2025-05-23 07:46:54,411 - httpx - INFO - HTTP Request: POST https://api.telegram.org/bot7093436536:AAEvjyOBDmUYkoOkO2zxZnzplRy8Thhz0Ps/getUpdates "HTTP/1.1 200 OK"
2025-05-23 07:47:04,502 - httpx - INFO - HTTP Request: POST https://api.telegram.org/bot7093436536:AAEvjyOBDmUYkoOkO2zxZnzplRy8Thhz0Ps/getUpdates "HTTP/1.1 200 OK"
2025-05-23 07:47:14,593 - httpx - INFO - HTTP Request: POST https://api.telegram.org/bot7093436536:AAEvjyOBDmUYkoOkO2zxZnzplRy8Thhz0Ps/getUpdates "HTTP/1.1 200 OK"
2025-05-23 07:47:24,685 - httpx - INFO - HTTP Request: POST https://api.telegram.org/bot7093436536:AAEvjyOBDmUYkoOkO2zxZnzplRy8Thhz0Ps/getUpdates "HTTP/1.1 200 OK"
2025-05-23 07:47:34,777 - httpx - INFO - HTTP Request: POST https://api.telegram.org/bot7093436536:AAEvjyOBDmUYkoOkO2zxZnzplRy8Thhz0Ps/getUpdates "HTTP/1.1 200 OK"
2025-05-23 07:47:44,866 - httpx - INFO - HTTP Request: POST https://api.telegram.org/bot7093436536:AAEvjyOBDmUYkoOkO2zxZnzplRy8Thhz0Ps/getUpdates "HTTP/1.1 200 OK"
2025-05-23 07:47:54,955 - httpx - INFO - HTTP Request: POST https://api.telegram.org/bot7093436536:AAEvjyOBDmUYkoOkO2zxZnzplRy8Thhz0Ps/getUpdates "HTTP/1.1 200 OK"
2025-05-23 07:48:05,046 - httpx - INFO - HTTP Request: POST https://api.telegram.org/bot7093436536:AAEvjyOBDmUYkoOkO2zxZnzplRy8Thhz0Ps/getUpdates "HTTP/1.1 200 OK"
2025-05-23 07:48:15,139 - httpx - INFO - HTTP Request: POST https://api.telegram.org/bot7093436536:AAEvjyOBDmUYkoOkO2zxZnzplRy8Thhz0Ps/getUpdates "HTTP/1.1 200 OK"
2025-05-23 07:48:25,230 - httpx - INFO - HTTP Request: POST https://api.telegram.org/bot7093436536:AAEvjyOBDmUYkoOkO2zxZnzplRy8Thhz0Ps/getUpdates "HTTP/1.1 200 OK"
2025-05-23 07:48:35,320 - httpx - INFO - HTTP Request: POST https://api.telegram.org/bot7093436536:AAEvjyOBDmUYkoOkO2zxZnzplRy8Thhz0Ps/getUpdates "HTTP/1.1 200 OK"
2025-05-23 07:48:45,412 - httpx - INFO - HTTP Request: POST https://api.telegram.org/bot7093436536:AAEvjyOBDmUYkoOkO2zxZnzplRy8Thhz0Ps/getUpdates "HTTP/1.1 200 OK"
2025-05-23 07:48:55,501 - httpx - INFO - HTTP Request: POST https://api.telegram.org/bot7093436536:AAEvjyOBDmUYkoOkO2zxZnzplRy8Thhz0Ps/getUpdates "HTTP/1.1 200 OK"
2025-05-23 07:49:05,591 - httpx - INFO - HTTP Request: POST https://api.telegram.org/bot7093436536:AAEvjyOBDmUYkoOkO2zxZnzplRy8Thhz0Ps/getUpdates "HTTP/1.1 200 OK"
2025-05-23 07:49:15,680 - httpx - INFO - HTTP Request: POST https://api.telegram.org/bot7093436536:AAEvjyOBDmUYkoOkO2zxZnzplRy8Thhz0Ps/getUpdates "HTTP/1.1 200 OK"
2025-05-23 07:49:25,774 - httpx - INFO - HTTP Request: POST https://api.telegram.org/bot7093436536:AAEvjyOBDmUYkoOkO2zxZnzplRy8Thhz0Ps/getUpdates "HTTP/1.1 200 OK"
2025-05-23 07:49:35,867 - httpx - INFO - HTTP Request: POST https://api.telegram.org/bot7093436536:AAEvjyOBDmUYkoOkO2zxZnzplRy8Thhz0Ps/getUpdates "HTTP/1.1 200 OK"
2025-05-23 07:49:46,048 - httpx - INFO - HTTP Request: POST https://api.telegram.org/bot7093436536:AAEvjyOBDmUYkoOkO2zxZnzplRy8Thhz0Ps/getUpdates "HTTP/1.1 200 OK"
2025-05-23 07:49:56,143 - httpx - INFO - HTTP Request: POST https://api.telegram.org/bot7093436536:AAEvjyOBDmUYkoOkO2zxZnzplRy8Thhz0Ps/getUpdates "HTTP/1.1 200 OK"
2025-05-23 07:50:06,232 - httpx - INFO - HTTP Request: POST https://api.telegram.org/bot7093436536:AAEvjyOBDmUYkoOkO2zxZnzplRy8Thhz0Ps/getUpdates "HTTP/1.1 200 OK"
2025-05-23 07:50:16,346 - httpx - INFO - HTTP Request: POST https://api.telegram.org/bot7093436536:AAEvjyOBDmUYkoOkO2zxZnzplRy8Thhz0Ps/getUpdates "HTTP/1.1 200 OK"
2025-05-23 07:50:26,441 - httpx - INFO - HTTP Request: POST https://api.telegram.org/bot7093436536:AAEvjyOBDmUYkoOkO2zxZnzplRy8Thhz0Ps/getUpdates "HTTP/1.1 200 OK"
2025-05-23 07:50:36,533 - httpx - INFO - HTTP Request: POST https://api.telegram.org/bot7093436536:AAEvjyOBDmUYkoOkO2zxZnzplRy8Thhz0Ps/getUpdates "HTTP/1.1 200 OK"
2025-05-23 07:50:46,624 - httpx - INFO - HTTP Request: POST https://api.telegram.org/bot7093436536:AAEvjyOBDmUYkoOkO2zxZnzplRy8Thhz0Ps/getUpdates "HTTP/1.1 200 OK"
2025-05-23 07:50:56,713 - httpx - INFO - HTTP Request: POST https://api.telegram.org/bot7093436536:AAEvjyOBDmUYkoOkO2zxZnzplRy8Thhz0Ps/getUpdates "HTTP/1.1 200 OK"
2025-05-23 07:51:06,804 - httpx - INFO - HTTP Request: POST https://api.telegram.org/bot7093436536:AAEvjyOBDmUYkoOkO2zxZnzplRy8Thhz0Ps/getUpdates "HTTP/1.1 200 OK"
2025-05-23 07:51:16,893 - httpx - INFO - HTTP Request: POST https://api.telegram.org/bot7093436536:AAEvjyOBDmUYkoOkO2zxZnzplRy8Thhz0Ps/getUpdates "HTTP/1.1 200 OK"
2025-05-23 07:51:26,983 - httpx - INFO - HTTP Request: POST https://api.telegram.org/bot7093436536:AAEvjyOBDmUYkoOkO2zxZnzplRy8Thhz0Ps/getUpdates "HTTP/1.1 200 OK"
2025-05-23 07:51:37,076 - httpx - INFO - HTTP Request: POST https://api.telegram.org/bot7093436536:AAEvjyOBDmUYkoOkO2zxZnzplRy8Thhz0Ps/getUpdates "HTTP/1.1 200 OK"
2025-05-23 07:51:47,166 - httpx - INFO - HTTP Request: POST https://api.telegram.org/bot7093436536:AAEvjyOBDmUYkoOkO2zxZnzplRy8Thhz0Ps/getUpdates "HTTP/1.1 200 OK"
2025-05-23 07:51:57,257 - httpx - INFO - HTTP Request: POST https://api.telegram.org/bot7093436536:AAEvjyOBDmUYkoOkO2zxZnzplRy8Thhz0Ps/getUpdates "HTTP/1.1 200 OK"
2025-05-23 07:52:07,348 - httpx - INFO - HTTP Request: POST https://api.telegram.org/bot7093436536:AAEvjyOBDmUYkoOkO2zxZnzplRy8Thhz0Ps/getUpdates "HTTP/1.1 200 OK"
2025-05-23 07:52:17,437 - httpx - INFO - HTTP Request: POST https://api.telegram.org/bot7093436536:AAEvjyOBDmUYkoOkO2zxZnzplRy8Thhz0Ps/getUpdates "HTTP/1.1 200 OK"
2025-05-23 07:52:27,527 - httpx - INFO - HTTP Request: POST https://api.telegram.org/bot7093436536:AAEvjyOBDmUYkoOkO2zxZnzplRy8Thhz0Ps/getUpdates "HTTP/1.1 200 OK"
2025-05-23 07:52:37,616 - httpx - INFO - HTTP Request: POST https://api.telegram.org/bot7093436536:AAEvjyOBDmUYkoOkO2zxZnzplRy8Thhz0Ps/getUpdates "HTTP/1.1 200 OK"
2025-05-23 07:52:47,707 - httpx - INFO - HTTP Request: POST https://api.telegram.org/bot7093436536:AAEvjyOBDmUYkoOkO2zxZnzplRy8Thhz0Ps/getUpdates "HTTP/1.1 200 OK"
2025-05-23 07:52:57,796 - httpx - INFO - HTTP Request: POST https://api.telegram.org/bot7093436536:AAEvjyOBDmUYkoOkO2zxZnzplRy8Thhz0Ps/getUpdates "HTTP/1.1 200 OK"
2025-05-23 07:53:08,068 - httpx - INFO - HTTP Request: POST https://api.telegram.org/bot7093436536:AAEvjyOBDmUYkoOkO2zxZnzplRy8Thhz0Ps/getUpdates "HTTP/1.1 200 OK"
2025-05-23 07:53:18,157 - httpx - INFO - HTTP Request: POST https://api.telegram.org/bot7093436536:AAEvjyOBDmUYkoOkO2zxZnzplRy8Thhz0Ps/getUpdates "HTTP/1.1 200 OK"
2025-05-23 07:53:28,246 - httpx - INFO - HTTP Request: POST https://api.telegram.org/bot7093436536:AAEvjyOBDmUYkoOkO2zxZnzplRy8Thhz0Ps/getUpdates "HTTP/1.1 200 OK"
2025-05-23 07:53:38,334 - httpx - INFO - HTTP Request: POST https://api.telegram.org/bot7093436536:AAEvjyOBDmUYkoOkO2zxZnzplRy8Thhz0Ps/getUpdates "HTTP/1.1 200 OK"
2025-05-23 07:53:48,421 - httpx - INFO - HTTP Request: POST https://api.telegram.org/bot7093436536:AAEvjyOBDmUYkoOkO2zxZnzplRy8Thhz0Ps/getUpdates "HTTP/1.1 200 OK"
2025-05-23 07:53:58,513 - httpx - INFO - HTTP Request: POST https://api.telegram.org/bot7093436536:AAEvjyOBDmUYkoOkO2zxZnzplRy8Thhz0Ps/getUpdates "HTTP/1.1 200 OK"
2025-05-23 07:54:08,609 - httpx - INFO - HTTP Request: POST https://api.telegram.org/bot7093436536:AAEvjyOBDmUYkoOkO2zxZnzplRy8Thhz0Ps/getUpdates "HTTP/1.1 200 OK"
2025-05-23 07:54:18,698 - httpx - INFO - HTTP Request: POST https://api.telegram.org/bot7093436536:AAEvjyOBDmUYkoOkO2zxZnzplRy8Thhz0Ps/getUpdates "HTTP/1.1 200 OK"
2025-05-23 07:54:28,801 - httpx - INFO - HTTP Request: POST https://api.telegram.org/bot7093436536:AAEvjyOBDmUYkoOkO2zxZnzplRy8Thhz0Ps/getUpdates "HTTP/1.1 200 OK"
2025-05-23 07:54:38,889 - httpx - INFO - HTTP Request: POST https://api.telegram.org/bot7093436536:AAEvjyOBDmUYkoOkO2zxZnzplRy8Thhz0Ps/getUpdates "HTTP/1.1 200 OK"
2025-05-23 07:54:48,976 - httpx - INFO - HTTP Request: POST https://api.telegram.org/bot7093436536:AAEvjyOBDmUYkoOkO2zxZnzplRy8Thhz0Ps/getUpdates "HTTP/1.1 200 OK"
2025-05-23 07:54:59,066 - httpx - INFO - HTTP Request: POST https://api.telegram.org/bot7093436536:AAEvjyOBDmUYkoOkO2zxZnzplRy8Thhz0Ps/getUpdates "HTTP/1.1 200 OK"
2025-05-23 07:55:09,156 - httpx - INFO - HTTP Request: POST https://api.telegram.org/bot7093436536:AAEvjyOBDmUYkoOkO2zxZnzplRy8Thhz0Ps/getUpdates "HTTP/1.1 200 OK"
2025-05-23 07:55:19,245 - httpx - INFO - HTTP Request: POST https://api.telegram.org/bot7093436536:AAEvjyOBDmUYkoOkO2zxZnzplRy8Thhz0Ps/getUpdates "HTTP/1.1 200 OK"
2025-05-23 07:55:29,335 - httpx - INFO - HTTP Request: POST https://api.telegram.org/bot7093436536:AAEvjyOBDmUYkoOkO2zxZnzplRy8Thhz0Ps/getUpdates "HTTP/1.1 200 OK"
2025-05-23 07:55:39,425 - httpx - INFO - HTTP Request: POST https://api.telegram.org/bot7093436536:AAEvjyOBDmUYkoOkO2zxZnzplRy8Thhz0Ps/getUpdates "HTTP/1.1 200 OK"
2025-05-23 07:55:49,513 - httpx - INFO - HTTP Request: POST https://api.telegram.org/bot7093436536:AAEvjyOBDmUYkoOkO2zxZnzplRy8Thhz0Ps/getUpdates "HTTP/1.1 200 OK"
2025-05-23 07:55:59,603 - httpx - INFO - HTTP Request: POST https://api.telegram.org/bot7093436536:AAEvjyOBDmUYkoOkO2zxZnzplRy8Thhz0Ps/getUpdates "HTTP/1.1 200 OK"
2025-05-23 07:56:09,694 - httpx - INFO - HTTP Request: POST https://api.telegram.org/bot7093436536:AAEvjyOBDmUYkoOkO2zxZnzplRy8Thhz0Ps/getUpdates "HTTP/1.1 200 OK"
2025-05-23 07:56:19,781 - httpx - INFO - HTTP Request: POST https://api.telegram.org/bot7093436536:AAEvjyOBDmUYkoOkO2zxZnzplRy8Thhz0Ps/getUpdates "HTTP/1.1 200 OK"
2025-05-23 07:56:29,873 - httpx - INFO - HTTP Request: POST https://api.telegram.org/bot7093436536:AAEvjyOBDmUYkoOkO2zxZnzplRy8Thhz0Ps/getUpdates "HTTP/1.1 200 OK"
2025-05-23 07:56:39,963 - httpx - INFO - HTTP Request: POST https://api.telegram.org/bot7093436536:AAEvjyOBDmUYkoOkO2zxZnzplRy8Thhz0Ps/getUpdates "HTTP/1.1 200 OK"
2025-05-23 07:56:50,050 - httpx - INFO - HTTP Request: POST https://api.telegram.org/bot7093436536:AAEvjyOBDmUYkoOkO2zxZnzplRy8Thhz0Ps/getUpdates "HTTP/1.1 200 OK"
2025-05-23 07:57:00,145 - httpx - INFO - HTTP Request: POST https://api.telegram.org/bot7093436536:AAEvjyOBDmUYkoOkO2zxZnzplRy8Thhz0Ps/getUpdates "HTTP/1.1 200 OK"
2025-05-23 07:57:10,280 - httpx - INFO - HTTP Request: POST https://api.telegram.org/bot7093436536:AAEvjyOBDmUYkoOkO2zxZnzplRy8Thhz0Ps/getUpdates "HTTP/1.1 200 OK"
2025-05-23 07:57:20,370 - httpx - INFO - HTTP Request: POST https://api.telegram.org/bot7093436536:AAEvjyOBDmUYkoOkO2zxZnzplRy8Thhz0Ps/getUpdates "HTTP/1.1 200 OK"
2025-05-23 07:57:30,459 - httpx - INFO - HTTP Request: POST https://api.telegram.org/bot7093436536:AAEvjyOBDmUYkoOkO2zxZnzplRy8Thhz0Ps/getUpdates "HTTP/1.1 200 OK"
2025-05-23 07:57:40,550 - httpx - INFO - HTTP Request: POST https://api.telegram.org/bot7093436536:AAEvjyOBDmUYkoOkO2zxZnzplRy8Thhz0Ps/getUpdates "HTTP/1.1 200 OK"
2025-05-23 07:57:50,639 - httpx - INFO - HTTP Request: POST https://api.telegram.org/bot7093436536:AAEvjyOBDmUYkoOkO2zxZnzplRy8Thhz0Ps/getUpdates "HTTP/1.1 200 OK"
2025-05-23 07:58:00,729 - httpx - INFO - HTTP Request: POST https://api.telegram.org/bot7093436536:AAEvjyOBDmUYkoOkO2zxZnzplRy8Thhz0Ps/getUpdates "HTTP/1.1 200 OK"
2025-05-23 07:58:10,819 - httpx - INFO - HTTP Request: POST https://api.telegram.org/bot7093436536:AAEvjyOBDmUYkoOkO2zxZnzplRy8Thhz0Ps/getUpdates "HTTP/1.1 200 OK"
2025-05-23 07:58:20,908 - httpx - INFO - HTTP Request: POST https://api.telegram.org/bot7093436536:AAEvjyOBDmUYkoOkO2zxZnzplRy8Thhz0Ps/getUpdates "HTTP/1.1 200 OK"
2025-05-23 07:58:30,997 - httpx - INFO - HTTP Request: POST https://api.telegram.org/bot7093436536:AAEvjyOBDmUYkoOkO2zxZnzplRy8Thhz0Ps/getUpdates "HTTP/1.1 200 OK"
2025-05-23 07:58:41,090 - httpx - INFO - HTTP Request: POST https://api.telegram.org/bot7093436536:AAEvjyOBDmUYkoOkO2zxZnzplRy8Thhz0Ps/getUpdates "HTTP/1.1 200 OK"
2025-05-23 07:58:51,179 - httpx - INFO - HTTP Request: POST https://api.telegram.org/bot7093436536:AAEvjyOBDmUYkoOkO2zxZnzplRy8Thhz0Ps/getUpdates "HTTP/1.1 200 OK"
2025-05-23 07:59:01,268 - httpx - INFO - HTTP Request: POST https://api.telegram.org/bot7093436536:AAEvjyOBDmUYkoOkO2zxZnzplRy8Thhz0Ps/getUpdates "HTTP/1.1 200 OK"
2025-05-23 07:59:11,356 - httpx - INFO - HTTP Request: POST https://api.telegram.org/bot7093436536:AAEvjyOBDmUYkoOkO2zxZnzplRy8Thhz0Ps/getUpdates "HTTP/1.1 200 OK"
2025-05-23 07:59:21,446 - httpx - INFO - HTTP Request: POST https://api.telegram.org/bot7093436536:AAEvjyOBDmUYkoOkO2zxZnzplRy8Thhz0Ps/getUpdates "HTTP/1.1 200 OK"
2025-05-23 07:59:31,537 - httpx - INFO - HTTP Request: POST https://api.telegram.org/bot7093436536:AAEvjyOBDmUYkoOkO2zxZnzplRy8Thhz0Ps/getUpdates "HTTP/1.1 200 OK"
2025-05-23 07:59:41,626 - httpx - INFO - HTTP Request: POST https://api.telegram.org/bot7093436536:AAEvjyOBDmUYkoOkO2zxZnzplRy8Thhz0Ps/getUpdates "HTTP/1.1 200 OK"
2025-05-23 07:59:51,714 - httpx - INFO - HTTP Request: POST https://api.telegram.org/bot7093436536:AAEvjyOBDmUYkoOkO2zxZnzplRy8Thhz0Ps/getUpdates "HTTP/1.1 200 OK"
2025-05-23 08:00:01,808 - httpx - INFO - HTTP Request: POST https://api.telegram.org/bot7093436536:AAEvjyOBDmUYkoOkO2zxZnzplRy8Thhz0Ps/getUpdates "HTTP/1.1 200 OK"
2025-05-23 08:00:11,898 - httpx - INFO - HTTP Request: POST https://api.telegram.org/bot7093436536:AAEvjyOBDmUYkoOkO2zxZnzplRy8Thhz0Ps/getUpdates "HTTP/1.1 200 OK"
2025-05-23 08:00:21,988 - httpx - INFO - HTTP Request: POST https://api.telegram.org/bot7093436536:AAEvjyOBDmUYkoOkO2zxZnzplRy8Thhz0Ps/getUpdates "HTTP/1.1 200 OK"
2025-05-23 08:00:32,078 - httpx - INFO - HTTP Request: POST https://api.telegram.org/bot7093436536:AAEvjyOBDmUYkoOkO2zxZnzplRy8Thhz0Ps/getUpdates "HTTP/1.1 200 OK"
2025-05-23 08:00:42,167 - httpx - INFO - HTTP Request: POST https://api.telegram.org/bot7093436536:AAEvjyOBDmUYkoOkO2zxZnzplRy8Thhz0Ps/getUpdates "HTTP/1.1 200 OK"
2025-05-23 08:00:52,257 - httpx - INFO - HTTP Request: POST https://api.telegram.org/bot7093436536:AAEvjyOBDmUYkoOkO2zxZnzplRy8Thhz0Ps/getUpdates "HTTP/1.1 200 OK"
2025-05-23 08:01:02,347 - httpx - INFO - HTTP Request: POST https://api.telegram.org/bot7093436536:AAEvjyOBDmUYkoOkO2zxZnzplRy8Thhz0Ps/getUpdates "HTTP/1.1 200 OK"
2025-05-23 08:01:12,440 - httpx - INFO - HTTP Request: POST https://api.telegram.org/bot7093436536:AAEvjyOBDmUYkoOkO2zxZnzplRy8Thhz0Ps/getUpdates "HTTP/1.1 200 OK"
2025-05-23 08:01:22,528 - httpx - INFO - HTTP Request: POST https://api.telegram.org/bot7093436536:AAEvjyOBDmUYkoOkO2zxZnzplRy8Thhz0Ps/getUpdates "HTTP/1.1 200 OK"
2025-05-23 08:01:32,621 - httpx - INFO - HTTP Request: POST https://api.telegram.org/bot7093436536:AAEvjyOBDmUYkoOkO2zxZnzplRy8Thhz0Ps/getUpdates "HTTP/1.1 200 OK"
2025-05-23 08:01:42,709 - httpx - INFO - HTTP Request: POST https://api.telegram.org/bot7093436536:AAEvjyOBDmUYkoOkO2zxZnzplRy8Thhz0Ps/getUpdates "HTTP/1.1 200 OK"
2025-05-23 08:01:52,798 - httpx - INFO - HTTP Request: POST https://api.telegram.org/bot7093436536:AAEvjyOBDmUYkoOkO2zxZnzplRy8Thhz0Ps/getUpdates "HTTP/1.1 200 OK"
2025-05-23 08:02:02,888 - httpx - INFO - HTTP Request: POST https://api.telegram.org/bot7093436536:AAEvjyOBDmUYkoOkO2zxZnzplRy8Thhz0Ps/getUpdates "HTTP/1.1 200 OK"
2025-05-23 08:02:12,995 - httpx - INFO - HTTP Request: POST https://api.telegram.org/bot7093436536:AAEvjyOBDmUYkoOkO2zxZnzplRy8Thhz0Ps/getUpdates "HTTP/1.1 200 OK"
2025-05-23 08:02:23,083 - httpx - INFO - HTTP Request: POST https://api.telegram.org/bot7093436536:AAEvjyOBDmUYkoOkO2zxZnzplRy8Thhz0Ps/getUpdates "HTTP/1.1 200 OK"
2025-05-23 08:02:33,181 - httpx - INFO - HTTP Request: POST https://api.telegram.org/bot7093436536:AAEvjyOBDmUYkoOkO2zxZnzplRy8Thhz0Ps/getUpdates "HTTP/1.1 200 OK"
2025-05-23 08:02:43,268 - httpx - INFO - HTTP Request: POST https://api.telegram.org/bot7093436536:AAEvjyOBDmUYkoOkO2zxZnzplRy8Thhz0Ps/getUpdates "HTTP/1.1 200 OK"
2025-05-23 08:02:53,368 - httpx - INFO - HTTP Request: POST https://api.telegram.org/bot7093436536:AAEvjyOBDmUYkoOkO2zxZnzplRy8Thhz0Ps/getUpdates "HTTP/1.1 200 OK"
2025-05-23 08:03:03,457 - httpx - INFO - HTTP Request: POST https://api.telegram.org/bot7093436536:AAEvjyOBDmUYkoOkO2zxZnzplRy8Thhz0Ps/getUpdates "HTTP/1.1 200 OK"
2025-05-23 08:03:13,564 - httpx - INFO - HTTP Request: POST https://api.telegram.org/bot7093436536:AAEvjyOBDmUYkoOkO2zxZnzplRy8Thhz0Ps/getUpdates "HTTP/1.1 200 OK"
2025-05-23 08:03:23,653 - httpx - INFO - HTTP Request: POST https://api.telegram.org/bot7093436536:AAEvjyOBDmUYkoOkO2zxZnzplRy8Thhz0Ps/getUpdates "HTTP/1.1 200 OK"
2025-05-23 08:03:33,742 - httpx - INFO - HTTP Request: POST https://api.telegram.org/bot7093436536:AAEvjyOBDmUYkoOkO2zxZnzplRy8Thhz0Ps/getUpdates "HTTP/1.1 200 OK"
2025-05-23 08:03:43,831 - httpx - INFO - HTTP Request: POST https://api.telegram.org/bot7093436536:AAEvjyOBDmUYkoOkO2zxZnzplRy8Thhz0Ps/getUpdates "HTTP/1.1 200 OK"
2025-05-23 08:03:53,919 - httpx - INFO - HTTP Request: POST https://api.telegram.org/bot7093436536:AAEvjyOBDmUYkoOkO2zxZnzplRy8Thhz0Ps/getUpdates "HTTP/1.1 200 OK"
2025-05-23 08:04:04,007 - httpx - INFO - HTTP Request: POST https://api.telegram.org/bot7093436536:AAEvjyOBDmUYkoOkO2zxZnzplRy8Thhz0Ps/getUpdates "HTTP/1.1 200 OK"
2025-05-23 08:04:14,097 - httpx - INFO - HTTP Request: POST https://api.telegram.org/bot7093436536:AAEvjyOBDmUYkoOkO2zxZnzplRy8Thhz0Ps/getUpdates "HTTP/1.1 200 OK"
2025-05-23 08:04:24,186 - httpx - INFO - HTTP Request: POST https://api.telegram.org/bot7093436536:AAEvjyOBDmUYkoOkO2zxZnzplRy8Thhz0Ps/getUpdates "HTTP/1.1 200 OK"
2025-05-23 08:04:34,277 - httpx - INFO - HTTP Request: POST https://api.telegram.org/bot7093436536:AAEvjyOBDmUYkoOkO2zxZnzplRy8Thhz0Ps/getUpdates "HTTP/1.1 200 OK"
2025-05-23 08:04:44,365 - httpx - INFO - HTTP Request: POST https://api.telegram.org/bot7093436536:AAEvjyOBDmUYkoOkO2zxZnzplRy8Thhz0Ps/getUpdates "HTTP/1.1 200 OK"
2025-05-23 08:04:54,469 - httpx - INFO - HTTP Request: POST https://api.telegram.org/bot7093436536:AAEvjyOBDmUYkoOkO2zxZnzplRy8Thhz0Ps/getUpdates "HTTP/1.1 200 OK"
2025-05-23 08:05:04,556 - httpx - INFO - HTTP Request: POST https://api.telegram.org/bot7093436536:AAEvjyOBDmUYkoOkO2zxZnzplRy8Thhz0Ps/getUpdates "HTTP/1.1 200 OK"
2025-05-23 08:05:14,646 - httpx - INFO - HTTP Request: POST https://api.telegram.org/bot7093436536:AAEvjyOBDmUYkoOkO2zxZnzplRy8Thhz0Ps/getUpdates "HTTP/1.1 200 OK"
2025-05-23 08:05:24,746 - httpx - INFO - HTTP Request: POST https://api.telegram.org/bot7093436536:AAEvjyOBDmUYkoOkO2zxZnzplRy8Thhz0Ps/getUpdates "HTTP/1.1 200 OK"
2025-05-23 08:05:34,834 - httpx - INFO - HTTP Request: POST https://api.telegram.org/bot7093436536:AAEvjyOBDmUYkoOkO2zxZnzplRy8Thhz0Ps/getUpdates "HTTP/1.1 200 OK"
2025-05-23 08:05:44,923 - httpx - INFO - HTTP Request: POST https://api.telegram.org/bot7093436536:AAEvjyOBDmUYkoOkO2zxZnzplRy8Thhz0Ps/getUpdates "HTTP/1.1 200 OK"
2025-05-23 08:05:55,011 - httpx - INFO - HTTP Request: POST https://api.telegram.org/bot7093436536:AAEvjyOBDmUYkoOkO2zxZnzplRy8Thhz0Ps/getUpdates "HTTP/1.1 200 OK"
2025-05-23 08:06:05,101 - httpx - INFO - HTTP Request: POST https://api.telegram.org/bot7093436536:AAEvjyOBDmUYkoOkO2zxZnzplRy8Thhz0Ps/getUpdates "HTTP/1.1 200 OK"
2025-05-23 08:06:15,199 - httpx - INFO - HTTP Request: POST https://api.telegram.org/bot7093436536:AAEvjyOBDmUYkoOkO2zxZnzplRy8Thhz0Ps/getUpdates "HTTP/1.1 200 OK"
2025-05-23 08:06:25,288 - httpx - INFO - HTTP Request: POST https://api.telegram.org/bot7093436536:AAEvjyOBDmUYkoOkO2zxZnzplRy8Thhz0Ps/getUpdates "HTTP/1.1 200 OK"
2025-05-23 08:06:35,377 - httpx - INFO - HTTP Request: POST https://api.telegram.org/bot7093436536:AAEvjyOBDmUYkoOkO2zxZnzplRy8Thhz0Ps/getUpdates "HTTP/1.1 200 OK"
2025-05-23 08:06:45,467 - httpx - INFO - HTTP Request: POST https://api.telegram.org/bot7093436536:AAEvjyOBDmUYkoOkO2zxZnzplRy8Thhz0Ps/getUpdates "HTTP/1.1 200 OK"
2025-05-23 08:06:55,554 - httpx - INFO - HTTP Request: POST https://api.telegram.org/bot7093436536:AAEvjyOBDmUYkoOkO2zxZnzplRy8Thhz0Ps/getUpdates "HTTP/1.1 200 OK"
2025-05-23 08:07:05,642 - httpx - INFO - HTTP Request: POST https://api.telegram.org/bot7093436536:AAEvjyOBDmUYkoOkO2zxZnzplRy8Thhz0Ps/getUpdates "HTTP/1.1 200 OK"
2025-05-23 08:07:15,730 - httpx - INFO - HTTP Request: POST https://api.telegram.org/bot7093436536:AAEvjyOBDmUYkoOkO2zxZnzplRy8Thhz0Ps/getUpdates "HTTP/1.1 200 OK"
2025-05-23 08:07:25,822 - httpx - INFO - HTTP Request: POST https://api.telegram.org/bot7093436536:AAEvjyOBDmUYkoOkO2zxZnzplRy8Thhz0Ps/getUpdates "HTTP/1.1 200 OK"
2025-05-23 08:07:35,914 - httpx - INFO - HTTP Request: POST https://api.telegram.org/bot7093436536:AAEvjyOBDmUYkoOkO2zxZnzplRy8Thhz0Ps/getUpdates "HTTP/1.1 200 OK"
2025-05-23 08:07:46,008 - httpx - INFO - HTTP Request: POST https://api.telegram.org/bot7093436536:AAEvjyOBDmUYkoOkO2zxZnzplRy8Thhz0Ps/getUpdates "HTTP/1.1 200 OK"
2025-05-23 08:07:56,096 - httpx - INFO - HTTP Request: POST https://api.telegram.org/bot7093436536:AAEvjyOBDmUYkoOkO2zxZnzplRy8Thhz0Ps/getUpdates "HTTP/1.1 200 OK"
2025-05-23 08:08:06,186 - httpx - INFO - HTTP Request: POST https://api.telegram.org/bot7093436536:AAEvjyOBDmUYkoOkO2zxZnzplRy8Thhz0Ps/getUpdates "HTTP/1.1 200 OK"
2025-05-23 08:08:16,277 - httpx - INFO - HTTP Request: POST https://api.telegram.org/bot7093436536:AAEvjyOBDmUYkoOkO2zxZnzplRy8Thhz0Ps/getUpdates "HTTP/1.1 200 OK"
2025-05-23 08:08:26,368 - httpx - INFO - HTTP Request: POST https://api.telegram.org/bot7093436536:AAEvjyOBDmUYkoOkO2zxZnzplRy8Thhz0Ps/getUpdates "HTTP/1.1 200 OK"
2025-05-23 08:08:36,459 - httpx - INFO - HTTP Request: POST https://api.telegram.org/bot7093436536:AAEvjyOBDmUYkoOkO2zxZnzplRy8Thhz0Ps/getUpdates "HTTP/1.1 200 OK"
2025-05-23 08:08:46,548 - httpx - INFO - HTTP Request: POST https://api.telegram.org/bot7093436536:AAEvjyOBDmUYkoOkO2zxZnzplRy8Thhz0Ps/getUpdates "HTTP/1.1 200 OK"
2025-05-23 08:08:56,655 - httpx - INFO - HTTP Request: POST https://api.telegram.org/bot7093436536:AAEvjyOBDmUYkoOkO2zxZnzplRy8Thhz0Ps/getUpdates "HTTP/1.1 200 OK"
2025-05-23 08:09:06,748 - httpx - INFO - HTTP Request: POST https://api.telegram.org/bot7093436536:AAEvjyOBDmUYkoOkO2zxZnzplRy8Thhz0Ps/getUpdates "HTTP/1.1 200 OK"
2025-05-23 08:09:16,853 - httpx - INFO - HTTP Request: POST https://api.telegram.org/bot7093436536:AAEvjyOBDmUYkoOkO2zxZnzplRy8Thhz0Ps/getUpdates "HTTP/1.1 200 OK"
2025-05-23 08:09:26,941 - httpx - INFO - HTTP Request: POST https://api.telegram.org/bot7093436536:AAEvjyOBDmUYkoOkO2zxZnzplRy8Thhz0Ps/getUpdates "HTTP/1.1 200 OK"
2025-05-23 08:09:37,032 - httpx - INFO - HTTP Request: POST https://api.telegram.org/bot7093436536:AAEvjyOBDmUYkoOkO2zxZnzplRy8Thhz0Ps/getUpdates "HTTP/1.1 200 OK"
2025-05-23 08:09:47,119 - httpx - INFO - HTTP Request: POST https://api.telegram.org/bot7093436536:AAEvjyOBDmUYkoOkO2zxZnzplRy8Thhz0Ps/getUpdates "HTTP/1.1 200 OK"
2025-05-23 08:09:57,418 - httpx - INFO - HTTP Request: POST https://api.telegram.org/bot7093436536:AAEvjyOBDmUYkoOkO2zxZnzplRy8Thhz0Ps/getUpdates "HTTP/1.1 200 OK"
2025-05-23 08:10:07,506 - httpx - INFO - HTTP Request: POST https://api.telegram.org/bot7093436536:AAEvjyOBDmUYkoOkO2zxZnzplRy8Thhz0Ps/getUpdates "HTTP/1.1 200 OK"
2025-05-23 08:10:17,610 - httpx - INFO - HTTP Request: POST https://api.telegram.org/bot7093436536:AAEvjyOBDmUYkoOkO2zxZnzplRy8Thhz0Ps/getUpdates "HTTP/1.1 200 OK"
2025-05-23 08:10:27,694 - httpx - INFO - HTTP Request: POST https://api.telegram.org/bot7093436536:AAEvjyOBDmUYkoOkO2zxZnzplRy8Thhz0Ps/getUpdates "HTTP/1.1 200 OK"
2025-05-23 08:10:37,796 - httpx - INFO - HTTP Request: POST https://api.telegram.org/bot7093436536:AAEvjyOBDmUYkoOkO2zxZnzplRy8Thhz0Ps/getUpdates "HTTP/1.1 200 OK"
2025-05-23 08:10:47,877 - httpx - INFO - HTTP Request: POST https://api.telegram.org/bot7093436536:AAEvjyOBDmUYkoOkO2zxZnzplRy8Thhz0Ps/getUpdates "HTTP/1.1 200 OK"
2025-05-23 08:10:57,959 - httpx - INFO - HTTP Request: POST https://api.telegram.org/bot7093436536:AAEvjyOBDmUYkoOkO2zxZnzplRy8Thhz0Ps/getUpdates "HTTP/1.1 200 OK"
2025-05-23 08:11:08,070 - httpx - INFO - HTTP Request: POST https://api.telegram.org/bot7093436536:AAEvjyOBDmUYkoOkO2zxZnzplRy8Thhz0Ps/getUpdates "HTTP/1.1 200 OK"
2025-05-23 08:11:18,152 - httpx - INFO - HTTP Request: POST https://api.telegram.org/bot7093436536:AAEvjyOBDmUYkoOkO2zxZnzplRy8Thhz0Ps/getUpdates "HTTP/1.1 200 OK"
2025-05-23 08:11:28,235 - httpx - INFO - HTTP Request: POST https://api.telegram.org/bot7093436536:AAEvjyOBDmUYkoOkO2zxZnzplRy8Thhz0Ps/getUpdates "HTTP/1.1 200 OK"
2025-05-23 08:11:38,317 - httpx - INFO - HTTP Request: POST https://api.telegram.org/bot7093436536:AAEvjyOBDmUYkoOkO2zxZnzplRy8Thhz0Ps/getUpdates "HTTP/1.1 200 OK"
2025-05-23 08:11:48,401 - httpx - INFO - HTTP Request: POST https://api.telegram.org/bot7093436536:AAEvjyOBDmUYkoOkO2zxZnzplRy8Thhz0Ps/getUpdates "HTTP/1.1 200 OK"
2025-05-23 08:11:58,484 - httpx - INFO - HTTP Request: POST https://api.telegram.org/bot7093436536:AAEvjyOBDmUYkoOkO2zxZnzplRy8Thhz0Ps/getUpdates "HTTP/1.1 200 OK"
2025-05-23 08:12:08,566 - httpx - INFO - HTTP Request: POST https://api.telegram.org/bot7093436536:AAEvjyOBDmUYkoOkO2zxZnzplRy8Thhz0Ps/getUpdates "HTTP/1.1 200 OK"
2025-05-23 08:12:18,648 - httpx - INFO - HTTP Request: POST https://api.telegram.org/bot7093436536:AAEvjyOBDmUYkoOkO2zxZnzplRy8Thhz0Ps/getUpdates "HTTP/1.1 200 OK"
2025-05-23 08:12:28,729 - httpx - INFO - HTTP Request: POST https://api.telegram.org/bot7093436536:AAEvjyOBDmUYkoOkO2zxZnzplRy8Thhz0Ps/getUpdates "HTTP/1.1 200 OK"
2025-05-23 08:12:38,811 - httpx - INFO - HTTP Request: POST https://api.telegram.org/bot7093436536:AAEvjyOBDmUYkoOkO2zxZnzplRy8Thhz0Ps/getUpdates "HTTP/1.1 200 OK"
2025-05-23 08:12:48,899 - httpx - INFO - HTTP Request: POST https://api.telegram.org/bot7093436536:AAEvjyOBDmUYkoOkO2zxZnzplRy8Thhz0Ps/getUpdates "HTTP/1.1 200 OK"
2025-05-23 08:12:58,979 - httpx - INFO - HTTP Request: POST https://api.telegram.org/bot7093436536:AAEvjyOBDmUYkoOkO2zxZnzplRy8Thhz0Ps/getUpdates "HTTP/1.1 200 OK"
2025-05-23 08:13:09,061 - httpx - INFO - HTTP Request: POST https://api.telegram.org/bot7093436536:AAEvjyOBDmUYkoOkO2zxZnzplRy8Thhz0Ps/getUpdates "HTTP/1.1 200 OK"
2025-05-23 08:13:19,146 - httpx - INFO - HTTP Request: POST https://api.telegram.org/bot7093436536:AAEvjyOBDmUYkoOkO2zxZnzplRy8Thhz0Ps/getUpdates "HTTP/1.1 200 OK"
2025-05-23 08:13:29,228 - httpx - INFO - HTTP Request: POST https://api.telegram.org/bot7093436536:AAEvjyOBDmUYkoOkO2zxZnzplRy8Thhz0Ps/getUpdates "HTTP/1.1 200 OK"
2025-05-23 08:13:39,310 - httpx - INFO - HTTP Request: POST https://api.telegram.org/bot7093436536:AAEvjyOBDmUYkoOkO2zxZnzplRy8Thhz0Ps/getUpdates "HTTP/1.1 200 OK"
2025-05-23 08:13:49,391 - httpx - INFO - HTTP Request: POST https://api.telegram.org/bot7093436536:AAEvjyOBDmUYkoOkO2zxZnzplRy8Thhz0Ps/getUpdates "HTTP/1.1 200 OK"
2025-05-23 08:13:59,484 - httpx - INFO - HTTP Request: POST https://api.telegram.org/bot7093436536:AAEvjyOBDmUYkoOkO2zxZnzplRy8Thhz0Ps/getUpdates "HTTP/1.1 200 OK"
2025-05-23 08:14:09,565 - httpx - INFO - HTTP Request: POST https://api.telegram.org/bot7093436536:AAEvjyOBDmUYkoOkO2zxZnzplRy8Thhz0Ps/getUpdates "HTTP/1.1 200 OK"
2025-05-23 08:14:19,672 - httpx - INFO - HTTP Request: POST https://api.telegram.org/bot7093436536:AAEvjyOBDmUYkoOkO2zxZnzplRy8Thhz0Ps/getUpdates "HTTP/1.1 200 OK"
2025-05-23 08:14:29,754 - httpx - INFO - HTTP Request: POST https://api.telegram.org/bot7093436536:AAEvjyOBDmUYkoOkO2zxZnzplRy8Thhz0Ps/getUpdates "HTTP/1.1 200 OK"
2025-05-23 08:14:39,837 - httpx - INFO - HTTP Request: POST https://api.telegram.org/bot7093436536:AAEvjyOBDmUYkoOkO2zxZnzplRy8Thhz0Ps/getUpdates "HTTP/1.1 200 OK"
2025-05-23 08:14:49,919 - httpx - INFO - HTTP Request: POST https://api.telegram.org/bot7093436536:AAEvjyOBDmUYkoOkO2zxZnzplRy8Thhz0Ps/getUpdates "HTTP/1.1 200 OK"
2025-05-23 08:15:00,001 - httpx - INFO - HTTP Request: POST https://api.telegram.org/bot7093436536:AAEvjyOBDmUYkoOkO2zxZnzplRy8Thhz0Ps/getUpdates "HTTP/1.1 200 OK"
2025-05-23 08:15:10,083 - httpx - INFO - HTTP Request: POST https://api.telegram.org/bot7093436536:AAEvjyOBDmUYkoOkO2zxZnzplRy8Thhz0Ps/getUpdates "HTTP/1.1 200 OK"
2025-05-23 08:15:20,166 - httpx - INFO - HTTP Request: POST https://api.telegram.org/bot7093436536:AAEvjyOBDmUYkoOkO2zxZnzplRy8Thhz0Ps/getUpdates "HTTP/1.1 200 OK"
2025-05-23 08:15:30,248 - httpx - INFO - HTTP Request: POST https://api.telegram.org/bot7093436536:AAEvjyOBDmUYkoOkO2zxZnzplRy8Thhz0Ps/getUpdates "HTTP/1.1 200 OK"
2025-05-23 08:15:40,339 - httpx - INFO - HTTP Request: POST https://api.telegram.org/bot7093436536:AAEvjyOBDmUYkoOkO2zxZnzplRy8Thhz0Ps/getUpdates "HTTP/1.1 200 OK"
2025-05-23 08:15:50,421 - httpx - INFO - HTTP Request: POST https://api.telegram.org/bot7093436536:AAEvjyOBDmUYkoOkO2zxZnzplRy8Thhz0Ps/getUpdates "HTTP/1.1 200 OK"
2025-05-23 08:16:00,506 - httpx - INFO - HTTP Request: POST https://api.telegram.org/bot7093436536:AAEvjyOBDmUYkoOkO2zxZnzplRy8Thhz0Ps/getUpdates "HTTP/1.1 200 OK"
2025-05-23 08:16:10,588 - httpx - INFO - HTTP Request: POST https://api.telegram.org/bot7093436536:AAEvjyOBDmUYkoOkO2zxZnzplRy8Thhz0Ps/getUpdates "HTTP/1.1 200 OK"
2025-05-23 08:16:20,672 - httpx - INFO - HTTP Request: POST https://api.telegram.org/bot7093436536:AAEvjyOBDmUYkoOkO2zxZnzplRy8Thhz0Ps/getUpdates "HTTP/1.1 200 OK"
2025-05-23 08:16:30,754 - httpx - INFO - HTTP Request: POST https://api.telegram.org/bot7093436536:AAEvjyOBDmUYkoOkO2zxZnzplRy8Thhz0Ps/getUpdates "HTTP/1.1 200 OK"
2025-05-23 08:16:40,836 - httpx - INFO - HTTP Request: POST https://api.telegram.org/bot7093436536:AAEvjyOBDmUYkoOkO2zxZnzplRy8Thhz0Ps/getUpdates "HTTP/1.1 200 OK"
2025-05-23 08:16:50,927 - httpx - INFO - HTTP Request: POST https://api.telegram.org/bot7093436536:AAEvjyOBDmUYkoOkO2zxZnzplRy8Thhz0Ps/getUpdates "HTTP/1.1 200 OK"
2025-05-23 08:17:01,008 - httpx - INFO - HTTP Request: POST https://api.telegram.org/bot7093436536:AAEvjyOBDmUYkoOkO2zxZnzplRy8Thhz0Ps/getUpdates "HTTP/1.1 200 OK"
2025-05-23 08:17:11,089 - httpx - INFO - HTTP Request: POST https://api.telegram.org/bot7093436536:AAEvjyOBDmUYkoOkO2zxZnzplRy8Thhz0Ps/getUpdates "HTTP/1.1 200 OK"
2025-05-23 08:17:21,171 - httpx - INFO - HTTP Request: POST https://api.telegram.org/bot7093436536:AAEvjyOBDmUYkoOkO2zxZnzplRy8Thhz0Ps/getUpdates "HTTP/1.1 200 OK"
2025-05-23 08:17:31,252 - httpx - INFO - HTTP Request: POST https://api.telegram.org/bot7093436536:AAEvjyOBDmUYkoOkO2zxZnzplRy8Thhz0Ps/getUpdates "HTTP/1.1 200 OK"
2025-05-23 08:17:41,333 - httpx - INFO - HTTP Request: POST https://api.telegram.org/bot7093436536:AAEvjyOBDmUYkoOkO2zxZnzplRy8Thhz0Ps/getUpdates "HTTP/1.1 200 OK"
2025-05-23 08:17:51,414 - httpx - INFO - HTTP Request: POST https://api.telegram.org/bot7093436536:AAEvjyOBDmUYkoOkO2zxZnzplRy8Thhz0Ps/getUpdates "HTTP/1.1 200 OK"
2025-05-23 08:18:01,497 - httpx - INFO - HTTP Request: POST https://api.telegram.org/bot7093436536:AAEvjyOBDmUYkoOkO2zxZnzplRy8Thhz0Ps/getUpdates "HTTP/1.1 200 OK"
2025-05-23 08:18:11,579 - httpx - INFO - HTTP Request: POST https://api.telegram.org/bot7093436536:AAEvjyOBDmUYkoOkO2zxZnzplRy8Thhz0Ps/getUpdates "HTTP/1.1 200 OK"
2025-05-23 08:18:21,700 - httpx - INFO - HTTP Request: POST https://api.telegram.org/bot7093436536:AAEvjyOBDmUYkoOkO2zxZnzplRy8Thhz0Ps/getUpdates "HTTP/1.1 200 OK"
2025-05-23 08:18:31,784 - httpx - INFO - HTTP Request: POST https://api.telegram.org/bot7093436536:AAEvjyOBDmUYkoOkO2zxZnzplRy8Thhz0Ps/getUpdates "HTTP/1.1 200 OK"
2025-05-23 08:18:41,867 - httpx - INFO - HTTP Request: POST https://api.telegram.org/bot7093436536:AAEvjyOBDmUYkoOkO2zxZnzplRy8Thhz0Ps/getUpdates "HTTP/1.1 200 OK"
2025-05-23 08:18:51,949 - httpx - INFO - HTTP Request: POST https://api.telegram.org/bot7093436536:AAEvjyOBDmUYkoOkO2zxZnzplRy8Thhz0Ps/getUpdates "HTTP/1.1 200 OK"
2025-05-23 08:19:02,030 - httpx - INFO - HTTP Request: POST https://api.telegram.org/bot7093436536:AAEvjyOBDmUYkoOkO2zxZnzplRy8Thhz0Ps/getUpdates "HTTP/1.1 200 OK"
2025-05-23 08:19:12,116 - httpx - INFO - HTTP Request: POST https://api.telegram.org/bot7093436536:AAEvjyOBDmUYkoOkO2zxZnzplRy8Thhz0Ps/getUpdates "HTTP/1.1 200 OK"
2025-05-23 08:19:22,206 - httpx - INFO - HTTP Request: POST https://api.telegram.org/bot7093436536:AAEvjyOBDmUYkoOkO2zxZnzplRy8Thhz0Ps/getUpdates "HTTP/1.1 200 OK"
2025-05-23 08:19:32,298 - httpx - INFO - HTTP Request: POST https://api.telegram.org/bot7093436536:AAEvjyOBDmUYkoOkO2zxZnzplRy8Thhz0Ps/getUpdates "HTTP/1.1 200 OK"
2025-05-23 08:19:42,378 - httpx - INFO - HTTP Request: POST https://api.telegram.org/bot7093436536:AAEvjyOBDmUYkoOkO2zxZnzplRy8Thhz0Ps/getUpdates "HTTP/1.1 200 OK"
2025-05-23 08:19:52,459 - httpx - INFO - HTTP Request: POST https://api.telegram.org/bot7093436536:AAEvjyOBDmUYkoOkO2zxZnzplRy8Thhz0Ps/getUpdates "HTTP/1.1 200 OK"
2025-05-23 08:20:02,540 - httpx - INFO - HTTP Request: POST https://api.telegram.org/bot7093436536:AAEvjyOBDmUYkoOkO2zxZnzplRy8Thhz0Ps/getUpdates "HTTP/1.1 200 OK"
2025-05-23 08:20:12,622 - httpx - INFO - HTTP Request: POST https://api.telegram.org/bot7093436536:AAEvjyOBDmUYkoOkO2zxZnzplRy8Thhz0Ps/getUpdates "HTTP/1.1 200 OK"
2025-05-23 08:20:22,703 - httpx - INFO - HTTP Request: POST https://api.telegram.org/bot7093436536:AAEvjyOBDmUYkoOkO2zxZnzplRy8Thhz0Ps/getUpdates "HTTP/1.1 200 OK"
2025-05-23 08:20:32,784 - httpx - INFO - HTTP Request: POST https://api.telegram.org/bot7093436536:AAEvjyOBDmUYkoOkO2zxZnzplRy8Thhz0Ps/getUpdates "HTTP/1.1 200 OK"
2025-05-23 08:20:42,870 - httpx - INFO - HTTP Request: POST https://api.telegram.org/bot7093436536:AAEvjyOBDmUYkoOkO2zxZnzplRy8Thhz0Ps/getUpdates "HTTP/1.1 200 OK"
2025-05-23 08:20:52,951 - httpx - INFO - HTTP Request: POST https://api.telegram.org/bot7093436536:AAEvjyOBDmUYkoOkO2zxZnzplRy8Thhz0Ps/getUpdates "HTTP/1.1 200 OK"
2025-05-23 08:21:03,033 - httpx - INFO - HTTP Request: POST https://api.telegram.org/bot7093436536:AAEvjyOBDmUYkoOkO2zxZnzplRy8Thhz0Ps/getUpdates "HTTP/1.1 200 OK"
2025-05-23 08:21:13,113 - httpx - INFO - HTTP Request: POST https://api.telegram.org/bot7093436536:AAEvjyOBDmUYkoOkO2zxZnzplRy8Thhz0Ps/getUpdates "HTTP/1.1 200 OK"
2025-05-23 08:21:23,194 - httpx - INFO - HTTP Request: POST https://api.telegram.org/bot7093436536:AAEvjyOBDmUYkoOkO2zxZnzplRy8Thhz0Ps/getUpdates "HTTP/1.1 200 OK"
2025-05-23 08:21:33,275 - httpx - INFO - HTTP Request: POST https://api.telegram.org/bot7093436536:AAEvjyOBDmUYkoOkO2zxZnzplRy8Thhz0Ps/getUpdates "HTTP/1.1 200 OK"
2025-05-23 08:21:43,356 - httpx - INFO - HTTP Request: POST https://api.telegram.org/bot7093436536:AAEvjyOBDmUYkoOkO2zxZnzplRy8Thhz0Ps/getUpdates "HTTP/1.1 200 OK"
2025-05-23 08:21:53,437 - httpx - INFO - HTTP Request: POST https://api.telegram.org/bot7093436536:AAEvjyOBDmUYkoOkO2zxZnzplRy8Thhz0Ps/getUpdates "HTTP/1.1 200 OK"
2025-05-23 08:22:03,517 - httpx - INFO - HTTP Request: POST https://api.telegram.org/bot7093436536:AAEvjyOBDmUYkoOkO2zxZnzplRy8Thhz0Ps/getUpdates "HTTP/1.1 200 OK"
2025-05-23 08:22:13,601 - httpx - INFO - HTTP Request: POST https://api.telegram.org/bot7093436536:AAEvjyOBDmUYkoOkO2zxZnzplRy8Thhz0Ps/getUpdates "HTTP/1.1 200 OK"
2025-05-23 08:22:23,682 - httpx - INFO - HTTP Request: POST https://api.telegram.org/bot7093436536:AAEvjyOBDmUYkoOkO2zxZnzplRy8Thhz0Ps/getUpdates "HTTP/1.1 200 OK"
2025-05-23 08:22:33,765 - httpx - INFO - HTTP Request: POST https://api.telegram.org/bot7093436536:AAEvjyOBDmUYkoOkO2zxZnzplRy8Thhz0Ps/getUpdates "HTTP/1.1 200 OK"
2025-05-23 08:22:43,845 - httpx - INFO - HTTP Request: POST https://api.telegram.org/bot7093436536:AAEvjyOBDmUYkoOkO2zxZnzplRy8Thhz0Ps/getUpdates "HTTP/1.1 200 OK"
2025-05-23 08:22:53,927 - httpx - INFO - HTTP Request: POST https://api.telegram.org/bot7093436536:AAEvjyOBDmUYkoOkO2zxZnzplRy8Thhz0Ps/getUpdates "HTTP/1.1 200 OK"
2025-05-23 08:23:04,011 - httpx - INFO - HTTP Request: POST https://api.telegram.org/bot7093436536:AAEvjyOBDmUYkoOkO2zxZnzplRy8Thhz0Ps/getUpdates "HTTP/1.1 200 OK"
2025-05-23 08:23:14,093 - httpx - INFO - HTTP Request: POST https://api.telegram.org/bot7093436536:AAEvjyOBDmUYkoOkO2zxZnzplRy8Thhz0Ps/getUpdates "HTTP/1.1 200 OK"
2025-05-23 08:23:24,174 - httpx - INFO - HTTP Request: POST https://api.telegram.org/bot7093436536:AAEvjyOBDmUYkoOkO2zxZnzplRy8Thhz0Ps/getUpdates "HTTP/1.1 200 OK"
2025-05-23 08:23:34,272 - httpx - INFO - HTTP Request: POST https://api.telegram.org/bot7093436536:AAEvjyOBDmUYkoOkO2zxZnzplRy8Thhz0Ps/getUpdates "HTTP/1.1 200 OK"
2025-05-23 08:23:44,354 - httpx - INFO - HTTP Request: POST https://api.telegram.org/bot7093436536:AAEvjyOBDmUYkoOkO2zxZnzplRy8Thhz0Ps/getUpdates "HTTP/1.1 200 OK"
2025-05-23 08:23:54,444 - httpx - INFO - HTTP Request: POST https://api.telegram.org/bot7093436536:AAEvjyOBDmUYkoOkO2zxZnzplRy8Thhz0Ps/getUpdates "HTTP/1.1 200 OK"
2025-05-23 08:24:04,525 - httpx - INFO - HTTP Request: POST https://api.telegram.org/bot7093436536:AAEvjyOBDmUYkoOkO2zxZnzplRy8Thhz0Ps/getUpdates "HTTP/1.1 200 OK"
2025-05-23 08:24:14,618 - httpx - INFO - HTTP Request: POST https://api.telegram.org/bot7093436536:AAEvjyOBDmUYkoOkO2zxZnzplRy8Thhz0Ps/getUpdates "HTTP/1.1 200 OK"
2025-05-23 08:24:24,699 - httpx - INFO - HTTP Request: POST https://api.telegram.org/bot7093436536:AAEvjyOBDmUYkoOkO2zxZnzplRy8Thhz0Ps/getUpdates "HTTP/1.1 200 OK"
2025-05-23 08:24:34,780 - httpx - INFO - HTTP Request: POST https://api.telegram.org/bot7093436536:AAEvjyOBDmUYkoOkO2zxZnzplRy8Thhz0Ps/getUpdates "HTTP/1.1 200 OK"
2025-05-23 08:24:44,863 - httpx - INFO - HTTP Request: POST https://api.telegram.org/bot7093436536:AAEvjyOBDmUYkoOkO2zxZnzplRy8Thhz0Ps/getUpdates "HTTP/1.1 200 OK"
2025-05-23 08:24:54,945 - httpx - INFO - HTTP Request: POST https://api.telegram.org/bot7093436536:AAEvjyOBDmUYkoOkO2zxZnzplRy8Thhz0Ps/getUpdates "HTTP/1.1 200 OK"
2025-05-23 08:25:05,027 - httpx - INFO - HTTP Request: POST https://api.telegram.org/bot7093436536:AAEvjyOBDmUYkoOkO2zxZnzplRy8Thhz0Ps/getUpdates "HTTP/1.1 200 OK"
2025-05-23 08:25:15,120 - httpx - INFO - HTTP Request: POST https://api.telegram.org/bot7093436536:AAEvjyOBDmUYkoOkO2zxZnzplRy8Thhz0Ps/getUpdates "HTTP/1.1 200 OK"
2025-05-23 08:25:25,201 - httpx - INFO - HTTP Request: POST https://api.telegram.org/bot7093436536:AAEvjyOBDmUYkoOkO2zxZnzplRy8Thhz0Ps/getUpdates "HTTP/1.1 200 OK"
2025-05-23 08:25:35,289 - httpx - INFO - HTTP Request: POST https://api.telegram.org/bot7093436536:AAEvjyOBDmUYkoOkO2zxZnzplRy8Thhz0Ps/getUpdates "HTTP/1.1 200 OK"
2025-05-23 08:25:45,372 - httpx - INFO - HTTP Request: POST https://api.telegram.org/bot7093436536:AAEvjyOBDmUYkoOkO2zxZnzplRy8Thhz0Ps/getUpdates "HTTP/1.1 200 OK"
2025-05-23 08:25:55,456 - httpx - INFO - HTTP Request: POST https://api.telegram.org/bot7093436536:AAEvjyOBDmUYkoOkO2zxZnzplRy8Thhz0Ps/getUpdates "HTTP/1.1 200 OK"
2025-05-23 08:26:05,538 - httpx - INFO - HTTP Request: POST https://api.telegram.org/bot7093436536:AAEvjyOBDmUYkoOkO2zxZnzplRy8Thhz0Ps/getUpdates "HTTP/1.1 200 OK"
2025-05-23 08:26:15,629 - httpx - INFO - HTTP Request: POST https://api.telegram.org/bot7093436536:AAEvjyOBDmUYkoOkO2zxZnzplRy8Thhz0Ps/getUpdates "HTTP/1.1 200 OK"
2025-05-23 08:26:25,712 - httpx - INFO - HTTP Request: POST https://api.telegram.org/bot7093436536:AAEvjyOBDmUYkoOkO2zxZnzplRy8Thhz0Ps/getUpdates "HTTP/1.1 200 OK"
2025-05-23 08:26:35,793 - httpx - INFO - HTTP Request: POST https://api.telegram.org/bot7093436536:AAEvjyOBDmUYkoOkO2zxZnzplRy8Thhz0Ps/getUpdates "HTTP/1.1 200 OK"
2025-05-23 08:26:46,047 - httpx - INFO - HTTP Request: POST https://api.telegram.org/bot7093436536:AAEvjyOBDmUYkoOkO2zxZnzplRy8Thhz0Ps/getUpdates "HTTP/1.1 200 OK"
2025-05-23 08:26:56,131 - httpx - INFO - HTTP Request: POST https://api.telegram.org/bot7093436536:AAEvjyOBDmUYkoOkO2zxZnzplRy8Thhz0Ps/getUpdates "HTTP/1.1 200 OK"
2025-05-23 08:27:06,215 - httpx - INFO - HTTP Request: POST https://api.telegram.org/bot7093436536:AAEvjyOBDmUYkoOkO2zxZnzplRy8Thhz0Ps/getUpdates "HTTP/1.1 200 OK"
2025-05-23 08:27:16,299 - httpx - INFO - HTTP Request: POST https://api.telegram.org/bot7093436536:AAEvjyOBDmUYkoOkO2zxZnzplRy8Thhz0Ps/getUpdates "HTTP/1.1 200 OK"
2025-05-23 08:27:26,385 - httpx - INFO - HTTP Request: POST https://api.telegram.org/bot7093436536:AAEvjyOBDmUYkoOkO2zxZnzplRy8Thhz0Ps/getUpdates "HTTP/1.1 200 OK"
2025-05-23 08:27:36,471 - httpx - INFO - HTTP Request: POST https://api.telegram.org/bot7093436536:AAEvjyOBDmUYkoOkO2zxZnzplRy8Thhz0Ps/getUpdates "HTTP/1.1 200 OK"
2025-05-23 08:27:46,555 - httpx - INFO - HTTP Request: POST https://api.telegram.org/bot7093436536:AAEvjyOBDmUYkoOkO2zxZnzplRy8Thhz0Ps/getUpdates "HTTP/1.1 200 OK"
2025-05-23 08:27:56,639 - httpx - INFO - HTTP Request: POST https://api.telegram.org/bot7093436536:AAEvjyOBDmUYkoOkO2zxZnzplRy8Thhz0Ps/getUpdates "HTTP/1.1 200 OK"
2025-05-23 08:28:06,724 - httpx - INFO - HTTP Request: POST https://api.telegram.org/bot7093436536:AAEvjyOBDmUYkoOkO2zxZnzplRy8Thhz0Ps/getUpdates "HTTP/1.1 200 OK"
2025-05-23 08:28:16,812 - httpx - INFO - HTTP Request: POST https://api.telegram.org/bot7093436536:AAEvjyOBDmUYkoOkO2zxZnzplRy8Thhz0Ps/getUpdates "HTTP/1.1 200 OK"
2025-05-23 08:28:26,897 - httpx - INFO - HTTP Request: POST https://api.telegram.org/bot7093436536:AAEvjyOBDmUYkoOkO2zxZnzplRy8Thhz0Ps/getUpdates "HTTP/1.1 200 OK"
2025-05-23 08:28:36,989 - httpx - INFO - HTTP Request: POST https://api.telegram.org/bot7093436536:AAEvjyOBDmUYkoOkO2zxZnzplRy8Thhz0Ps/getUpdates "HTTP/1.1 200 OK"
2025-05-23 08:28:47,075 - httpx - INFO - HTTP Request: POST https://api.telegram.org/bot7093436536:AAEvjyOBDmUYkoOkO2zxZnzplRy8Thhz0Ps/getUpdates "HTTP/1.1 200 OK"
2025-05-23 08:28:57,161 - httpx - INFO - HTTP Request: POST https://api.telegram.org/bot7093436536:AAEvjyOBDmUYkoOkO2zxZnzplRy8Thhz0Ps/getUpdates "HTTP/1.1 200 OK"
2025-05-23 08:29:07,246 - httpx - INFO - HTTP Request: POST https://api.telegram.org/bot7093436536:AAEvjyOBDmUYkoOkO2zxZnzplRy8Thhz0Ps/getUpdates "HTTP/1.1 200 OK"
2025-05-23 08:29:17,330 - httpx - INFO - HTTP Request: POST https://api.telegram.org/bot7093436536:AAEvjyOBDmUYkoOkO2zxZnzplRy8Thhz0Ps/getUpdates "HTTP/1.1 200 OK"
2025-05-23 08:29:27,414 - httpx - INFO - HTTP Request: POST https://api.telegram.org/bot7093436536:AAEvjyOBDmUYkoOkO2zxZnzplRy8Thhz0Ps/getUpdates "HTTP/1.1 200 OK"
2025-05-23 08:29:37,504 - httpx - INFO - HTTP Request: POST https://api.telegram.org/bot7093436536:AAEvjyOBDmUYkoOkO2zxZnzplRy8Thhz0Ps/getUpdates "HTTP/1.1 200 OK"
2025-05-23 08:29:47,588 - httpx - INFO - HTTP Request: POST https://api.telegram.org/bot7093436536:AAEvjyOBDmUYkoOkO2zxZnzplRy8Thhz0Ps/getUpdates "HTTP/1.1 200 OK"
2025-05-23 08:29:57,673 - httpx - INFO - HTTP Request: POST https://api.telegram.org/bot7093436536:AAEvjyOBDmUYkoOkO2zxZnzplRy8Thhz0Ps/getUpdates "HTTP/1.1 200 OK"
2025-05-23 08:30:07,757 - httpx - INFO - HTTP Request: POST https://api.telegram.org/bot7093436536:AAEvjyOBDmUYkoOkO2zxZnzplRy8Thhz0Ps/getUpdates "HTTP/1.1 200 OK"
2025-05-23 08:30:17,841 - httpx - INFO - HTTP Request: POST https://api.telegram.org/bot7093436536:AAEvjyOBDmUYkoOkO2zxZnzplRy8Thhz0Ps/getUpdates "HTTP/1.1 200 OK"
2025-05-23 08:30:27,928 - httpx - INFO - HTTP Request: POST https://api.telegram.org/bot7093436536:AAEvjyOBDmUYkoOkO2zxZnzplRy8Thhz0Ps/getUpdates "HTTP/1.1 200 OK"
2025-05-23 08:30:38,014 - httpx - INFO - HTTP Request: POST https://api.telegram.org/bot7093436536:AAEvjyOBDmUYkoOkO2zxZnzplRy8Thhz0Ps/getUpdates "HTTP/1.1 200 OK"
2025-05-23 08:30:48,102 - httpx - INFO - HTTP Request: POST https://api.telegram.org/bot7093436536:AAEvjyOBDmUYkoOkO2zxZnzplRy8Thhz0Ps/getUpdates "HTTP/1.1 200 OK"
2025-05-23 08:30:58,186 - httpx - INFO - HTTP Request: POST https://api.telegram.org/bot7093436536:AAEvjyOBDmUYkoOkO2zxZnzplRy8Thhz0Ps/getUpdates "HTTP/1.1 200 OK"
2025-05-23 08:31:08,274 - httpx - INFO - HTTP Request: POST https://api.telegram.org/bot7093436536:AAEvjyOBDmUYkoOkO2zxZnzplRy8Thhz0Ps/getUpdates "HTTP/1.1 200 OK"
2025-05-23 08:31:18,357 - httpx - INFO - HTTP Request: POST https://api.telegram.org/bot7093436536:AAEvjyOBDmUYkoOkO2zxZnzplRy8Thhz0Ps/getUpdates "HTTP/1.1 200 OK"
2025-05-23 08:31:28,443 - httpx - INFO - HTTP Request: POST https://api.telegram.org/bot7093436536:AAEvjyOBDmUYkoOkO2zxZnzplRy8Thhz0Ps/getUpdates "HTTP/1.1 200 OK"
2025-05-23 08:31:38,532 - httpx - INFO - HTTP Request: POST https://api.telegram.org/bot7093436536:AAEvjyOBDmUYkoOkO2zxZnzplRy8Thhz0Ps/getUpdates "HTTP/1.1 200 OK"
2025-05-23 08:31:48,615 - httpx - INFO - HTTP Request: POST https://api.telegram.org/bot7093436536:AAEvjyOBDmUYkoOkO2zxZnzplRy8Thhz0Ps/getUpdates "HTTP/1.1 200 OK"
2025-05-23 08:31:58,723 - httpx - INFO - HTTP Request: POST https://api.telegram.org/bot7093436536:AAEvjyOBDmUYkoOkO2zxZnzplRy8Thhz0Ps/getUpdates "HTTP/1.1 200 OK"
2025-05-23 08:32:08,810 - httpx - INFO - HTTP Request: POST https://api.telegram.org/bot7093436536:AAEvjyOBDmUYkoOkO2zxZnzplRy8Thhz0Ps/getUpdates "HTTP/1.1 200 OK"
2025-05-23 08:32:18,896 - httpx - INFO - HTTP Request: POST https://api.telegram.org/bot7093436536:AAEvjyOBDmUYkoOkO2zxZnzplRy8Thhz0Ps/getUpdates "HTTP/1.1 200 OK"
2025-05-23 08:32:28,984 - httpx - INFO - HTTP Request: POST https://api.telegram.org/bot7093436536:AAEvjyOBDmUYkoOkO2zxZnzplRy8Thhz0Ps/getUpdates "HTTP/1.1 200 OK"
2025-05-23 08:32:39,069 - httpx - INFO - HTTP Request: POST https://api.telegram.org/bot7093436536:AAEvjyOBDmUYkoOkO2zxZnzplRy8Thhz0Ps/getUpdates "HTTP/1.1 200 OK"
2025-05-23 08:32:49,156 - httpx - INFO - HTTP Request: POST https://api.telegram.org/bot7093436536:AAEvjyOBDmUYkoOkO2zxZnzplRy8Thhz0Ps/getUpdates "HTTP/1.1 200 OK"
2025-05-23 08:32:59,245 - httpx - INFO - HTTP Request: POST https://api.telegram.org/bot7093436536:AAEvjyOBDmUYkoOkO2zxZnzplRy8Thhz0Ps/getUpdates "HTTP/1.1 200 OK"
2025-05-23 08:33:09,330 - httpx - INFO - HTTP Request: POST https://api.telegram.org/bot7093436536:AAEvjyOBDmUYkoOkO2zxZnzplRy8Thhz0Ps/getUpdates "HTTP/1.1 200 OK"
2025-05-23 08:33:19,424 - httpx - INFO - HTTP Request: POST https://api.telegram.org/bot7093436536:AAEvjyOBDmUYkoOkO2zxZnzplRy8Thhz0Ps/getUpdates "HTTP/1.1 200 OK"
2025-05-23 08:33:29,509 - httpx - INFO - HTTP Request: POST https://api.telegram.org/bot7093436536:AAEvjyOBDmUYkoOkO2zxZnzplRy8Thhz0Ps/getUpdates "HTTP/1.1 200 OK"
2025-05-23 08:33:39,593 - httpx - INFO - HTTP Request: POST https://api.telegram.org/bot7093436536:AAEvjyOBDmUYkoOkO2zxZnzplRy8Thhz0Ps/getUpdates "HTTP/1.1 200 OK"
2025-05-23 08:33:49,678 - httpx - INFO - HTTP Request: POST https://api.telegram.org/bot7093436536:AAEvjyOBDmUYkoOkO2zxZnzplRy8Thhz0Ps/getUpdates "HTTP/1.1 200 OK"
2025-05-23 08:33:59,762 - httpx - INFO - HTTP Request: POST https://api.telegram.org/bot7093436536:AAEvjyOBDmUYkoOkO2zxZnzplRy8Thhz0Ps/getUpdates "HTTP/1.1 200 OK"
2025-05-23 08:34:09,848 - httpx - INFO - HTTP Request: POST https://api.telegram.org/bot7093436536:AAEvjyOBDmUYkoOkO2zxZnzplRy8Thhz0Ps/getUpdates "HTTP/1.1 200 OK"
2025-05-23 08:34:19,932 - httpx - INFO - HTTP Request: POST https://api.telegram.org/bot7093436536:AAEvjyOBDmUYkoOkO2zxZnzplRy8Thhz0Ps/getUpdates "HTTP/1.1 200 OK"
2025-05-23 08:34:30,016 - httpx - INFO - HTTP Request: POST https://api.telegram.org/bot7093436536:AAEvjyOBDmUYkoOkO2zxZnzplRy8Thhz0Ps/getUpdates "HTTP/1.1 200 OK"
2025-05-23 08:34:40,100 - httpx - INFO - HTTP Request: POST https://api.telegram.org/bot7093436536:AAEvjyOBDmUYkoOkO2zxZnzplRy8Thhz0Ps/getUpdates "HTTP/1.1 200 OK"
2025-05-23 08:34:50,209 - httpx - INFO - HTTP Request: POST https://api.telegram.org/bot7093436536:AAEvjyOBDmUYkoOkO2zxZnzplRy8Thhz0Ps/getUpdates "HTTP/1.1 200 OK"
2025-05-23 08:35:00,294 - httpx - INFO - HTTP Request: POST https://api.telegram.org/bot7093436536:AAEvjyOBDmUYkoOkO2zxZnzplRy8Thhz0Ps/getUpdates "HTTP/1.1 200 OK"
2025-05-23 08:35:10,380 - httpx - INFO - HTTP Request: POST https://api.telegram.org/bot7093436536:AAEvjyOBDmUYkoOkO2zxZnzplRy8Thhz0Ps/getUpdates "HTTP/1.1 200 OK"
2025-05-23 08:35:20,464 - httpx - INFO - HTTP Request: POST https://api.telegram.org/bot7093436536:AAEvjyOBDmUYkoOkO2zxZnzplRy8Thhz0Ps/getUpdates "HTTP/1.1 200 OK"
2025-05-23 08:35:30,548 - httpx - INFO - HTTP Request: POST https://api.telegram.org/bot7093436536:AAEvjyOBDmUYkoOkO2zxZnzplRy8Thhz0Ps/getUpdates "HTTP/1.1 200 OK"
2025-05-23 08:35:40,635 - httpx - INFO - HTTP Request: POST https://api.telegram.org/bot7093436536:AAEvjyOBDmUYkoOkO2zxZnzplRy8Thhz0Ps/getUpdates "HTTP/1.1 200 OK"
2025-05-23 08:35:50,722 - httpx - INFO - HTTP Request: POST https://api.telegram.org/bot7093436536:AAEvjyOBDmUYkoOkO2zxZnzplRy8Thhz0Ps/getUpdates "HTTP/1.1 200 OK"
2025-05-23 08:36:00,805 - httpx - INFO - HTTP Request: POST https://api.telegram.org/bot7093436536:AAEvjyOBDmUYkoOkO2zxZnzplRy8Thhz0Ps/getUpdates "HTTP/1.1 200 OK"
2025-05-23 08:36:10,890 - httpx - INFO - HTTP Request: POST https://api.telegram.org/bot7093436536:AAEvjyOBDmUYkoOkO2zxZnzplRy8Thhz0Ps/getUpdates "HTTP/1.1 200 OK"
2025-05-23 08:36:20,976 - httpx - INFO - HTTP Request: POST https://api.telegram.org/bot7093436536:AAEvjyOBDmUYkoOkO2zxZnzplRy8Thhz0Ps/getUpdates "HTTP/1.1 200 OK"
2025-05-23 08:36:31,063 - httpx - INFO - HTTP Request: POST https://api.telegram.org/bot7093436536:AAEvjyOBDmUYkoOkO2zxZnzplRy8Thhz0Ps/getUpdates "HTTP/1.1 200 OK"
2025-05-23 08:36:41,147 - httpx - INFO - HTTP Request: POST https://api.telegram.org/bot7093436536:AAEvjyOBDmUYkoOkO2zxZnzplRy8Thhz0Ps/getUpdates "HTTP/1.1 200 OK"
2025-05-23 08:36:51,230 - httpx - INFO - HTTP Request: POST https://api.telegram.org/bot7093436536:AAEvjyOBDmUYkoOkO2zxZnzplRy8Thhz0Ps/getUpdates "HTTP/1.1 200 OK"
2025-05-23 08:37:01,317 - httpx - INFO - HTTP Request: POST https://api.telegram.org/bot7093436536:AAEvjyOBDmUYkoOkO2zxZnzplRy8Thhz0Ps/getUpdates "HTTP/1.1 200 OK"
2025-05-23 08:37:11,401 - httpx - INFO - HTTP Request: POST https://api.telegram.org/bot7093436536:AAEvjyOBDmUYkoOkO2zxZnzplRy8Thhz0Ps/getUpdates "HTTP/1.1 200 OK"
2025-05-23 08:37:21,485 - httpx - INFO - HTTP Request: POST https://api.telegram.org/bot7093436536:AAEvjyOBDmUYkoOkO2zxZnzplRy8Thhz0Ps/getUpdates "HTTP/1.1 200 OK"
2025-05-23 08:37:31,570 - httpx - INFO - HTTP Request: POST https://api.telegram.org/bot7093436536:AAEvjyOBDmUYkoOkO2zxZnzplRy8Thhz0Ps/getUpdates "HTTP/1.1 200 OK"
2025-05-23 08:37:41,654 - httpx - INFO - HTTP Request: POST https://api.telegram.org/bot7093436536:AAEvjyOBDmUYkoOkO2zxZnzplRy8Thhz0Ps/getUpdates "HTTP/1.1 200 OK"
2025-05-23 08:37:51,739 - httpx - INFO - HTTP Request: POST https://api.telegram.org/bot7093436536:AAEvjyOBDmUYkoOkO2zxZnzplRy8Thhz0Ps/getUpdates "HTTP/1.1 200 OK"
2025-05-23 08:38:01,823 - httpx - INFO - HTTP Request: POST https://api.telegram.org/bot7093436536:AAEvjyOBDmUYkoOkO2zxZnzplRy8Thhz0Ps/getUpdates "HTTP/1.1 200 OK"
2025-05-23 08:38:11,909 - httpx - INFO - HTTP Request: POST https://api.telegram.org/bot7093436536:AAEvjyOBDmUYkoOkO2zxZnzplRy8Thhz0Ps/getUpdates "HTTP/1.1 200 OK"
2025-05-23 08:38:21,996 - httpx - INFO - HTTP Request: POST https://api.telegram.org/bot7093436536:AAEvjyOBDmUYkoOkO2zxZnzplRy8Thhz0Ps/getUpdates "HTTP/1.1 200 OK"
2025-05-23 08:38:32,080 - httpx - INFO - HTTP Request: POST https://api.telegram.org/bot7093436536:AAEvjyOBDmUYkoOkO2zxZnzplRy8Thhz0Ps/getUpdates "HTTP/1.1 200 OK"
2025-05-23 08:38:42,168 - httpx - INFO - HTTP Request: POST https://api.telegram.org/bot7093436536:AAEvjyOBDmUYkoOkO2zxZnzplRy8Thhz0Ps/getUpdates "HTTP/1.1 200 OK"
2025-05-23 08:38:52,252 - httpx - INFO - HTTP Request: POST https://api.telegram.org/bot7093436536:AAEvjyOBDmUYkoOkO2zxZnzplRy8Thhz0Ps/getUpdates "HTTP/1.1 200 OK"
2025-05-23 08:39:02,338 - httpx - INFO - HTTP Request: POST https://api.telegram.org/bot7093436536:AAEvjyOBDmUYkoOkO2zxZnzplRy8Thhz0Ps/getUpdates "HTTP/1.1 200 OK"
2025-05-23 08:39:12,424 - httpx - INFO - HTTP Request: POST https://api.telegram.org/bot7093436536:AAEvjyOBDmUYkoOkO2zxZnzplRy8Thhz0Ps/getUpdates "HTTP/1.1 200 OK"
2025-05-23 08:39:22,511 - httpx - INFO - HTTP Request: POST https://api.telegram.org/bot7093436536:AAEvjyOBDmUYkoOkO2zxZnzplRy8Thhz0Ps/getUpdates "HTTP/1.1 200 OK"
2025-05-23 08:39:32,598 - httpx - INFO - HTTP Request: POST https://api.telegram.org/bot7093436536:AAEvjyOBDmUYkoOkO2zxZnzplRy8Thhz0Ps/getUpdates "HTTP/1.1 200 OK"
2025-05-23 08:39:42,681 - httpx - INFO - HTTP Request: POST https://api.telegram.org/bot7093436536:AAEvjyOBDmUYkoOkO2zxZnzplRy8Thhz0Ps/getUpdates "HTTP/1.1 200 OK"
2025-05-23 08:39:52,766 - httpx - INFO - HTTP Request: POST https://api.telegram.org/bot7093436536:AAEvjyOBDmUYkoOkO2zxZnzplRy8Thhz0Ps/getUpdates "HTTP/1.1 200 OK"
2025-05-23 08:40:02,850 - httpx - INFO - HTTP Request: POST https://api.telegram.org/bot7093436536:AAEvjyOBDmUYkoOkO2zxZnzplRy8Thhz0Ps/getUpdates "HTTP/1.1 200 OK"
2025-05-23 08:40:12,936 - httpx - INFO - HTTP Request: POST https://api.telegram.org/bot7093436536:AAEvjyOBDmUYkoOkO2zxZnzplRy8Thhz0Ps/getUpdates "HTTP/1.1 200 OK"
2025-05-23 08:40:23,023 - httpx - INFO - HTTP Request: POST https://api.telegram.org/bot7093436536:AAEvjyOBDmUYkoOkO2zxZnzplRy8Thhz0Ps/getUpdates "HTTP/1.1 200 OK"
2025-05-23 08:40:33,111 - httpx - INFO - HTTP Request: POST https://api.telegram.org/bot7093436536:AAEvjyOBDmUYkoOkO2zxZnzplRy8Thhz0Ps/getUpdates "HTTP/1.1 200 OK"
2025-05-23 08:40:43,197 - httpx - INFO - HTTP Request: POST https://api.telegram.org/bot7093436536:AAEvjyOBDmUYkoOkO2zxZnzplRy8Thhz0Ps/getUpdates "HTTP/1.1 200 OK"
2025-05-23 08:40:53,283 - httpx - INFO - HTTP Request: POST https://api.telegram.org/bot7093436536:AAEvjyOBDmUYkoOkO2zxZnzplRy8Thhz0Ps/getUpdates "HTTP/1.1 200 OK"
2025-05-23 08:41:03,368 - httpx - INFO - HTTP Request: POST https://api.telegram.org/bot7093436536:AAEvjyOBDmUYkoOkO2zxZnzplRy8Thhz0Ps/getUpdates "HTTP/1.1 200 OK"
2025-05-23 08:41:13,452 - httpx - INFO - HTTP Request: POST https://api.telegram.org/bot7093436536:AAEvjyOBDmUYkoOkO2zxZnzplRy8Thhz0Ps/getUpdates "HTTP/1.1 200 OK"
2025-05-23 08:41:23,538 - httpx - INFO - HTTP Request: POST https://api.telegram.org/bot7093436536:AAEvjyOBDmUYkoOkO2zxZnzplRy8Thhz0Ps/getUpdates "HTTP/1.1 200 OK"
2025-05-23 08:41:33,624 - httpx - INFO - HTTP Request: POST https://api.telegram.org/bot7093436536:AAEvjyOBDmUYkoOkO2zxZnzplRy8Thhz0Ps/getUpdates "HTTP/1.1 200 OK"
2025-05-23 08:41:43,712 - httpx - INFO - HTTP Request: POST https://api.telegram.org/bot7093436536:AAEvjyOBDmUYkoOkO2zxZnzplRy8Thhz0Ps/getUpdates "HTTP/1.1 200 OK"
2025-05-23 08:41:53,796 - httpx - INFO - HTTP Request: POST https://api.telegram.org/bot7093436536:AAEvjyOBDmUYkoOkO2zxZnzplRy8Thhz0Ps/getUpdates "HTTP/1.1 200 OK"
2025-05-23 08:42:03,882 - httpx - INFO - HTTP Request: POST https://api.telegram.org/bot7093436536:AAEvjyOBDmUYkoOkO2zxZnzplRy8Thhz0Ps/getUpdates "HTTP/1.1 200 OK"
2025-05-23 08:42:13,966 - httpx - INFO - HTTP Request: POST https://api.telegram.org/bot7093436536:AAEvjyOBDmUYkoOkO2zxZnzplRy8Thhz0Ps/getUpdates "HTTP/1.1 200 OK"
2025-05-23 08:42:24,052 - httpx - INFO - HTTP Request: POST https://api.telegram.org/bot7093436536:AAEvjyOBDmUYkoOkO2zxZnzplRy8Thhz0Ps/getUpdates "HTTP/1.1 200 OK"
2025-05-23 08:42:34,140 - httpx - INFO - HTTP Request: POST https://api.telegram.org/bot7093436536:AAEvjyOBDmUYkoOkO2zxZnzplRy8Thhz0Ps/getUpdates "HTTP/1.1 200 OK"
2025-05-23 08:42:44,224 - httpx - INFO - HTTP Request: POST https://api.telegram.org/bot7093436536:AAEvjyOBDmUYkoOkO2zxZnzplRy8Thhz0Ps/getUpdates "HTTP/1.1 200 OK"
2025-05-23 08:42:50,883 - httpx - INFO - HTTP Request: POST https://api.telegram.org/bot7093436536:AAEvjyOBDmUYkoOkO2zxZnzplRy8Thhz0Ps/getUpdates "HTTP/1.1 200 OK"
2025-05-23 08:42:50,884 - telegram.ext.Application - INFO - Application is stopping. This might take a moment.
2025-05-23 08:42:50,884 - apscheduler.scheduler - INFO - Scheduler has been shut down
2025-05-23 08:42:50,895 - telegram.ext.Application - INFO - Application.stop() complete
2025-05-23 08:43:43,268 - httpx - INFO - HTTP Request: POST https://api.telegram.org/bot7093436536:AAEvjyOBDmUYkoOkO2zxZnzplRy8Thhz0Ps/getMe "HTTP/1.1 200 OK"
2025-05-23 08:43:43,353 - httpx - INFO - HTTP Request: POST https://api.telegram.org/bot7093436536:AAEvjyOBDmUYkoOkO2zxZnzplRy8Thhz0Ps/deleteWebhook "HTTP/1.1 200 OK"
2025-05-23 08:43:43,354 - apscheduler.scheduler - INFO - Scheduler started
2025-05-23 08:43:43,355 - telegram.ext.Application - INFO - Application started
2025-05-23 08:43:53,613 - httpx - INFO - HTTP Request: POST https://api.telegram.org/bot7093436536:AAEvjyOBDmUYkoOkO2zxZnzplRy8Thhz0Ps/getUpdates "HTTP/1.1 200 OK"
2025-05-23 08:44:03,699 - httpx - INFO - HTTP Request: POST https://api.telegram.org/bot7093436536:AAEvjyOBDmUYkoOkO2zxZnzplRy8Thhz0Ps/getUpdates "HTTP/1.1 200 OK"
2025-05-23 08:44:13,787 - httpx - INFO - HTTP Request: POST https://api.telegram.org/bot7093436536:AAEvjyOBDmUYkoOkO2zxZnzplRy8Thhz0Ps/getUpdates "HTTP/1.1 200 OK"
2025-05-23 08:44:23,872 - httpx - INFO - HTTP Request: POST https://api.telegram.org/bot7093436536:AAEvjyOBDmUYkoOkO2zxZnzplRy8Thhz0Ps/getUpdates "HTTP/1.1 200 OK"
2025-05-23 08:44:33,966 - httpx - INFO - HTTP Request: POST https://api.telegram.org/bot7093436536:AAEvjyOBDmUYkoOkO2zxZnzplRy8Thhz0Ps/getUpdates "HTTP/1.1 200 OK"
2025-05-23 08:44:44,053 - httpx - INFO - HTTP Request: POST https://api.telegram.org/bot7093436536:AAEvjyOBDmUYkoOkO2zxZnzplRy8Thhz0Ps/getUpdates "HTTP/1.1 200 OK"
2025-05-23 08:44:54,138 - httpx - INFO - HTTP Request: POST https://api.telegram.org/bot7093436536:AAEvjyOBDmUYkoOkO2zxZnzplRy8Thhz0Ps/getUpdates "HTTP/1.1 200 OK"
2025-05-23 08:45:04,230 - httpx - INFO - HTTP Request: POST https://api.telegram.org/bot7093436536:AAEvjyOBDmUYkoOkO2zxZnzplRy8Thhz0Ps/getUpdates "HTTP/1.1 200 OK"
2025-05-23 08:45:14,332 - httpx - INFO - HTTP Request: POST https://api.telegram.org/bot7093436536:AAEvjyOBDmUYkoOkO2zxZnzplRy8Thhz0Ps/getUpdates "HTTP/1.1 200 OK"
2025-05-23 08:45:24,419 - httpx - INFO - HTTP Request: POST https://api.telegram.org/bot7093436536:AAEvjyOBDmUYkoOkO2zxZnzplRy8Thhz0Ps/getUpdates "HTTP/1.1 200 OK"
2025-05-23 08:45:34,513 - httpx - INFO - HTTP Request: POST https://api.telegram.org/bot7093436536:AAEvjyOBDmUYkoOkO2zxZnzplRy8Thhz0Ps/getUpdates "HTTP/1.1 200 OK"
2025-05-23 08:45:44,620 - httpx - INFO - HTTP Request: POST https://api.telegram.org/bot7093436536:AAEvjyOBDmUYkoOkO2zxZnzplRy8Thhz0Ps/getUpdates "HTTP/1.1 200 OK"
2025-05-23 08:45:54,708 - httpx - INFO - HTTP Request: POST https://api.telegram.org/bot7093436536:AAEvjyOBDmUYkoOkO2zxZnzplRy8Thhz0Ps/getUpdates "HTTP/1.1 200 OK"
2025-05-23 08:46:04,794 - httpx - INFO - HTTP Request: POST https://api.telegram.org/bot7093436536:AAEvjyOBDmUYkoOkO2zxZnzplRy8Thhz0Ps/getUpdates "HTTP/1.1 200 OK"
2025-05-23 08:46:14,882 - httpx - INFO - HTTP Request: POST https://api.telegram.org/bot7093436536:AAEvjyOBDmUYkoOkO2zxZnzplRy8Thhz0Ps/getUpdates "HTTP/1.1 200 OK"
2025-05-23 08:46:24,976 - httpx - INFO - HTTP Request: POST https://api.telegram.org/bot7093436536:AAEvjyOBDmUYkoOkO2zxZnzplRy8Thhz0Ps/getUpdates "HTTP/1.1 200 OK"
2025-05-23 08:46:35,061 - httpx - INFO - HTTP Request: POST https://api.telegram.org/bot7093436536:AAEvjyOBDmUYkoOkO2zxZnzplRy8Thhz0Ps/getUpdates "HTTP/1.1 200 OK"
2025-05-23 08:46:45,148 - httpx - INFO - HTTP Request: POST https://api.telegram.org/bot7093436536:AAEvjyOBDmUYkoOkO2zxZnzplRy8Thhz0Ps/getUpdates "HTTP/1.1 200 OK"
2025-05-23 08:46:55,235 - httpx - INFO - HTTP Request: POST https://api.telegram.org/bot7093436536:AAEvjyOBDmUYkoOkO2zxZnzplRy8Thhz0Ps/getUpdates "HTTP/1.1 200 OK"
2025-05-23 08:47:05,325 - httpx - INFO - HTTP Request: POST https://api.telegram.org/bot7093436536:AAEvjyOBDmUYkoOkO2zxZnzplRy8Thhz0Ps/getUpdates "HTTP/1.1 200 OK"
2025-05-23 08:47:15,412 - httpx - INFO - HTTP Request: POST https://api.telegram.org/bot7093436536:AAEvjyOBDmUYkoOkO2zxZnzplRy8Thhz0Ps/getUpdates "HTTP/1.1 200 OK"
2025-05-23 08:47:25,501 - httpx - INFO - HTTP Request: POST https://api.telegram.org/bot7093436536:AAEvjyOBDmUYkoOkO2zxZnzplRy8Thhz0Ps/getUpdates "HTTP/1.1 200 OK"
2025-05-23 08:47:35,590 - httpx - INFO - HTTP Request: POST https://api.telegram.org/bot7093436536:AAEvjyOBDmUYkoOkO2zxZnzplRy8Thhz0Ps/getUpdates "HTTP/1.1 200 OK"
2025-05-23 08:47:45,680 - httpx - INFO - HTTP Request: POST https://api.telegram.org/bot7093436536:AAEvjyOBDmUYkoOkO2zxZnzplRy8Thhz0Ps/getUpdates "HTTP/1.1 200 OK"
2025-05-23 08:47:55,767 - httpx - INFO - HTTP Request: POST https://api.telegram.org/bot7093436536:AAEvjyOBDmUYkoOkO2zxZnzplRy8Thhz0Ps/getUpdates "HTTP/1.1 200 OK"
2025-05-23 08:48:05,855 - httpx - INFO - HTTP Request: POST https://api.telegram.org/bot7093436536:AAEvjyOBDmUYkoOkO2zxZnzplRy8Thhz0Ps/getUpdates "HTTP/1.1 200 OK"
2025-05-23 08:48:15,944 - httpx - INFO - HTTP Request: POST https://api.telegram.org/bot7093436536:AAEvjyOBDmUYkoOkO2zxZnzplRy8Thhz0Ps/getUpdates "HTTP/1.1 200 OK"
2025-05-23 08:48:26,034 - httpx - INFO - HTTP Request: POST https://api.telegram.org/bot7093436536:AAEvjyOBDmUYkoOkO2zxZnzplRy8Thhz0Ps/getUpdates "HTTP/1.1 200 OK"
2025-05-23 08:48:36,122 - httpx - INFO - HTTP Request: POST https://api.telegram.org/bot7093436536:AAEvjyOBDmUYkoOkO2zxZnzplRy8Thhz0Ps/getUpdates "HTTP/1.1 200 OK"
2025-05-23 08:48:46,209 - httpx - INFO - HTTP Request: POST https://api.telegram.org/bot7093436536:AAEvjyOBDmUYkoOkO2zxZnzplRy8Thhz0Ps/getUpdates "HTTP/1.1 200 OK"
2025-05-23 08:48:56,297 - httpx - INFO - HTTP Request: POST https://api.telegram.org/bot7093436536:AAEvjyOBDmUYkoOkO2zxZnzplRy8Thhz0Ps/getUpdates "HTTP/1.1 200 OK"
2025-05-23 08:49:06,384 - httpx - INFO - HTTP Request: POST https://api.telegram.org/bot7093436536:AAEvjyOBDmUYkoOkO2zxZnzplRy8Thhz0Ps/getUpdates "HTTP/1.1 200 OK"
2025-05-23 08:49:16,474 - httpx - INFO - HTTP Request: POST https://api.telegram.org/bot7093436536:AAEvjyOBDmUYkoOkO2zxZnzplRy8Thhz0Ps/getUpdates "HTTP/1.1 200 OK"
2025-05-23 08:49:26,565 - httpx - INFO - HTTP Request: POST https://api.telegram.org/bot7093436536:AAEvjyOBDmUYkoOkO2zxZnzplRy8Thhz0Ps/getUpdates "HTTP/1.1 200 OK"
2025-05-23 08:49:36,653 - httpx - INFO - HTTP Request: POST https://api.telegram.org/bot7093436536:AAEvjyOBDmUYkoOkO2zxZnzplRy8Thhz0Ps/getUpdates "HTTP/1.1 200 OK"
2025-05-23 08:49:46,740 - httpx - INFO - HTTP Request: POST https://api.telegram.org/bot7093436536:AAEvjyOBDmUYkoOkO2zxZnzplRy8Thhz0Ps/getUpdates "HTTP/1.1 200 OK"
2025-05-23 08:49:56,827 - httpx - INFO - HTTP Request: POST https://api.telegram.org/bot7093436536:AAEvjyOBDmUYkoOkO2zxZnzplRy8Thhz0Ps/getUpdates "HTTP/1.1 200 OK"
2025-05-23 08:50:06,915 - httpx - INFO - HTTP Request: POST https://api.telegram.org/bot7093436536:AAEvjyOBDmUYkoOkO2zxZnzplRy8Thhz0Ps/getUpdates "HTTP/1.1 200 OK"
2025-05-23 08:50:17,014 - httpx - INFO - HTTP Request: POST https://api.telegram.org/bot7093436536:AAEvjyOBDmUYkoOkO2zxZnzplRy8Thhz0Ps/getUpdates "HTTP/1.1 200 OK"
2025-05-23 08:50:27,106 - httpx - INFO - HTTP Request: POST https://api.telegram.org/bot7093436536:AAEvjyOBDmUYkoOkO2zxZnzplRy8Thhz0Ps/getUpdates "HTTP/1.1 200 OK"
2025-05-23 08:50:37,192 - httpx - INFO - HTTP Request: POST https://api.telegram.org/bot7093436536:AAEvjyOBDmUYkoOkO2zxZnzplRy8Thhz0Ps/getUpdates "HTTP/1.1 200 OK"
2025-05-23 08:50:47,278 - httpx - INFO - HTTP Request: POST https://api.telegram.org/bot7093436536:AAEvjyOBDmUYkoOkO2zxZnzplRy8Thhz0Ps/getUpdates "HTTP/1.1 200 OK"
2025-05-23 08:50:57,364 - httpx - INFO - HTTP Request: POST https://api.telegram.org/bot7093436536:AAEvjyOBDmUYkoOkO2zxZnzplRy8Thhz0Ps/getUpdates "HTTP/1.1 200 OK"
2025-05-23 08:51:07,451 - httpx - INFO - HTTP Request: POST https://api.telegram.org/bot7093436536:AAEvjyOBDmUYkoOkO2zxZnzplRy8Thhz0Ps/getUpdates "HTTP/1.1 200 OK"
2025-05-23 08:51:17,538 - httpx - INFO - HTTP Request: POST https://api.telegram.org/bot7093436536:AAEvjyOBDmUYkoOkO2zxZnzplRy8Thhz0Ps/getUpdates "HTTP/1.1 200 OK"
2025-05-23 08:51:27,632 - httpx - INFO - HTTP Request: POST https://api.telegram.org/bot7093436536:AAEvjyOBDmUYkoOkO2zxZnzplRy8Thhz0Ps/getUpdates "HTTP/1.1 200 OK"
2025-05-23 08:51:37,722 - httpx - INFO - HTTP Request: POST https://api.telegram.org/bot7093436536:AAEvjyOBDmUYkoOkO2zxZnzplRy8Thhz0Ps/getUpdates "HTTP/1.1 200 OK"
2025-05-23 08:51:47,813 - httpx - INFO - HTTP Request: POST https://api.telegram.org/bot7093436536:AAEvjyOBDmUYkoOkO2zxZnzplRy8Thhz0Ps/getUpdates "HTTP/1.1 200 OK"
2025-05-23 08:51:57,903 - httpx - INFO - HTTP Request: POST https://api.telegram.org/bot7093436536:AAEvjyOBDmUYkoOkO2zxZnzplRy8Thhz0Ps/getUpdates "HTTP/1.1 200 OK"
2025-05-23 08:52:07,992 - httpx - INFO - HTTP Request: POST https://api.telegram.org/bot7093436536:AAEvjyOBDmUYkoOkO2zxZnzplRy8Thhz0Ps/getUpdates "HTTP/1.1 200 OK"
2025-05-23 08:52:18,080 - httpx - INFO - HTTP Request: POST https://api.telegram.org/bot7093436536:AAEvjyOBDmUYkoOkO2zxZnzplRy8Thhz0Ps/getUpdates "HTTP/1.1 200 OK"
2025-05-23 08:52:28,166 - httpx - INFO - HTTP Request: POST https://api.telegram.org/bot7093436536:AAEvjyOBDmUYkoOkO2zxZnzplRy8Thhz0Ps/getUpdates "HTTP/1.1 200 OK"
2025-05-23 08:52:38,254 - httpx - INFO - HTTP Request: POST https://api.telegram.org/bot7093436536:AAEvjyOBDmUYkoOkO2zxZnzplRy8Thhz0Ps/getUpdates "HTTP/1.1 200 OK"
2025-05-23 08:52:48,344 - httpx - INFO - HTTP Request: POST https://api.telegram.org/bot7093436536:AAEvjyOBDmUYkoOkO2zxZnzplRy8Thhz0Ps/getUpdates "HTTP/1.1 200 OK"
2025-05-23 08:52:58,434 - httpx - INFO - HTTP Request: POST https://api.telegram.org/bot7093436536:AAEvjyOBDmUYkoOkO2zxZnzplRy8Thhz0Ps/getUpdates "HTTP/1.1 200 OK"
2025-05-23 08:53:08,533 - httpx - INFO - HTTP Request: POST https://api.telegram.org/bot7093436536:AAEvjyOBDmUYkoOkO2zxZnzplRy8Thhz0Ps/getUpdates "HTTP/1.1 200 OK"
2025-05-23 08:53:18,628 - httpx - INFO - HTTP Request: POST https://api.telegram.org/bot7093436536:AAEvjyOBDmUYkoOkO2zxZnzplRy8Thhz0Ps/getUpdates "HTTP/1.1 200 OK"
2025-05-23 08:53:28,718 - httpx - INFO - HTTP Request: POST https://api.telegram.org/bot7093436536:AAEvjyOBDmUYkoOkO2zxZnzplRy8Thhz0Ps/getUpdates "HTTP/1.1 200 OK"
2025-05-23 08:53:38,809 - httpx - INFO - HTTP Request: POST https://api.telegram.org/bot7093436536:AAEvjyOBDmUYkoOkO2zxZnzplRy8Thhz0Ps/getUpdates "HTTP/1.1 200 OK"
2025-05-23 08:53:48,895 - httpx - INFO - HTTP Request: POST https://api.telegram.org/bot7093436536:AAEvjyOBDmUYkoOkO2zxZnzplRy8Thhz0Ps/getUpdates "HTTP/1.1 200 OK"
2025-05-23 08:53:58,983 - httpx - INFO - HTTP Request: POST https://api.telegram.org/bot7093436536:AAEvjyOBDmUYkoOkO2zxZnzplRy8Thhz0Ps/getUpdates "HTTP/1.1 200 OK"
2025-05-23 08:54:09,071 - httpx - INFO - HTTP Request: POST https://api.telegram.org/bot7093436536:AAEvjyOBDmUYkoOkO2zxZnzplRy8Thhz0Ps/getUpdates "HTTP/1.1 200 OK"
2025-05-23 08:54:19,158 - httpx - INFO - HTTP Request: POST https://api.telegram.org/bot7093436536:AAEvjyOBDmUYkoOkO2zxZnzplRy8Thhz0Ps/getUpdates "HTTP/1.1 200 OK"
2025-05-23 08:54:29,245 - httpx - INFO - HTTP Request: POST https://api.telegram.org/bot7093436536:AAEvjyOBDmUYkoOkO2zxZnzplRy8Thhz0Ps/getUpdates "HTTP/1.1 200 OK"
2025-05-23 08:54:39,334 - httpx - INFO - HTTP Request: POST https://api.telegram.org/bot7093436536:AAEvjyOBDmUYkoOkO2zxZnzplRy8Thhz0Ps/getUpdates "HTTP/1.1 200 OK"
2025-05-23 08:54:49,450 - httpx - INFO - HTTP Request: POST https://api.telegram.org/bot7093436536:AAEvjyOBDmUYkoOkO2zxZnzplRy8Thhz0Ps/getUpdates "HTTP/1.1 200 OK"
2025-05-23 08:54:59,536 - httpx - INFO - HTTP Request: POST https://api.telegram.org/bot7093436536:AAEvjyOBDmUYkoOkO2zxZnzplRy8Thhz0Ps/getUpdates "HTTP/1.1 200 OK"
2025-05-23 08:55:09,641 - httpx - INFO - HTTP Request: POST https://api.telegram.org/bot7093436536:AAEvjyOBDmUYkoOkO2zxZnzplRy8Thhz0Ps/getUpdates "HTTP/1.1 200 OK"
2025-05-23 08:55:19,727 - httpx - INFO - HTTP Request: POST https://api.telegram.org/bot7093436536:AAEvjyOBDmUYkoOkO2zxZnzplRy8Thhz0Ps/getUpdates "HTTP/1.1 200 OK"
2025-05-23 08:55:29,817 - httpx - INFO - HTTP Request: POST https://api.telegram.org/bot7093436536:AAEvjyOBDmUYkoOkO2zxZnzplRy8Thhz0Ps/getUpdates "HTTP/1.1 200 OK"
2025-05-23 08:55:39,929 - httpx - INFO - HTTP Request: POST https://api.telegram.org/bot7093436536:AAEvjyOBDmUYkoOkO2zxZnzplRy8Thhz0Ps/getUpdates "HTTP/1.1 200 OK"
2025-05-23 08:55:50,019 - httpx - INFO - HTTP Request: POST https://api.telegram.org/bot7093436536:AAEvjyOBDmUYkoOkO2zxZnzplRy8Thhz0Ps/getUpdates "HTTP/1.1 200 OK"
2025-05-23 08:56:00,118 - httpx - INFO - HTTP Request: POST https://api.telegram.org/bot7093436536:AAEvjyOBDmUYkoOkO2zxZnzplRy8Thhz0Ps/getUpdates "HTTP/1.1 200 OK"
2025-05-23 08:56:10,207 - httpx - INFO - HTTP Request: POST https://api.telegram.org/bot7093436536:AAEvjyOBDmUYkoOkO2zxZnzplRy8Thhz0Ps/getUpdates "HTTP/1.1 200 OK"
2025-05-23 08:56:20,297 - httpx - INFO - HTTP Request: POST https://api.telegram.org/bot7093436536:AAEvjyOBDmUYkoOkO2zxZnzplRy8Thhz0Ps/getUpdates "HTTP/1.1 200 OK"
2025-05-23 08:56:30,384 - httpx - INFO - HTTP Request: POST https://api.telegram.org/bot7093436536:AAEvjyOBDmUYkoOkO2zxZnzplRy8Thhz0Ps/getUpdates "HTTP/1.1 200 OK"
2025-05-23 08:56:40,471 - httpx - INFO - HTTP Request: POST https://api.telegram.org/bot7093436536:AAEvjyOBDmUYkoOkO2zxZnzplRy8Thhz0Ps/getUpdates "HTTP/1.1 200 OK"
2025-05-23 08:56:50,560 - httpx - INFO - HTTP Request: POST https://api.telegram.org/bot7093436536:AAEvjyOBDmUYkoOkO2zxZnzplRy8Thhz0Ps/getUpdates "HTTP/1.1 200 OK"
2025-05-23 08:57:00,647 - httpx - INFO - HTTP Request: POST https://api.telegram.org/bot7093436536:AAEvjyOBDmUYkoOkO2zxZnzplRy8Thhz0Ps/getUpdates "HTTP/1.1 200 OK"
2025-05-23 08:57:10,740 - httpx - INFO - HTTP Request: POST https://api.telegram.org/bot7093436536:AAEvjyOBDmUYkoOkO2zxZnzplRy8Thhz0Ps/getUpdates "HTTP/1.1 200 OK"
2025-05-23 08:57:20,833 - httpx - INFO - HTTP Request: POST https://api.telegram.org/bot7093436536:AAEvjyOBDmUYkoOkO2zxZnzplRy8Thhz0Ps/getUpdates "HTTP/1.1 200 OK"
2025-05-23 08:57:30,919 - httpx - INFO - HTTP Request: POST https://api.telegram.org/bot7093436536:AAEvjyOBDmUYkoOkO2zxZnzplRy8Thhz0Ps/getUpdates "HTTP/1.1 200 OK"
2025-05-23 08:57:41,009 - httpx - INFO - HTTP Request: POST https://api.telegram.org/bot7093436536:AAEvjyOBDmUYkoOkO2zxZnzplRy8Thhz0Ps/getUpdates "HTTP/1.1 200 OK"
2025-05-23 08:57:51,095 - httpx - INFO - HTTP Request: POST https://api.telegram.org/bot7093436536:AAEvjyOBDmUYkoOkO2zxZnzplRy8Thhz0Ps/getUpdates "HTTP/1.1 200 OK"
2025-05-23 08:58:01,182 - httpx - INFO - HTTP Request: POST https://api.telegram.org/bot7093436536:AAEvjyOBDmUYkoOkO2zxZnzplRy8Thhz0Ps/getUpdates "HTTP/1.1 200 OK"
2025-05-23 08:58:11,274 - httpx - INFO - HTTP Request: POST https://api.telegram.org/bot7093436536:AAEvjyOBDmUYkoOkO2zxZnzplRy8Thhz0Ps/getUpdates "HTTP/1.1 200 OK"
2025-05-23 08:58:21,361 - httpx - INFO - HTTP Request: POST https://api.telegram.org/bot7093436536:AAEvjyOBDmUYkoOkO2zxZnzplRy8Thhz0Ps/getUpdates "HTTP/1.1 200 OK"
2025-05-23 08:58:31,446 - httpx - INFO - HTTP Request: POST https://api.telegram.org/bot7093436536:AAEvjyOBDmUYkoOkO2zxZnzplRy8Thhz0Ps/getUpdates "HTTP/1.1 200 OK"
2025-05-23 08:58:41,533 - httpx - INFO - HTTP Request: POST https://api.telegram.org/bot7093436536:AAEvjyOBDmUYkoOkO2zxZnzplRy8Thhz0Ps/getUpdates "HTTP/1.1 200 OK"
2025-05-23 08:58:51,620 - httpx - INFO - HTTP Request: POST https://api.telegram.org/bot7093436536:AAEvjyOBDmUYkoOkO2zxZnzplRy8Thhz0Ps/getUpdates "HTTP/1.1 200 OK"
2025-05-23 08:59:01,711 - httpx - INFO - HTTP Request: POST https://api.telegram.org/bot7093436536:AAEvjyOBDmUYkoOkO2zxZnzplRy8Thhz0Ps/getUpdates "HTTP/1.1 200 OK"
2025-05-23 08:59:11,797 - httpx - INFO - HTTP Request: POST https://api.telegram.org/bot7093436536:AAEvjyOBDmUYkoOkO2zxZnzplRy8Thhz0Ps/getUpdates "HTTP/1.1 200 OK"
2025-05-23 08:59:21,893 - httpx - INFO - HTTP Request: POST https://api.telegram.org/bot7093436536:AAEvjyOBDmUYkoOkO2zxZnzplRy8Thhz0Ps/getUpdates "HTTP/1.1 200 OK"
2025-05-23 08:59:31,980 - httpx - INFO - HTTP Request: POST https://api.telegram.org/bot7093436536:AAEvjyOBDmUYkoOkO2zxZnzplRy8Thhz0Ps/getUpdates "HTTP/1.1 200 OK"
2025-05-23 08:59:42,073 - httpx - INFO - HTTP Request: POST https://api.telegram.org/bot7093436536:AAEvjyOBDmUYkoOkO2zxZnzplRy8Thhz0Ps/getUpdates "HTTP/1.1 200 OK"
2025-05-23 08:59:52,163 - httpx - INFO - HTTP Request: POST https://api.telegram.org/bot7093436536:AAEvjyOBDmUYkoOkO2zxZnzplRy8Thhz0Ps/getUpdates "HTTP/1.1 200 OK"
2025-05-23 09:00:02,252 - httpx - INFO - HTTP Request: POST https://api.telegram.org/bot7093436536:AAEvjyOBDmUYkoOkO2zxZnzplRy8Thhz0Ps/getUpdates "HTTP/1.1 200 OK"
2025-05-23 09:00:12,341 - httpx - INFO - HTTP Request: POST https://api.telegram.org/bot7093436536:AAEvjyOBDmUYkoOkO2zxZnzplRy8Thhz0Ps/getUpdates "HTTP/1.1 200 OK"
2025-05-23 09:00:22,433 - httpx - INFO - HTTP Request: POST https://api.telegram.org/bot7093436536:AAEvjyOBDmUYkoOkO2zxZnzplRy8Thhz0Ps/getUpdates "HTTP/1.1 200 OK"
2025-05-23 09:00:32,521 - httpx - INFO - HTTP Request: POST https://api.telegram.org/bot7093436536:AAEvjyOBDmUYkoOkO2zxZnzplRy8Thhz0Ps/getUpdates "HTTP/1.1 200 OK"
2025-05-23 09:00:42,772 - httpx - INFO - HTTP Request: POST https://api.telegram.org/bot7093436536:AAEvjyOBDmUYkoOkO2zxZnzplRy8Thhz0Ps/getUpdates "HTTP/1.1 200 OK"
2025-05-23 09:00:52,864 - httpx - INFO - HTTP Request: POST https://api.telegram.org/bot7093436536:AAEvjyOBDmUYkoOkO2zxZnzplRy8Thhz0Ps/getUpdates "HTTP/1.1 200 OK"
2025-05-23 09:01:02,972 - httpx - INFO - HTTP Request: POST https://api.telegram.org/bot7093436536:AAEvjyOBDmUYkoOkO2zxZnzplRy8Thhz0Ps/getUpdates "HTTP/1.1 200 OK"
2025-05-23 09:01:13,069 - httpx - INFO - HTTP Request: POST https://api.telegram.org/bot7093436536:AAEvjyOBDmUYkoOkO2zxZnzplRy8Thhz0Ps/getUpdates "HTTP/1.1 200 OK"
2025-05-23 09:01:23,152 - httpx - INFO - HTTP Request: POST https://api.telegram.org/bot7093436536:AAEvjyOBDmUYkoOkO2zxZnzplRy8Thhz0Ps/getUpdates "HTTP/1.1 200 OK"
2025-05-23 09:01:33,239 - httpx - INFO - HTTP Request: POST https://api.telegram.org/bot7093436536:AAEvjyOBDmUYkoOkO2zxZnzplRy8Thhz0Ps/getUpdates "HTTP/1.1 200 OK"
2025-05-23 09:01:43,323 - httpx - INFO - HTTP Request: POST https://api.telegram.org/bot7093436536:AAEvjyOBDmUYkoOkO2zxZnzplRy8Thhz0Ps/getUpdates "HTTP/1.1 200 OK"
2025-05-23 09:01:53,406 - httpx - INFO - HTTP Request: POST https://api.telegram.org/bot7093436536:AAEvjyOBDmUYkoOkO2zxZnzplRy8Thhz0Ps/getUpdates "HTTP/1.1 200 OK"
2025-05-23 09:02:03,492 - httpx - INFO - HTTP Request: POST https://api.telegram.org/bot7093436536:AAEvjyOBDmUYkoOkO2zxZnzplRy8Thhz0Ps/getUpdates "HTTP/1.1 200 OK"
2025-05-23 09:02:13,579 - httpx - INFO - HTTP Request: POST https://api.telegram.org/bot7093436536:AAEvjyOBDmUYkoOkO2zxZnzplRy8Thhz0Ps/getUpdates "HTTP/1.1 200 OK"
2025-05-23 09:02:23,662 - httpx - INFO - HTTP Request: POST https://api.telegram.org/bot7093436536:AAEvjyOBDmUYkoOkO2zxZnzplRy8Thhz0Ps/getUpdates "HTTP/1.1 200 OK"
2025-05-23 09:02:33,747 - httpx - INFO - HTTP Request: POST https://api.telegram.org/bot7093436536:AAEvjyOBDmUYkoOkO2zxZnzplRy8Thhz0Ps/getUpdates "HTTP/1.1 200 OK"
2025-05-23 09:02:43,832 - httpx - INFO - HTTP Request: POST https://api.telegram.org/bot7093436536:AAEvjyOBDmUYkoOkO2zxZnzplRy8Thhz0Ps/getUpdates "HTTP/1.1 200 OK"
2025-05-23 09:02:53,920 - httpx - INFO - HTTP Request: POST https://api.telegram.org/bot7093436536:AAEvjyOBDmUYkoOkO2zxZnzplRy8Thhz0Ps/getUpdates "HTTP/1.1 200 OK"
2025-05-23 09:03:04,005 - httpx - INFO - HTTP Request: POST https://api.telegram.org/bot7093436536:AAEvjyOBDmUYkoOkO2zxZnzplRy8Thhz0Ps/getUpdates "HTTP/1.1 200 OK"
2025-05-23 09:03:14,089 - httpx - INFO - HTTP Request: POST https://api.telegram.org/bot7093436536:AAEvjyOBDmUYkoOkO2zxZnzplRy8Thhz0Ps/getUpdates "HTTP/1.1 200 OK"
2025-05-23 09:03:24,191 - httpx - INFO - HTTP Request: POST https://api.telegram.org/bot7093436536:AAEvjyOBDmUYkoOkO2zxZnzplRy8Thhz0Ps/getUpdates "HTTP/1.1 200 OK"
2025-05-23 09:03:34,274 - httpx - INFO - HTTP Request: POST https://api.telegram.org/bot7093436536:AAEvjyOBDmUYkoOkO2zxZnzplRy8Thhz0Ps/getUpdates "HTTP/1.1 200 OK"
2025-05-23 09:03:44,358 - httpx - INFO - HTTP Request: POST https://api.telegram.org/bot7093436536:AAEvjyOBDmUYkoOkO2zxZnzplRy8Thhz0Ps/getUpdates "HTTP/1.1 200 OK"
2025-05-23 09:03:54,442 - httpx - INFO - HTTP Request: POST https://api.telegram.org/bot7093436536:AAEvjyOBDmUYkoOkO2zxZnzplRy8Thhz0Ps/getUpdates "HTTP/1.1 200 OK"
2025-05-23 09:04:04,527 - httpx - INFO - HTTP Request: POST https://api.telegram.org/bot7093436536:AAEvjyOBDmUYkoOkO2zxZnzplRy8Thhz0Ps/getUpdates "HTTP/1.1 200 OK"
2025-05-23 09:04:14,611 - httpx - INFO - HTTP Request: POST https://api.telegram.org/bot7093436536:AAEvjyOBDmUYkoOkO2zxZnzplRy8Thhz0Ps/getUpdates "HTTP/1.1 200 OK"
2025-05-23 09:04:24,694 - httpx - INFO - HTTP Request: POST https://api.telegram.org/bot7093436536:AAEvjyOBDmUYkoOkO2zxZnzplRy8Thhz0Ps/getUpdates "HTTP/1.1 200 OK"
2025-05-23 09:04:34,779 - httpx - INFO - HTTP Request: POST https://api.telegram.org/bot7093436536:AAEvjyOBDmUYkoOkO2zxZnzplRy8Thhz0Ps/getUpdates "HTTP/1.1 200 OK"
2025-05-23 09:04:44,862 - httpx - INFO - HTTP Request: POST https://api.telegram.org/bot7093436536:AAEvjyOBDmUYkoOkO2zxZnzplRy8Thhz0Ps/getUpdates "HTTP/1.1 200 OK"
2025-05-23 09:04:54,946 - httpx - INFO - HTTP Request: POST https://api.telegram.org/bot7093436536:AAEvjyOBDmUYkoOkO2zxZnzplRy8Thhz0Ps/getUpdates "HTTP/1.1 200 OK"
2025-05-23 09:05:05,033 - httpx - INFO - HTTP Request: POST https://api.telegram.org/bot7093436536:AAEvjyOBDmUYkoOkO2zxZnzplRy8Thhz0Ps/getUpdates "HTTP/1.1 200 OK"
2025-05-23 09:05:15,153 - httpx - INFO - HTTP Request: POST https://api.telegram.org/bot7093436536:AAEvjyOBDmUYkoOkO2zxZnzplRy8Thhz0Ps/getUpdates "HTTP/1.1 200 OK"
2025-05-23 09:05:25,237 - httpx - INFO - HTTP Request: POST https://api.telegram.org/bot7093436536:AAEvjyOBDmUYkoOkO2zxZnzplRy8Thhz0Ps/getUpdates "HTTP/1.1 200 OK"
2025-05-23 09:05:35,322 - httpx - INFO - HTTP Request: POST https://api.telegram.org/bot7093436536:AAEvjyOBDmUYkoOkO2zxZnzplRy8Thhz0Ps/getUpdates "HTTP/1.1 200 OK"
2025-05-23 09:05:45,405 - httpx - INFO - HTTP Request: POST https://api.telegram.org/bot7093436536:AAEvjyOBDmUYkoOkO2zxZnzplRy8Thhz0Ps/getUpdates "HTTP/1.1 200 OK"
2025-05-23 09:05:55,490 - httpx - INFO - HTTP Request: POST https://api.telegram.org/bot7093436536:AAEvjyOBDmUYkoOkO2zxZnzplRy8Thhz0Ps/getUpdates "HTTP/1.1 200 OK"
2025-05-23 09:06:05,573 - httpx - INFO - HTTP Request: POST https://api.telegram.org/bot7093436536:AAEvjyOBDmUYkoOkO2zxZnzplRy8Thhz0Ps/getUpdates "HTTP/1.1 200 OK"
2025-05-23 09:06:15,656 - httpx - INFO - HTTP Request: POST https://api.telegram.org/bot7093436536:AAEvjyOBDmUYkoOkO2zxZnzplRy8Thhz0Ps/getUpdates "HTTP/1.1 200 OK"
2025-05-23 09:06:25,740 - httpx - INFO - HTTP Request: POST https://api.telegram.org/bot7093436536:AAEvjyOBDmUYkoOkO2zxZnzplRy8Thhz0Ps/getUpdates "HTTP/1.1 200 OK"
2025-05-23 09:06:35,823 - httpx - INFO - HTTP Request: POST https://api.telegram.org/bot7093436536:AAEvjyOBDmUYkoOkO2zxZnzplRy8Thhz0Ps/getUpdates "HTTP/1.1 200 OK"
2025-05-23 09:06:45,906 - httpx - INFO - HTTP Request: POST https://api.telegram.org/bot7093436536:AAEvjyOBDmUYkoOkO2zxZnzplRy8Thhz0Ps/getUpdates "HTTP/1.1 200 OK"
2025-05-23 09:06:55,990 - httpx - INFO - HTTP Request: POST https://api.telegram.org/bot7093436536:AAEvjyOBDmUYkoOkO2zxZnzplRy8Thhz0Ps/getUpdates "HTTP/1.1 200 OK"
2025-05-23 09:07:06,075 - httpx - INFO - HTTP Request: POST https://api.telegram.org/bot7093436536:AAEvjyOBDmUYkoOkO2zxZnzplRy8Thhz0Ps/getUpdates "HTTP/1.1 200 OK"
2025-05-23 09:07:16,160 - httpx - INFO - HTTP Request: POST https://api.telegram.org/bot7093436536:AAEvjyOBDmUYkoOkO2zxZnzplRy8Thhz0Ps/getUpdates "HTTP/1.1 200 OK"
2025-05-23 09:07:26,245 - httpx - INFO - HTTP Request: POST https://api.telegram.org/bot7093436536:AAEvjyOBDmUYkoOkO2zxZnzplRy8Thhz0Ps/getUpdates "HTTP/1.1 200 OK"
2025-05-23 09:07:36,332 - httpx - INFO - HTTP Request: POST https://api.telegram.org/bot7093436536:AAEvjyOBDmUYkoOkO2zxZnzplRy8Thhz0Ps/getUpdates "HTTP/1.1 200 OK"
2025-05-23 09:07:46,416 - httpx - INFO - HTTP Request: POST https://api.telegram.org/bot7093436536:AAEvjyOBDmUYkoOkO2zxZnzplRy8Thhz0Ps/getUpdates "HTTP/1.1 200 OK"
2025-05-23 09:07:56,500 - httpx - INFO - HTTP Request: POST https://api.telegram.org/bot7093436536:AAEvjyOBDmUYkoOkO2zxZnzplRy8Thhz0Ps/getUpdates "HTTP/1.1 200 OK"
2025-05-23 09:08:06,586 - httpx - INFO - HTTP Request: POST https://api.telegram.org/bot7093436536:AAEvjyOBDmUYkoOkO2zxZnzplRy8Thhz0Ps/getUpdates "HTTP/1.1 200 OK"
2025-05-23 09:08:16,679 - httpx - INFO - HTTP Request: POST https://api.telegram.org/bot7093436536:AAEvjyOBDmUYkoOkO2zxZnzplRy8Thhz0Ps/getUpdates "HTTP/1.1 200 OK"
2025-05-23 09:08:26,765 - httpx - INFO - HTTP Request: POST https://api.telegram.org/bot7093436536:AAEvjyOBDmUYkoOkO2zxZnzplRy8Thhz0Ps/getUpdates "HTTP/1.1 200 OK"
2025-05-23 09:08:36,848 - httpx - INFO - HTTP Request: POST https://api.telegram.org/bot7093436536:AAEvjyOBDmUYkoOkO2zxZnzplRy8Thhz0Ps/getUpdates "HTTP/1.1 200 OK"
2025-05-23 09:08:46,960 - httpx - INFO - HTTP Request: POST https://api.telegram.org/bot7093436536:AAEvjyOBDmUYkoOkO2zxZnzplRy8Thhz0Ps/getUpdates "HTTP/1.1 200 OK"
2025-05-23 09:08:57,046 - httpx - INFO - HTTP Request: POST https://api.telegram.org/bot7093436536:AAEvjyOBDmUYkoOkO2zxZnzplRy8Thhz0Ps/getUpdates "HTTP/1.1 200 OK"
2025-05-23 09:09:07,131 - httpx - INFO - HTTP Request: POST https://api.telegram.org/bot7093436536:AAEvjyOBDmUYkoOkO2zxZnzplRy8Thhz0Ps/getUpdates "HTTP/1.1 200 OK"
2025-05-23 09:09:17,215 - httpx - INFO - HTTP Request: POST https://api.telegram.org/bot7093436536:AAEvjyOBDmUYkoOkO2zxZnzplRy8Thhz0Ps/getUpdates "HTTP/1.1 200 OK"
2025-05-23 09:09:27,298 - httpx - INFO - HTTP Request: POST https://api.telegram.org/bot7093436536:AAEvjyOBDmUYkoOkO2zxZnzplRy8Thhz0Ps/getUpdates "HTTP/1.1 200 OK"
2025-05-23 09:09:37,385 - httpx - INFO - HTTP Request: POST https://api.telegram.org/bot7093436536:AAEvjyOBDmUYkoOkO2zxZnzplRy8Thhz0Ps/getUpdates "HTTP/1.1 200 OK"
2025-05-23 09:09:47,478 - httpx - INFO - HTTP Request: POST https://api.telegram.org/bot7093436536:AAEvjyOBDmUYkoOkO2zxZnzplRy8Thhz0Ps/getUpdates "HTTP/1.1 200 OK"
2025-05-23 09:09:57,563 - httpx - INFO - HTTP Request: POST https://api.telegram.org/bot7093436536:AAEvjyOBDmUYkoOkO2zxZnzplRy8Thhz0Ps/getUpdates "HTTP/1.1 200 OK"
2025-05-23 09:10:07,650 - httpx - INFO - HTTP Request: POST https://api.telegram.org/bot7093436536:AAEvjyOBDmUYkoOkO2zxZnzplRy8Thhz0Ps/getUpdates "HTTP/1.1 200 OK"
2025-05-23 09:10:17,747 - httpx - INFO - HTTP Request: POST https://api.telegram.org/bot7093436536:AAEvjyOBDmUYkoOkO2zxZnzplRy8Thhz0Ps/getUpdates "HTTP/1.1 200 OK"
2025-05-23 09:10:27,833 - httpx - INFO - HTTP Request: POST https://api.telegram.org/bot7093436536:AAEvjyOBDmUYkoOkO2zxZnzplRy8Thhz0Ps/getUpdates "HTTP/1.1 200 OK"
2025-05-23 09:10:37,916 - httpx - INFO - HTTP Request: POST https://api.telegram.org/bot7093436536:AAEvjyOBDmUYkoOkO2zxZnzplRy8Thhz0Ps/getUpdates "HTTP/1.1 200 OK"
2025-05-23 09:10:48,016 - httpx - INFO - HTTP Request: POST https://api.telegram.org/bot7093436536:AAEvjyOBDmUYkoOkO2zxZnzplRy8Thhz0Ps/getUpdates "HTTP/1.1 200 OK"
2025-05-23 09:10:58,100 - httpx - INFO - HTTP Request: POST https://api.telegram.org/bot7093436536:AAEvjyOBDmUYkoOkO2zxZnzplRy8Thhz0Ps/getUpdates "HTTP/1.1 200 OK"
2025-05-23 09:11:08,184 - httpx - INFO - HTTP Request: POST https://api.telegram.org/bot7093436536:AAEvjyOBDmUYkoOkO2zxZnzplRy8Thhz0Ps/getUpdates "HTTP/1.1 200 OK"
2025-05-23 09:11:18,275 - httpx - INFO - HTTP Request: POST https://api.telegram.org/bot7093436536:AAEvjyOBDmUYkoOkO2zxZnzplRy8Thhz0Ps/getUpdates "HTTP/1.1 200 OK"
2025-05-23 09:11:28,369 - httpx - INFO - HTTP Request: POST https://api.telegram.org/bot7093436536:AAEvjyOBDmUYkoOkO2zxZnzplRy8Thhz0Ps/getUpdates "HTTP/1.1 200 OK"
2025-05-23 09:11:38,454 - httpx - INFO - HTTP Request: POST https://api.telegram.org/bot7093436536:AAEvjyOBDmUYkoOkO2zxZnzplRy8Thhz0Ps/getUpdates "HTTP/1.1 200 OK"
2025-05-23 09:11:48,540 - httpx - INFO - HTTP Request: POST https://api.telegram.org/bot7093436536:AAEvjyOBDmUYkoOkO2zxZnzplRy8Thhz0Ps/getUpdates "HTTP/1.1 200 OK"
2025-05-23 09:11:58,627 - httpx - INFO - HTTP Request: POST https://api.telegram.org/bot7093436536:AAEvjyOBDmUYkoOkO2zxZnzplRy8Thhz0Ps/getUpdates "HTTP/1.1 200 OK"
2025-05-23 09:12:08,712 - httpx - INFO - HTTP Request: POST https://api.telegram.org/bot7093436536:AAEvjyOBDmUYkoOkO2zxZnzplRy8Thhz0Ps/getUpdates "HTTP/1.1 200 OK"
2025-05-23 09:12:18,802 - httpx - INFO - HTTP Request: POST https://api.telegram.org/bot7093436536:AAEvjyOBDmUYkoOkO2zxZnzplRy8Thhz0Ps/getUpdates "HTTP/1.1 200 OK"
2025-05-23 09:12:28,886 - httpx - INFO - HTTP Request: POST https://api.telegram.org/bot7093436536:AAEvjyOBDmUYkoOkO2zxZnzplRy8Thhz0Ps/getUpdates "HTTP/1.1 200 OK"
2025-05-23 09:12:38,970 - httpx - INFO - HTTP Request: POST https://api.telegram.org/bot7093436536:AAEvjyOBDmUYkoOkO2zxZnzplRy8Thhz0Ps/getUpdates "HTTP/1.1 200 OK"
2025-05-23 09:12:49,056 - httpx - INFO - HTTP Request: POST https://api.telegram.org/bot7093436536:AAEvjyOBDmUYkoOkO2zxZnzplRy8Thhz0Ps/getUpdates "HTTP/1.1 200 OK"
2025-05-23 09:12:59,140 - httpx - INFO - HTTP Request: POST https://api.telegram.org/bot7093436536:AAEvjyOBDmUYkoOkO2zxZnzplRy8Thhz0Ps/getUpdates "HTTP/1.1 200 OK"
2025-05-23 09:13:09,225 - httpx - INFO - HTTP Request: POST https://api.telegram.org/bot7093436536:AAEvjyOBDmUYkoOkO2zxZnzplRy8Thhz0Ps/getUpdates "HTTP/1.1 200 OK"
2025-05-23 09:13:19,311 - httpx - INFO - HTTP Request: POST https://api.telegram.org/bot7093436536:AAEvjyOBDmUYkoOkO2zxZnzplRy8Thhz0Ps/getUpdates "HTTP/1.1 200 OK"
2025-05-23 09:13:29,397 - httpx - INFO - HTTP Request: POST https://api.telegram.org/bot7093436536:AAEvjyOBDmUYkoOkO2zxZnzplRy8Thhz0Ps/getUpdates "HTTP/1.1 200 OK"
2025-05-23 09:13:39,482 - httpx - INFO - HTTP Request: POST https://api.telegram.org/bot7093436536:AAEvjyOBDmUYkoOkO2zxZnzplRy8Thhz0Ps/getUpdates "HTTP/1.1 200 OK"
2025-05-23 09:13:49,567 - httpx - INFO - HTTP Request: POST https://api.telegram.org/bot7093436536:AAEvjyOBDmUYkoOkO2zxZnzplRy8Thhz0Ps/getUpdates "HTTP/1.1 200 OK"
2025-05-23 09:13:59,651 - httpx - INFO - HTTP Request: POST https://api.telegram.org/bot7093436536:AAEvjyOBDmUYkoOkO2zxZnzplRy8Thhz0Ps/getUpdates "HTTP/1.1 200 OK"
2025-05-23 09:14:09,737 - httpx - INFO - HTTP Request: POST https://api.telegram.org/bot7093436536:AAEvjyOBDmUYkoOkO2zxZnzplRy8Thhz0Ps/getUpdates "HTTP/1.1 200 OK"
2025-05-23 09:14:19,821 - httpx - INFO - HTTP Request: POST https://api.telegram.org/bot7093436536:AAEvjyOBDmUYkoOkO2zxZnzplRy8Thhz0Ps/getUpdates "HTTP/1.1 200 OK"
2025-05-23 09:14:29,905 - httpx - INFO - HTTP Request: POST https://api.telegram.org/bot7093436536:AAEvjyOBDmUYkoOkO2zxZnzplRy8Thhz0Ps/getUpdates "HTTP/1.1 200 OK"
2025-05-23 09:14:39,992 - httpx - INFO - HTTP Request: POST https://api.telegram.org/bot7093436536:AAEvjyOBDmUYkoOkO2zxZnzplRy8Thhz0Ps/getUpdates "HTTP/1.1 200 OK"
2025-05-23 09:14:50,076 - httpx - INFO - HTTP Request: POST https://api.telegram.org/bot7093436536:AAEvjyOBDmUYkoOkO2zxZnzplRy8Thhz0Ps/getUpdates "HTTP/1.1 200 OK"
2025-05-23 09:15:00,162 - httpx - INFO - HTTP Request: POST https://api.telegram.org/bot7093436536:AAEvjyOBDmUYkoOkO2zxZnzplRy8Thhz0Ps/getUpdates "HTTP/1.1 200 OK"
2025-05-23 09:15:10,247 - httpx - INFO - HTTP Request: POST https://api.telegram.org/bot7093436536:AAEvjyOBDmUYkoOkO2zxZnzplRy8Thhz0Ps/getUpdates "HTTP/1.1 200 OK"
2025-05-23 09:15:20,344 - httpx - INFO - HTTP Request: POST https://api.telegram.org/bot7093436536:AAEvjyOBDmUYkoOkO2zxZnzplRy8Thhz0Ps/getUpdates "HTTP/1.1 200 OK"
2025-05-23 09:15:30,434 - httpx - INFO - HTTP Request: POST https://api.telegram.org/bot7093436536:AAEvjyOBDmUYkoOkO2zxZnzplRy8Thhz0Ps/getUpdates "HTTP/1.1 200 OK"
2025-05-23 09:15:40,519 - httpx - INFO - HTTP Request: POST https://api.telegram.org/bot7093436536:AAEvjyOBDmUYkoOkO2zxZnzplRy8Thhz0Ps/getUpdates "HTTP/1.1 200 OK"
2025-05-23 09:15:50,604 - httpx - INFO - HTTP Request: POST https://api.telegram.org/bot7093436536:AAEvjyOBDmUYkoOkO2zxZnzplRy8Thhz0Ps/getUpdates "HTTP/1.1 200 OK"
2025-05-23 09:16:00,687 - httpx - INFO - HTTP Request: POST https://api.telegram.org/bot7093436536:AAEvjyOBDmUYkoOkO2zxZnzplRy8Thhz0Ps/getUpdates "HTTP/1.1 200 OK"
2025-05-23 09:16:10,770 - httpx - INFO - HTTP Request: POST https://api.telegram.org/bot7093436536:AAEvjyOBDmUYkoOkO2zxZnzplRy8Thhz0Ps/getUpdates "HTTP/1.1 200 OK"
2025-05-23 09:16:20,856 - httpx - INFO - HTTP Request: POST https://api.telegram.org/bot7093436536:AAEvjyOBDmUYkoOkO2zxZnzplRy8Thhz0Ps/getUpdates "HTTP/1.1 200 OK"
2025-05-23 09:16:30,942 - httpx - INFO - HTTP Request: POST https://api.telegram.org/bot7093436536:AAEvjyOBDmUYkoOkO2zxZnzplRy8Thhz0Ps/getUpdates "HTTP/1.1 200 OK"
2025-05-23 09:16:41,027 - httpx - INFO - HTTP Request: POST https://api.telegram.org/bot7093436536:AAEvjyOBDmUYkoOkO2zxZnzplRy8Thhz0Ps/getUpdates "HTTP/1.1 200 OK"
2025-05-23 09:16:51,113 - httpx - INFO - HTTP Request: POST https://api.telegram.org/bot7093436536:AAEvjyOBDmUYkoOkO2zxZnzplRy8Thhz0Ps/getUpdates "HTTP/1.1 200 OK"
2025-05-23 09:17:01,200 - httpx - INFO - HTTP Request: POST https://api.telegram.org/bot7093436536:AAEvjyOBDmUYkoOkO2zxZnzplRy8Thhz0Ps/getUpdates "HTTP/1.1 200 OK"
2025-05-23 09:17:11,284 - httpx - INFO - HTTP Request: POST https://api.telegram.org/bot7093436536:AAEvjyOBDmUYkoOkO2zxZnzplRy8Thhz0Ps/getUpdates "HTTP/1.1 200 OK"
2025-05-23 09:17:21,367 - httpx - INFO - HTTP Request: POST https://api.telegram.org/bot7093436536:AAEvjyOBDmUYkoOkO2zxZnzplRy8Thhz0Ps/getUpdates "HTTP/1.1 200 OK"
2025-05-23 09:17:31,626 - httpx - INFO - HTTP Request: POST https://api.telegram.org/bot7093436536:AAEvjyOBDmUYkoOkO2zxZnzplRy8Thhz0Ps/getUpdates "HTTP/1.1 200 OK"
2025-05-23 09:17:41,712 - httpx - INFO - HTTP Request: POST https://api.telegram.org/bot7093436536:AAEvjyOBDmUYkoOkO2zxZnzplRy8Thhz0Ps/getUpdates "HTTP/1.1 200 OK"
2025-05-23 09:17:51,799 - httpx - INFO - HTTP Request: POST https://api.telegram.org/bot7093436536:AAEvjyOBDmUYkoOkO2zxZnzplRy8Thhz0Ps/getUpdates "HTTP/1.1 200 OK"
2025-05-23 09:18:01,885 - httpx - INFO - HTTP Request: POST https://api.telegram.org/bot7093436536:AAEvjyOBDmUYkoOkO2zxZnzplRy8Thhz0Ps/getUpdates "HTTP/1.1 200 OK"
2025-05-23 09:18:11,971 - httpx - INFO - HTTP Request: POST https://api.telegram.org/bot7093436536:AAEvjyOBDmUYkoOkO2zxZnzplRy8Thhz0Ps/getUpdates "HTTP/1.1 200 OK"
2025-05-23 09:18:22,056 - httpx - INFO - HTTP Request: POST https://api.telegram.org/bot7093436536:AAEvjyOBDmUYkoOkO2zxZnzplRy8Thhz0Ps/getUpdates "HTTP/1.1 200 OK"
2025-05-23 09:18:32,143 - httpx - INFO - HTTP Request: POST https://api.telegram.org/bot7093436536:AAEvjyOBDmUYkoOkO2zxZnzplRy8Thhz0Ps/getUpdates "HTTP/1.1 200 OK"
2025-05-23 09:18:42,230 - httpx - INFO - HTTP Request: POST https://api.telegram.org/bot7093436536:AAEvjyOBDmUYkoOkO2zxZnzplRy8Thhz0Ps/getUpdates "HTTP/1.1 200 OK"
2025-05-23 09:18:52,316 - httpx - INFO - HTTP Request: POST https://api.telegram.org/bot7093436536:AAEvjyOBDmUYkoOkO2zxZnzplRy8Thhz0Ps/getUpdates "HTTP/1.1 200 OK"
2025-05-23 09:19:02,402 - httpx - INFO - HTTP Request: POST https://api.telegram.org/bot7093436536:AAEvjyOBDmUYkoOkO2zxZnzplRy8Thhz0Ps/getUpdates "HTTP/1.1 200 OK"
2025-05-23 09:19:12,488 - httpx - INFO - HTTP Request: POST https://api.telegram.org/bot7093436536:AAEvjyOBDmUYkoOkO2zxZnzplRy8Thhz0Ps/getUpdates "HTTP/1.1 200 OK"
2025-05-23 09:19:22,575 - httpx - INFO - HTTP Request: POST https://api.telegram.org/bot7093436536:AAEvjyOBDmUYkoOkO2zxZnzplRy8Thhz0Ps/getUpdates "HTTP/1.1 200 OK"
2025-05-23 09:19:32,661 - httpx - INFO - HTTP Request: POST https://api.telegram.org/bot7093436536:AAEvjyOBDmUYkoOkO2zxZnzplRy8Thhz0Ps/getUpdates "HTTP/1.1 200 OK"
2025-05-23 09:19:42,750 - httpx - INFO - HTTP Request: POST https://api.telegram.org/bot7093436536:AAEvjyOBDmUYkoOkO2zxZnzplRy8Thhz0Ps/getUpdates "HTTP/1.1 200 OK"
2025-05-23 09:19:52,836 - httpx - INFO - HTTP Request: POST https://api.telegram.org/bot7093436536:AAEvjyOBDmUYkoOkO2zxZnzplRy8Thhz0Ps/getUpdates "HTTP/1.1 200 OK"
2025-05-23 09:20:02,922 - httpx - INFO - HTTP Request: POST https://api.telegram.org/bot7093436536:AAEvjyOBDmUYkoOkO2zxZnzplRy8Thhz0Ps/getUpdates "HTTP/1.1 200 OK"
2025-05-23 09:20:13,020 - httpx - INFO - HTTP Request: POST https://api.telegram.org/bot7093436536:AAEvjyOBDmUYkoOkO2zxZnzplRy8Thhz0Ps/getUpdates "HTTP/1.1 200 OK"
2025-05-23 09:20:23,106 - httpx - INFO - HTTP Request: POST https://api.telegram.org/bot7093436536:AAEvjyOBDmUYkoOkO2zxZnzplRy8Thhz0Ps/getUpdates "HTTP/1.1 200 OK"
2025-05-23 09:20:33,191 - httpx - INFO - HTTP Request: POST https://api.telegram.org/bot7093436536:AAEvjyOBDmUYkoOkO2zxZnzplRy8Thhz0Ps/getUpdates "HTTP/1.1 200 OK"
2025-05-23 09:20:43,284 - httpx - INFO - HTTP Request: POST https://api.telegram.org/bot7093436536:AAEvjyOBDmUYkoOkO2zxZnzplRy8Thhz0Ps/getUpdates "HTTP/1.1 200 OK"
2025-05-23 09:20:53,372 - httpx - INFO - HTTP Request: POST https://api.telegram.org/bot7093436536:AAEvjyOBDmUYkoOkO2zxZnzplRy8Thhz0Ps/getUpdates "HTTP/1.1 200 OK"
2025-05-23 09:21:03,458 - httpx - INFO - HTTP Request: POST https://api.telegram.org/bot7093436536:AAEvjyOBDmUYkoOkO2zxZnzplRy8Thhz0Ps/getUpdates "HTTP/1.1 200 OK"
2025-05-23 09:21:13,545 - httpx - INFO - HTTP Request: POST https://api.telegram.org/bot7093436536:AAEvjyOBDmUYkoOkO2zxZnzplRy8Thhz0Ps/getUpdates "HTTP/1.1 200 OK"
2025-05-23 09:21:23,632 - httpx - INFO - HTTP Request: POST https://api.telegram.org/bot7093436536:AAEvjyOBDmUYkoOkO2zxZnzplRy8Thhz0Ps/getUpdates "HTTP/1.1 200 OK"
2025-05-23 09:21:33,718 - httpx - INFO - HTTP Request: POST https://api.telegram.org/bot7093436536:AAEvjyOBDmUYkoOkO2zxZnzplRy8Thhz0Ps/getUpdates "HTTP/1.1 200 OK"
2025-05-23 09:21:43,809 - httpx - INFO - HTTP Request: POST https://api.telegram.org/bot7093436536:AAEvjyOBDmUYkoOkO2zxZnzplRy8Thhz0Ps/getUpdates "HTTP/1.1 200 OK"
2025-05-23 09:21:53,894 - httpx - INFO - HTTP Request: POST https://api.telegram.org/bot7093436536:AAEvjyOBDmUYkoOkO2zxZnzplRy8Thhz0Ps/getUpdates "HTTP/1.1 200 OK"
2025-05-23 09:22:03,980 - httpx - INFO - HTTP Request: POST https://api.telegram.org/bot7093436536:AAEvjyOBDmUYkoOkO2zxZnzplRy8Thhz0Ps/getUpdates "HTTP/1.1 200 OK"
2025-05-23 09:22:14,067 - httpx - INFO - HTTP Request: POST https://api.telegram.org/bot7093436536:AAEvjyOBDmUYkoOkO2zxZnzplRy8Thhz0Ps/getUpdates "HTTP/1.1 200 OK"
2025-05-23 09:22:24,154 - httpx - INFO - HTTP Request: POST https://api.telegram.org/bot7093436536:AAEvjyOBDmUYkoOkO2zxZnzplRy8Thhz0Ps/getUpdates "HTTP/1.1 200 OK"
2025-05-23 09:22:34,242 - httpx - INFO - HTTP Request: POST https://api.telegram.org/bot7093436536:AAEvjyOBDmUYkoOkO2zxZnzplRy8Thhz0Ps/getUpdates "HTTP/1.1 200 OK"
2025-05-23 09:22:44,329 - httpx - INFO - HTTP Request: POST https://api.telegram.org/bot7093436536:AAEvjyOBDmUYkoOkO2zxZnzplRy8Thhz0Ps/getUpdates "HTTP/1.1 200 OK"
2025-05-23 09:22:54,415 - httpx - INFO - HTTP Request: POST https://api.telegram.org/bot7093436536:AAEvjyOBDmUYkoOkO2zxZnzplRy8Thhz0Ps/getUpdates "HTTP/1.1 200 OK"
2025-05-23 09:23:04,501 - httpx - INFO - HTTP Request: POST https://api.telegram.org/bot7093436536:AAEvjyOBDmUYkoOkO2zxZnzplRy8Thhz0Ps/getUpdates "HTTP/1.1 200 OK"
2025-05-23 09:23:14,586 - httpx - INFO - HTTP Request: POST https://api.telegram.org/bot7093436536:AAEvjyOBDmUYkoOkO2zxZnzplRy8Thhz0Ps/getUpdates "HTTP/1.1 200 OK"
2025-05-23 09:23:24,672 - httpx - INFO - HTTP Request: POST https://api.telegram.org/bot7093436536:AAEvjyOBDmUYkoOkO2zxZnzplRy8Thhz0Ps/getUpdates "HTTP/1.1 200 OK"
2025-05-23 09:23:34,759 - httpx - INFO - HTTP Request: POST https://api.telegram.org/bot7093436536:AAEvjyOBDmUYkoOkO2zxZnzplRy8Thhz0Ps/getUpdates "HTTP/1.1 200 OK"
2025-05-23 09:23:44,845 - httpx - INFO - HTTP Request: POST https://api.telegram.org/bot7093436536:AAEvjyOBDmUYkoOkO2zxZnzplRy8Thhz0Ps/getUpdates "HTTP/1.1 200 OK"
2025-05-23 09:23:54,966 - httpx - INFO - HTTP Request: POST https://api.telegram.org/bot7093436536:AAEvjyOBDmUYkoOkO2zxZnzplRy8Thhz0Ps/getUpdates "HTTP/1.1 200 OK"
2025-05-23 09:24:05,052 - httpx - INFO - HTTP Request: POST https://api.telegram.org/bot7093436536:AAEvjyOBDmUYkoOkO2zxZnzplRy8Thhz0Ps/getUpdates "HTTP/1.1 200 OK"
2025-05-23 09:24:15,138 - httpx - INFO - HTTP Request: POST https://api.telegram.org/bot7093436536:AAEvjyOBDmUYkoOkO2zxZnzplRy8Thhz0Ps/getUpdates "HTTP/1.1 200 OK"
2025-05-23 09:24:25,224 - httpx - INFO - HTTP Request: POST https://api.telegram.org/bot7093436536:AAEvjyOBDmUYkoOkO2zxZnzplRy8Thhz0Ps/getUpdates "HTTP/1.1 200 OK"
2025-05-23 09:24:35,312 - httpx - INFO - HTTP Request: POST https://api.telegram.org/bot7093436536:AAEvjyOBDmUYkoOkO2zxZnzplRy8Thhz0Ps/getUpdates "HTTP/1.1 200 OK"
2025-05-23 09:24:45,400 - httpx - INFO - HTTP Request: POST https://api.telegram.org/bot7093436536:AAEvjyOBDmUYkoOkO2zxZnzplRy8Thhz0Ps/getUpdates "HTTP/1.1 200 OK"
2025-05-23 09:24:55,486 - httpx - INFO - HTTP Request: POST https://api.telegram.org/bot7093436536:AAEvjyOBDmUYkoOkO2zxZnzplRy8Thhz0Ps/getUpdates "HTTP/1.1 200 OK"
2025-05-23 09:25:05,572 - httpx - INFO - HTTP Request: POST https://api.telegram.org/bot7093436536:AAEvjyOBDmUYkoOkO2zxZnzplRy8Thhz0Ps/getUpdates "HTTP/1.1 200 OK"
2025-05-23 09:25:15,659 - httpx - INFO - HTTP Request: POST https://api.telegram.org/bot7093436536:AAEvjyOBDmUYkoOkO2zxZnzplRy8Thhz0Ps/getUpdates "HTTP/1.1 200 OK"
2025-05-23 09:25:25,744 - httpx - INFO - HTTP Request: POST https://api.telegram.org/bot7093436536:AAEvjyOBDmUYkoOkO2zxZnzplRy8Thhz0Ps/getUpdates "HTTP/1.1 200 OK"
2025-05-23 09:25:35,842 - httpx - INFO - HTTP Request: POST https://api.telegram.org/bot7093436536:AAEvjyOBDmUYkoOkO2zxZnzplRy8Thhz0Ps/getUpdates "HTTP/1.1 200 OK"
2025-05-23 09:25:45,930 - httpx - INFO - HTTP Request: POST https://api.telegram.org/bot7093436536:AAEvjyOBDmUYkoOkO2zxZnzplRy8Thhz0Ps/getUpdates "HTTP/1.1 200 OK"
2025-05-23 09:25:56,016 - httpx - INFO - HTTP Request: POST https://api.telegram.org/bot7093436536:AAEvjyOBDmUYkoOkO2zxZnzplRy8Thhz0Ps/getUpdates "HTTP/1.1 200 OK"
2025-05-23 09:26:06,103 - httpx - INFO - HTTP Request: POST https://api.telegram.org/bot7093436536:AAEvjyOBDmUYkoOkO2zxZnzplRy8Thhz0Ps/getUpdates "HTTP/1.1 200 OK"
2025-05-23 09:26:16,188 - httpx - INFO - HTTP Request: POST https://api.telegram.org/bot7093436536:AAEvjyOBDmUYkoOkO2zxZnzplRy8Thhz0Ps/getUpdates "HTTP/1.1 200 OK"
2025-05-23 09:26:26,278 - httpx - INFO - HTTP Request: POST https://api.telegram.org/bot7093436536:AAEvjyOBDmUYkoOkO2zxZnzplRy8Thhz0Ps/getUpdates "HTTP/1.1 200 OK"
2025-05-23 09:26:36,365 - httpx - INFO - HTTP Request: POST https://api.telegram.org/bot7093436536:AAEvjyOBDmUYkoOkO2zxZnzplRy8Thhz0Ps/getUpdates "HTTP/1.1 200 OK"
2025-05-23 09:26:46,451 - httpx - INFO - HTTP Request: POST https://api.telegram.org/bot7093436536:AAEvjyOBDmUYkoOkO2zxZnzplRy8Thhz0Ps/getUpdates "HTTP/1.1 200 OK"
2025-05-23 09:26:56,537 - httpx - INFO - HTTP Request: POST https://api.telegram.org/bot7093436536:AAEvjyOBDmUYkoOkO2zxZnzplRy8Thhz0Ps/getUpdates "HTTP/1.1 200 OK"
2025-05-23 09:27:06,623 - httpx - INFO - HTTP Request: POST https://api.telegram.org/bot7093436536:AAEvjyOBDmUYkoOkO2zxZnzplRy8Thhz0Ps/getUpdates "HTTP/1.1 200 OK"
2025-05-23 09:27:16,711 - httpx - INFO - HTTP Request: POST https://api.telegram.org/bot7093436536:AAEvjyOBDmUYkoOkO2zxZnzplRy8Thhz0Ps/getUpdates "HTTP/1.1 200 OK"
2025-05-23 09:27:26,799 - httpx - INFO - HTTP Request: POST https://api.telegram.org/bot7093436536:AAEvjyOBDmUYkoOkO2zxZnzplRy8Thhz0Ps/getUpdates "HTTP/1.1 200 OK"
2025-05-23 09:27:36,884 - httpx - INFO - HTTP Request: POST https://api.telegram.org/bot7093436536:AAEvjyOBDmUYkoOkO2zxZnzplRy8Thhz0Ps/getUpdates "HTTP/1.1 200 OK"
2025-05-23 09:27:46,969 - httpx - INFO - HTTP Request: POST https://api.telegram.org/bot7093436536:AAEvjyOBDmUYkoOkO2zxZnzplRy8Thhz0Ps/getUpdates "HTTP/1.1 200 OK"
2025-05-23 09:27:57,055 - httpx - INFO - HTTP Request: POST https://api.telegram.org/bot7093436536:AAEvjyOBDmUYkoOkO2zxZnzplRy8Thhz0Ps/getUpdates "HTTP/1.1 200 OK"
2025-05-23 09:28:07,141 - httpx - INFO - HTTP Request: POST https://api.telegram.org/bot7093436536:AAEvjyOBDmUYkoOkO2zxZnzplRy8Thhz0Ps/getUpdates "HTTP/1.1 200 OK"
2025-05-23 09:28:17,227 - httpx - INFO - HTTP Request: POST https://api.telegram.org/bot7093436536:AAEvjyOBDmUYkoOkO2zxZnzplRy8Thhz0Ps/getUpdates "HTTP/1.1 200 OK"
2025-05-23 09:28:27,313 - httpx - INFO - HTTP Request: POST https://api.telegram.org/bot7093436536:AAEvjyOBDmUYkoOkO2zxZnzplRy8Thhz0Ps/getUpdates "HTTP/1.1 200 OK"
2025-05-23 09:28:37,398 - httpx - INFO - HTTP Request: POST https://api.telegram.org/bot7093436536:AAEvjyOBDmUYkoOkO2zxZnzplRy8Thhz0Ps/getUpdates "HTTP/1.1 200 OK"
2025-05-23 09:28:47,485 - httpx - INFO - HTTP Request: POST https://api.telegram.org/bot7093436536:AAEvjyOBDmUYkoOkO2zxZnzplRy8Thhz0Ps/getUpdates "HTTP/1.1 200 OK"
2025-05-23 09:28:57,570 - httpx - INFO - HTTP Request: POST https://api.telegram.org/bot7093436536:AAEvjyOBDmUYkoOkO2zxZnzplRy8Thhz0Ps/getUpdates "HTTP/1.1 200 OK"
2025-05-23 09:29:07,657 - httpx - INFO - HTTP Request: POST https://api.telegram.org/bot7093436536:AAEvjyOBDmUYkoOkO2zxZnzplRy8Thhz0Ps/getUpdates "HTTP/1.1 200 OK"
2025-05-23 09:29:17,743 - httpx - INFO - HTTP Request: POST https://api.telegram.org/bot7093436536:AAEvjyOBDmUYkoOkO2zxZnzplRy8Thhz0Ps/getUpdates "HTTP/1.1 200 OK"
2025-05-23 09:29:27,829 - httpx - INFO - HTTP Request: POST https://api.telegram.org/bot7093436536:AAEvjyOBDmUYkoOkO2zxZnzplRy8Thhz0Ps/getUpdates "HTTP/1.1 200 OK"
2025-05-23 09:29:37,915 - httpx - INFO - HTTP Request: POST https://api.telegram.org/bot7093436536:AAEvjyOBDmUYkoOkO2zxZnzplRy8Thhz0Ps/getUpdates "HTTP/1.1 200 OK"
2025-05-23 09:29:48,000 - httpx - INFO - HTTP Request: POST https://api.telegram.org/bot7093436536:AAEvjyOBDmUYkoOkO2zxZnzplRy8Thhz0Ps/getUpdates "HTTP/1.1 200 OK"
2025-05-23 09:29:58,086 - httpx - INFO - HTTP Request: POST https://api.telegram.org/bot7093436536:AAEvjyOBDmUYkoOkO2zxZnzplRy8Thhz0Ps/getUpdates "HTTP/1.1 200 OK"
2025-05-23 09:30:08,172 - httpx - INFO - HTTP Request: POST https://api.telegram.org/bot7093436536:AAEvjyOBDmUYkoOkO2zxZnzplRy8Thhz0Ps/getUpdates "HTTP/1.1 200 OK"
2025-05-23 09:30:18,260 - httpx - INFO - HTTP Request: POST https://api.telegram.org/bot7093436536:AAEvjyOBDmUYkoOkO2zxZnzplRy8Thhz0Ps/getUpdates "HTTP/1.1 200 OK"
2025-05-23 09:30:28,346 - httpx - INFO - HTTP Request: POST https://api.telegram.org/bot7093436536:AAEvjyOBDmUYkoOkO2zxZnzplRy8Thhz0Ps/getUpdates "HTTP/1.1 200 OK"
2025-05-23 09:30:38,433 - httpx - INFO - HTTP Request: POST https://api.telegram.org/bot7093436536:AAEvjyOBDmUYkoOkO2zxZnzplRy8Thhz0Ps/getUpdates "HTTP/1.1 200 OK"
2025-05-23 09:30:48,520 - httpx - INFO - HTTP Request: POST https://api.telegram.org/bot7093436536:AAEvjyOBDmUYkoOkO2zxZnzplRy8Thhz0Ps/getUpdates "HTTP/1.1 200 OK"
2025-05-23 09:30:58,605 - httpx - INFO - HTTP Request: POST https://api.telegram.org/bot7093436536:AAEvjyOBDmUYkoOkO2zxZnzplRy8Thhz0Ps/getUpdates "HTTP/1.1 200 OK"
2025-05-23 09:31:08,691 - httpx - INFO - HTTP Request: POST https://api.telegram.org/bot7093436536:AAEvjyOBDmUYkoOkO2zxZnzplRy8Thhz0Ps/getUpdates "HTTP/1.1 200 OK"
2025-05-23 09:31:18,780 - httpx - INFO - HTTP Request: POST https://api.telegram.org/bot7093436536:AAEvjyOBDmUYkoOkO2zxZnzplRy8Thhz0Ps/getUpdates "HTTP/1.1 200 OK"
2025-05-23 09:31:28,866 - httpx - INFO - HTTP Request: POST https://api.telegram.org/bot7093436536:AAEvjyOBDmUYkoOkO2zxZnzplRy8Thhz0Ps/getUpdates "HTTP/1.1 200 OK"
2025-05-23 09:31:38,952 - httpx - INFO - HTTP Request: POST https://api.telegram.org/bot7093436536:AAEvjyOBDmUYkoOkO2zxZnzplRy8Thhz0Ps/getUpdates "HTTP/1.1 200 OK"
2025-05-23 09:31:49,038 - httpx - INFO - HTTP Request: POST https://api.telegram.org/bot7093436536:AAEvjyOBDmUYkoOkO2zxZnzplRy8Thhz0Ps/getUpdates "HTTP/1.1 200 OK"
2025-05-23 09:31:59,124 - httpx - INFO - HTTP Request: POST https://api.telegram.org/bot7093436536:AAEvjyOBDmUYkoOkO2zxZnzplRy8Thhz0Ps/getUpdates "HTTP/1.1 200 OK"
2025-05-23 09:32:09,211 - httpx - INFO - HTTP Request: POST https://api.telegram.org/bot7093436536:AAEvjyOBDmUYkoOkO2zxZnzplRy8Thhz0Ps/getUpdates "HTTP/1.1 200 OK"
2025-05-23 09:32:19,296 - httpx - INFO - HTTP Request: POST https://api.telegram.org/bot7093436536:AAEvjyOBDmUYkoOkO2zxZnzplRy8Thhz0Ps/getUpdates "HTTP/1.1 200 OK"
2025-05-23 09:32:29,388 - httpx - INFO - HTTP Request: POST https://api.telegram.org/bot7093436536:AAEvjyOBDmUYkoOkO2zxZnzplRy8Thhz0Ps/getUpdates "HTTP/1.1 200 OK"
2025-05-23 09:32:39,475 - httpx - INFO - HTTP Request: POST https://api.telegram.org/bot7093436536:AAEvjyOBDmUYkoOkO2zxZnzplRy8Thhz0Ps/getUpdates "HTTP/1.1 200 OK"
2025-05-23 09:32:49,560 - httpx - INFO - HTTP Request: POST https://api.telegram.org/bot7093436536:AAEvjyOBDmUYkoOkO2zxZnzplRy8Thhz0Ps/getUpdates "HTTP/1.1 200 OK"
2025-05-23 09:32:59,647 - httpx - INFO - HTTP Request: POST https://api.telegram.org/bot7093436536:AAEvjyOBDmUYkoOkO2zxZnzplRy8Thhz0Ps/getUpdates "HTTP/1.1 200 OK"
2025-05-23 09:33:09,735 - httpx - INFO - HTTP Request: POST https://api.telegram.org/bot7093436536:AAEvjyOBDmUYkoOkO2zxZnzplRy8Thhz0Ps/getUpdates "HTTP/1.1 200 OK"
2025-05-23 09:33:19,828 - httpx - INFO - HTTP Request: POST https://api.telegram.org/bot7093436536:AAEvjyOBDmUYkoOkO2zxZnzplRy8Thhz0Ps/getUpdates "HTTP/1.1 200 OK"
2025-05-23 09:33:29,915 - httpx - INFO - HTTP Request: POST https://api.telegram.org/bot7093436536:AAEvjyOBDmUYkoOkO2zxZnzplRy8Thhz0Ps/getUpdates "HTTP/1.1 200 OK"
2025-05-23 09:33:40,001 - httpx - INFO - HTTP Request: POST https://api.telegram.org/bot7093436536:AAEvjyOBDmUYkoOkO2zxZnzplRy8Thhz0Ps/getUpdates "HTTP/1.1 200 OK"
2025-05-23 09:33:50,088 - httpx - INFO - HTTP Request: POST https://api.telegram.org/bot7093436536:AAEvjyOBDmUYkoOkO2zxZnzplRy8Thhz0Ps/getUpdates "HTTP/1.1 200 OK"
2025-05-23 09:34:00,175 - httpx - INFO - HTTP Request: POST https://api.telegram.org/bot7093436536:AAEvjyOBDmUYkoOkO2zxZnzplRy8Thhz0Ps/getUpdates "HTTP/1.1 200 OK"
2025-05-23 09:34:10,261 - httpx - INFO - HTTP Request: POST https://api.telegram.org/bot7093436536:AAEvjyOBDmUYkoOkO2zxZnzplRy8Thhz0Ps/getUpdates "HTTP/1.1 200 OK"
2025-05-23 09:34:20,534 - httpx - INFO - HTTP Request: POST https://api.telegram.org/bot7093436536:AAEvjyOBDmUYkoOkO2zxZnzplRy8Thhz0Ps/getUpdates "HTTP/1.1 200 OK"
2025-05-23 09:34:30,625 - httpx - INFO - HTTP Request: POST https://api.telegram.org/bot7093436536:AAEvjyOBDmUYkoOkO2zxZnzplRy8Thhz0Ps/getUpdates "HTTP/1.1 200 OK"
2025-05-23 09:34:40,716 - httpx - INFO - HTTP Request: POST https://api.telegram.org/bot7093436536:AAEvjyOBDmUYkoOkO2zxZnzplRy8Thhz0Ps/getUpdates "HTTP/1.1 200 OK"
2025-05-23 09:34:50,807 - httpx - INFO - HTTP Request: POST https://api.telegram.org/bot7093436536:AAEvjyOBDmUYkoOkO2zxZnzplRy8Thhz0Ps/getUpdates "HTTP/1.1 200 OK"
2025-05-23 09:35:00,907 - httpx - INFO - HTTP Request: POST https://api.telegram.org/bot7093436536:AAEvjyOBDmUYkoOkO2zxZnzplRy8Thhz0Ps/getUpdates "HTTP/1.1 200 OK"
2025-05-23 09:35:10,999 - httpx - INFO - HTTP Request: POST https://api.telegram.org/bot7093436536:AAEvjyOBDmUYkoOkO2zxZnzplRy8Thhz0Ps/getUpdates "HTTP/1.1 200 OK"
2025-05-23 09:35:21,089 - httpx - INFO - HTTP Request: POST https://api.telegram.org/bot7093436536:AAEvjyOBDmUYkoOkO2zxZnzplRy8Thhz0Ps/getUpdates "HTTP/1.1 200 OK"
2025-05-23 09:35:31,179 - httpx - INFO - HTTP Request: POST https://api.telegram.org/bot7093436536:AAEvjyOBDmUYkoOkO2zxZnzplRy8Thhz0Ps/getUpdates "HTTP/1.1 200 OK"
2025-05-23 09:35:41,268 - httpx - INFO - HTTP Request: POST https://api.telegram.org/bot7093436536:AAEvjyOBDmUYkoOkO2zxZnzplRy8Thhz0Ps/getUpdates "HTTP/1.1 200 OK"
2025-05-23 09:35:51,359 - httpx - INFO - HTTP Request: POST https://api.telegram.org/bot7093436536:AAEvjyOBDmUYkoOkO2zxZnzplRy8Thhz0Ps/getUpdates "HTTP/1.1 200 OK"
2025-05-23 09:36:01,447 - httpx - INFO - HTTP Request: POST https://api.telegram.org/bot7093436536:AAEvjyOBDmUYkoOkO2zxZnzplRy8Thhz0Ps/getUpdates "HTTP/1.1 200 OK"
2025-05-23 09:36:11,538 - httpx - INFO - HTTP Request: POST https://api.telegram.org/bot7093436536:AAEvjyOBDmUYkoOkO2zxZnzplRy8Thhz0Ps/getUpdates "HTTP/1.1 200 OK"
2025-05-23 09:36:21,629 - httpx - INFO - HTTP Request: POST https://api.telegram.org/bot7093436536:AAEvjyOBDmUYkoOkO2zxZnzplRy8Thhz0Ps/getUpdates "HTTP/1.1 200 OK"
2025-05-23 09:36:31,721 - httpx - INFO - HTTP Request: POST https://api.telegram.org/bot7093436536:AAEvjyOBDmUYkoOkO2zxZnzplRy8Thhz0Ps/getUpdates "HTTP/1.1 200 OK"
2025-05-23 09:36:41,813 - httpx - INFO - HTTP Request: POST https://api.telegram.org/bot7093436536:AAEvjyOBDmUYkoOkO2zxZnzplRy8Thhz0Ps/getUpdates "HTTP/1.1 200 OK"
2025-05-23 09:36:51,903 - httpx - INFO - HTTP Request: POST https://api.telegram.org/bot7093436536:AAEvjyOBDmUYkoOkO2zxZnzplRy8Thhz0Ps/getUpdates "HTTP/1.1 200 OK"
2025-05-23 09:37:01,993 - httpx - INFO - HTTP Request: POST https://api.telegram.org/bot7093436536:AAEvjyOBDmUYkoOkO2zxZnzplRy8Thhz0Ps/getUpdates "HTTP/1.1 200 OK"
2025-05-23 09:37:12,085 - httpx - INFO - HTTP Request: POST https://api.telegram.org/bot7093436536:AAEvjyOBDmUYkoOkO2zxZnzplRy8Thhz0Ps/getUpdates "HTTP/1.1 200 OK"
2025-05-23 09:37:22,176 - httpx - INFO - HTTP Request: POST https://api.telegram.org/bot7093436536:AAEvjyOBDmUYkoOkO2zxZnzplRy8Thhz0Ps/getUpdates "HTTP/1.1 200 OK"
2025-05-23 09:37:32,266 - httpx - INFO - HTTP Request: POST https://api.telegram.org/bot7093436536:AAEvjyOBDmUYkoOkO2zxZnzplRy8Thhz0Ps/getUpdates "HTTP/1.1 200 OK"
2025-05-23 09:37:42,366 - httpx - INFO - HTTP Request: POST https://api.telegram.org/bot7093436536:AAEvjyOBDmUYkoOkO2zxZnzplRy8Thhz0Ps/getUpdates "HTTP/1.1 200 OK"
2025-05-23 09:37:52,457 - httpx - INFO - HTTP Request: POST https://api.telegram.org/bot7093436536:AAEvjyOBDmUYkoOkO2zxZnzplRy8Thhz0Ps/getUpdates "HTTP/1.1 200 OK"
2025-05-23 09:38:02,551 - httpx - INFO - HTTP Request: POST https://api.telegram.org/bot7093436536:AAEvjyOBDmUYkoOkO2zxZnzplRy8Thhz0Ps/getUpdates "HTTP/1.1 200 OK"
2025-05-23 09:38:12,640 - httpx - INFO - HTTP Request: POST https://api.telegram.org/bot7093436536:AAEvjyOBDmUYkoOkO2zxZnzplRy8Thhz0Ps/getUpdates "HTTP/1.1 200 OK"
2025-05-23 09:38:22,730 - httpx - INFO - HTTP Request: POST https://api.telegram.org/bot7093436536:AAEvjyOBDmUYkoOkO2zxZnzplRy8Thhz0Ps/getUpdates "HTTP/1.1 200 OK"
2025-05-23 09:38:32,820 - httpx - INFO - HTTP Request: POST https://api.telegram.org/bot7093436536:AAEvjyOBDmUYkoOkO2zxZnzplRy8Thhz0Ps/getUpdates "HTTP/1.1 200 OK"
2025-05-23 09:38:42,911 - httpx - INFO - HTTP Request: POST https://api.telegram.org/bot7093436536:AAEvjyOBDmUYkoOkO2zxZnzplRy8Thhz0Ps/getUpdates "HTTP/1.1 200 OK"
2025-05-23 09:38:53,000 - httpx - INFO - HTTP Request: POST https://api.telegram.org/bot7093436536:AAEvjyOBDmUYkoOkO2zxZnzplRy8Thhz0Ps/getUpdates "HTTP/1.1 200 OK"
2025-05-23 09:39:03,091 - httpx - INFO - HTTP Request: POST https://api.telegram.org/bot7093436536:AAEvjyOBDmUYkoOkO2zxZnzplRy8Thhz0Ps/getUpdates "HTTP/1.1 200 OK"
2025-05-23 09:39:13,181 - httpx - INFO - HTTP Request: POST https://api.telegram.org/bot7093436536:AAEvjyOBDmUYkoOkO2zxZnzplRy8Thhz0Ps/getUpdates "HTTP/1.1 200 OK"
2025-05-23 09:39:23,271 - httpx - INFO - HTTP Request: POST https://api.telegram.org/bot7093436536:AAEvjyOBDmUYkoOkO2zxZnzplRy8Thhz0Ps/getUpdates "HTTP/1.1 200 OK"
2025-05-23 09:39:33,368 - httpx - INFO - HTTP Request: POST https://api.telegram.org/bot7093436536:AAEvjyOBDmUYkoOkO2zxZnzplRy8Thhz0Ps/getUpdates "HTTP/1.1 200 OK"
2025-05-23 09:39:43,461 - httpx - INFO - HTTP Request: POST https://api.telegram.org/bot7093436536:AAEvjyOBDmUYkoOkO2zxZnzplRy8Thhz0Ps/getUpdates "HTTP/1.1 200 OK"
2025-05-23 09:39:53,554 - httpx - INFO - HTTP Request: POST https://api.telegram.org/bot7093436536:AAEvjyOBDmUYkoOkO2zxZnzplRy8Thhz0Ps/getUpdates "HTTP/1.1 200 OK"
2025-05-23 09:40:03,644 - httpx - INFO - HTTP Request: POST https://api.telegram.org/bot7093436536:AAEvjyOBDmUYkoOkO2zxZnzplRy8Thhz0Ps/getUpdates "HTTP/1.1 200 OK"
2025-05-23 09:40:13,734 - httpx - INFO - HTTP Request: POST https://api.telegram.org/bot7093436536:AAEvjyOBDmUYkoOkO2zxZnzplRy8Thhz0Ps/getUpdates "HTTP/1.1 200 OK"
2025-05-23 09:40:23,827 - httpx - INFO - HTTP Request: POST https://api.telegram.org/bot7093436536:AAEvjyOBDmUYkoOkO2zxZnzplRy8Thhz0Ps/getUpdates "HTTP/1.1 200 OK"
2025-05-23 09:40:33,916 - httpx - INFO - HTTP Request: POST https://api.telegram.org/bot7093436536:AAEvjyOBDmUYkoOkO2zxZnzplRy8Thhz0Ps/getUpdates "HTTP/1.1 200 OK"
2025-05-23 09:40:44,005 - httpx - INFO - HTTP Request: POST https://api.telegram.org/bot7093436536:AAEvjyOBDmUYkoOkO2zxZnzplRy8Thhz0Ps/getUpdates "HTTP/1.1 200 OK"
2025-05-23 09:40:54,096 - httpx - INFO - HTTP Request: POST https://api.telegram.org/bot7093436536:AAEvjyOBDmUYkoOkO2zxZnzplRy8Thhz0Ps/getUpdates "HTTP/1.1 200 OK"
2025-05-23 09:41:04,187 - httpx - INFO - HTTP Request: POST https://api.telegram.org/bot7093436536:AAEvjyOBDmUYkoOkO2zxZnzplRy8Thhz0Ps/getUpdates "HTTP/1.1 200 OK"
2025-05-23 09:41:14,280 - httpx - INFO - HTTP Request: POST https://api.telegram.org/bot7093436536:AAEvjyOBDmUYkoOkO2zxZnzplRy8Thhz0Ps/getUpdates "HTTP/1.1 200 OK"
2025-05-23 09:41:24,370 - httpx - INFO - HTTP Request: POST https://api.telegram.org/bot7093436536:AAEvjyOBDmUYkoOkO2zxZnzplRy8Thhz0Ps/getUpdates "HTTP/1.1 200 OK"
2025-05-23 09:41:34,460 - httpx - INFO - HTTP Request: POST https://api.telegram.org/bot7093436536:AAEvjyOBDmUYkoOkO2zxZnzplRy8Thhz0Ps/getUpdates "HTTP/1.1 200 OK"
2025-05-23 09:41:44,550 - httpx - INFO - HTTP Request: POST https://api.telegram.org/bot7093436536:AAEvjyOBDmUYkoOkO2zxZnzplRy8Thhz0Ps/getUpdates "HTTP/1.1 200 OK"
2025-05-23 09:41:54,648 - httpx - INFO - HTTP Request: POST https://api.telegram.org/bot7093436536:AAEvjyOBDmUYkoOkO2zxZnzplRy8Thhz0Ps/getUpdates "HTTP/1.1 200 OK"
2025-05-23 09:42:04,738 - httpx - INFO - HTTP Request: POST https://api.telegram.org/bot7093436536:AAEvjyOBDmUYkoOkO2zxZnzplRy8Thhz0Ps/getUpdates "HTTP/1.1 200 OK"
2025-05-23 09:42:14,829 - httpx - INFO - HTTP Request: POST https://api.telegram.org/bot7093436536:AAEvjyOBDmUYkoOkO2zxZnzplRy8Thhz0Ps/getUpdates "HTTP/1.1 200 OK"
2025-05-23 09:42:24,921 - httpx - INFO - HTTP Request: POST https://api.telegram.org/bot7093436536:AAEvjyOBDmUYkoOkO2zxZnzplRy8Thhz0Ps/getUpdates "HTTP/1.1 200 OK"
2025-05-23 09:42:35,015 - httpx - INFO - HTTP Request: POST https://api.telegram.org/bot7093436536:AAEvjyOBDmUYkoOkO2zxZnzplRy8Thhz0Ps/getUpdates "HTTP/1.1 200 OK"
2025-05-23 09:42:45,109 - httpx - INFO - HTTP Request: POST https://api.telegram.org/bot7093436536:AAEvjyOBDmUYkoOkO2zxZnzplRy8Thhz0Ps/getUpdates "HTTP/1.1 200 OK"
2025-05-23 09:42:55,199 - httpx - INFO - HTTP Request: POST https://api.telegram.org/bot7093436536:AAEvjyOBDmUYkoOkO2zxZnzplRy8Thhz0Ps/getUpdates "HTTP/1.1 200 OK"
2025-05-23 09:43:05,289 - httpx - INFO - HTTP Request: POST https://api.telegram.org/bot7093436536:AAEvjyOBDmUYkoOkO2zxZnzplRy8Thhz0Ps/getUpdates "HTTP/1.1 200 OK"
2025-05-23 09:43:15,378 - httpx - INFO - HTTP Request: POST https://api.telegram.org/bot7093436536:AAEvjyOBDmUYkoOkO2zxZnzplRy8Thhz0Ps/getUpdates "HTTP/1.1 200 OK"
2025-05-23 09:43:25,467 - httpx - INFO - HTTP Request: POST https://api.telegram.org/bot7093436536:AAEvjyOBDmUYkoOkO2zxZnzplRy8Thhz0Ps/getUpdates "HTTP/1.1 200 OK"
2025-05-23 09:43:35,557 - httpx - INFO - HTTP Request: POST https://api.telegram.org/bot7093436536:AAEvjyOBDmUYkoOkO2zxZnzplRy8Thhz0Ps/getUpdates "HTTP/1.1 200 OK"
2025-05-23 09:43:45,650 - httpx - INFO - HTTP Request: POST https://api.telegram.org/bot7093436536:AAEvjyOBDmUYkoOkO2zxZnzplRy8Thhz0Ps/getUpdates "HTTP/1.1 200 OK"
2025-05-23 09:43:55,740 - httpx - INFO - HTTP Request: POST https://api.telegram.org/bot7093436536:AAEvjyOBDmUYkoOkO2zxZnzplRy8Thhz0Ps/getUpdates "HTTP/1.1 200 OK"
2025-05-23 09:44:05,835 - httpx - INFO - HTTP Request: POST https://api.telegram.org/bot7093436536:AAEvjyOBDmUYkoOkO2zxZnzplRy8Thhz0Ps/getUpdates "HTTP/1.1 200 OK"
2025-05-23 09:44:15,925 - httpx - INFO - HTTP Request: POST https://api.telegram.org/bot7093436536:AAEvjyOBDmUYkoOkO2zxZnzplRy8Thhz0Ps/getUpdates "HTTP/1.1 200 OK"
2025-05-23 09:44:26,014 - httpx - INFO - HTTP Request: POST https://api.telegram.org/bot7093436536:AAEvjyOBDmUYkoOkO2zxZnzplRy8Thhz0Ps/getUpdates "HTTP/1.1 200 OK"
2025-05-23 09:44:36,106 - httpx - INFO - HTTP Request: POST https://api.telegram.org/bot7093436536:AAEvjyOBDmUYkoOkO2zxZnzplRy8Thhz0Ps/getUpdates "HTTP/1.1 200 OK"
2025-05-23 09:44:46,197 - httpx - INFO - HTTP Request: POST https://api.telegram.org/bot7093436536:AAEvjyOBDmUYkoOkO2zxZnzplRy8Thhz0Ps/getUpdates "HTTP/1.1 200 OK"
2025-05-23 09:44:56,287 - httpx - INFO - HTTP Request: POST https://api.telegram.org/bot7093436536:AAEvjyOBDmUYkoOkO2zxZnzplRy8Thhz0Ps/getUpdates "HTTP/1.1 200 OK"
2025-05-23 09:45:06,378 - httpx - INFO - HTTP Request: POST https://api.telegram.org/bot7093436536:AAEvjyOBDmUYkoOkO2zxZnzplRy8Thhz0Ps/getUpdates "HTTP/1.1 200 OK"
2025-05-23 09:45:16,468 - httpx - INFO - HTTP Request: POST https://api.telegram.org/bot7093436536:AAEvjyOBDmUYkoOkO2zxZnzplRy8Thhz0Ps/getUpdates "HTTP/1.1 200 OK"
2025-05-23 09:45:26,558 - httpx - INFO - HTTP Request: POST https://api.telegram.org/bot7093436536:AAEvjyOBDmUYkoOkO2zxZnzplRy8Thhz0Ps/getUpdates "HTTP/1.1 200 OK"
2025-05-23 09:45:36,649 - httpx - INFO - HTTP Request: POST https://api.telegram.org/bot7093436536:AAEvjyOBDmUYkoOkO2zxZnzplRy8Thhz0Ps/getUpdates "HTTP/1.1 200 OK"
2025-05-23 09:45:46,739 - httpx - INFO - HTTP Request: POST https://api.telegram.org/bot7093436536:AAEvjyOBDmUYkoOkO2zxZnzplRy8Thhz0Ps/getUpdates "HTTP/1.1 200 OK"
2025-05-23 09:45:56,829 - httpx - INFO - HTTP Request: POST https://api.telegram.org/bot7093436536:AAEvjyOBDmUYkoOkO2zxZnzplRy8Thhz0Ps/getUpdates "HTTP/1.1 200 OK"
2025-05-23 09:46:06,919 - httpx - INFO - HTTP Request: POST https://api.telegram.org/bot7093436536:AAEvjyOBDmUYkoOkO2zxZnzplRy8Thhz0Ps/getUpdates "HTTP/1.1 200 OK"
2025-05-23 09:46:17,009 - httpx - INFO - HTTP Request: POST https://api.telegram.org/bot7093436536:AAEvjyOBDmUYkoOkO2zxZnzplRy8Thhz0Ps/getUpdates "HTTP/1.1 200 OK"
2025-05-23 09:46:27,097 - httpx - INFO - HTTP Request: POST https://api.telegram.org/bot7093436536:AAEvjyOBDmUYkoOkO2zxZnzplRy8Thhz0Ps/getUpdates "HTTP/1.1 200 OK"
2025-05-23 09:46:37,186 - httpx - INFO - HTTP Request: POST https://api.telegram.org/bot7093436536:AAEvjyOBDmUYkoOkO2zxZnzplRy8Thhz0Ps/getUpdates "HTTP/1.1 200 OK"
2025-05-23 09:46:47,276 - httpx - INFO - HTTP Request: POST https://api.telegram.org/bot7093436536:AAEvjyOBDmUYkoOkO2zxZnzplRy8Thhz0Ps/getUpdates "HTTP/1.1 200 OK"
2025-05-23 09:46:57,390 - httpx - INFO - HTTP Request: POST https://api.telegram.org/bot7093436536:AAEvjyOBDmUYkoOkO2zxZnzplRy8Thhz0Ps/getUpdates "HTTP/1.1 200 OK"
2025-05-23 09:47:07,480 - httpx - INFO - HTTP Request: POST https://api.telegram.org/bot7093436536:AAEvjyOBDmUYkoOkO2zxZnzplRy8Thhz0Ps/getUpdates "HTTP/1.1 200 OK"
2025-05-23 09:47:17,571 - httpx - INFO - HTTP Request: POST https://api.telegram.org/bot7093436536:AAEvjyOBDmUYkoOkO2zxZnzplRy8Thhz0Ps/getUpdates "HTTP/1.1 200 OK"
2025-05-23 09:47:27,663 - httpx - INFO - HTTP Request: POST https://api.telegram.org/bot7093436536:AAEvjyOBDmUYkoOkO2zxZnzplRy8Thhz0Ps/getUpdates "HTTP/1.1 200 OK"
2025-05-23 09:47:37,753 - httpx - INFO - HTTP Request: POST https://api.telegram.org/bot7093436536:AAEvjyOBDmUYkoOkO2zxZnzplRy8Thhz0Ps/getUpdates "HTTP/1.1 200 OK"
2025-05-23 09:47:47,842 - httpx - INFO - HTTP Request: POST https://api.telegram.org/bot7093436536:AAEvjyOBDmUYkoOkO2zxZnzplRy8Thhz0Ps/getUpdates "HTTP/1.1 200 OK"
2025-05-23 09:47:57,931 - httpx - INFO - HTTP Request: POST https://api.telegram.org/bot7093436536:AAEvjyOBDmUYkoOkO2zxZnzplRy8Thhz0Ps/getUpdates "HTTP/1.1 200 OK"
2025-05-23 09:48:08,022 - httpx - INFO - HTTP Request: POST https://api.telegram.org/bot7093436536:AAEvjyOBDmUYkoOkO2zxZnzplRy8Thhz0Ps/getUpdates "HTTP/1.1 200 OK"
2025-05-23 09:48:18,113 - httpx - INFO - HTTP Request: POST https://api.telegram.org/bot7093436536:AAEvjyOBDmUYkoOkO2zxZnzplRy8Thhz0Ps/getUpdates "HTTP/1.1 200 OK"
2025-05-23 09:48:28,202 - httpx - INFO - HTTP Request: POST https://api.telegram.org/bot7093436536:AAEvjyOBDmUYkoOkO2zxZnzplRy8Thhz0Ps/getUpdates "HTTP/1.1 200 OK"
2025-05-23 09:48:38,295 - httpx - INFO - HTTP Request: POST https://api.telegram.org/bot7093436536:AAEvjyOBDmUYkoOkO2zxZnzplRy8Thhz0Ps/getUpdates "HTTP/1.1 200 OK"
2025-05-23 09:48:48,387 - httpx - INFO - HTTP Request: POST https://api.telegram.org/bot7093436536:AAEvjyOBDmUYkoOkO2zxZnzplRy8Thhz0Ps/getUpdates "HTTP/1.1 200 OK"
2025-05-23 09:48:58,479 - httpx - INFO - HTTP Request: POST https://api.telegram.org/bot7093436536:AAEvjyOBDmUYkoOkO2zxZnzplRy8Thhz0Ps/getUpdates "HTTP/1.1 200 OK"
2025-05-23 09:49:08,569 - httpx - INFO - HTTP Request: POST https://api.telegram.org/bot7093436536:AAEvjyOBDmUYkoOkO2zxZnzplRy8Thhz0Ps/getUpdates "HTTP/1.1 200 OK"
2025-05-23 09:49:18,659 - httpx - INFO - HTTP Request: POST https://api.telegram.org/bot7093436536:AAEvjyOBDmUYkoOkO2zxZnzplRy8Thhz0Ps/getUpdates "HTTP/1.1 200 OK"
2025-05-23 09:49:28,760 - httpx - INFO - HTTP Request: POST https://api.telegram.org/bot7093436536:AAEvjyOBDmUYkoOkO2zxZnzplRy8Thhz0Ps/getUpdates "HTTP/1.1 200 OK"
2025-05-23 09:49:38,851 - httpx - INFO - HTTP Request: POST https://api.telegram.org/bot7093436536:AAEvjyOBDmUYkoOkO2zxZnzplRy8Thhz0Ps/getUpdates "HTTP/1.1 200 OK"
2025-05-23 09:49:48,941 - httpx - INFO - HTTP Request: POST https://api.telegram.org/bot7093436536:AAEvjyOBDmUYkoOkO2zxZnzplRy8Thhz0Ps/getUpdates "HTTP/1.1 200 OK"
2025-05-23 09:49:59,032 - httpx - INFO - HTTP Request: POST https://api.telegram.org/bot7093436536:AAEvjyOBDmUYkoOkO2zxZnzplRy8Thhz0Ps/getUpdates "HTTP/1.1 200 OK"
2025-05-23 09:50:09,125 - httpx - INFO - HTTP Request: POST https://api.telegram.org/bot7093436536:AAEvjyOBDmUYkoOkO2zxZnzplRy8Thhz0Ps/getUpdates "HTTP/1.1 200 OK"
2025-05-23 09:50:19,218 - httpx - INFO - HTTP Request: POST https://api.telegram.org/bot7093436536:AAEvjyOBDmUYkoOkO2zxZnzplRy8Thhz0Ps/getUpdates "HTTP/1.1 200 OK"
2025-05-23 09:50:29,310 - httpx - INFO - HTTP Request: POST https://api.telegram.org/bot7093436536:AAEvjyOBDmUYkoOkO2zxZnzplRy8Thhz0Ps/getUpdates "HTTP/1.1 200 OK"
2025-05-23 09:50:39,401 - httpx - INFO - HTTP Request: POST https://api.telegram.org/bot7093436536:AAEvjyOBDmUYkoOkO2zxZnzplRy8Thhz0Ps/getUpdates "HTTP/1.1 200 OK"
2025-05-23 09:50:49,494 - httpx - INFO - HTTP Request: POST https://api.telegram.org/bot7093436536:AAEvjyOBDmUYkoOkO2zxZnzplRy8Thhz0Ps/getUpdates "HTTP/1.1 200 OK"
2025-05-23 09:50:59,584 - httpx - INFO - HTTP Request: POST https://api.telegram.org/bot7093436536:AAEvjyOBDmUYkoOkO2zxZnzplRy8Thhz0Ps/getUpdates "HTTP/1.1 200 OK"
2025-05-23 09:51:09,835 - httpx - INFO - HTTP Request: POST https://api.telegram.org/bot7093436536:AAEvjyOBDmUYkoOkO2zxZnzplRy8Thhz0Ps/getUpdates "HTTP/1.1 200 OK"
2025-05-23 09:51:19,919 - httpx - INFO - HTTP Request: POST https://api.telegram.org/bot7093436536:AAEvjyOBDmUYkoOkO2zxZnzplRy8Thhz0Ps/getUpdates "HTTP/1.1 200 OK"
2025-05-23 09:51:30,005 - httpx - INFO - HTTP Request: POST https://api.telegram.org/bot7093436536:AAEvjyOBDmUYkoOkO2zxZnzplRy8Thhz0Ps/getUpdates "HTTP/1.1 200 OK"
2025-05-23 09:51:40,093 - httpx - INFO - HTTP Request: POST https://api.telegram.org/bot7093436536:AAEvjyOBDmUYkoOkO2zxZnzplRy8Thhz0Ps/getUpdates "HTTP/1.1 200 OK"
2025-05-23 09:51:50,177 - httpx - INFO - HTTP Request: POST https://api.telegram.org/bot7093436536:AAEvjyOBDmUYkoOkO2zxZnzplRy8Thhz0Ps/getUpdates "HTTP/1.1 200 OK"
2025-05-23 09:52:00,264 - httpx - INFO - HTTP Request: POST https://api.telegram.org/bot7093436536:AAEvjyOBDmUYkoOkO2zxZnzplRy8Thhz0Ps/getUpdates "HTTP/1.1 200 OK"
2025-05-23 09:52:10,349 - httpx - INFO - HTTP Request: POST https://api.telegram.org/bot7093436536:AAEvjyOBDmUYkoOkO2zxZnzplRy8Thhz0Ps/getUpdates "HTTP/1.1 200 OK"
2025-05-23 09:52:20,436 - httpx - INFO - HTTP Request: POST https://api.telegram.org/bot7093436536:AAEvjyOBDmUYkoOkO2zxZnzplRy8Thhz0Ps/getUpdates "HTTP/1.1 200 OK"
2025-05-23 09:52:30,524 - httpx - INFO - HTTP Request: POST https://api.telegram.org/bot7093436536:AAEvjyOBDmUYkoOkO2zxZnzplRy8Thhz0Ps/getUpdates "HTTP/1.1 200 OK"
2025-05-23 09:52:40,611 - httpx - INFO - HTTP Request: POST https://api.telegram.org/bot7093436536:AAEvjyOBDmUYkoOkO2zxZnzplRy8Thhz0Ps/getUpdates "HTTP/1.1 200 OK"
2025-05-23 09:52:50,698 - httpx - INFO - HTTP Request: POST https://api.telegram.org/bot7093436536:AAEvjyOBDmUYkoOkO2zxZnzplRy8Thhz0Ps/getUpdates "HTTP/1.1 200 OK"
2025-05-23 09:53:00,782 - httpx - INFO - HTTP Request: POST https://api.telegram.org/bot7093436536:AAEvjyOBDmUYkoOkO2zxZnzplRy8Thhz0Ps/getUpdates "HTTP/1.1 200 OK"
2025-05-23 09:53:10,868 - httpx - INFO - HTTP Request: POST https://api.telegram.org/bot7093436536:AAEvjyOBDmUYkoOkO2zxZnzplRy8Thhz0Ps/getUpdates "HTTP/1.1 200 OK"
2025-05-23 09:53:20,966 - httpx - INFO - HTTP Request: POST https://api.telegram.org/bot7093436536:AAEvjyOBDmUYkoOkO2zxZnzplRy8Thhz0Ps/getUpdates "HTTP/1.1 200 OK"
2025-05-23 09:53:31,052 - httpx - INFO - HTTP Request: POST https://api.telegram.org/bot7093436536:AAEvjyOBDmUYkoOkO2zxZnzplRy8Thhz0Ps/getUpdates "HTTP/1.1 200 OK"
2025-05-23 09:53:41,140 - httpx - INFO - HTTP Request: POST https://api.telegram.org/bot7093436536:AAEvjyOBDmUYkoOkO2zxZnzplRy8Thhz0Ps/getUpdates "HTTP/1.1 200 OK"
2025-05-23 09:53:51,227 - httpx - INFO - HTTP Request: POST https://api.telegram.org/bot7093436536:AAEvjyOBDmUYkoOkO2zxZnzplRy8Thhz0Ps/getUpdates "HTTP/1.1 200 OK"
2025-05-23 09:54:01,310 - httpx - INFO - HTTP Request: POST https://api.telegram.org/bot7093436536:AAEvjyOBDmUYkoOkO2zxZnzplRy8Thhz0Ps/getUpdates "HTTP/1.1 200 OK"
2025-05-23 09:54:11,401 - httpx - INFO - HTTP Request: POST https://api.telegram.org/bot7093436536:AAEvjyOBDmUYkoOkO2zxZnzplRy8Thhz0Ps/getUpdates "HTTP/1.1 200 OK"
2025-05-23 09:54:21,489 - httpx - INFO - HTTP Request: POST https://api.telegram.org/bot7093436536:AAEvjyOBDmUYkoOkO2zxZnzplRy8Thhz0Ps/getUpdates "HTTP/1.1 200 OK"
2025-05-23 09:54:31,579 - httpx - INFO - HTTP Request: POST https://api.telegram.org/bot7093436536:AAEvjyOBDmUYkoOkO2zxZnzplRy8Thhz0Ps/getUpdates "HTTP/1.1 200 OK"
2025-05-23 09:54:41,665 - httpx - INFO - HTTP Request: POST https://api.telegram.org/bot7093436536:AAEvjyOBDmUYkoOkO2zxZnzplRy8Thhz0Ps/getUpdates "HTTP/1.1 200 OK"
2025-05-23 09:54:51,751 - httpx - INFO - HTTP Request: POST https://api.telegram.org/bot7093436536:AAEvjyOBDmUYkoOkO2zxZnzplRy8Thhz0Ps/getUpdates "HTTP/1.1 200 OK"
2025-05-23 09:55:01,847 - httpx - INFO - HTTP Request: POST https://api.telegram.org/bot7093436536:AAEvjyOBDmUYkoOkO2zxZnzplRy8Thhz0Ps/getUpdates "HTTP/1.1 200 OK"
2025-05-23 09:55:11,932 - httpx - INFO - HTTP Request: POST https://api.telegram.org/bot7093436536:AAEvjyOBDmUYkoOkO2zxZnzplRy8Thhz0Ps/getUpdates "HTTP/1.1 200 OK"
2025-05-23 09:55:22,015 - httpx - INFO - HTTP Request: POST https://api.telegram.org/bot7093436536:AAEvjyOBDmUYkoOkO2zxZnzplRy8Thhz0Ps/getUpdates "HTTP/1.1 200 OK"
2025-05-23 09:55:32,100 - httpx - INFO - HTTP Request: POST https://api.telegram.org/bot7093436536:AAEvjyOBDmUYkoOkO2zxZnzplRy8Thhz0Ps/getUpdates "HTTP/1.1 200 OK"
2025-05-23 09:55:42,201 - httpx - INFO - HTTP Request: POST https://api.telegram.org/bot7093436536:AAEvjyOBDmUYkoOkO2zxZnzplRy8Thhz0Ps/getUpdates "HTTP/1.1 200 OK"
2025-05-23 09:55:52,286 - httpx - INFO - HTTP Request: POST https://api.telegram.org/bot7093436536:AAEvjyOBDmUYkoOkO2zxZnzplRy8Thhz0Ps/getUpdates "HTTP/1.1 200 OK"
2025-05-23 09:56:02,370 - httpx - INFO - HTTP Request: POST https://api.telegram.org/bot7093436536:AAEvjyOBDmUYkoOkO2zxZnzplRy8Thhz0Ps/getUpdates "HTTP/1.1 200 OK"
2025-05-23 09:56:12,453 - httpx - INFO - HTTP Request: POST https://api.telegram.org/bot7093436536:AAEvjyOBDmUYkoOkO2zxZnzplRy8Thhz0Ps/getUpdates "HTTP/1.1 200 OK"
2025-05-23 09:56:22,540 - httpx - INFO - HTTP Request: POST https://api.telegram.org/bot7093436536:AAEvjyOBDmUYkoOkO2zxZnzplRy8Thhz0Ps/getUpdates "HTTP/1.1 200 OK"
2025-05-23 09:56:32,631 - httpx - INFO - HTTP Request: POST https://api.telegram.org/bot7093436536:AAEvjyOBDmUYkoOkO2zxZnzplRy8Thhz0Ps/getUpdates "HTTP/1.1 200 OK"
2025-05-23 09:56:42,719 - httpx - INFO - HTTP Request: POST https://api.telegram.org/bot7093436536:AAEvjyOBDmUYkoOkO2zxZnzplRy8Thhz0Ps/getUpdates "HTTP/1.1 200 OK"
2025-05-23 09:56:52,808 - httpx - INFO - HTTP Request: POST https://api.telegram.org/bot7093436536:AAEvjyOBDmUYkoOkO2zxZnzplRy8Thhz0Ps/getUpdates "HTTP/1.1 200 OK"
2025-05-23 09:57:02,896 - httpx - INFO - HTTP Request: POST https://api.telegram.org/bot7093436536:AAEvjyOBDmUYkoOkO2zxZnzplRy8Thhz0Ps/getUpdates "HTTP/1.1 200 OK"
2025-05-23 09:57:12,984 - httpx - INFO - HTTP Request: POST https://api.telegram.org/bot7093436536:AAEvjyOBDmUYkoOkO2zxZnzplRy8Thhz0Ps/getUpdates "HTTP/1.1 200 OK"
2025-05-23 09:57:23,070 - httpx - INFO - HTTP Request: POST https://api.telegram.org/bot7093436536:AAEvjyOBDmUYkoOkO2zxZnzplRy8Thhz0Ps/getUpdates "HTTP/1.1 200 OK"
2025-05-23 09:57:33,157 - httpx - INFO - HTTP Request: POST https://api.telegram.org/bot7093436536:AAEvjyOBDmUYkoOkO2zxZnzplRy8Thhz0Ps/getUpdates "HTTP/1.1 200 OK"
2025-05-23 09:57:43,249 - httpx - INFO - HTTP Request: POST https://api.telegram.org/bot7093436536:AAEvjyOBDmUYkoOkO2zxZnzplRy8Thhz0Ps/getUpdates "HTTP/1.1 200 OK"
2025-05-23 09:57:53,337 - httpx - INFO - HTTP Request: POST https://api.telegram.org/bot7093436536:AAEvjyOBDmUYkoOkO2zxZnzplRy8Thhz0Ps/getUpdates "HTTP/1.1 200 OK"
2025-05-23 09:58:03,428 - httpx - INFO - HTTP Request: POST https://api.telegram.org/bot7093436536:AAEvjyOBDmUYkoOkO2zxZnzplRy8Thhz0Ps/getUpdates "HTTP/1.1 200 OK"
2025-05-23 09:58:13,518 - httpx - INFO - HTTP Request: POST https://api.telegram.org/bot7093436536:AAEvjyOBDmUYkoOkO2zxZnzplRy8Thhz0Ps/getUpdates "HTTP/1.1 200 OK"
2025-05-23 09:58:23,608 - httpx - INFO - HTTP Request: POST https://api.telegram.org/bot7093436536:AAEvjyOBDmUYkoOkO2zxZnzplRy8Thhz0Ps/getUpdates "HTTP/1.1 200 OK"
2025-05-23 09:58:33,703 - httpx - INFO - HTTP Request: POST https://api.telegram.org/bot7093436536:AAEvjyOBDmUYkoOkO2zxZnzplRy8Thhz0Ps/getUpdates "HTTP/1.1 200 OK"
2025-05-23 09:58:43,799 - httpx - INFO - HTTP Request: POST https://api.telegram.org/bot7093436536:AAEvjyOBDmUYkoOkO2zxZnzplRy8Thhz0Ps/getUpdates "HTTP/1.1 200 OK"
2025-05-23 09:58:53,887 - httpx - INFO - HTTP Request: POST https://api.telegram.org/bot7093436536:AAEvjyOBDmUYkoOkO2zxZnzplRy8Thhz0Ps/getUpdates "HTTP/1.1 200 OK"
2025-05-23 09:59:03,978 - httpx - INFO - HTTP Request: POST https://api.telegram.org/bot7093436536:AAEvjyOBDmUYkoOkO2zxZnzplRy8Thhz0Ps/getUpdates "HTTP/1.1 200 OK"
2025-05-23 09:59:14,069 - httpx - INFO - HTTP Request: POST https://api.telegram.org/bot7093436536:AAEvjyOBDmUYkoOkO2zxZnzplRy8Thhz0Ps/getUpdates "HTTP/1.1 200 OK"
2025-05-23 09:59:24,163 - httpx - INFO - HTTP Request: POST https://api.telegram.org/bot7093436536:AAEvjyOBDmUYkoOkO2zxZnzplRy8Thhz0Ps/getUpdates "HTTP/1.1 200 OK"
2025-05-23 09:59:34,252 - httpx - INFO - HTTP Request: POST https://api.telegram.org/bot7093436536:AAEvjyOBDmUYkoOkO2zxZnzplRy8Thhz0Ps/getUpdates "HTTP/1.1 200 OK"
2025-05-23 09:59:44,343 - httpx - INFO - HTTP Request: POST https://api.telegram.org/bot7093436536:AAEvjyOBDmUYkoOkO2zxZnzplRy8Thhz0Ps/getUpdates "HTTP/1.1 200 OK"
2025-05-23 09:59:54,432 - httpx - INFO - HTTP Request: POST https://api.telegram.org/bot7093436536:AAEvjyOBDmUYkoOkO2zxZnzplRy8Thhz0Ps/getUpdates "HTTP/1.1 200 OK"
2025-05-23 10:00:04,527 - httpx - INFO - HTTP Request: POST https://api.telegram.org/bot7093436536:AAEvjyOBDmUYkoOkO2zxZnzplRy8Thhz0Ps/getUpdates "HTTP/1.1 200 OK"
2025-05-23 10:00:14,615 - httpx - INFO - HTTP Request: POST https://api.telegram.org/bot7093436536:AAEvjyOBDmUYkoOkO2zxZnzplRy8Thhz0Ps/getUpdates "HTTP/1.1 200 OK"
2025-05-23 10:00:24,704 - httpx - INFO - HTTP Request: POST https://api.telegram.org/bot7093436536:AAEvjyOBDmUYkoOkO2zxZnzplRy8Thhz0Ps/getUpdates "HTTP/1.1 200 OK"
2025-05-23 10:00:34,797 - httpx - INFO - HTTP Request: POST https://api.telegram.org/bot7093436536:AAEvjyOBDmUYkoOkO2zxZnzplRy8Thhz0Ps/getUpdates "HTTP/1.1 200 OK"
2025-05-23 10:00:44,886 - httpx - INFO - HTTP Request: POST https://api.telegram.org/bot7093436536:AAEvjyOBDmUYkoOkO2zxZnzplRy8Thhz0Ps/getUpdates "HTTP/1.1 200 OK"
2025-05-23 10:00:54,987 - httpx - INFO - HTTP Request: POST https://api.telegram.org/bot7093436536:AAEvjyOBDmUYkoOkO2zxZnzplRy8Thhz0Ps/getUpdates "HTTP/1.1 200 OK"
2025-05-23 10:01:05,074 - httpx - INFO - HTTP Request: POST https://api.telegram.org/bot7093436536:AAEvjyOBDmUYkoOkO2zxZnzplRy8Thhz0Ps/getUpdates "HTTP/1.1 200 OK"
2025-05-23 10:01:15,163 - httpx - INFO - HTTP Request: POST https://api.telegram.org/bot7093436536:AAEvjyOBDmUYkoOkO2zxZnzplRy8Thhz0Ps/getUpdates "HTTP/1.1 200 OK"
2025-05-23 10:01:25,267 - httpx - INFO - HTTP Request: POST https://api.telegram.org/bot7093436536:AAEvjyOBDmUYkoOkO2zxZnzplRy8Thhz0Ps/getUpdates "HTTP/1.1 200 OK"
2025-05-23 10:01:35,361 - httpx - INFO - HTTP Request: POST https://api.telegram.org/bot7093436536:AAEvjyOBDmUYkoOkO2zxZnzplRy8Thhz0Ps/getUpdates "HTTP/1.1 200 OK"
2025-05-23 10:01:45,453 - httpx - INFO - HTTP Request: POST https://api.telegram.org/bot7093436536:AAEvjyOBDmUYkoOkO2zxZnzplRy8Thhz0Ps/getUpdates "HTTP/1.1 200 OK"
2025-05-23 10:01:55,542 - httpx - INFO - HTTP Request: POST https://api.telegram.org/bot7093436536:AAEvjyOBDmUYkoOkO2zxZnzplRy8Thhz0Ps/getUpdates "HTTP/1.1 200 OK"
2025-05-23 10:02:05,633 - httpx - INFO - HTTP Request: POST https://api.telegram.org/bot7093436536:AAEvjyOBDmUYkoOkO2zxZnzplRy8Thhz0Ps/getUpdates "HTTP/1.1 200 OK"
2025-05-23 10:02:15,723 - httpx - INFO - HTTP Request: POST https://api.telegram.org/bot7093436536:AAEvjyOBDmUYkoOkO2zxZnzplRy8Thhz0Ps/getUpdates "HTTP/1.1 200 OK"
2025-05-23 10:02:25,812 - httpx - INFO - HTTP Request: POST https://api.telegram.org/bot7093436536:AAEvjyOBDmUYkoOkO2zxZnzplRy8Thhz0Ps/getUpdates "HTTP/1.1 200 OK"
2025-05-23 10:02:35,903 - httpx - INFO - HTTP Request: POST https://api.telegram.org/bot7093436536:AAEvjyOBDmUYkoOkO2zxZnzplRy8Thhz0Ps/getUpdates "HTTP/1.1 200 OK"
2025-05-23 10:02:45,992 - httpx - INFO - HTTP Request: POST https://api.telegram.org/bot7093436536:AAEvjyOBDmUYkoOkO2zxZnzplRy8Thhz0Ps/getUpdates "HTTP/1.1 200 OK"
2025-05-23 10:02:56,081 - httpx - INFO - HTTP Request: POST https://api.telegram.org/bot7093436536:AAEvjyOBDmUYkoOkO2zxZnzplRy8Thhz0Ps/getUpdates "HTTP/1.1 200 OK"
2025-05-23 10:03:06,169 - httpx - INFO - HTTP Request: POST https://api.telegram.org/bot7093436536:AAEvjyOBDmUYkoOkO2zxZnzplRy8Thhz0Ps/getUpdates "HTTP/1.1 200 OK"
2025-05-23 10:03:16,257 - httpx - INFO - HTTP Request: POST https://api.telegram.org/bot7093436536:AAEvjyOBDmUYkoOkO2zxZnzplRy8Thhz0Ps/getUpdates "HTTP/1.1 200 OK"
2025-05-23 10:03:26,357 - httpx - INFO - HTTP Request: POST https://api.telegram.org/bot7093436536:AAEvjyOBDmUYkoOkO2zxZnzplRy8Thhz0Ps/getUpdates "HTTP/1.1 200 OK"
2025-05-23 10:03:36,447 - httpx - INFO - HTTP Request: POST https://api.telegram.org/bot7093436536:AAEvjyOBDmUYkoOkO2zxZnzplRy8Thhz0Ps/getUpdates "HTTP/1.1 200 OK"
2025-05-23 10:03:46,541 - httpx - INFO - HTTP Request: POST https://api.telegram.org/bot7093436536:AAEvjyOBDmUYkoOkO2zxZnzplRy8Thhz0Ps/getUpdates "HTTP/1.1 200 OK"
2025-05-23 10:03:56,632 - httpx - INFO - HTTP Request: POST https://api.telegram.org/bot7093436536:AAEvjyOBDmUYkoOkO2zxZnzplRy8Thhz0Ps/getUpdates "HTTP/1.1 200 OK"
2025-05-23 10:04:06,722 - httpx - INFO - HTTP Request: POST https://api.telegram.org/bot7093436536:AAEvjyOBDmUYkoOkO2zxZnzplRy8Thhz0Ps/getUpdates "HTTP/1.1 200 OK"
2025-05-23 10:04:16,811 - httpx - INFO - HTTP Request: POST https://api.telegram.org/bot7093436536:AAEvjyOBDmUYkoOkO2zxZnzplRy8Thhz0Ps/getUpdates "HTTP/1.1 200 OK"
2025-05-23 10:04:26,903 - httpx - INFO - HTTP Request: POST https://api.telegram.org/bot7093436536:AAEvjyOBDmUYkoOkO2zxZnzplRy8Thhz0Ps/getUpdates "HTTP/1.1 200 OK"
2025-05-23 10:04:36,991 - httpx - INFO - HTTP Request: POST https://api.telegram.org/bot7093436536:AAEvjyOBDmUYkoOkO2zxZnzplRy8Thhz0Ps/getUpdates "HTTP/1.1 200 OK"
2025-05-23 10:04:47,083 - httpx - INFO - HTTP Request: POST https://api.telegram.org/bot7093436536:AAEvjyOBDmUYkoOkO2zxZnzplRy8Thhz0Ps/getUpdates "HTTP/1.1 200 OK"
2025-05-23 10:04:57,181 - httpx - INFO - HTTP Request: POST https://api.telegram.org/bot7093436536:AAEvjyOBDmUYkoOkO2zxZnzplRy8Thhz0Ps/getUpdates "HTTP/1.1 200 OK"
2025-05-23 10:05:07,271 - httpx - INFO - HTTP Request: POST https://api.telegram.org/bot7093436536:AAEvjyOBDmUYkoOkO2zxZnzplRy8Thhz0Ps/getUpdates "HTTP/1.1 200 OK"
2025-05-23 10:05:17,383 - httpx - INFO - HTTP Request: POST https://api.telegram.org/bot7093436536:AAEvjyOBDmUYkoOkO2zxZnzplRy8Thhz0Ps/getUpdates "HTTP/1.1 200 OK"
2025-05-23 10:05:27,474 - httpx - INFO - HTTP Request: POST https://api.telegram.org/bot7093436536:AAEvjyOBDmUYkoOkO2zxZnzplRy8Thhz0Ps/getUpdates "HTTP/1.1 200 OK"
2025-05-23 10:05:37,642 - httpx - INFO - HTTP Request: POST https://api.telegram.org/bot7093436536:AAEvjyOBDmUYkoOkO2zxZnzplRy8Thhz0Ps/getUpdates "HTTP/1.1 200 OK"
2025-05-23 10:05:47,731 - httpx - INFO - HTTP Request: POST https://api.telegram.org/bot7093436536:AAEvjyOBDmUYkoOkO2zxZnzplRy8Thhz0Ps/getUpdates "HTTP/1.1 200 OK"
2025-05-23 10:05:57,824 - httpx - INFO - HTTP Request: POST https://api.telegram.org/bot7093436536:AAEvjyOBDmUYkoOkO2zxZnzplRy8Thhz0Ps/getUpdates "HTTP/1.1 200 OK"
2025-05-23 10:06:07,929 - httpx - INFO - HTTP Request: POST https://api.telegram.org/bot7093436536:AAEvjyOBDmUYkoOkO2zxZnzplRy8Thhz0Ps/getUpdates "HTTP/1.1 200 OK"
2025-05-23 10:06:18,018 - httpx - INFO - HTTP Request: POST https://api.telegram.org/bot7093436536:AAEvjyOBDmUYkoOkO2zxZnzplRy8Thhz0Ps/getUpdates "HTTP/1.1 200 OK"
2025-05-23 10:06:28,107 - httpx - INFO - HTTP Request: POST https://api.telegram.org/bot7093436536:AAEvjyOBDmUYkoOkO2zxZnzplRy8Thhz0Ps/getUpdates "HTTP/1.1 200 OK"
2025-05-23 10:06:38,198 - httpx - INFO - HTTP Request: POST https://api.telegram.org/bot7093436536:AAEvjyOBDmUYkoOkO2zxZnzplRy8Thhz0Ps/getUpdates "HTTP/1.1 200 OK"
2025-05-23 10:06:48,289 - httpx - INFO - HTTP Request: POST https://api.telegram.org/bot7093436536:AAEvjyOBDmUYkoOkO2zxZnzplRy8Thhz0Ps/getUpdates "HTTP/1.1 200 OK"
2025-05-23 10:06:58,383 - httpx - INFO - HTTP Request: POST https://api.telegram.org/bot7093436536:AAEvjyOBDmUYkoOkO2zxZnzplRy8Thhz0Ps/getUpdates "HTTP/1.1 200 OK"
2025-05-23 10:07:08,476 - httpx - INFO - HTTP Request: POST https://api.telegram.org/bot7093436536:AAEvjyOBDmUYkoOkO2zxZnzplRy8Thhz0Ps/getUpdates "HTTP/1.1 200 OK"
2025-05-23 10:07:18,569 - httpx - INFO - HTTP Request: POST https://api.telegram.org/bot7093436536:AAEvjyOBDmUYkoOkO2zxZnzplRy8Thhz0Ps/getUpdates "HTTP/1.1 200 OK"
2025-05-23 10:07:28,659 - httpx - INFO - HTTP Request: POST https://api.telegram.org/bot7093436536:AAEvjyOBDmUYkoOkO2zxZnzplRy8Thhz0Ps/getUpdates "HTTP/1.1 200 OK"
2025-05-23 10:07:38,754 - httpx - INFO - HTTP Request: POST https://api.telegram.org/bot7093436536:AAEvjyOBDmUYkoOkO2zxZnzplRy8Thhz0Ps/getUpdates "HTTP/1.1 200 OK"
2025-05-23 10:07:48,849 - httpx - INFO - HTTP Request: POST https://api.telegram.org/bot7093436536:AAEvjyOBDmUYkoOkO2zxZnzplRy8Thhz0Ps/getUpdates "HTTP/1.1 200 OK"
2025-05-23 10:07:59,104 - httpx - INFO - HTTP Request: POST https://api.telegram.org/bot7093436536:AAEvjyOBDmUYkoOkO2zxZnzplRy8Thhz0Ps/getUpdates "HTTP/1.1 200 OK"
2025-05-23 10:08:09,191 - httpx - INFO - HTTP Request: POST https://api.telegram.org/bot7093436536:AAEvjyOBDmUYkoOkO2zxZnzplRy8Thhz0Ps/getUpdates "HTTP/1.1 200 OK"
2025-05-23 10:08:19,319 - httpx - INFO - HTTP Request: POST https://api.telegram.org/bot7093436536:AAEvjyOBDmUYkoOkO2zxZnzplRy8Thhz0Ps/getUpdates "HTTP/1.1 200 OK"
2025-05-23 10:08:29,405 - httpx - INFO - HTTP Request: POST https://api.telegram.org/bot7093436536:AAEvjyOBDmUYkoOkO2zxZnzplRy8Thhz0Ps/getUpdates "HTTP/1.1 200 OK"
2025-05-23 10:08:39,493 - httpx - INFO - HTTP Request: POST https://api.telegram.org/bot7093436536:AAEvjyOBDmUYkoOkO2zxZnzplRy8Thhz0Ps/getUpdates "HTTP/1.1 200 OK"
2025-05-23 10:08:49,582 - httpx - INFO - HTTP Request: POST https://api.telegram.org/bot7093436536:AAEvjyOBDmUYkoOkO2zxZnzplRy8Thhz0Ps/getUpdates "HTTP/1.1 200 OK"
2025-05-23 10:08:59,667 - httpx - INFO - HTTP Request: POST https://api.telegram.org/bot7093436536:AAEvjyOBDmUYkoOkO2zxZnzplRy8Thhz0Ps/getUpdates "HTTP/1.1 200 OK"
2025-05-23 10:09:09,751 - httpx - INFO - HTTP Request: POST https://api.telegram.org/bot7093436536:AAEvjyOBDmUYkoOkO2zxZnzplRy8Thhz0Ps/getUpdates "HTTP/1.1 200 OK"
2025-05-23 10:09:19,837 - httpx - INFO - HTTP Request: POST https://api.telegram.org/bot7093436536:AAEvjyOBDmUYkoOkO2zxZnzplRy8Thhz0Ps/getUpdates "HTTP/1.1 200 OK"
2025-05-23 10:09:29,921 - httpx - INFO - HTTP Request: POST https://api.telegram.org/bot7093436536:AAEvjyOBDmUYkoOkO2zxZnzplRy8Thhz0Ps/getUpdates "HTTP/1.1 200 OK"
2025-05-23 10:09:40,006 - httpx - INFO - HTTP Request: POST https://api.telegram.org/bot7093436536:AAEvjyOBDmUYkoOkO2zxZnzplRy8Thhz0Ps/getUpdates "HTTP/1.1 200 OK"
2025-05-23 10:09:50,092 - httpx - INFO - HTTP Request: POST https://api.telegram.org/bot7093436536:AAEvjyOBDmUYkoOkO2zxZnzplRy8Thhz0Ps/getUpdates "HTTP/1.1 200 OK"
2025-05-23 10:10:00,177 - httpx - INFO - HTTP Request: POST https://api.telegram.org/bot7093436536:AAEvjyOBDmUYkoOkO2zxZnzplRy8Thhz0Ps/getUpdates "HTTP/1.1 200 OK"
2025-05-23 10:10:10,261 - httpx - INFO - HTTP Request: POST https://api.telegram.org/bot7093436536:AAEvjyOBDmUYkoOkO2zxZnzplRy8Thhz0Ps/getUpdates "HTTP/1.1 200 OK"
2025-05-23 10:10:20,347 - httpx - INFO - HTTP Request: POST https://api.telegram.org/bot7093436536:AAEvjyOBDmUYkoOkO2zxZnzplRy8Thhz0Ps/getUpdates "HTTP/1.1 200 OK"
2025-05-23 10:10:30,445 - httpx - INFO - HTTP Request: POST https://api.telegram.org/bot7093436536:AAEvjyOBDmUYkoOkO2zxZnzplRy8Thhz0Ps/getUpdates "HTTP/1.1 200 OK"
2025-05-23 10:10:40,539 - httpx - INFO - HTTP Request: POST https://api.telegram.org/bot7093436536:AAEvjyOBDmUYkoOkO2zxZnzplRy8Thhz0Ps/getUpdates "HTTP/1.1 200 OK"
2025-05-23 10:10:50,623 - httpx - INFO - HTTP Request: POST https://api.telegram.org/bot7093436536:AAEvjyOBDmUYkoOkO2zxZnzplRy8Thhz0Ps/getUpdates "HTTP/1.1 200 OK"
2025-05-23 10:11:00,712 - httpx - INFO - HTTP Request: POST https://api.telegram.org/bot7093436536:AAEvjyOBDmUYkoOkO2zxZnzplRy8Thhz0Ps/getUpdates "HTTP/1.1 200 OK"
2025-05-23 10:11:10,815 - httpx - INFO - HTTP Request: POST https://api.telegram.org/bot7093436536:AAEvjyOBDmUYkoOkO2zxZnzplRy8Thhz0Ps/getUpdates "HTTP/1.1 200 OK"
2025-05-23 10:11:20,899 - httpx - INFO - HTTP Request: POST https://api.telegram.org/bot7093436536:AAEvjyOBDmUYkoOkO2zxZnzplRy8Thhz0Ps/getUpdates "HTTP/1.1 200 OK"
2025-05-23 10:11:30,986 - httpx - INFO - HTTP Request: POST https://api.telegram.org/bot7093436536:AAEvjyOBDmUYkoOkO2zxZnzplRy8Thhz0Ps/getUpdates "HTTP/1.1 200 OK"
2025-05-23 10:11:41,070 - httpx - INFO - HTTP Request: POST https://api.telegram.org/bot7093436536:AAEvjyOBDmUYkoOkO2zxZnzplRy8Thhz0Ps/getUpdates "HTTP/1.1 200 OK"
2025-05-23 10:11:51,157 - httpx - INFO - HTTP Request: POST https://api.telegram.org/bot7093436536:AAEvjyOBDmUYkoOkO2zxZnzplRy8Thhz0Ps/getUpdates "HTTP/1.1 200 OK"
2025-05-23 10:12:01,250 - httpx - INFO - HTTP Request: POST https://api.telegram.org/bot7093436536:AAEvjyOBDmUYkoOkO2zxZnzplRy8Thhz0Ps/getUpdates "HTTP/1.1 200 OK"
2025-05-23 10:12:11,336 - httpx - INFO - HTTP Request: POST https://api.telegram.org/bot7093436536:AAEvjyOBDmUYkoOkO2zxZnzplRy8Thhz0Ps/getUpdates "HTTP/1.1 200 OK"
2025-05-23 10:12:21,434 - httpx - INFO - HTTP Request: POST https://api.telegram.org/bot7093436536:AAEvjyOBDmUYkoOkO2zxZnzplRy8Thhz0Ps/getUpdates "HTTP/1.1 200 OK"
2025-05-23 10:12:31,518 - httpx - INFO - HTTP Request: POST https://api.telegram.org/bot7093436536:AAEvjyOBDmUYkoOkO2zxZnzplRy8Thhz0Ps/getUpdates "HTTP/1.1 200 OK"
2025-05-23 10:12:41,604 - httpx - INFO - HTTP Request: POST https://api.telegram.org/bot7093436536:AAEvjyOBDmUYkoOkO2zxZnzplRy8Thhz0Ps/getUpdates "HTTP/1.1 200 OK"
2025-05-23 10:12:51,694 - httpx - INFO - HTTP Request: POST https://api.telegram.org/bot7093436536:AAEvjyOBDmUYkoOkO2zxZnzplRy8Thhz0Ps/getUpdates "HTTP/1.1 200 OK"
2025-05-23 10:13:01,779 - httpx - INFO - HTTP Request: POST https://api.telegram.org/bot7093436536:AAEvjyOBDmUYkoOkO2zxZnzplRy8Thhz0Ps/getUpdates "HTTP/1.1 200 OK"
2025-05-23 10:13:11,865 - httpx - INFO - HTTP Request: POST https://api.telegram.org/bot7093436536:AAEvjyOBDmUYkoOkO2zxZnzplRy8Thhz0Ps/getUpdates "HTTP/1.1 200 OK"
2025-05-23 10:13:21,949 - httpx - INFO - HTTP Request: POST https://api.telegram.org/bot7093436536:AAEvjyOBDmUYkoOkO2zxZnzplRy8Thhz0Ps/getUpdates "HTTP/1.1 200 OK"
2025-05-23 10:13:32,034 - httpx - INFO - HTTP Request: POST https://api.telegram.org/bot7093436536:AAEvjyOBDmUYkoOkO2zxZnzplRy8Thhz0Ps/getUpdates "HTTP/1.1 200 OK"
2025-05-23 10:13:42,118 - httpx - INFO - HTTP Request: POST https://api.telegram.org/bot7093436536:AAEvjyOBDmUYkoOkO2zxZnzplRy8Thhz0Ps/getUpdates "HTTP/1.1 200 OK"
2025-05-23 10:13:52,207 - httpx - INFO - HTTP Request: POST https://api.telegram.org/bot7093436536:AAEvjyOBDmUYkoOkO2zxZnzplRy8Thhz0Ps/getUpdates "HTTP/1.1 200 OK"
2025-05-23 10:14:02,297 - httpx - INFO - HTTP Request: POST https://api.telegram.org/bot7093436536:AAEvjyOBDmUYkoOkO2zxZnzplRy8Thhz0Ps/getUpdates "HTTP/1.1 200 OK"
2025-05-23 10:14:12,382 - httpx - INFO - HTTP Request: POST https://api.telegram.org/bot7093436536:AAEvjyOBDmUYkoOkO2zxZnzplRy8Thhz0Ps/getUpdates "HTTP/1.1 200 OK"
2025-05-23 10:14:22,466 - httpx - INFO - HTTP Request: POST https://api.telegram.org/bot7093436536:AAEvjyOBDmUYkoOkO2zxZnzplRy8Thhz0Ps/getUpdates "HTTP/1.1 200 OK"
2025-05-23 10:14:32,551 - httpx - INFO - HTTP Request: POST https://api.telegram.org/bot7093436536:AAEvjyOBDmUYkoOkO2zxZnzplRy8Thhz0Ps/getUpdates "HTTP/1.1 200 OK"
2025-05-23 10:14:42,637 - httpx - INFO - HTTP Request: POST https://api.telegram.org/bot7093436536:AAEvjyOBDmUYkoOkO2zxZnzplRy8Thhz0Ps/getUpdates "HTTP/1.1 200 OK"
2025-05-23 10:14:52,722 - httpx - INFO - HTTP Request: POST https://api.telegram.org/bot7093436536:AAEvjyOBDmUYkoOkO2zxZnzplRy8Thhz0Ps/getUpdates "HTTP/1.1 200 OK"
2025-05-23 10:15:02,807 - httpx - INFO - HTTP Request: POST https://api.telegram.org/bot7093436536:AAEvjyOBDmUYkoOkO2zxZnzplRy8Thhz0Ps/getUpdates "HTTP/1.1 200 OK"
2025-05-23 10:15:12,891 - httpx - INFO - HTTP Request: POST https://api.telegram.org/bot7093436536:AAEvjyOBDmUYkoOkO2zxZnzplRy8Thhz0Ps/getUpdates "HTTP/1.1 200 OK"
2025-05-23 10:15:22,980 - httpx - INFO - HTTP Request: POST https://api.telegram.org/bot7093436536:AAEvjyOBDmUYkoOkO2zxZnzplRy8Thhz0Ps/getUpdates "HTTP/1.1 200 OK"
2025-05-23 10:15:33,067 - httpx - INFO - HTTP Request: POST https://api.telegram.org/bot7093436536:AAEvjyOBDmUYkoOkO2zxZnzplRy8Thhz0Ps/getUpdates "HTTP/1.1 200 OK"
2025-05-23 10:15:43,151 - httpx - INFO - HTTP Request: POST https://api.telegram.org/bot7093436536:AAEvjyOBDmUYkoOkO2zxZnzplRy8Thhz0Ps/getUpdates "HTTP/1.1 200 OK"
2025-05-23 10:15:53,235 - httpx - INFO - HTTP Request: POST https://api.telegram.org/bot7093436536:AAEvjyOBDmUYkoOkO2zxZnzplRy8Thhz0Ps/getUpdates "HTTP/1.1 200 OK"
2025-05-23 10:16:03,330 - httpx - INFO - HTTP Request: POST https://api.telegram.org/bot7093436536:AAEvjyOBDmUYkoOkO2zxZnzplRy8Thhz0Ps/getUpdates "HTTP/1.1 200 OK"
2025-05-23 10:16:13,416 - httpx - INFO - HTTP Request: POST https://api.telegram.org/bot7093436536:AAEvjyOBDmUYkoOkO2zxZnzplRy8Thhz0Ps/getUpdates "HTTP/1.1 200 OK"
2025-05-23 10:16:23,500 - httpx - INFO - HTTP Request: POST https://api.telegram.org/bot7093436536:AAEvjyOBDmUYkoOkO2zxZnzplRy8Thhz0Ps/getUpdates "HTTP/1.1 200 OK"
2025-05-23 10:16:33,604 - httpx - INFO - HTTP Request: POST https://api.telegram.org/bot7093436536:AAEvjyOBDmUYkoOkO2zxZnzplRy8Thhz0Ps/getUpdates "HTTP/1.1 200 OK"
2025-05-23 10:16:43,691 - httpx - INFO - HTTP Request: POST https://api.telegram.org/bot7093436536:AAEvjyOBDmUYkoOkO2zxZnzplRy8Thhz0Ps/getUpdates "HTTP/1.1 200 OK"
2025-05-23 10:16:53,791 - httpx - INFO - HTTP Request: POST https://api.telegram.org/bot7093436536:AAEvjyOBDmUYkoOkO2zxZnzplRy8Thhz0Ps/getUpdates "HTTP/1.1 200 OK"
2025-05-23 10:17:03,876 - httpx - INFO - HTTP Request: POST https://api.telegram.org/bot7093436536:AAEvjyOBDmUYkoOkO2zxZnzplRy8Thhz0Ps/getUpdates "HTTP/1.1 200 OK"
2025-05-23 10:17:13,961 - httpx - INFO - HTTP Request: POST https://api.telegram.org/bot7093436536:AAEvjyOBDmUYkoOkO2zxZnzplRy8Thhz0Ps/getUpdates "HTTP/1.1 200 OK"
2025-05-23 10:17:24,046 - httpx - INFO - HTTP Request: POST https://api.telegram.org/bot7093436536:AAEvjyOBDmUYkoOkO2zxZnzplRy8Thhz0Ps/getUpdates "HTTP/1.1 200 OK"
2025-05-23 10:17:34,129 - httpx - INFO - HTTP Request: POST https://api.telegram.org/bot7093436536:AAEvjyOBDmUYkoOkO2zxZnzplRy8Thhz0Ps/getUpdates "HTTP/1.1 200 OK"
2025-05-23 10:17:44,242 - httpx - INFO - HTTP Request: POST https://api.telegram.org/bot7093436536:AAEvjyOBDmUYkoOkO2zxZnzplRy8Thhz0Ps/getUpdates "HTTP/1.1 200 OK"
2025-05-23 10:17:54,331 - httpx - INFO - HTTP Request: POST https://api.telegram.org/bot7093436536:AAEvjyOBDmUYkoOkO2zxZnzplRy8Thhz0Ps/getUpdates "HTTP/1.1 200 OK"
2025-05-23 10:18:04,421 - httpx - INFO - HTTP Request: POST https://api.telegram.org/bot7093436536:AAEvjyOBDmUYkoOkO2zxZnzplRy8Thhz0Ps/getUpdates "HTTP/1.1 200 OK"
2025-05-23 10:18:14,506 - httpx - INFO - HTTP Request: POST https://api.telegram.org/bot7093436536:AAEvjyOBDmUYkoOkO2zxZnzplRy8Thhz0Ps/getUpdates "HTTP/1.1 200 OK"
2025-05-23 10:18:24,590 - httpx - INFO - HTTP Request: POST https://api.telegram.org/bot7093436536:AAEvjyOBDmUYkoOkO2zxZnzplRy8Thhz0Ps/getUpdates "HTTP/1.1 200 OK"
2025-05-23 10:18:34,679 - httpx - INFO - HTTP Request: POST https://api.telegram.org/bot7093436536:AAEvjyOBDmUYkoOkO2zxZnzplRy8Thhz0Ps/getUpdates "HTTP/1.1 200 OK"
2025-05-23 10:18:44,764 - httpx - INFO - HTTP Request: POST https://api.telegram.org/bot7093436536:AAEvjyOBDmUYkoOkO2zxZnzplRy8Thhz0Ps/getUpdates "HTTP/1.1 200 OK"
2025-05-23 10:18:54,848 - httpx - INFO - HTTP Request: POST https://api.telegram.org/bot7093436536:AAEvjyOBDmUYkoOkO2zxZnzplRy8Thhz0Ps/getUpdates "HTTP/1.1 200 OK"
2025-05-23 10:19:04,931 - httpx - INFO - HTTP Request: POST https://api.telegram.org/bot7093436536:AAEvjyOBDmUYkoOkO2zxZnzplRy8Thhz0Ps/getUpdates "HTTP/1.1 200 OK"
2025-05-23 10:19:15,014 - httpx - INFO - HTTP Request: POST https://api.telegram.org/bot7093436536:AAEvjyOBDmUYkoOkO2zxZnzplRy8Thhz0Ps/getUpdates "HTTP/1.1 200 OK"
2025-05-23 10:19:25,098 - httpx - INFO - HTTP Request: POST https://api.telegram.org/bot7093436536:AAEvjyOBDmUYkoOkO2zxZnzplRy8Thhz0Ps/getUpdates "HTTP/1.1 200 OK"
2025-05-23 10:19:35,184 - httpx - INFO - HTTP Request: POST https://api.telegram.org/bot7093436536:AAEvjyOBDmUYkoOkO2zxZnzplRy8Thhz0Ps/getUpdates "HTTP/1.1 200 OK"
2025-05-23 10:19:45,269 - httpx - INFO - HTTP Request: POST https://api.telegram.org/bot7093436536:AAEvjyOBDmUYkoOkO2zxZnzplRy8Thhz0Ps/getUpdates "HTTP/1.1 200 OK"
2025-05-23 10:19:55,354 - httpx - INFO - HTTP Request: POST https://api.telegram.org/bot7093436536:AAEvjyOBDmUYkoOkO2zxZnzplRy8Thhz0Ps/getUpdates "HTTP/1.1 200 OK"
2025-05-23 10:20:05,440 - httpx - INFO - HTTP Request: POST https://api.telegram.org/bot7093436536:AAEvjyOBDmUYkoOkO2zxZnzplRy8Thhz0Ps/getUpdates "HTTP/1.1 200 OK"
2025-05-23 10:20:15,527 - httpx - INFO - HTTP Request: POST https://api.telegram.org/bot7093436536:AAEvjyOBDmUYkoOkO2zxZnzplRy8Thhz0Ps/getUpdates "HTTP/1.1 200 OK"
2025-05-23 10:20:25,612 - httpx - INFO - HTTP Request: POST https://api.telegram.org/bot7093436536:AAEvjyOBDmUYkoOkO2zxZnzplRy8Thhz0Ps/getUpdates "HTTP/1.1 200 OK"
2025-05-23 10:20:35,696 - httpx - INFO - HTTP Request: POST https://api.telegram.org/bot7093436536:AAEvjyOBDmUYkoOkO2zxZnzplRy8Thhz0Ps/getUpdates "HTTP/1.1 200 OK"
2025-05-23 10:20:45,782 - httpx - INFO - HTTP Request: POST https://api.telegram.org/bot7093436536:AAEvjyOBDmUYkoOkO2zxZnzplRy8Thhz0Ps/getUpdates "HTTP/1.1 200 OK"
2025-05-23 10:20:55,867 - httpx - INFO - HTTP Request: POST https://api.telegram.org/bot7093436536:AAEvjyOBDmUYkoOkO2zxZnzplRy8Thhz0Ps/getUpdates "HTTP/1.1 200 OK"
2025-05-23 10:21:05,955 - httpx - INFO - HTTP Request: POST https://api.telegram.org/bot7093436536:AAEvjyOBDmUYkoOkO2zxZnzplRy8Thhz0Ps/getUpdates "HTTP/1.1 200 OK"
2025-05-23 10:21:16,040 - httpx - INFO - HTTP Request: POST https://api.telegram.org/bot7093436536:AAEvjyOBDmUYkoOkO2zxZnzplRy8Thhz0Ps/getUpdates "HTTP/1.1 200 OK"
2025-05-23 10:21:26,126 - httpx - INFO - HTTP Request: POST https://api.telegram.org/bot7093436536:AAEvjyOBDmUYkoOkO2zxZnzplRy8Thhz0Ps/getUpdates "HTTP/1.1 200 OK"
2025-05-23 10:21:36,210 - httpx - INFO - HTTP Request: POST https://api.telegram.org/bot7093436536:AAEvjyOBDmUYkoOkO2zxZnzplRy8Thhz0Ps/getUpdates "HTTP/1.1 200 OK"
2025-05-23 10:21:46,295 - httpx - INFO - HTTP Request: POST https://api.telegram.org/bot7093436536:AAEvjyOBDmUYkoOkO2zxZnzplRy8Thhz0Ps/getUpdates "HTTP/1.1 200 OK"
2025-05-23 10:21:56,380 - httpx - INFO - HTTP Request: POST https://api.telegram.org/bot7093436536:AAEvjyOBDmUYkoOkO2zxZnzplRy8Thhz0Ps/getUpdates "HTTP/1.1 200 OK"
2025-05-23 10:22:06,465 - httpx - INFO - HTTP Request: POST https://api.telegram.org/bot7093436536:AAEvjyOBDmUYkoOkO2zxZnzplRy8Thhz0Ps/getUpdates "HTTP/1.1 200 OK"
2025-05-23 10:22:16,554 - httpx - INFO - HTTP Request: POST https://api.telegram.org/bot7093436536:AAEvjyOBDmUYkoOkO2zxZnzplRy8Thhz0Ps/getUpdates "HTTP/1.1 200 OK"
2025-05-23 10:22:26,637 - httpx - INFO - HTTP Request: POST https://api.telegram.org/bot7093436536:AAEvjyOBDmUYkoOkO2zxZnzplRy8Thhz0Ps/getUpdates "HTTP/1.1 200 OK"
2025-05-23 10:22:36,723 - httpx - INFO - HTTP Request: POST https://api.telegram.org/bot7093436536:AAEvjyOBDmUYkoOkO2zxZnzplRy8Thhz0Ps/getUpdates "HTTP/1.1 200 OK"
2025-05-23 10:22:46,807 - httpx - INFO - HTTP Request: POST https://api.telegram.org/bot7093436536:AAEvjyOBDmUYkoOkO2zxZnzplRy8Thhz0Ps/getUpdates "HTTP/1.1 200 OK"
2025-05-23 10:22:56,908 - httpx - INFO - HTTP Request: POST https://api.telegram.org/bot7093436536:AAEvjyOBDmUYkoOkO2zxZnzplRy8Thhz0Ps/getUpdates "HTTP/1.1 200 OK"
2025-05-23 10:23:06,995 - httpx - INFO - HTTP Request: POST https://api.telegram.org/bot7093436536:AAEvjyOBDmUYkoOkO2zxZnzplRy8Thhz0Ps/getUpdates "HTTP/1.1 200 OK"
2025-05-23 10:23:17,078 - httpx - INFO - HTTP Request: POST https://api.telegram.org/bot7093436536:AAEvjyOBDmUYkoOkO2zxZnzplRy8Thhz0Ps/getUpdates "HTTP/1.1 200 OK"
2025-05-23 10:23:27,163 - httpx - INFO - HTTP Request: POST https://api.telegram.org/bot7093436536:AAEvjyOBDmUYkoOkO2zxZnzplRy8Thhz0Ps/getUpdates "HTTP/1.1 200 OK"
2025-05-23 10:23:37,246 - httpx - INFO - HTTP Request: POST https://api.telegram.org/bot7093436536:AAEvjyOBDmUYkoOkO2zxZnzplRy8Thhz0Ps/getUpdates "HTTP/1.1 200 OK"
2025-05-23 10:23:47,331 - httpx - INFO - HTTP Request: POST https://api.telegram.org/bot7093436536:AAEvjyOBDmUYkoOkO2zxZnzplRy8Thhz0Ps/getUpdates "HTTP/1.1 200 OK"
2025-05-23 10:23:57,423 - httpx - INFO - HTTP Request: POST https://api.telegram.org/bot7093436536:AAEvjyOBDmUYkoOkO2zxZnzplRy8Thhz0Ps/getUpdates "HTTP/1.1 200 OK"
2025-05-23 10:24:07,514 - httpx - INFO - HTTP Request: POST https://api.telegram.org/bot7093436536:AAEvjyOBDmUYkoOkO2zxZnzplRy8Thhz0Ps/getUpdates "HTTP/1.1 200 OK"
2025-05-23 10:24:17,599 - httpx - INFO - HTTP Request: POST https://api.telegram.org/bot7093436536:AAEvjyOBDmUYkoOkO2zxZnzplRy8Thhz0Ps/getUpdates "HTTP/1.1 200 OK"
2025-05-23 10:24:27,707 - httpx - INFO - HTTP Request: POST https://api.telegram.org/bot7093436536:AAEvjyOBDmUYkoOkO2zxZnzplRy8Thhz0Ps/getUpdates "HTTP/1.1 200 OK"
2025-05-23 10:24:37,795 - httpx - INFO - HTTP Request: POST https://api.telegram.org/bot7093436536:AAEvjyOBDmUYkoOkO2zxZnzplRy8Thhz0Ps/getUpdates "HTTP/1.1 200 OK"
2025-05-23 10:24:48,050 - httpx - INFO - HTTP Request: POST https://api.telegram.org/bot7093436536:AAEvjyOBDmUYkoOkO2zxZnzplRy8Thhz0Ps/getUpdates "HTTP/1.1 200 OK"
2025-05-23 10:24:58,134 - httpx - INFO - HTTP Request: POST https://api.telegram.org/bot7093436536:AAEvjyOBDmUYkoOkO2zxZnzplRy8Thhz0Ps/getUpdates "HTTP/1.1 200 OK"
2025-05-23 10:25:08,217 - httpx - INFO - HTTP Request: POST https://api.telegram.org/bot7093436536:AAEvjyOBDmUYkoOkO2zxZnzplRy8Thhz0Ps/getUpdates "HTTP/1.1 200 OK"
2025-05-23 10:25:18,301 - httpx - INFO - HTTP Request: POST https://api.telegram.org/bot7093436536:AAEvjyOBDmUYkoOkO2zxZnzplRy8Thhz0Ps/getUpdates "HTTP/1.1 200 OK"
2025-05-23 10:25:28,388 - httpx - INFO - HTTP Request: POST https://api.telegram.org/bot7093436536:AAEvjyOBDmUYkoOkO2zxZnzplRy8Thhz0Ps/getUpdates "HTTP/1.1 200 OK"
2025-05-23 10:25:38,472 - httpx - INFO - HTTP Request: POST https://api.telegram.org/bot7093436536:AAEvjyOBDmUYkoOkO2zxZnzplRy8Thhz0Ps/getUpdates "HTTP/1.1 200 OK"
2025-05-23 10:25:48,559 - httpx - INFO - HTTP Request: POST https://api.telegram.org/bot7093436536:AAEvjyOBDmUYkoOkO2zxZnzplRy8Thhz0Ps/getUpdates "HTTP/1.1 200 OK"
2025-05-23 10:25:58,645 - httpx - INFO - HTTP Request: POST https://api.telegram.org/bot7093436536:AAEvjyOBDmUYkoOkO2zxZnzplRy8Thhz0Ps/getUpdates "HTTP/1.1 200 OK"
2025-05-23 10:26:08,730 - httpx - INFO - HTTP Request: POST https://api.telegram.org/bot7093436536:AAEvjyOBDmUYkoOkO2zxZnzplRy8Thhz0Ps/getUpdates "HTTP/1.1 200 OK"
2025-05-23 10:26:18,816 - httpx - INFO - HTTP Request: POST https://api.telegram.org/bot7093436536:AAEvjyOBDmUYkoOkO2zxZnzplRy8Thhz0Ps/getUpdates "HTTP/1.1 200 OK"
2025-05-23 10:26:28,901 - httpx - INFO - HTTP Request: POST https://api.telegram.org/bot7093436536:AAEvjyOBDmUYkoOkO2zxZnzplRy8Thhz0Ps/getUpdates "HTTP/1.1 200 OK"
2025-05-23 10:26:38,987 - httpx - INFO - HTTP Request: POST https://api.telegram.org/bot7093436536:AAEvjyOBDmUYkoOkO2zxZnzplRy8Thhz0Ps/getUpdates "HTTP/1.1 200 OK"
2025-05-23 10:26:49,076 - httpx - INFO - HTTP Request: POST https://api.telegram.org/bot7093436536:AAEvjyOBDmUYkoOkO2zxZnzplRy8Thhz0Ps/getUpdates "HTTP/1.1 200 OK"
2025-05-23 10:26:59,159 - httpx - INFO - HTTP Request: POST https://api.telegram.org/bot7093436536:AAEvjyOBDmUYkoOkO2zxZnzplRy8Thhz0Ps/getUpdates "HTTP/1.1 200 OK"
2025-05-23 10:27:09,244 - httpx - INFO - HTTP Request: POST https://api.telegram.org/bot7093436536:AAEvjyOBDmUYkoOkO2zxZnzplRy8Thhz0Ps/getUpdates "HTTP/1.1 200 OK"
2025-05-23 10:27:19,329 - httpx - INFO - HTTP Request: POST https://api.telegram.org/bot7093436536:AAEvjyOBDmUYkoOkO2zxZnzplRy8Thhz0Ps/getUpdates "HTTP/1.1 200 OK"
2025-05-23 10:27:29,413 - httpx - INFO - HTTP Request: POST https://api.telegram.org/bot7093436536:AAEvjyOBDmUYkoOkO2zxZnzplRy8Thhz0Ps/getUpdates "HTTP/1.1 200 OK"
2025-05-23 10:27:39,499 - httpx - INFO - HTTP Request: POST https://api.telegram.org/bot7093436536:AAEvjyOBDmUYkoOkO2zxZnzplRy8Thhz0Ps/getUpdates "HTTP/1.1 200 OK"
2025-05-23 10:27:49,582 - httpx - INFO - HTTP Request: POST https://api.telegram.org/bot7093436536:AAEvjyOBDmUYkoOkO2zxZnzplRy8Thhz0Ps/getUpdates "HTTP/1.1 200 OK"
2025-05-23 10:27:59,667 - httpx - INFO - HTTP Request: POST https://api.telegram.org/bot7093436536:AAEvjyOBDmUYkoOkO2zxZnzplRy8Thhz0Ps/getUpdates "HTTP/1.1 200 OK"
2025-05-23 10:28:09,751 - httpx - INFO - HTTP Request: POST https://api.telegram.org/bot7093436536:AAEvjyOBDmUYkoOkO2zxZnzplRy8Thhz0Ps/getUpdates "HTTP/1.1 200 OK"
2025-05-23 10:28:19,836 - httpx - INFO - HTTP Request: POST https://api.telegram.org/bot7093436536:AAEvjyOBDmUYkoOkO2zxZnzplRy8Thhz0Ps/getUpdates "HTTP/1.1 200 OK"
2025-05-23 10:28:29,922 - httpx - INFO - HTTP Request: POST https://api.telegram.org/bot7093436536:AAEvjyOBDmUYkoOkO2zxZnzplRy8Thhz0Ps/getUpdates "HTTP/1.1 200 OK"
2025-05-23 10:28:40,006 - httpx - INFO - HTTP Request: POST https://api.telegram.org/bot7093436536:AAEvjyOBDmUYkoOkO2zxZnzplRy8Thhz0Ps/getUpdates "HTTP/1.1 200 OK"
2025-05-23 10:28:50,090 - httpx - INFO - HTTP Request: POST https://api.telegram.org/bot7093436536:AAEvjyOBDmUYkoOkO2zxZnzplRy8Thhz0Ps/getUpdates "HTTP/1.1 200 OK"
2025-05-23 10:29:00,178 - httpx - INFO - HTTP Request: POST https://api.telegram.org/bot7093436536:AAEvjyOBDmUYkoOkO2zxZnzplRy8Thhz0Ps/getUpdates "HTTP/1.1 200 OK"
2025-05-23 10:29:10,262 - httpx - INFO - HTTP Request: POST https://api.telegram.org/bot7093436536:AAEvjyOBDmUYkoOkO2zxZnzplRy8Thhz0Ps/getUpdates "HTTP/1.1 200 OK"
2025-05-23 10:29:20,349 - httpx - INFO - HTTP Request: POST https://api.telegram.org/bot7093436536:AAEvjyOBDmUYkoOkO2zxZnzplRy8Thhz0Ps/getUpdates "HTTP/1.1 200 OK"
2025-05-23 10:29:30,435 - httpx - INFO - HTTP Request: POST https://api.telegram.org/bot7093436536:AAEvjyOBDmUYkoOkO2zxZnzplRy8Thhz0Ps/getUpdates "HTTP/1.1 200 OK"
2025-05-23 10:29:40,521 - httpx - INFO - HTTP Request: POST https://api.telegram.org/bot7093436536:AAEvjyOBDmUYkoOkO2zxZnzplRy8Thhz0Ps/getUpdates "HTTP/1.1 200 OK"
2025-05-23 10:29:50,605 - httpx - INFO - HTTP Request: POST https://api.telegram.org/bot7093436536:AAEvjyOBDmUYkoOkO2zxZnzplRy8Thhz0Ps/getUpdates "HTTP/1.1 200 OK"
2025-05-23 10:30:00,693 - httpx - INFO - HTTP Request: POST https://api.telegram.org/bot7093436536:AAEvjyOBDmUYkoOkO2zxZnzplRy8Thhz0Ps/getUpdates "HTTP/1.1 200 OK"
2025-05-23 10:30:10,780 - httpx - INFO - HTTP Request: POST https://api.telegram.org/bot7093436536:AAEvjyOBDmUYkoOkO2zxZnzplRy8Thhz0Ps/getUpdates "HTTP/1.1 200 OK"
2025-05-23 10:30:20,864 - httpx - INFO - HTTP Request: POST https://api.telegram.org/bot7093436536:AAEvjyOBDmUYkoOkO2zxZnzplRy8Thhz0Ps/getUpdates "HTTP/1.1 200 OK"
2025-05-23 10:30:30,952 - httpx - INFO - HTTP Request: POST https://api.telegram.org/bot7093436536:AAEvjyOBDmUYkoOkO2zxZnzplRy8Thhz0Ps/getUpdates "HTTP/1.1 200 OK"
2025-05-23 10:30:41,036 - httpx - INFO - HTTP Request: POST https://api.telegram.org/bot7093436536:AAEvjyOBDmUYkoOkO2zxZnzplRy8Thhz0Ps/getUpdates "HTTP/1.1 200 OK"
2025-05-23 10:30:51,121 - httpx - INFO - HTTP Request: POST https://api.telegram.org/bot7093436536:AAEvjyOBDmUYkoOkO2zxZnzplRy8Thhz0Ps/getUpdates "HTTP/1.1 200 OK"
2025-05-23 10:31:01,208 - httpx - INFO - HTTP Request: POST https://api.telegram.org/bot7093436536:AAEvjyOBDmUYkoOkO2zxZnzplRy8Thhz0Ps/getUpdates "HTTP/1.1 200 OK"
2025-05-23 10:31:11,301 - httpx - INFO - HTTP Request: POST https://api.telegram.org/bot7093436536:AAEvjyOBDmUYkoOkO2zxZnzplRy8Thhz0Ps/getUpdates "HTTP/1.1 200 OK"
2025-05-23 10:31:21,386 - httpx - INFO - HTTP Request: POST https://api.telegram.org/bot7093436536:AAEvjyOBDmUYkoOkO2zxZnzplRy8Thhz0Ps/getUpdates "HTTP/1.1 200 OK"
2025-05-23 10:31:31,472 - httpx - INFO - HTTP Request: POST https://api.telegram.org/bot7093436536:AAEvjyOBDmUYkoOkO2zxZnzplRy8Thhz0Ps/getUpdates "HTTP/1.1 200 OK"
2025-05-23 10:31:41,564 - httpx - INFO - HTTP Request: POST https://api.telegram.org/bot7093436536:AAEvjyOBDmUYkoOkO2zxZnzplRy8Thhz0Ps/getUpdates "HTTP/1.1 200 OK"
2025-05-23 10:31:51,648 - httpx - INFO - HTTP Request: POST https://api.telegram.org/bot7093436536:AAEvjyOBDmUYkoOkO2zxZnzplRy8Thhz0Ps/getUpdates "HTTP/1.1 200 OK"
2025-05-23 10:32:01,735 - httpx - INFO - HTTP Request: POST https://api.telegram.org/bot7093436536:AAEvjyOBDmUYkoOkO2zxZnzplRy8Thhz0Ps/getUpdates "HTTP/1.1 200 OK"
2025-05-23 10:32:11,819 - httpx - INFO - HTTP Request: POST https://api.telegram.org/bot7093436536:AAEvjyOBDmUYkoOkO2zxZnzplRy8Thhz0Ps/getUpdates "HTTP/1.1 200 OK"
2025-05-23 10:32:21,904 - httpx - INFO - HTTP Request: POST https://api.telegram.org/bot7093436536:AAEvjyOBDmUYkoOkO2zxZnzplRy8Thhz0Ps/getUpdates "HTTP/1.1 200 OK"
2025-05-23 10:32:31,988 - httpx - INFO - HTTP Request: POST https://api.telegram.org/bot7093436536:AAEvjyOBDmUYkoOkO2zxZnzplRy8Thhz0Ps/getUpdates "HTTP/1.1 200 OK"
2025-05-23 10:32:42,080 - httpx - INFO - HTTP Request: POST https://api.telegram.org/bot7093436536:AAEvjyOBDmUYkoOkO2zxZnzplRy8Thhz0Ps/getUpdates "HTTP/1.1 200 OK"
2025-05-23 10:32:52,164 - httpx - INFO - HTTP Request: POST https://api.telegram.org/bot7093436536:AAEvjyOBDmUYkoOkO2zxZnzplRy8Thhz0Ps/getUpdates "HTTP/1.1 200 OK"
2025-05-23 10:33:02,248 - httpx - INFO - HTTP Request: POST https://api.telegram.org/bot7093436536:AAEvjyOBDmUYkoOkO2zxZnzplRy8Thhz0Ps/getUpdates "HTTP/1.1 200 OK"
2025-05-23 10:33:12,333 - httpx - INFO - HTTP Request: POST https://api.telegram.org/bot7093436536:AAEvjyOBDmUYkoOkO2zxZnzplRy8Thhz0Ps/getUpdates "HTTP/1.1 200 OK"
2025-05-23 10:33:22,417 - httpx - INFO - HTTP Request: POST https://api.telegram.org/bot7093436536:AAEvjyOBDmUYkoOkO2zxZnzplRy8Thhz0Ps/getUpdates "HTTP/1.1 200 OK"
2025-05-23 10:33:32,502 - httpx - INFO - HTTP Request: POST https://api.telegram.org/bot7093436536:AAEvjyOBDmUYkoOkO2zxZnzplRy8Thhz0Ps/getUpdates "HTTP/1.1 200 OK"
2025-05-23 10:33:42,587 - httpx - INFO - HTTP Request: POST https://api.telegram.org/bot7093436536:AAEvjyOBDmUYkoOkO2zxZnzplRy8Thhz0Ps/getUpdates "HTTP/1.1 200 OK"
2025-05-23 10:33:52,672 - httpx - INFO - HTTP Request: POST https://api.telegram.org/bot7093436536:AAEvjyOBDmUYkoOkO2zxZnzplRy8Thhz0Ps/getUpdates "HTTP/1.1 200 OK"
2025-05-23 10:34:02,757 - httpx - INFO - HTTP Request: POST https://api.telegram.org/bot7093436536:AAEvjyOBDmUYkoOkO2zxZnzplRy8Thhz0Ps/getUpdates "HTTP/1.1 200 OK"
2025-05-23 10:34:12,843 - httpx - INFO - HTTP Request: POST https://api.telegram.org/bot7093436536:AAEvjyOBDmUYkoOkO2zxZnzplRy8Thhz0Ps/getUpdates "HTTP/1.1 200 OK"
2025-05-23 10:34:22,926 - httpx - INFO - HTTP Request: POST https://api.telegram.org/bot7093436536:AAEvjyOBDmUYkoOkO2zxZnzplRy8Thhz0Ps/getUpdates "HTTP/1.1 200 OK"
2025-05-23 10:34:33,010 - httpx - INFO - HTTP Request: POST https://api.telegram.org/bot7093436536:AAEvjyOBDmUYkoOkO2zxZnzplRy8Thhz0Ps/getUpdates "HTTP/1.1 200 OK"
2025-05-23 10:34:43,095 - httpx - INFO - HTTP Request: POST https://api.telegram.org/bot7093436536:AAEvjyOBDmUYkoOkO2zxZnzplRy8Thhz0Ps/getUpdates "HTTP/1.1 200 OK"
2025-05-23 10:34:53,179 - httpx - INFO - HTTP Request: POST https://api.telegram.org/bot7093436536:AAEvjyOBDmUYkoOkO2zxZnzplRy8Thhz0Ps/getUpdates "HTTP/1.1 200 OK"
2025-05-23 10:35:03,264 - httpx - INFO - HTTP Request: POST https://api.telegram.org/bot7093436536:AAEvjyOBDmUYkoOkO2zxZnzplRy8Thhz0Ps/getUpdates "HTTP/1.1 200 OK"
2025-05-23 10:35:13,348 - httpx - INFO - HTTP Request: POST https://api.telegram.org/bot7093436536:AAEvjyOBDmUYkoOkO2zxZnzplRy8Thhz0Ps/getUpdates "HTTP/1.1 200 OK"
2025-05-23 10:35:23,433 - httpx - INFO - HTTP Request: POST https://api.telegram.org/bot7093436536:AAEvjyOBDmUYkoOkO2zxZnzplRy8Thhz0Ps/getUpdates "HTTP/1.1 200 OK"
2025-05-23 10:35:33,518 - httpx - INFO - HTTP Request: POST https://api.telegram.org/bot7093436536:AAEvjyOBDmUYkoOkO2zxZnzplRy8Thhz0Ps/getUpdates "HTTP/1.1 200 OK"
2025-05-23 10:35:43,606 - httpx - INFO - HTTP Request: POST https://api.telegram.org/bot7093436536:AAEvjyOBDmUYkoOkO2zxZnzplRy8Thhz0Ps/getUpdates "HTTP/1.1 200 OK"
2025-05-23 10:35:53,691 - httpx - INFO - HTTP Request: POST https://api.telegram.org/bot7093436536:AAEvjyOBDmUYkoOkO2zxZnzplRy8Thhz0Ps/getUpdates "HTTP/1.1 200 OK"
2025-05-23 10:36:03,780 - httpx - INFO - HTTP Request: POST https://api.telegram.org/bot7093436536:AAEvjyOBDmUYkoOkO2zxZnzplRy8Thhz0Ps/getUpdates "HTTP/1.1 200 OK"
2025-05-23 10:36:13,867 - httpx - INFO - HTTP Request: POST https://api.telegram.org/bot7093436536:AAEvjyOBDmUYkoOkO2zxZnzplRy8Thhz0Ps/getUpdates "HTTP/1.1 200 OK"
2025-05-23 10:36:23,951 - httpx - INFO - HTTP Request: POST https://api.telegram.org/bot7093436536:AAEvjyOBDmUYkoOkO2zxZnzplRy8Thhz0Ps/getUpdates "HTTP/1.1 200 OK"
2025-05-23 10:36:34,037 - httpx - INFO - HTTP Request: POST https://api.telegram.org/bot7093436536:AAEvjyOBDmUYkoOkO2zxZnzplRy8Thhz0Ps/getUpdates "HTTP/1.1 200 OK"
2025-05-23 10:36:44,122 - httpx - INFO - HTTP Request: POST https://api.telegram.org/bot7093436536:AAEvjyOBDmUYkoOkO2zxZnzplRy8Thhz0Ps/getUpdates "HTTP/1.1 200 OK"
2025-05-23 10:36:54,208 - httpx - INFO - HTTP Request: POST https://api.telegram.org/bot7093436536:AAEvjyOBDmUYkoOkO2zxZnzplRy8Thhz0Ps/getUpdates "HTTP/1.1 200 OK"
2025-05-23 10:37:04,291 - httpx - INFO - HTTP Request: POST https://api.telegram.org/bot7093436536:AAEvjyOBDmUYkoOkO2zxZnzplRy8Thhz0Ps/getUpdates "HTTP/1.1 200 OK"
2025-05-23 11:08:57,091 - httpx - INFO - HTTP Request: POST https://api.telegram.org/bot7093436536:AAEvjyOBDmUYkoOkO2zxZnzplRy8Thhz0Ps/getMe "HTTP/1.1 200 OK"
2025-05-23 11:08:57,193 - httpx - INFO - HTTP Request: POST https://api.telegram.org/bot7093436536:AAEvjyOBDmUYkoOkO2zxZnzplRy8Thhz0Ps/deleteWebhook "HTTP/1.1 200 OK"
2025-05-23 11:08:57,194 - apscheduler.scheduler - INFO - Scheduler started
2025-05-23 11:08:57,195 - telegram.ext.Application - INFO - Application started
2025-05-23 11:09:07,459 - httpx - INFO - HTTP Request: POST https://api.telegram.org/bot7093436536:AAEvjyOBDmUYkoOkO2zxZnzplRy8Thhz0Ps/getUpdates "HTTP/1.1 200 OK"
2025-05-23 11:09:17,549 - httpx - INFO - HTTP Request: POST https://api.telegram.org/bot7093436536:AAEvjyOBDmUYkoOkO2zxZnzplRy8Thhz0Ps/getUpdates "HTTP/1.1 200 OK"
2025-05-23 11:09:27,639 - httpx - INFO - HTTP Request: POST https://api.telegram.org/bot7093436536:AAEvjyOBDmUYkoOkO2zxZnzplRy8Thhz0Ps/getUpdates "HTTP/1.1 200 OK"
2025-05-23 11:09:37,728 - httpx - INFO - HTTP Request: POST https://api.telegram.org/bot7093436536:AAEvjyOBDmUYkoOkO2zxZnzplRy8Thhz0Ps/getUpdates "HTTP/1.1 200 OK"
2025-05-23 11:09:47,818 - httpx - INFO - HTTP Request: POST https://api.telegram.org/bot7093436536:AAEvjyOBDmUYkoOkO2zxZnzplRy8Thhz0Ps/getUpdates "HTTP/1.1 200 OK"
2025-05-23 11:09:57,918 - httpx - INFO - HTTP Request: POST https://api.telegram.org/bot7093436536:AAEvjyOBDmUYkoOkO2zxZnzplRy8Thhz0Ps/getUpdates "HTTP/1.1 200 OK"
2025-05-23 11:10:08,008 - httpx - INFO - HTTP Request: POST https://api.telegram.org/bot7093436536:AAEvjyOBDmUYkoOkO2zxZnzplRy8Thhz0Ps/getUpdates "HTTP/1.1 200 OK"
2025-05-23 11:10:18,100 - httpx - INFO - HTTP Request: POST https://api.telegram.org/bot7093436536:AAEvjyOBDmUYkoOkO2zxZnzplRy8Thhz0Ps/getUpdates "HTTP/1.1 200 OK"
2025-05-23 11:10:28,200 - httpx - INFO - HTTP Request: POST https://api.telegram.org/bot7093436536:AAEvjyOBDmUYkoOkO2zxZnzplRy8Thhz0Ps/getUpdates "HTTP/1.1 200 OK"
2025-05-23 11:10:38,288 - httpx - INFO - HTTP Request: POST https://api.telegram.org/bot7093436536:AAEvjyOBDmUYkoOkO2zxZnzplRy8Thhz0Ps/getUpdates "HTTP/1.1 200 OK"
2025-05-23 11:10:48,381 - httpx - INFO - HTTP Request: POST https://api.telegram.org/bot7093436536:AAEvjyOBDmUYkoOkO2zxZnzplRy8Thhz0Ps/getUpdates "HTTP/1.1 200 OK"
2025-05-23 11:10:58,469 - httpx - INFO - HTTP Request: POST https://api.telegram.org/bot7093436536:AAEvjyOBDmUYkoOkO2zxZnzplRy8Thhz0Ps/getUpdates "HTTP/1.1 200 OK"
2025-05-23 11:11:08,558 - httpx - INFO - HTTP Request: POST https://api.telegram.org/bot7093436536:AAEvjyOBDmUYkoOkO2zxZnzplRy8Thhz0Ps/getUpdates "HTTP/1.1 200 OK"
2025-05-23 11:11:18,647 - httpx - INFO - HTTP Request: POST https://api.telegram.org/bot7093436536:AAEvjyOBDmUYkoOkO2zxZnzplRy8Thhz0Ps/getUpdates "HTTP/1.1 200 OK"
2025-05-23 11:11:28,739 - httpx - INFO - HTTP Request: POST https://api.telegram.org/bot7093436536:AAEvjyOBDmUYkoOkO2zxZnzplRy8Thhz0Ps/getUpdates "HTTP/1.1 200 OK"
2025-05-23 11:11:38,828 - httpx - INFO - HTTP Request: POST https://api.telegram.org/bot7093436536:AAEvjyOBDmUYkoOkO2zxZnzplRy8Thhz0Ps/getUpdates "HTTP/1.1 200 OK"
2025-05-23 11:11:48,919 - httpx - INFO - HTTP Request: POST https://api.telegram.org/bot7093436536:AAEvjyOBDmUYkoOkO2zxZnzplRy8Thhz0Ps/getUpdates "HTTP/1.1 200 OK"
2025-05-23 11:11:59,012 - httpx - INFO - HTTP Request: POST https://api.telegram.org/bot7093436536:AAEvjyOBDmUYkoOkO2zxZnzplRy8Thhz0Ps/getUpdates "HTTP/1.1 200 OK"
2025-05-23 11:12:09,102 - httpx - INFO - HTTP Request: POST https://api.telegram.org/bot7093436536:AAEvjyOBDmUYkoOkO2zxZnzplRy8Thhz0Ps/getUpdates "HTTP/1.1 200 OK"
2025-05-23 11:12:19,190 - httpx - INFO - HTTP Request: POST https://api.telegram.org/bot7093436536:AAEvjyOBDmUYkoOkO2zxZnzplRy8Thhz0Ps/getUpdates "HTTP/1.1 200 OK"
2025-05-23 11:12:29,279 - httpx - INFO - HTTP Request: POST https://api.telegram.org/bot7093436536:AAEvjyOBDmUYkoOkO2zxZnzplRy8Thhz0Ps/getUpdates "HTTP/1.1 200 OK"
2025-05-23 11:12:39,369 - httpx - INFO - HTTP Request: POST https://api.telegram.org/bot7093436536:AAEvjyOBDmUYkoOkO2zxZnzplRy8Thhz0Ps/getUpdates "HTTP/1.1 200 OK"
2025-05-23 11:12:49,458 - httpx - INFO - HTTP Request: POST https://api.telegram.org/bot7093436536:AAEvjyOBDmUYkoOkO2zxZnzplRy8Thhz0Ps/getUpdates "HTTP/1.1 200 OK"
2025-05-23 11:12:59,548 - httpx - INFO - HTTP Request: POST https://api.telegram.org/bot7093436536:AAEvjyOBDmUYkoOkO2zxZnzplRy8Thhz0Ps/getUpdates "HTTP/1.1 200 OK"
2025-05-23 11:13:09,638 - httpx - INFO - HTTP Request: POST https://api.telegram.org/bot7093436536:AAEvjyOBDmUYkoOkO2zxZnzplRy8Thhz0Ps/getUpdates "HTTP/1.1 200 OK"
2025-05-23 11:13:19,727 - httpx - INFO - HTTP Request: POST https://api.telegram.org/bot7093436536:AAEvjyOBDmUYkoOkO2zxZnzplRy8Thhz0Ps/getUpdates "HTTP/1.1 200 OK"
2025-05-23 11:13:29,816 - httpx - INFO - HTTP Request: POST https://api.telegram.org/bot7093436536:AAEvjyOBDmUYkoOkO2zxZnzplRy8Thhz0Ps/getUpdates "HTTP/1.1 200 OK"
2025-05-23 11:13:39,904 - httpx - INFO - HTTP Request: POST https://api.telegram.org/bot7093436536:AAEvjyOBDmUYkoOkO2zxZnzplRy8Thhz0Ps/getUpdates "HTTP/1.1 200 OK"
2025-05-23 11:13:49,994 - httpx - INFO - HTTP Request: POST https://api.telegram.org/bot7093436536:AAEvjyOBDmUYkoOkO2zxZnzplRy8Thhz0Ps/getUpdates "HTTP/1.1 200 OK"
2025-05-23 11:14:00,084 - httpx - INFO - HTTP Request: POST https://api.telegram.org/bot7093436536:AAEvjyOBDmUYkoOkO2zxZnzplRy8Thhz0Ps/getUpdates "HTTP/1.1 200 OK"
2025-05-23 11:14:10,172 - httpx - INFO - HTTP Request: POST https://api.telegram.org/bot7093436536:AAEvjyOBDmUYkoOkO2zxZnzplRy8Thhz0Ps/getUpdates "HTTP/1.1 200 OK"
2025-05-23 11:14:20,262 - httpx - INFO - HTTP Request: POST https://api.telegram.org/bot7093436536:AAEvjyOBDmUYkoOkO2zxZnzplRy8Thhz0Ps/getUpdates "HTTP/1.1 200 OK"
2025-05-23 11:14:30,354 - httpx - INFO - HTTP Request: POST https://api.telegram.org/bot7093436536:AAEvjyOBDmUYkoOkO2zxZnzplRy8Thhz0Ps/getUpdates "HTTP/1.1 200 OK"
2025-05-23 11:14:40,443 - httpx - INFO - HTTP Request: POST https://api.telegram.org/bot7093436536:AAEvjyOBDmUYkoOkO2zxZnzplRy8Thhz0Ps/getUpdates "HTTP/1.1 200 OK"
2025-05-23 11:14:50,533 - httpx - INFO - HTTP Request: POST https://api.telegram.org/bot7093436536:AAEvjyOBDmUYkoOkO2zxZnzplRy8Thhz0Ps/getUpdates "HTTP/1.1 200 OK"
2025-05-23 11:15:00,631 - httpx - INFO - HTTP Request: POST https://api.telegram.org/bot7093436536:AAEvjyOBDmUYkoOkO2zxZnzplRy8Thhz0Ps/getUpdates "HTTP/1.1 200 OK"
2025-05-23 11:15:10,720 - httpx - INFO - HTTP Request: POST https://api.telegram.org/bot7093436536:AAEvjyOBDmUYkoOkO2zxZnzplRy8Thhz0Ps/getUpdates "HTTP/1.1 200 OK"
2025-05-23 11:15:20,809 - httpx - INFO - HTTP Request: POST https://api.telegram.org/bot7093436536:AAEvjyOBDmUYkoOkO2zxZnzplRy8Thhz0Ps/getUpdates "HTTP/1.1 200 OK"
2025-05-23 11:15:30,898 - httpx - INFO - HTTP Request: POST https://api.telegram.org/bot7093436536:AAEvjyOBDmUYkoOkO2zxZnzplRy8Thhz0Ps/getUpdates "HTTP/1.1 200 OK"
2025-05-23 11:15:40,987 - httpx - INFO - HTTP Request: POST https://api.telegram.org/bot7093436536:AAEvjyOBDmUYkoOkO2zxZnzplRy8Thhz0Ps/getUpdates "HTTP/1.1 200 OK"
2025-05-23 11:15:51,101 - httpx - INFO - HTTP Request: POST https://api.telegram.org/bot7093436536:AAEvjyOBDmUYkoOkO2zxZnzplRy8Thhz0Ps/getUpdates "HTTP/1.1 200 OK"
2025-05-23 11:16:01,191 - httpx - INFO - HTTP Request: POST https://api.telegram.org/bot7093436536:AAEvjyOBDmUYkoOkO2zxZnzplRy8Thhz0Ps/getUpdates "HTTP/1.1 200 OK"
2025-05-23 11:16:11,279 - httpx - INFO - HTTP Request: POST https://api.telegram.org/bot7093436536:AAEvjyOBDmUYkoOkO2zxZnzplRy8Thhz0Ps/getUpdates "HTTP/1.1 200 OK"
2025-05-23 11:16:21,369 - httpx - INFO - HTTP Request: POST https://api.telegram.org/bot7093436536:AAEvjyOBDmUYkoOkO2zxZnzplRy8Thhz0Ps/getUpdates "HTTP/1.1 200 OK"
2025-05-23 11:16:31,459 - httpx - INFO - HTTP Request: POST https://api.telegram.org/bot7093436536:AAEvjyOBDmUYkoOkO2zxZnzplRy8Thhz0Ps/getUpdates "HTTP/1.1 200 OK"
2025-05-23 11:16:41,562 - httpx - INFO - HTTP Request: POST https://api.telegram.org/bot7093436536:AAEvjyOBDmUYkoOkO2zxZnzplRy8Thhz0Ps/getUpdates "HTTP/1.1 200 OK"
2025-05-23 11:16:51,663 - httpx - INFO - HTTP Request: POST https://api.telegram.org/bot7093436536:AAEvjyOBDmUYkoOkO2zxZnzplRy8Thhz0Ps/getUpdates "HTTP/1.1 200 OK"
2025-05-23 11:17:01,752 - httpx - INFO - HTTP Request: POST https://api.telegram.org/bot7093436536:AAEvjyOBDmUYkoOkO2zxZnzplRy8Thhz0Ps/getUpdates "HTTP/1.1 200 OK"
2025-05-23 11:17:11,841 - httpx - INFO - HTTP Request: POST https://api.telegram.org/bot7093436536:AAEvjyOBDmUYkoOkO2zxZnzplRy8Thhz0Ps/getUpdates "HTTP/1.1 200 OK"
2025-05-23 11:17:21,943 - httpx - INFO - HTTP Request: POST https://api.telegram.org/bot7093436536:AAEvjyOBDmUYkoOkO2zxZnzplRy8Thhz0Ps/getUpdates "HTTP/1.1 200 OK"
2025-05-23 11:17:32,032 - httpx - INFO - HTTP Request: POST https://api.telegram.org/bot7093436536:AAEvjyOBDmUYkoOkO2zxZnzplRy8Thhz0Ps/getUpdates "HTTP/1.1 200 OK"
2025-05-23 11:17:42,122 - httpx - INFO - HTTP Request: POST https://api.telegram.org/bot7093436536:AAEvjyOBDmUYkoOkO2zxZnzplRy8Thhz0Ps/getUpdates "HTTP/1.1 200 OK"
2025-05-23 11:17:52,212 - httpx - INFO - HTTP Request: POST https://api.telegram.org/bot7093436536:AAEvjyOBDmUYkoOkO2zxZnzplRy8Thhz0Ps/getUpdates "HTTP/1.1 200 OK"
2025-05-23 11:18:02,301 - httpx - INFO - HTTP Request: POST https://api.telegram.org/bot7093436536:AAEvjyOBDmUYkoOkO2zxZnzplRy8Thhz0Ps/getUpdates "HTTP/1.1 200 OK"
2025-05-23 11:18:12,392 - httpx - INFO - HTTP Request: POST https://api.telegram.org/bot7093436536:AAEvjyOBDmUYkoOkO2zxZnzplRy8Thhz0Ps/getUpdates "HTTP/1.1 200 OK"
2025-05-23 11:18:22,481 - httpx - INFO - HTTP Request: POST https://api.telegram.org/bot7093436536:AAEvjyOBDmUYkoOkO2zxZnzplRy8Thhz0Ps/getUpdates "HTTP/1.1 200 OK"
2025-05-23 11:18:32,573 - httpx - INFO - HTTP Request: POST https://api.telegram.org/bot7093436536:AAEvjyOBDmUYkoOkO2zxZnzplRy8Thhz0Ps/getUpdates "HTTP/1.1 200 OK"
2025-05-23 11:18:42,663 - httpx - INFO - HTTP Request: POST https://api.telegram.org/bot7093436536:AAEvjyOBDmUYkoOkO2zxZnzplRy8Thhz0Ps/getUpdates "HTTP/1.1 200 OK"
2025-05-23 11:18:52,753 - httpx - INFO - HTTP Request: POST https://api.telegram.org/bot7093436536:AAEvjyOBDmUYkoOkO2zxZnzplRy8Thhz0Ps/getUpdates "HTTP/1.1 200 OK"
2025-05-23 11:19:02,843 - httpx - INFO - HTTP Request: POST https://api.telegram.org/bot7093436536:AAEvjyOBDmUYkoOkO2zxZnzplRy8Thhz0Ps/getUpdates "HTTP/1.1 200 OK"
2025-05-23 11:19:12,932 - httpx - INFO - HTTP Request: POST https://api.telegram.org/bot7093436536:AAEvjyOBDmUYkoOkO2zxZnzplRy8Thhz0Ps/getUpdates "HTTP/1.1 200 OK"
2025-05-23 11:19:23,021 - httpx - INFO - HTTP Request: POST https://api.telegram.org/bot7093436536:AAEvjyOBDmUYkoOkO2zxZnzplRy8Thhz0Ps/getUpdates "HTTP/1.1 200 OK"
2025-05-23 11:19:33,111 - httpx - INFO - HTTP Request: POST https://api.telegram.org/bot7093436536:AAEvjyOBDmUYkoOkO2zxZnzplRy8Thhz0Ps/getUpdates "HTTP/1.1 200 OK"
2025-05-23 11:19:43,207 - httpx - INFO - HTTP Request: POST https://api.telegram.org/bot7093436536:AAEvjyOBDmUYkoOkO2zxZnzplRy8Thhz0Ps/getUpdates "HTTP/1.1 200 OK"
2025-05-23 11:19:53,301 - httpx - INFO - HTTP Request: POST https://api.telegram.org/bot7093436536:AAEvjyOBDmUYkoOkO2zxZnzplRy8Thhz0Ps/getUpdates "HTTP/1.1 200 OK"
2025-05-23 11:20:03,392 - httpx - INFO - HTTP Request: POST https://api.telegram.org/bot7093436536:AAEvjyOBDmUYkoOkO2zxZnzplRy8Thhz0Ps/getUpdates "HTTP/1.1 200 OK"
2025-05-23 11:20:13,482 - httpx - INFO - HTTP Request: POST https://api.telegram.org/bot7093436536:AAEvjyOBDmUYkoOkO2zxZnzplRy8Thhz0Ps/getUpdates "HTTP/1.1 200 OK"
2025-05-23 11:20:23,571 - httpx - INFO - HTTP Request: POST https://api.telegram.org/bot7093436536:AAEvjyOBDmUYkoOkO2zxZnzplRy8Thhz0Ps/getUpdates "HTTP/1.1 200 OK"
2025-05-23 11:20:33,663 - httpx - INFO - HTTP Request: POST https://api.telegram.org/bot7093436536:AAEvjyOBDmUYkoOkO2zxZnzplRy8Thhz0Ps/getUpdates "HTTP/1.1 200 OK"
2025-05-23 11:20:43,753 - httpx - INFO - HTTP Request: POST https://api.telegram.org/bot7093436536:AAEvjyOBDmUYkoOkO2zxZnzplRy8Thhz0Ps/getUpdates "HTTP/1.1 200 OK"
2025-05-23 11:20:53,861 - httpx - INFO - HTTP Request: POST https://api.telegram.org/bot7093436536:AAEvjyOBDmUYkoOkO2zxZnzplRy8Thhz0Ps/getUpdates "HTTP/1.1 200 OK"
2025-05-23 11:21:03,950 - httpx - INFO - HTTP Request: POST https://api.telegram.org/bot7093436536:AAEvjyOBDmUYkoOkO2zxZnzplRy8Thhz0Ps/getUpdates "HTTP/1.1 200 OK"
2025-05-23 11:21:14,040 - httpx - INFO - HTTP Request: POST https://api.telegram.org/bot7093436536:AAEvjyOBDmUYkoOkO2zxZnzplRy8Thhz0Ps/getUpdates "HTTP/1.1 200 OK"
2025-05-23 11:21:24,136 - httpx - INFO - HTTP Request: POST https://api.telegram.org/bot7093436536:AAEvjyOBDmUYkoOkO2zxZnzplRy8Thhz0Ps/getUpdates "HTTP/1.1 200 OK"
2025-05-23 11:21:34,225 - httpx - INFO - HTTP Request: POST https://api.telegram.org/bot7093436536:AAEvjyOBDmUYkoOkO2zxZnzplRy8Thhz0Ps/getUpdates "HTTP/1.1 200 OK"
2025-05-23 11:21:44,314 - httpx - INFO - HTTP Request: POST https://api.telegram.org/bot7093436536:AAEvjyOBDmUYkoOkO2zxZnzplRy8Thhz0Ps/getUpdates "HTTP/1.1 200 OK"
2025-05-23 11:21:54,404 - httpx - INFO - HTTP Request: POST https://api.telegram.org/bot7093436536:AAEvjyOBDmUYkoOkO2zxZnzplRy8Thhz0Ps/getUpdates "HTTP/1.1 200 OK"
2025-05-23 11:22:04,493 - httpx - INFO - HTTP Request: POST https://api.telegram.org/bot7093436536:AAEvjyOBDmUYkoOkO2zxZnzplRy8Thhz0Ps/getUpdates "HTTP/1.1 200 OK"
2025-05-23 11:22:10,512 - httpx - INFO - HTTP Request: POST https://api.telegram.org/bot7093436536:AAEvjyOBDmUYkoOkO2zxZnzplRy8Thhz0Ps/getUpdates "HTTP/1.1 200 OK"
2025-05-23 11:22:10,559 - geocoder.base - INFO - Requested http://ipinfo.io/json
2025-05-23 11:22:10,858 - httpx - INFO - HTTP Request: POST https://api.telegram.org/bot7093436536:AAEvjyOBDmUYkoOkO2zxZnzplRy8Thhz0Ps/sendMessage "HTTP/1.1 200 OK"
2025-05-23 11:22:20,659 - httpx - INFO - HTTP Request: POST https://api.telegram.org/bot7093436536:AAEvjyOBDmUYkoOkO2zxZnzplRy8Thhz0Ps/getUpdates "HTTP/1.1 200 OK"
2025-05-23 11:22:27,464 - httpx - INFO - HTTP Request: POST https://api.telegram.org/bot7093436536:AAEvjyOBDmUYkoOkO2zxZnzplRy8Thhz0Ps/getUpdates "HTTP/1.1 200 OK"
2025-05-23 11:22:27,781 - httpx - INFO - HTTP Request: POST https://api.telegram.org/bot7093436536:AAEvjyOBDmUYkoOkO2zxZnzplRy8Thhz0Ps/sendMessage "HTTP/1.1 200 OK"
2025-05-23 11:22:37,589 - httpx - INFO - HTTP Request: POST https://api.telegram.org/bot7093436536:AAEvjyOBDmUYkoOkO2zxZnzplRy8Thhz0Ps/getUpdates "HTTP/1.1 200 OK"
2025-05-23 11:22:45,643 - httpx - INFO - HTTP Request: POST https://api.telegram.org/bot7093436536:AAEvjyOBDmUYkoOkO2zxZnzplRy8Thhz0Ps/getUpdates "HTTP/1.1 200 OK"
2025-05-23 11:22:45,929 - httpx - INFO - HTTP Request: POST https://api.telegram.org/bot7093436536:AAEvjyOBDmUYkoOkO2zxZnzplRy8Thhz0Ps/sendMessage "HTTP/1.1 200 OK"
2025-05-23 11:22:55,738 - httpx - INFO - HTTP Request: POST https://api.telegram.org/bot7093436536:AAEvjyOBDmUYkoOkO2zxZnzplRy8Thhz0Ps/getUpdates "HTTP/1.1 200 OK"
2025-05-23 11:23:05,828 - httpx - INFO - HTTP Request: POST https://api.telegram.org/bot7093436536:AAEvjyOBDmUYkoOkO2zxZnzplRy8Thhz0Ps/getUpdates "HTTP/1.1 200 OK"
2025-05-23 11:23:15,917 - httpx - INFO - HTTP Request: POST https://api.telegram.org/bot7093436536:AAEvjyOBDmUYkoOkO2zxZnzplRy8Thhz0Ps/getUpdates "HTTP/1.1 200 OK"
2025-05-23 11:23:26,008 - httpx - INFO - HTTP Request: POST https://api.telegram.org/bot7093436536:AAEvjyOBDmUYkoOkO2zxZnzplRy8Thhz0Ps/getUpdates "HTTP/1.1 200 OK"
2025-05-23 11:23:36,098 - httpx - INFO - HTTP Request: POST https://api.telegram.org/bot7093436536:AAEvjyOBDmUYkoOkO2zxZnzplRy8Thhz0Ps/getUpdates "HTTP/1.1 200 OK"
2025-05-23 11:23:46,191 - httpx - INFO - HTTP Request: POST https://api.telegram.org/bot7093436536:AAEvjyOBDmUYkoOkO2zxZnzplRy8Thhz0Ps/getUpdates "HTTP/1.1 200 OK"
2025-05-23 11:23:56,280 - httpx - INFO - HTTP Request: POST https://api.telegram.org/bot7093436536:AAEvjyOBDmUYkoOkO2zxZnzplRy8Thhz0Ps/getUpdates "HTTP/1.1 200 OK"
2025-05-23 11:24:06,398 - httpx - INFO - HTTP Request: POST https://api.telegram.org/bot7093436536:AAEvjyOBDmUYkoOkO2zxZnzplRy8Thhz0Ps/getUpdates "HTTP/1.1 200 OK"
2025-05-23 11:24:16,487 - httpx - INFO - HTTP Request: POST https://api.telegram.org/bot7093436536:AAEvjyOBDmUYkoOkO2zxZnzplRy8Thhz0Ps/getUpdates "HTTP/1.1 200 OK"
2025-05-23 11:24:26,575 - httpx - INFO - HTTP Request: POST https://api.telegram.org/bot7093436536:AAEvjyOBDmUYkoOkO2zxZnzplRy8Thhz0Ps/getUpdates "HTTP/1.1 200 OK"
2025-05-23 11:24:36,663 - httpx - INFO - HTTP Request: POST https://api.telegram.org/bot7093436536:AAEvjyOBDmUYkoOkO2zxZnzplRy8Thhz0Ps/getUpdates "HTTP/1.1 200 OK"
2025-05-23 11:24:46,753 - httpx - INFO - HTTP Request: POST https://api.telegram.org/bot7093436536:AAEvjyOBDmUYkoOkO2zxZnzplRy8Thhz0Ps/getUpdates "HTTP/1.1 200 OK"
2025-05-23 11:24:56,842 - httpx - INFO - HTTP Request: POST https://api.telegram.org/bot7093436536:AAEvjyOBDmUYkoOkO2zxZnzplRy8Thhz0Ps/getUpdates "HTTP/1.1 200 OK"
2025-05-23 11:25:06,948 - httpx - INFO - HTTP Request: POST https://api.telegram.org/bot7093436536:AAEvjyOBDmUYkoOkO2zxZnzplRy8Thhz0Ps/getUpdates "HTTP/1.1 200 OK"
2025-05-23 11:25:17,037 - httpx - INFO - HTTP Request: POST https://api.telegram.org/bot7093436536:AAEvjyOBDmUYkoOkO2zxZnzplRy8Thhz0Ps/getUpdates "HTTP/1.1 200 OK"
2025-05-23 11:25:27,127 - httpx - INFO - HTTP Request: POST https://api.telegram.org/bot7093436536:AAEvjyOBDmUYkoOkO2zxZnzplRy8Thhz0Ps/getUpdates "HTTP/1.1 200 OK"
2025-05-23 11:25:37,216 - httpx - INFO - HTTP Request: POST https://api.telegram.org/bot7093436536:AAEvjyOBDmUYkoOkO2zxZnzplRy8Thhz0Ps/getUpdates "HTTP/1.1 200 OK"
2025-05-23 11:25:47,474 - httpx - INFO - HTTP Request: POST https://api.telegram.org/bot7093436536:AAEvjyOBDmUYkoOkO2zxZnzplRy8Thhz0Ps/getUpdates "HTTP/1.1 200 OK"
2025-05-23 11:25:57,583 - httpx - INFO - HTTP Request: POST https://api.telegram.org/bot7093436536:AAEvjyOBDmUYkoOkO2zxZnzplRy8Thhz0Ps/getUpdates "HTTP/1.1 200 OK"
2025-05-23 11:26:07,670 - httpx - INFO - HTTP Request: POST https://api.telegram.org/bot7093436536:AAEvjyOBDmUYkoOkO2zxZnzplRy8Thhz0Ps/getUpdates "HTTP/1.1 200 OK"
2025-05-23 11:26:17,760 - httpx - INFO - HTTP Request: POST https://api.telegram.org/bot7093436536:AAEvjyOBDmUYkoOkO2zxZnzplRy8Thhz0Ps/getUpdates "HTTP/1.1 200 OK"
2025-05-23 11:26:27,844 - httpx - INFO - HTTP Request: POST https://api.telegram.org/bot7093436536:AAEvjyOBDmUYkoOkO2zxZnzplRy8Thhz0Ps/getUpdates "HTTP/1.1 200 OK"
2025-05-23 11:26:37,928 - httpx - INFO - HTTP Request: POST https://api.telegram.org/bot7093436536:AAEvjyOBDmUYkoOkO2zxZnzplRy8Thhz0Ps/getUpdates "HTTP/1.1 200 OK"
2025-05-23 11:26:48,011 - httpx - INFO - HTTP Request: POST https://api.telegram.org/bot7093436536:AAEvjyOBDmUYkoOkO2zxZnzplRy8Thhz0Ps/getUpdates "HTTP/1.1 200 OK"
2025-05-23 11:26:58,100 - httpx - INFO - HTTP Request: POST https://api.telegram.org/bot7093436536:AAEvjyOBDmUYkoOkO2zxZnzplRy8Thhz0Ps/getUpdates "HTTP/1.1 200 OK"
2025-05-23 11:27:08,196 - httpx - INFO - HTTP Request: POST https://api.telegram.org/bot7093436536:AAEvjyOBDmUYkoOkO2zxZnzplRy8Thhz0Ps/getUpdates "HTTP/1.1 200 OK"
2025-05-23 11:27:18,285 - httpx - INFO - HTTP Request: POST https://api.telegram.org/bot7093436536:AAEvjyOBDmUYkoOkO2zxZnzplRy8Thhz0Ps/getUpdates "HTTP/1.1 200 OK"
2025-05-23 11:27:28,372 - httpx - INFO - HTTP Request: POST https://api.telegram.org/bot7093436536:AAEvjyOBDmUYkoOkO2zxZnzplRy8Thhz0Ps/getUpdates "HTTP/1.1 200 OK"
2025-05-23 11:27:38,460 - httpx - INFO - HTTP Request: POST https://api.telegram.org/bot7093436536:AAEvjyOBDmUYkoOkO2zxZnzplRy8Thhz0Ps/getUpdates "HTTP/1.1 200 OK"
2025-05-23 11:27:48,551 - httpx - INFO - HTTP Request: POST https://api.telegram.org/bot7093436536:AAEvjyOBDmUYkoOkO2zxZnzplRy8Thhz0Ps/getUpdates "HTTP/1.1 200 OK"
2025-05-23 11:27:58,636 - httpx - INFO - HTTP Request: POST https://api.telegram.org/bot7093436536:AAEvjyOBDmUYkoOkO2zxZnzplRy8Thhz0Ps/getUpdates "HTTP/1.1 200 OK"
2025-05-23 11:28:08,724 - httpx - INFO - HTTP Request: POST https://api.telegram.org/bot7093436536:AAEvjyOBDmUYkoOkO2zxZnzplRy8Thhz0Ps/getUpdates "HTTP/1.1 200 OK"
2025-05-23 11:28:18,809 - httpx - INFO - HTTP Request: POST https://api.telegram.org/bot7093436536:AAEvjyOBDmUYkoOkO2zxZnzplRy8Thhz0Ps/getUpdates "HTTP/1.1 200 OK"
2025-05-23 11:28:28,896 - httpx - INFO - HTTP Request: POST https://api.telegram.org/bot7093436536:AAEvjyOBDmUYkoOkO2zxZnzplRy8Thhz0Ps/getUpdates "HTTP/1.1 200 OK"
2025-05-23 11:28:38,982 - httpx - INFO - HTTP Request: POST https://api.telegram.org/bot7093436536:AAEvjyOBDmUYkoOkO2zxZnzplRy8Thhz0Ps/getUpdates "HTTP/1.1 200 OK"
2025-05-23 11:28:49,067 - httpx - INFO - HTTP Request: POST https://api.telegram.org/bot7093436536:AAEvjyOBDmUYkoOkO2zxZnzplRy8Thhz0Ps/getUpdates "HTTP/1.1 200 OK"
2025-05-23 11:28:59,159 - httpx - INFO - HTTP Request: POST https://api.telegram.org/bot7093436536:AAEvjyOBDmUYkoOkO2zxZnzplRy8Thhz0Ps/getUpdates "HTTP/1.1 200 OK"
2025-05-23 11:29:09,244 - httpx - INFO - HTTP Request: POST https://api.telegram.org/bot7093436536:AAEvjyOBDmUYkoOkO2zxZnzplRy8Thhz0Ps/getUpdates "HTTP/1.1 200 OK"
2025-05-23 11:29:19,329 - httpx - INFO - HTTP Request: POST https://api.telegram.org/bot7093436536:AAEvjyOBDmUYkoOkO2zxZnzplRy8Thhz0Ps/getUpdates "HTTP/1.1 200 OK"
2025-05-23 11:29:29,431 - httpx - INFO - HTTP Request: POST https://api.telegram.org/bot7093436536:AAEvjyOBDmUYkoOkO2zxZnzplRy8Thhz0Ps/getUpdates "HTTP/1.1 200 OK"
2025-05-23 11:29:39,527 - httpx - INFO - HTTP Request: POST https://api.telegram.org/bot7093436536:AAEvjyOBDmUYkoOkO2zxZnzplRy8Thhz0Ps/getUpdates "HTTP/1.1 200 OK"
2025-05-23 11:29:49,612 - httpx - INFO - HTTP Request: POST https://api.telegram.org/bot7093436536:AAEvjyOBDmUYkoOkO2zxZnzplRy8Thhz0Ps/getUpdates "HTTP/1.1 200 OK"
2025-05-23 11:29:59,699 - httpx - INFO - HTTP Request: POST https://api.telegram.org/bot7093436536:AAEvjyOBDmUYkoOkO2zxZnzplRy8Thhz0Ps/getUpdates "HTTP/1.1 200 OK"
2025-05-23 11:30:09,784 - httpx - INFO - HTTP Request: POST https://api.telegram.org/bot7093436536:AAEvjyOBDmUYkoOkO2zxZnzplRy8Thhz0Ps/getUpdates "HTTP/1.1 200 OK"
2025-05-23 11:30:19,872 - httpx - INFO - HTTP Request: POST https://api.telegram.org/bot7093436536:AAEvjyOBDmUYkoOkO2zxZnzplRy8Thhz0Ps/getUpdates "HTTP/1.1 200 OK"
2025-05-23 11:30:29,958 - httpx - INFO - HTTP Request: POST https://api.telegram.org/bot7093436536:AAEvjyOBDmUYkoOkO2zxZnzplRy8Thhz0Ps/getUpdates "HTTP/1.1 200 OK"
2025-05-23 11:30:40,056 - httpx - INFO - HTTP Request: POST https://api.telegram.org/bot7093436536:AAEvjyOBDmUYkoOkO2zxZnzplRy8Thhz0Ps/getUpdates "HTTP/1.1 200 OK"
2025-05-23 11:30:50,141 - httpx - INFO - HTTP Request: POST https://api.telegram.org/bot7093436536:AAEvjyOBDmUYkoOkO2zxZnzplRy8Thhz0Ps/getUpdates "HTTP/1.1 200 OK"
2025-05-23 11:31:00,229 - httpx - INFO - HTTP Request: POST https://api.telegram.org/bot7093436536:AAEvjyOBDmUYkoOkO2zxZnzplRy8Thhz0Ps/getUpdates "HTTP/1.1 200 OK"
2025-05-23 11:31:10,318 - httpx - INFO - HTTP Request: POST https://api.telegram.org/bot7093436536:AAEvjyOBDmUYkoOkO2zxZnzplRy8Thhz0Ps/getUpdates "HTTP/1.1 200 OK"
2025-05-23 11:31:20,410 - httpx - INFO - HTTP Request: POST https://api.telegram.org/bot7093436536:AAEvjyOBDmUYkoOkO2zxZnzplRy8Thhz0Ps/getUpdates "HTTP/1.1 200 OK"
2025-05-23 11:31:30,493 - httpx - INFO - HTTP Request: POST https://api.telegram.org/bot7093436536:AAEvjyOBDmUYkoOkO2zxZnzplRy8Thhz0Ps/getUpdates "HTTP/1.1 200 OK"
2025-05-23 11:31:40,576 - httpx - INFO - HTTP Request: POST https://api.telegram.org/bot7093436536:AAEvjyOBDmUYkoOkO2zxZnzplRy8Thhz0Ps/getUpdates "HTTP/1.1 200 OK"
2025-05-23 11:31:50,668 - httpx - INFO - HTTP Request: POST https://api.telegram.org/bot7093436536:AAEvjyOBDmUYkoOkO2zxZnzplRy8Thhz0Ps/getUpdates "HTTP/1.1 200 OK"
2025-05-23 11:32:00,756 - httpx - INFO - HTTP Request: POST https://api.telegram.org/bot7093436536:AAEvjyOBDmUYkoOkO2zxZnzplRy8Thhz0Ps/getUpdates "HTTP/1.1 200 OK"
2025-05-23 11:32:10,846 - httpx - INFO - HTTP Request: POST https://api.telegram.org/bot7093436536:AAEvjyOBDmUYkoOkO2zxZnzplRy8Thhz0Ps/getUpdates "HTTP/1.1 200 OK"
2025-05-23 11:32:20,932 - httpx - INFO - HTTP Request: POST https://api.telegram.org/bot7093436536:AAEvjyOBDmUYkoOkO2zxZnzplRy8Thhz0Ps/getUpdates "HTTP/1.1 200 OK"
2025-05-23 11:32:31,017 - httpx - INFO - HTTP Request: POST https://api.telegram.org/bot7093436536:AAEvjyOBDmUYkoOkO2zxZnzplRy8Thhz0Ps/getUpdates "HTTP/1.1 200 OK"
2025-05-23 11:32:41,105 - httpx - INFO - HTTP Request: POST https://api.telegram.org/bot7093436536:AAEvjyOBDmUYkoOkO2zxZnzplRy8Thhz0Ps/getUpdates "HTTP/1.1 200 OK"
2025-05-23 11:32:51,193 - httpx - INFO - HTTP Request: POST https://api.telegram.org/bot7093436536:AAEvjyOBDmUYkoOkO2zxZnzplRy8Thhz0Ps/getUpdates "HTTP/1.1 200 OK"
2025-05-23 11:33:01,280 - httpx - INFO - HTTP Request: POST https://api.telegram.org/bot7093436536:AAEvjyOBDmUYkoOkO2zxZnzplRy8Thhz0Ps/getUpdates "HTTP/1.1 200 OK"
2025-05-23 11:33:11,366 - httpx - INFO - HTTP Request: POST https://api.telegram.org/bot7093436536:AAEvjyOBDmUYkoOkO2zxZnzplRy8Thhz0Ps/getUpdates "HTTP/1.1 200 OK"
2025-05-23 11:33:21,455 - httpx - INFO - HTTP Request: POST https://api.telegram.org/bot7093436536:AAEvjyOBDmUYkoOkO2zxZnzplRy8Thhz0Ps/getUpdates "HTTP/1.1 200 OK"
2025-05-23 11:33:31,542 - httpx - INFO - HTTP Request: POST https://api.telegram.org/bot7093436536:AAEvjyOBDmUYkoOkO2zxZnzplRy8Thhz0Ps/getUpdates "HTTP/1.1 200 OK"
2025-05-23 11:33:41,629 - httpx - INFO - HTTP Request: POST https://api.telegram.org/bot7093436536:AAEvjyOBDmUYkoOkO2zxZnzplRy8Thhz0Ps/getUpdates "HTTP/1.1 200 OK"
2025-05-23 11:33:51,740 - httpx - INFO - HTTP Request: POST https://api.telegram.org/bot7093436536:AAEvjyOBDmUYkoOkO2zxZnzplRy8Thhz0Ps/getUpdates "HTTP/1.1 200 OK"
2025-05-23 11:34:01,823 - httpx - INFO - HTTP Request: POST https://api.telegram.org/bot7093436536:AAEvjyOBDmUYkoOkO2zxZnzplRy8Thhz0Ps/getUpdates "HTTP/1.1 200 OK"
2025-05-23 11:34:11,917 - httpx - INFO - HTTP Request: POST https://api.telegram.org/bot7093436536:AAEvjyOBDmUYkoOkO2zxZnzplRy8Thhz0Ps/getUpdates "HTTP/1.1 200 OK"
2025-05-23 11:34:22,006 - httpx - INFO - HTTP Request: POST https://api.telegram.org/bot7093436536:AAEvjyOBDmUYkoOkO2zxZnzplRy8Thhz0Ps/getUpdates "HTTP/1.1 200 OK"
2025-05-23 11:34:32,093 - httpx - INFO - HTTP Request: POST https://api.telegram.org/bot7093436536:AAEvjyOBDmUYkoOkO2zxZnzplRy8Thhz0Ps/getUpdates "HTTP/1.1 200 OK"
2025-05-23 11:34:42,177 - httpx - INFO - HTTP Request: POST https://api.telegram.org/bot7093436536:AAEvjyOBDmUYkoOkO2zxZnzplRy8Thhz0Ps/getUpdates "HTTP/1.1 200 OK"
2025-05-23 11:34:52,264 - httpx - INFO - HTTP Request: POST https://api.telegram.org/bot7093436536:AAEvjyOBDmUYkoOkO2zxZnzplRy8Thhz0Ps/getUpdates "HTTP/1.1 200 OK"
2025-05-23 11:35:02,349 - httpx - INFO - HTTP Request: POST https://api.telegram.org/bot7093436536:AAEvjyOBDmUYkoOkO2zxZnzplRy8Thhz0Ps/getUpdates "HTTP/1.1 200 OK"
2025-05-23 11:35:12,435 - httpx - INFO - HTTP Request: POST https://api.telegram.org/bot7093436536:AAEvjyOBDmUYkoOkO2zxZnzplRy8Thhz0Ps/getUpdates "HTTP/1.1 200 OK"
2025-05-23 11:35:22,524 - httpx - INFO - HTTP Request: POST https://api.telegram.org/bot7093436536:AAEvjyOBDmUYkoOkO2zxZnzplRy8Thhz0Ps/getUpdates "HTTP/1.1 200 OK"
2025-05-23 11:35:32,612 - httpx - INFO - HTTP Request: POST https://api.telegram.org/bot7093436536:AAEvjyOBDmUYkoOkO2zxZnzplRy8Thhz0Ps/getUpdates "HTTP/1.1 200 OK"
2025-05-23 11:35:42,702 - httpx - INFO - HTTP Request: POST https://api.telegram.org/bot7093436536:AAEvjyOBDmUYkoOkO2zxZnzplRy8Thhz0Ps/getUpdates "HTTP/1.1 200 OK"
2025-05-23 11:35:52,785 - httpx - INFO - HTTP Request: POST https://api.telegram.org/bot7093436536:AAEvjyOBDmUYkoOkO2zxZnzplRy8Thhz0Ps/getUpdates "HTTP/1.1 200 OK"
2025-05-23 11:36:02,875 - httpx - INFO - HTTP Request: POST https://api.telegram.org/bot7093436536:AAEvjyOBDmUYkoOkO2zxZnzplRy8Thhz0Ps/getUpdates "HTTP/1.1 200 OK"
2025-05-23 11:36:12,963 - httpx - INFO - HTTP Request: POST https://api.telegram.org/bot7093436536:AAEvjyOBDmUYkoOkO2zxZnzplRy8Thhz0Ps/getUpdates "HTTP/1.1 200 OK"
2025-05-23 11:36:23,050 - httpx - INFO - HTTP Request: POST https://api.telegram.org/bot7093436536:AAEvjyOBDmUYkoOkO2zxZnzplRy8Thhz0Ps/getUpdates "HTTP/1.1 200 OK"
2025-05-23 11:36:33,134 - httpx - INFO - HTTP Request: POST https://api.telegram.org/bot7093436536:AAEvjyOBDmUYkoOkO2zxZnzplRy8Thhz0Ps/getUpdates "HTTP/1.1 200 OK"
2025-05-23 11:36:43,218 - httpx - INFO - HTTP Request: POST https://api.telegram.org/bot7093436536:AAEvjyOBDmUYkoOkO2zxZnzplRy8Thhz0Ps/getUpdates "HTTP/1.1 200 OK"
2025-05-23 11:36:53,302 - httpx - INFO - HTTP Request: POST https://api.telegram.org/bot7093436536:AAEvjyOBDmUYkoOkO2zxZnzplRy8Thhz0Ps/getUpdates "HTTP/1.1 200 OK"
2025-05-23 11:37:03,388 - httpx - INFO - HTTP Request: POST https://api.telegram.org/bot7093436536:AAEvjyOBDmUYkoOkO2zxZnzplRy8Thhz0Ps/getUpdates "HTTP/1.1 200 OK"
2025-05-23 11:37:13,477 - httpx - INFO - HTTP Request: POST https://api.telegram.org/bot7093436536:AAEvjyOBDmUYkoOkO2zxZnzplRy8Thhz0Ps/getUpdates "HTTP/1.1 200 OK"
2025-05-23 11:37:23,571 - httpx - INFO - HTTP Request: POST https://api.telegram.org/bot7093436536:AAEvjyOBDmUYkoOkO2zxZnzplRy8Thhz0Ps/getUpdates "HTTP/1.1 200 OK"
2025-05-23 11:37:33,663 - httpx - INFO - HTTP Request: POST https://api.telegram.org/bot7093436536:AAEvjyOBDmUYkoOkO2zxZnzplRy8Thhz0Ps/getUpdates "HTTP/1.1 200 OK"
2025-05-23 11:37:43,748 - httpx - INFO - HTTP Request: POST https://api.telegram.org/bot7093436536:AAEvjyOBDmUYkoOkO2zxZnzplRy8Thhz0Ps/getUpdates "HTTP/1.1 200 OK"
2025-05-23 11:37:53,843 - httpx - INFO - HTTP Request: POST https://api.telegram.org/bot7093436536:AAEvjyOBDmUYkoOkO2zxZnzplRy8Thhz0Ps/getUpdates "HTTP/1.1 200 OK"
2025-05-23 11:38:03,932 - httpx - INFO - HTTP Request: POST https://api.telegram.org/bot7093436536:AAEvjyOBDmUYkoOkO2zxZnzplRy8Thhz0Ps/getUpdates "HTTP/1.1 200 OK"
2025-05-23 11:38:14,021 - httpx - INFO - HTTP Request: POST https://api.telegram.org/bot7093436536:AAEvjyOBDmUYkoOkO2zxZnzplRy8Thhz0Ps/getUpdates "HTTP/1.1 200 OK"
2025-05-23 11:38:24,105 - httpx - INFO - HTTP Request: POST https://api.telegram.org/bot7093436536:AAEvjyOBDmUYkoOkO2zxZnzplRy8Thhz0Ps/getUpdates "HTTP/1.1 200 OK"
2025-05-23 11:38:34,194 - httpx - INFO - HTTP Request: POST https://api.telegram.org/bot7093436536:AAEvjyOBDmUYkoOkO2zxZnzplRy8Thhz0Ps/getUpdates "HTTP/1.1 200 OK"
2025-05-23 11:38:44,279 - httpx - INFO - HTTP Request: POST https://api.telegram.org/bot7093436536:AAEvjyOBDmUYkoOkO2zxZnzplRy8Thhz0Ps/getUpdates "HTTP/1.1 200 OK"
2025-05-23 11:38:54,368 - httpx - INFO - HTTP Request: POST https://api.telegram.org/bot7093436536:AAEvjyOBDmUYkoOkO2zxZnzplRy8Thhz0Ps/getUpdates "HTTP/1.1 200 OK"
2025-05-23 11:39:04,455 - httpx - INFO - HTTP Request: POST https://api.telegram.org/bot7093436536:AAEvjyOBDmUYkoOkO2zxZnzplRy8Thhz0Ps/getUpdates "HTTP/1.1 200 OK"
2025-05-23 11:39:14,540 - httpx - INFO - HTTP Request: POST https://api.telegram.org/bot7093436536:AAEvjyOBDmUYkoOkO2zxZnzplRy8Thhz0Ps/getUpdates "HTTP/1.1 200 OK"
2025-05-23 11:39:24,631 - httpx - INFO - HTTP Request: POST https://api.telegram.org/bot7093436536:AAEvjyOBDmUYkoOkO2zxZnzplRy8Thhz0Ps/getUpdates "HTTP/1.1 200 OK"
2025-05-23 11:39:34,717 - httpx - INFO - HTTP Request: POST https://api.telegram.org/bot7093436536:AAEvjyOBDmUYkoOkO2zxZnzplRy8Thhz0Ps/getUpdates "HTTP/1.1 200 OK"
2025-05-23 11:39:44,817 - httpx - INFO - HTTP Request: POST https://api.telegram.org/bot7093436536:AAEvjyOBDmUYkoOkO2zxZnzplRy8Thhz0Ps/getUpdates "HTTP/1.1 200 OK"
2025-05-23 11:39:54,902 - httpx - INFO - HTTP Request: POST https://api.telegram.org/bot7093436536:AAEvjyOBDmUYkoOkO2zxZnzplRy8Thhz0Ps/getUpdates "HTTP/1.1 200 OK"
2025-05-23 11:40:04,997 - httpx - INFO - HTTP Request: POST https://api.telegram.org/bot7093436536:AAEvjyOBDmUYkoOkO2zxZnzplRy8Thhz0Ps/getUpdates "HTTP/1.1 200 OK"
2025-05-23 11:40:15,083 - httpx - INFO - HTTP Request: POST https://api.telegram.org/bot7093436536:AAEvjyOBDmUYkoOkO2zxZnzplRy8Thhz0Ps/getUpdates "HTTP/1.1 200 OK"
2025-05-23 11:40:25,169 - httpx - INFO - HTTP Request: POST https://api.telegram.org/bot7093436536:AAEvjyOBDmUYkoOkO2zxZnzplRy8Thhz0Ps/getUpdates "HTTP/1.1 200 OK"
2025-05-23 11:40:35,259 - httpx - INFO - HTTP Request: POST https://api.telegram.org/bot7093436536:AAEvjyOBDmUYkoOkO2zxZnzplRy8Thhz0Ps/getUpdates "HTTP/1.1 200 OK"
2025-05-23 11:40:45,348 - httpx - INFO - HTTP Request: POST https://api.telegram.org/bot7093436536:AAEvjyOBDmUYkoOkO2zxZnzplRy8Thhz0Ps/getUpdates "HTTP/1.1 200 OK"
2025-05-23 11:40:55,434 - httpx - INFO - HTTP Request: POST https://api.telegram.org/bot7093436536:AAEvjyOBDmUYkoOkO2zxZnzplRy8Thhz0Ps/getUpdates "HTTP/1.1 200 OK"
2025-05-23 11:41:05,530 - httpx - INFO - HTTP Request: POST https://api.telegram.org/bot7093436536:AAEvjyOBDmUYkoOkO2zxZnzplRy8Thhz0Ps/getUpdates "HTTP/1.1 200 OK"
2025-05-23 11:41:15,630 - httpx - INFO - HTTP Request: POST https://api.telegram.org/bot7093436536:AAEvjyOBDmUYkoOkO2zxZnzplRy8Thhz0Ps/getUpdates "HTTP/1.1 200 OK"
2025-05-23 11:41:25,717 - httpx - INFO - HTTP Request: POST https://api.telegram.org/bot7093436536:AAEvjyOBDmUYkoOkO2zxZnzplRy8Thhz0Ps/getUpdates "HTTP/1.1 200 OK"
2025-05-23 11:41:35,804 - httpx - INFO - HTTP Request: POST https://api.telegram.org/bot7093436536:AAEvjyOBDmUYkoOkO2zxZnzplRy8Thhz0Ps/getUpdates "HTTP/1.1 200 OK"
2025-05-23 11:41:45,891 - httpx - INFO - HTTP Request: POST https://api.telegram.org/bot7093436536:AAEvjyOBDmUYkoOkO2zxZnzplRy8Thhz0Ps/getUpdates "HTTP/1.1 200 OK"
2025-05-23 11:41:55,979 - httpx - INFO - HTTP Request: POST https://api.telegram.org/bot7093436536:AAEvjyOBDmUYkoOkO2zxZnzplRy8Thhz0Ps/getUpdates "HTTP/1.1 200 OK"
2025-05-23 11:42:06,063 - httpx - INFO - HTTP Request: POST https://api.telegram.org/bot7093436536:AAEvjyOBDmUYkoOkO2zxZnzplRy8Thhz0Ps/getUpdates "HTTP/1.1 200 OK"
2025-05-23 11:42:16,156 - httpx - INFO - HTTP Request: POST https://api.telegram.org/bot7093436536:AAEvjyOBDmUYkoOkO2zxZnzplRy8Thhz0Ps/getUpdates "HTTP/1.1 200 OK"
2025-05-23 11:42:26,249 - httpx - INFO - HTTP Request: POST https://api.telegram.org/bot7093436536:AAEvjyOBDmUYkoOkO2zxZnzplRy8Thhz0Ps/getUpdates "HTTP/1.1 200 OK"
2025-05-23 11:42:36,502 - httpx - INFO - HTTP Request: POST https://api.telegram.org/bot7093436536:AAEvjyOBDmUYkoOkO2zxZnzplRy8Thhz0Ps/getUpdates "HTTP/1.1 200 OK"
2025-05-23 11:42:46,587 - httpx - INFO - HTTP Request: POST https://api.telegram.org/bot7093436536:AAEvjyOBDmUYkoOkO2zxZnzplRy8Thhz0Ps/getUpdates "HTTP/1.1 200 OK"
2025-05-23 11:42:56,672 - httpx - INFO - HTTP Request: POST https://api.telegram.org/bot7093436536:AAEvjyOBDmUYkoOkO2zxZnzplRy8Thhz0Ps/getUpdates "HTTP/1.1 200 OK"
2025-05-23 11:43:06,757 - httpx - INFO - HTTP Request: POST https://api.telegram.org/bot7093436536:AAEvjyOBDmUYkoOkO2zxZnzplRy8Thhz0Ps/getUpdates "HTTP/1.1 200 OK"
2025-05-23 11:43:16,847 - httpx - INFO - HTTP Request: POST https://api.telegram.org/bot7093436536:AAEvjyOBDmUYkoOkO2zxZnzplRy8Thhz0Ps/getUpdates "HTTP/1.1 200 OK"
2025-05-23 11:43:26,936 - httpx - INFO - HTTP Request: POST https://api.telegram.org/bot7093436536:AAEvjyOBDmUYkoOkO2zxZnzplRy8Thhz0Ps/getUpdates "HTTP/1.1 200 OK"
2025-05-23 11:43:37,034 - httpx - INFO - HTTP Request: POST https://api.telegram.org/bot7093436536:AAEvjyOBDmUYkoOkO2zxZnzplRy8Thhz0Ps/getUpdates "HTTP/1.1 200 OK"
2025-05-23 11:43:47,118 - httpx - INFO - HTTP Request: POST https://api.telegram.org/bot7093436536:AAEvjyOBDmUYkoOkO2zxZnzplRy8Thhz0Ps/getUpdates "HTTP/1.1 200 OK"
2025-05-23 11:43:57,208 - httpx - INFO - HTTP Request: POST https://api.telegram.org/bot7093436536:AAEvjyOBDmUYkoOkO2zxZnzplRy8Thhz0Ps/getUpdates "HTTP/1.1 200 OK"
2025-05-23 11:44:07,292 - httpx - INFO - HTTP Request: POST https://api.telegram.org/bot7093436536:AAEvjyOBDmUYkoOkO2zxZnzplRy8Thhz0Ps/getUpdates "HTTP/1.1 200 OK"
2025-05-23 11:44:17,382 - httpx - INFO - HTTP Request: POST https://api.telegram.org/bot7093436536:AAEvjyOBDmUYkoOkO2zxZnzplRy8Thhz0Ps/getUpdates "HTTP/1.1 200 OK"
2025-05-23 11:44:27,468 - httpx - INFO - HTTP Request: POST https://api.telegram.org/bot7093436536:AAEvjyOBDmUYkoOkO2zxZnzplRy8Thhz0Ps/getUpdates "HTTP/1.1 200 OK"
2025-05-23 11:44:37,556 - httpx - INFO - HTTP Request: POST https://api.telegram.org/bot7093436536:AAEvjyOBDmUYkoOkO2zxZnzplRy8Thhz0Ps/getUpdates "HTTP/1.1 200 OK"
2025-05-23 11:44:47,646 - httpx - INFO - HTTP Request: POST https://api.telegram.org/bot7093436536:AAEvjyOBDmUYkoOkO2zxZnzplRy8Thhz0Ps/getUpdates "HTTP/1.1 200 OK"
2025-05-23 11:44:57,731 - httpx - INFO - HTTP Request: POST https://api.telegram.org/bot7093436536:AAEvjyOBDmUYkoOkO2zxZnzplRy8Thhz0Ps/getUpdates "HTTP/1.1 200 OK"
2025-05-23 11:45:07,819 - httpx - INFO - HTTP Request: POST https://api.telegram.org/bot7093436536:AAEvjyOBDmUYkoOkO2zxZnzplRy8Thhz0Ps/getUpdates "HTTP/1.1 200 OK"
2025-05-23 11:45:17,904 - httpx - INFO - HTTP Request: POST https://api.telegram.org/bot7093436536:AAEvjyOBDmUYkoOkO2zxZnzplRy8Thhz0Ps/getUpdates "HTTP/1.1 200 OK"
2025-05-23 11:45:27,993 - httpx - INFO - HTTP Request: POST https://api.telegram.org/bot7093436536:AAEvjyOBDmUYkoOkO2zxZnzplRy8Thhz0Ps/getUpdates "HTTP/1.1 200 OK"
2025-05-23 11:45:38,083 - httpx - INFO - HTTP Request: POST https://api.telegram.org/bot7093436536:AAEvjyOBDmUYkoOkO2zxZnzplRy8Thhz0Ps/getUpdates "HTTP/1.1 200 OK"
2025-05-23 11:45:48,168 - httpx - INFO - HTTP Request: POST https://api.telegram.org/bot7093436536:AAEvjyOBDmUYkoOkO2zxZnzplRy8Thhz0Ps/getUpdates "HTTP/1.1 200 OK"
2025-05-23 11:45:58,253 - httpx - INFO - HTTP Request: POST https://api.telegram.org/bot7093436536:AAEvjyOBDmUYkoOkO2zxZnzplRy8Thhz0Ps/getUpdates "HTTP/1.1 200 OK"
2025-05-23 11:46:08,337 - httpx - INFO - HTTP Request: POST https://api.telegram.org/bot7093436536:AAEvjyOBDmUYkoOkO2zxZnzplRy8Thhz0Ps/getUpdates "HTTP/1.1 200 OK"
2025-05-23 11:46:18,426 - httpx - INFO - HTTP Request: POST https://api.telegram.org/bot7093436536:AAEvjyOBDmUYkoOkO2zxZnzplRy8Thhz0Ps/getUpdates "HTTP/1.1 200 OK"
2025-05-23 11:46:28,515 - httpx - INFO - HTTP Request: POST https://api.telegram.org/bot7093436536:AAEvjyOBDmUYkoOkO2zxZnzplRy8Thhz0Ps/getUpdates "HTTP/1.1 200 OK"
2025-05-23 11:46:38,604 - httpx - INFO - HTTP Request: POST https://api.telegram.org/bot7093436536:AAEvjyOBDmUYkoOkO2zxZnzplRy8Thhz0Ps/getUpdates "HTTP/1.1 200 OK"
2025-05-23 11:46:48,692 - httpx - INFO - HTTP Request: POST https://api.telegram.org/bot7093436536:AAEvjyOBDmUYkoOkO2zxZnzplRy8Thhz0Ps/getUpdates "HTTP/1.1 200 OK"
2025-05-23 11:46:58,780 - httpx - INFO - HTTP Request: POST https://api.telegram.org/bot7093436536:AAEvjyOBDmUYkoOkO2zxZnzplRy8Thhz0Ps/getUpdates "HTTP/1.1 200 OK"
2025-05-23 11:47:08,872 - httpx - INFO - HTTP Request: POST https://api.telegram.org/bot7093436536:AAEvjyOBDmUYkoOkO2zxZnzplRy8Thhz0Ps/getUpdates "HTTP/1.1 200 OK"
2025-05-23 11:47:18,956 - httpx - INFO - HTTP Request: POST https://api.telegram.org/bot7093436536:AAEvjyOBDmUYkoOkO2zxZnzplRy8Thhz0Ps/getUpdates "HTTP/1.1 200 OK"
2025-05-23 11:47:29,041 - httpx - INFO - HTTP Request: POST https://api.telegram.org/bot7093436536:AAEvjyOBDmUYkoOkO2zxZnzplRy8Thhz0Ps/getUpdates "HTTP/1.1 200 OK"
2025-05-23 11:47:39,128 - httpx - INFO - HTTP Request: POST https://api.telegram.org/bot7093436536:AAEvjyOBDmUYkoOkO2zxZnzplRy8Thhz0Ps/getUpdates "HTTP/1.1 200 OK"
2025-05-23 11:47:49,213 - httpx - INFO - HTTP Request: POST https://api.telegram.org/bot7093436536:AAEvjyOBDmUYkoOkO2zxZnzplRy8Thhz0Ps/getUpdates "HTTP/1.1 200 OK"
2025-05-23 11:47:59,309 - httpx - INFO - HTTP Request: POST https://api.telegram.org/bot7093436536:AAEvjyOBDmUYkoOkO2zxZnzplRy8Thhz0Ps/getUpdates "HTTP/1.1 200 OK"
2025-05-23 11:48:09,394 - httpx - INFO - HTTP Request: POST https://api.telegram.org/bot7093436536:AAEvjyOBDmUYkoOkO2zxZnzplRy8Thhz0Ps/getUpdates "HTTP/1.1 200 OK"
2025-05-23 11:48:19,478 - httpx - INFO - HTTP Request: POST https://api.telegram.org/bot7093436536:AAEvjyOBDmUYkoOkO2zxZnzplRy8Thhz0Ps/getUpdates "HTTP/1.1 200 OK"
2025-05-23 11:48:29,563 - httpx - INFO - HTTP Request: POST https://api.telegram.org/bot7093436536:AAEvjyOBDmUYkoOkO2zxZnzplRy8Thhz0Ps/getUpdates "HTTP/1.1 200 OK"
2025-05-23 11:48:39,656 - httpx - INFO - HTTP Request: POST https://api.telegram.org/bot7093436536:AAEvjyOBDmUYkoOkO2zxZnzplRy8Thhz0Ps/getUpdates "HTTP/1.1 200 OK"
2025-05-23 11:48:49,743 - httpx - INFO - HTTP Request: POST https://api.telegram.org/bot7093436536:AAEvjyOBDmUYkoOkO2zxZnzplRy8Thhz0Ps/getUpdates "HTTP/1.1 200 OK"
2025-05-23 11:48:59,828 - httpx - INFO - HTTP Request: POST https://api.telegram.org/bot7093436536:AAEvjyOBDmUYkoOkO2zxZnzplRy8Thhz0Ps/getUpdates "HTTP/1.1 200 OK"
2025-05-23 11:49:09,931 - httpx - INFO - HTTP Request: POST https://api.telegram.org/bot7093436536:AAEvjyOBDmUYkoOkO2zxZnzplRy8Thhz0Ps/getUpdates "HTTP/1.1 200 OK"
2025-05-23 11:49:20,027 - httpx - INFO - HTTP Request: POST https://api.telegram.org/bot7093436536:AAEvjyOBDmUYkoOkO2zxZnzplRy8Thhz0Ps/getUpdates "HTTP/1.1 200 OK"
2025-05-23 11:49:30,112 - httpx - INFO - HTTP Request: POST https://api.telegram.org/bot7093436536:AAEvjyOBDmUYkoOkO2zxZnzplRy8Thhz0Ps/getUpdates "HTTP/1.1 200 OK"
2025-05-23 11:49:40,197 - httpx - INFO - HTTP Request: POST https://api.telegram.org/bot7093436536:AAEvjyOBDmUYkoOkO2zxZnzplRy8Thhz0Ps/getUpdates "HTTP/1.1 200 OK"
2025-05-23 11:49:50,283 - httpx - INFO - HTTP Request: POST https://api.telegram.org/bot7093436536:AAEvjyOBDmUYkoOkO2zxZnzplRy8Thhz0Ps/getUpdates "HTTP/1.1 200 OK"
2025-05-23 11:50:00,370 - httpx - INFO - HTTP Request: POST https://api.telegram.org/bot7093436536:AAEvjyOBDmUYkoOkO2zxZnzplRy8Thhz0Ps/getUpdates "HTTP/1.1 200 OK"
2025-05-23 11:50:10,457 - httpx - INFO - HTTP Request: POST https://api.telegram.org/bot7093436536:AAEvjyOBDmUYkoOkO2zxZnzplRy8Thhz0Ps/getUpdates "HTTP/1.1 200 OK"
2025-05-23 11:50:20,542 - httpx - INFO - HTTP Request: POST https://api.telegram.org/bot7093436536:AAEvjyOBDmUYkoOkO2zxZnzplRy8Thhz0Ps/getUpdates "HTTP/1.1 200 OK"
2025-05-23 11:50:30,626 - httpx - INFO - HTTP Request: POST https://api.telegram.org/bot7093436536:AAEvjyOBDmUYkoOkO2zxZnzplRy8Thhz0Ps/getUpdates "HTTP/1.1 200 OK"
2025-05-23 11:50:40,712 - httpx - INFO - HTTP Request: POST https://api.telegram.org/bot7093436536:AAEvjyOBDmUYkoOkO2zxZnzplRy8Thhz0Ps/getUpdates "HTTP/1.1 200 OK"
2025-05-23 11:50:50,803 - httpx - INFO - HTTP Request: POST https://api.telegram.org/bot7093436536:AAEvjyOBDmUYkoOkO2zxZnzplRy8Thhz0Ps/getUpdates "HTTP/1.1 200 OK"
2025-05-23 11:51:00,891 - httpx - INFO - HTTP Request: POST https://api.telegram.org/bot7093436536:AAEvjyOBDmUYkoOkO2zxZnzplRy8Thhz0Ps/getUpdates "HTTP/1.1 200 OK"
2025-05-23 11:51:10,974 - httpx - INFO - HTTP Request: POST https://api.telegram.org/bot7093436536:AAEvjyOBDmUYkoOkO2zxZnzplRy8Thhz0Ps/getUpdates "HTTP/1.1 200 OK"
2025-05-23 11:51:21,060 - httpx - INFO - HTTP Request: POST https://api.telegram.org/bot7093436536:AAEvjyOBDmUYkoOkO2zxZnzplRy8Thhz0Ps/getUpdates "HTTP/1.1 200 OK"
2025-05-23 11:51:31,149 - httpx - INFO - HTTP Request: POST https://api.telegram.org/bot7093436536:AAEvjyOBDmUYkoOkO2zxZnzplRy8Thhz0Ps/getUpdates "HTTP/1.1 200 OK"
2025-05-23 11:51:41,235 - httpx - INFO - HTTP Request: POST https://api.telegram.org/bot7093436536:AAEvjyOBDmUYkoOkO2zxZnzplRy8Thhz0Ps/getUpdates "HTTP/1.1 200 OK"
2025-05-23 11:51:51,319 - httpx - INFO - HTTP Request: POST https://api.telegram.org/bot7093436536:AAEvjyOBDmUYkoOkO2zxZnzplRy8Thhz0Ps/getUpdates "HTTP/1.1 200 OK"
2025-05-23 11:52:01,416 - httpx - INFO - HTTP Request: POST https://api.telegram.org/bot7093436536:AAEvjyOBDmUYkoOkO2zxZnzplRy8Thhz0Ps/getUpdates "HTTP/1.1 200 OK"
2025-05-23 11:52:11,503 - httpx - INFO - HTTP Request: POST https://api.telegram.org/bot7093436536:AAEvjyOBDmUYkoOkO2zxZnzplRy8Thhz0Ps/getUpdates "HTTP/1.1 200 OK"
2025-05-23 11:52:21,589 - httpx - INFO - HTTP Request: POST https://api.telegram.org/bot7093436536:AAEvjyOBDmUYkoOkO2zxZnzplRy8Thhz0Ps/getUpdates "HTTP/1.1 200 OK"
2025-05-23 11:52:31,677 - httpx - INFO - HTTP Request: POST https://api.telegram.org/bot7093436536:AAEvjyOBDmUYkoOkO2zxZnzplRy8Thhz0Ps/getUpdates "HTTP/1.1 200 OK"
2025-05-23 11:52:41,761 - httpx - INFO - HTTP Request: POST https://api.telegram.org/bot7093436536:AAEvjyOBDmUYkoOkO2zxZnzplRy8Thhz0Ps/getUpdates "HTTP/1.1 200 OK"
2025-05-23 11:52:51,848 - httpx - INFO - HTTP Request: POST https://api.telegram.org/bot7093436536:AAEvjyOBDmUYkoOkO2zxZnzplRy8Thhz0Ps/getUpdates "HTTP/1.1 200 OK"
2025-05-23 11:53:01,934 - httpx - INFO - HTTP Request: POST https://api.telegram.org/bot7093436536:AAEvjyOBDmUYkoOkO2zxZnzplRy8Thhz0Ps/getUpdates "HTTP/1.1 200 OK"
2025-05-23 11:53:12,019 - httpx - INFO - HTTP Request: POST https://api.telegram.org/bot7093436536:AAEvjyOBDmUYkoOkO2zxZnzplRy8Thhz0Ps/getUpdates "HTTP/1.1 200 OK"
2025-05-23 11:53:22,107 - httpx - INFO - HTTP Request: POST https://api.telegram.org/bot7093436536:AAEvjyOBDmUYkoOkO2zxZnzplRy8Thhz0Ps/getUpdates "HTTP/1.1 200 OK"
2025-05-23 11:53:32,192 - httpx - INFO - HTTP Request: POST https://api.telegram.org/bot7093436536:AAEvjyOBDmUYkoOkO2zxZnzplRy8Thhz0Ps/getUpdates "HTTP/1.1 200 OK"
2025-05-23 11:53:42,278 - httpx - INFO - HTTP Request: POST https://api.telegram.org/bot7093436536:AAEvjyOBDmUYkoOkO2zxZnzplRy8Thhz0Ps/getUpdates "HTTP/1.1 200 OK"
2025-05-23 11:53:52,365 - httpx - INFO - HTTP Request: POST https://api.telegram.org/bot7093436536:AAEvjyOBDmUYkoOkO2zxZnzplRy8Thhz0Ps/getUpdates "HTTP/1.1 200 OK"
2025-05-23 11:54:02,459 - httpx - INFO - HTTP Request: POST https://api.telegram.org/bot7093436536:AAEvjyOBDmUYkoOkO2zxZnzplRy8Thhz0Ps/getUpdates "HTTP/1.1 200 OK"
2025-05-23 11:54:12,545 - httpx - INFO - HTTP Request: POST https://api.telegram.org/bot7093436536:AAEvjyOBDmUYkoOkO2zxZnzplRy8Thhz0Ps/getUpdates "HTTP/1.1 200 OK"
2025-05-23 11:54:22,630 - httpx - INFO - HTTP Request: POST https://api.telegram.org/bot7093436536:AAEvjyOBDmUYkoOkO2zxZnzplRy8Thhz0Ps/getUpdates "HTTP/1.1 200 OK"
2025-05-23 11:54:32,716 - httpx - INFO - HTTP Request: POST https://api.telegram.org/bot7093436536:AAEvjyOBDmUYkoOkO2zxZnzplRy8Thhz0Ps/getUpdates "HTTP/1.1 200 OK"
2025-05-23 11:54:42,800 - httpx - INFO - HTTP Request: POST https://api.telegram.org/bot7093436536:AAEvjyOBDmUYkoOkO2zxZnzplRy8Thhz0Ps/getUpdates "HTTP/1.1 200 OK"
2025-05-23 11:54:52,885 - httpx - INFO - HTTP Request: POST https://api.telegram.org/bot7093436536:AAEvjyOBDmUYkoOkO2zxZnzplRy8Thhz0Ps/getUpdates "HTTP/1.1 200 OK"
2025-05-23 11:55:02,971 - httpx - INFO - HTTP Request: POST https://api.telegram.org/bot7093436536:AAEvjyOBDmUYkoOkO2zxZnzplRy8Thhz0Ps/getUpdates "HTTP/1.1 200 OK"
2025-05-23 11:55:13,057 - httpx - INFO - HTTP Request: POST https://api.telegram.org/bot7093436536:AAEvjyOBDmUYkoOkO2zxZnzplRy8Thhz0Ps/getUpdates "HTTP/1.1 200 OK"
2025-05-23 11:55:23,143 - httpx - INFO - HTTP Request: POST https://api.telegram.org/bot7093436536:AAEvjyOBDmUYkoOkO2zxZnzplRy8Thhz0Ps/getUpdates "HTTP/1.1 200 OK"
2025-05-23 11:55:33,228 - httpx - INFO - HTTP Request: POST https://api.telegram.org/bot7093436536:AAEvjyOBDmUYkoOkO2zxZnzplRy8Thhz0Ps/getUpdates "HTTP/1.1 200 OK"
2025-05-23 11:55:43,320 - httpx - INFO - HTTP Request: POST https://api.telegram.org/bot7093436536:AAEvjyOBDmUYkoOkO2zxZnzplRy8Thhz0Ps/getUpdates "HTTP/1.1 200 OK"
2025-05-23 11:55:53,410 - httpx - INFO - HTTP Request: POST https://api.telegram.org/bot7093436536:AAEvjyOBDmUYkoOkO2zxZnzplRy8Thhz0Ps/getUpdates "HTTP/1.1 200 OK"
2025-05-23 11:56:03,497 - httpx - INFO - HTTP Request: POST https://api.telegram.org/bot7093436536:AAEvjyOBDmUYkoOkO2zxZnzplRy8Thhz0Ps/getUpdates "HTTP/1.1 200 OK"
2025-05-23 11:56:13,581 - httpx - INFO - HTTP Request: POST https://api.telegram.org/bot7093436536:AAEvjyOBDmUYkoOkO2zxZnzplRy8Thhz0Ps/getUpdates "HTTP/1.1 200 OK"
2025-05-23 11:56:23,669 - httpx - INFO - HTTP Request: POST https://api.telegram.org/bot7093436536:AAEvjyOBDmUYkoOkO2zxZnzplRy8Thhz0Ps/getUpdates "HTTP/1.1 200 OK"
2025-05-23 11:56:33,755 - httpx - INFO - HTTP Request: POST https://api.telegram.org/bot7093436536:AAEvjyOBDmUYkoOkO2zxZnzplRy8Thhz0Ps/getUpdates "HTTP/1.1 200 OK"
2025-05-23 11:56:43,839 - httpx - INFO - HTTP Request: POST https://api.telegram.org/bot7093436536:AAEvjyOBDmUYkoOkO2zxZnzplRy8Thhz0Ps/getUpdates "HTTP/1.1 200 OK"
2025-05-23 11:56:53,922 - httpx - INFO - HTTP Request: POST https://api.telegram.org/bot7093436536:AAEvjyOBDmUYkoOkO2zxZnzplRy8Thhz0Ps/getUpdates "HTTP/1.1 200 OK"
2025-05-23 11:57:04,014 - httpx - INFO - HTTP Request: POST https://api.telegram.org/bot7093436536:AAEvjyOBDmUYkoOkO2zxZnzplRy8Thhz0Ps/getUpdates "HTTP/1.1 200 OK"
2025-05-23 11:57:14,099 - httpx - INFO - HTTP Request: POST https://api.telegram.org/bot7093436536:AAEvjyOBDmUYkoOkO2zxZnzplRy8Thhz0Ps/getUpdates "HTTP/1.1 200 OK"
2025-05-23 11:57:24,187 - httpx - INFO - HTTP Request: POST https://api.telegram.org/bot7093436536:AAEvjyOBDmUYkoOkO2zxZnzplRy8Thhz0Ps/getUpdates "HTTP/1.1 200 OK"
2025-05-23 11:57:34,271 - httpx - INFO - HTTP Request: POST https://api.telegram.org/bot7093436536:AAEvjyOBDmUYkoOkO2zxZnzplRy8Thhz0Ps/getUpdates "HTTP/1.1 200 OK"
2025-05-23 11:57:44,357 - httpx - INFO - HTTP Request: POST https://api.telegram.org/bot7093436536:AAEvjyOBDmUYkoOkO2zxZnzplRy8Thhz0Ps/getUpdates "HTTP/1.1 200 OK"
2025-05-23 11:57:54,444 - httpx - INFO - HTTP Request: POST https://api.telegram.org/bot7093436536:AAEvjyOBDmUYkoOkO2zxZnzplRy8Thhz0Ps/getUpdates "HTTP/1.1 200 OK"
2025-05-23 11:58:04,536 - httpx - INFO - HTTP Request: POST https://api.telegram.org/bot7093436536:AAEvjyOBDmUYkoOkO2zxZnzplRy8Thhz0Ps/getUpdates "HTTP/1.1 200 OK"
2025-05-23 11:58:14,625 - httpx - INFO - HTTP Request: POST https://api.telegram.org/bot7093436536:AAEvjyOBDmUYkoOkO2zxZnzplRy8Thhz0Ps/getUpdates "HTTP/1.1 200 OK"
2025-05-23 11:58:24,718 - httpx - INFO - HTTP Request: POST https://api.telegram.org/bot7093436536:AAEvjyOBDmUYkoOkO2zxZnzplRy8Thhz0Ps/getUpdates "HTTP/1.1 200 OK"
2025-05-23 11:58:34,806 - httpx - INFO - HTTP Request: POST https://api.telegram.org/bot7093436536:AAEvjyOBDmUYkoOkO2zxZnzplRy8Thhz0Ps/getUpdates "HTTP/1.1 200 OK"
2025-05-23 11:58:44,891 - httpx - INFO - HTTP Request: POST https://api.telegram.org/bot7093436536:AAEvjyOBDmUYkoOkO2zxZnzplRy8Thhz0Ps/getUpdates "HTTP/1.1 200 OK"
2025-05-23 11:58:54,978 - httpx - INFO - HTTP Request: POST https://api.telegram.org/bot7093436536:AAEvjyOBDmUYkoOkO2zxZnzplRy8Thhz0Ps/getUpdates "HTTP/1.1 200 OK"
2025-05-23 11:59:05,067 - httpx - INFO - HTTP Request: POST https://api.telegram.org/bot7093436536:AAEvjyOBDmUYkoOkO2zxZnzplRy8Thhz0Ps/getUpdates "HTTP/1.1 200 OK"
2025-05-23 11:59:15,164 - httpx - INFO - HTTP Request: POST https://api.telegram.org/bot7093436536:AAEvjyOBDmUYkoOkO2zxZnzplRy8Thhz0Ps/getUpdates "HTTP/1.1 200 OK"
2025-05-23 11:59:25,415 - httpx - INFO - HTTP Request: POST https://api.telegram.org/bot7093436536:AAEvjyOBDmUYkoOkO2zxZnzplRy8Thhz0Ps/getUpdates "HTTP/1.1 200 OK"
2025-05-23 11:59:35,497 - httpx - INFO - HTTP Request: POST https://api.telegram.org/bot7093436536:AAEvjyOBDmUYkoOkO2zxZnzplRy8Thhz0Ps/getUpdates "HTTP/1.1 200 OK"
2025-05-23 11:59:45,580 - httpx - INFO - HTTP Request: POST https://api.telegram.org/bot7093436536:AAEvjyOBDmUYkoOkO2zxZnzplRy8Thhz0Ps/getUpdates "HTTP/1.1 200 OK"
2025-05-23 11:59:55,667 - httpx - INFO - HTTP Request: POST https://api.telegram.org/bot7093436536:AAEvjyOBDmUYkoOkO2zxZnzplRy8Thhz0Ps/getUpdates "HTTP/1.1 200 OK"
2025-05-23 12:00:05,749 - httpx - INFO - HTTP Request: POST https://api.telegram.org/bot7093436536:AAEvjyOBDmUYkoOkO2zxZnzplRy8Thhz0Ps/getUpdates "HTTP/1.1 200 OK"
2025-05-23 12:00:15,837 - httpx - INFO - HTTP Request: POST https://api.telegram.org/bot7093436536:AAEvjyOBDmUYkoOkO2zxZnzplRy8Thhz0Ps/getUpdates "HTTP/1.1 200 OK"
2025-05-23 12:00:25,921 - httpx - INFO - HTTP Request: POST https://api.telegram.org/bot7093436536:AAEvjyOBDmUYkoOkO2zxZnzplRy8Thhz0Ps/getUpdates "HTTP/1.1 200 OK"
2025-05-23 12:00:36,003 - httpx - INFO - HTTP Request: POST https://api.telegram.org/bot7093436536:AAEvjyOBDmUYkoOkO2zxZnzplRy8Thhz0Ps/getUpdates "HTTP/1.1 200 OK"
2025-05-23 12:00:46,087 - httpx - INFO - HTTP Request: POST https://api.telegram.org/bot7093436536:AAEvjyOBDmUYkoOkO2zxZnzplRy8Thhz0Ps/getUpdates "HTTP/1.1 200 OK"
2025-05-23 12:00:56,168 - httpx - INFO - HTTP Request: POST https://api.telegram.org/bot7093436536:AAEvjyOBDmUYkoOkO2zxZnzplRy8Thhz0Ps/getUpdates "HTTP/1.1 200 OK"
2025-05-23 12:01:06,252 - httpx - INFO - HTTP Request: POST https://api.telegram.org/bot7093436536:AAEvjyOBDmUYkoOkO2zxZnzplRy8Thhz0Ps/getUpdates "HTTP/1.1 200 OK"
2025-05-23 12:01:16,335 - httpx - INFO - HTTP Request: POST https://api.telegram.org/bot7093436536:AAEvjyOBDmUYkoOkO2zxZnzplRy8Thhz0Ps/getUpdates "HTTP/1.1 200 OK"
2025-05-23 12:01:26,416 - httpx - INFO - HTTP Request: POST https://api.telegram.org/bot7093436536:AAEvjyOBDmUYkoOkO2zxZnzplRy8Thhz0Ps/getUpdates "HTTP/1.1 200 OK"
2025-05-23 12:01:36,500 - httpx - INFO - HTTP Request: POST https://api.telegram.org/bot7093436536:AAEvjyOBDmUYkoOkO2zxZnzplRy8Thhz0Ps/getUpdates "HTTP/1.1 200 OK"
2025-05-23 12:01:46,581 - httpx - INFO - HTTP Request: POST https://api.telegram.org/bot7093436536:AAEvjyOBDmUYkoOkO2zxZnzplRy8Thhz0Ps/getUpdates "HTTP/1.1 200 OK"
2025-05-23 12:01:56,667 - httpx - INFO - HTTP Request: POST https://api.telegram.org/bot7093436536:AAEvjyOBDmUYkoOkO2zxZnzplRy8Thhz0Ps/getUpdates "HTTP/1.1 200 OK"
2025-05-23 12:02:06,749 - httpx - INFO - HTTP Request: POST https://api.telegram.org/bot7093436536:AAEvjyOBDmUYkoOkO2zxZnzplRy8Thhz0Ps/getUpdates "HTTP/1.1 200 OK"
2025-05-23 12:02:08,425 - httpx - INFO - HTTP Request: POST https://api.telegram.org/bot7093436536:AAEvjyOBDmUYkoOkO2zxZnzplRy8Thhz0Ps/getUpdates "HTTP/1.1 200 OK"
2025-05-23 12:02:08,727 - httpx - INFO - HTTP Request: POST https://api.telegram.org/bot7093436536:AAEvjyOBDmUYkoOkO2zxZnzplRy8Thhz0Ps/sendMessage "HTTP/1.1 200 OK"
2025-05-23 12:02:18,511 - httpx - INFO - HTTP Request: POST https://api.telegram.org/bot7093436536:AAEvjyOBDmUYkoOkO2zxZnzplRy8Thhz0Ps/getUpdates "HTTP/1.1 200 OK"
2025-05-23 12:02:28,593 - httpx - INFO - HTTP Request: POST https://api.telegram.org/bot7093436536:AAEvjyOBDmUYkoOkO2zxZnzplRy8Thhz0Ps/getUpdates "HTTP/1.1 200 OK"
2025-05-23 12:02:38,675 - httpx - INFO - HTTP Request: POST https://api.telegram.org/bot7093436536:AAEvjyOBDmUYkoOkO2zxZnzplRy8Thhz0Ps/getUpdates "HTTP/1.1 200 OK"
2025-05-23 12:02:48,759 - httpx - INFO - HTTP Request: POST https://api.telegram.org/bot7093436536:AAEvjyOBDmUYkoOkO2zxZnzplRy8Thhz0Ps/getUpdates "HTTP/1.1 200 OK"
2025-05-23 12:02:58,845 - httpx - INFO - HTTP Request: POST https://api.telegram.org/bot7093436536:AAEvjyOBDmUYkoOkO2zxZnzplRy8Thhz0Ps/getUpdates "HTTP/1.1 200 OK"
2025-05-23 12:03:08,925 - httpx - INFO - HTTP Request: POST https://api.telegram.org/bot7093436536:AAEvjyOBDmUYkoOkO2zxZnzplRy8Thhz0Ps/getUpdates "HTTP/1.1 200 OK"
2025-05-23 12:03:19,008 - httpx - INFO - HTTP Request: POST https://api.telegram.org/bot7093436536:AAEvjyOBDmUYkoOkO2zxZnzplRy8Thhz0Ps/getUpdates "HTTP/1.1 200 OK"
2025-05-23 12:03:29,089 - httpx - INFO - HTTP Request: POST https://api.telegram.org/bot7093436536:AAEvjyOBDmUYkoOkO2zxZnzplRy8Thhz0Ps/getUpdates "HTTP/1.1 200 OK"
2025-05-23 12:03:39,170 - httpx - INFO - HTTP Request: POST https://api.telegram.org/bot7093436536:AAEvjyOBDmUYkoOkO2zxZnzplRy8Thhz0Ps/getUpdates "HTTP/1.1 200 OK"
2025-05-23 12:03:49,253 - httpx - INFO - HTTP Request: POST https://api.telegram.org/bot7093436536:AAEvjyOBDmUYkoOkO2zxZnzplRy8Thhz0Ps/getUpdates "HTTP/1.1 200 OK"
2025-05-23 12:03:59,340 - httpx - INFO - HTTP Request: POST https://api.telegram.org/bot7093436536:AAEvjyOBDmUYkoOkO2zxZnzplRy8Thhz0Ps/getUpdates "HTTP/1.1 200 OK"
2025-05-23 12:04:09,427 - httpx - INFO - HTTP Request: POST https://api.telegram.org/bot7093436536:AAEvjyOBDmUYkoOkO2zxZnzplRy8Thhz0Ps/getUpdates "HTTP/1.1 200 OK"
2025-05-23 12:04:19,508 - httpx - INFO - HTTP Request: POST https://api.telegram.org/bot7093436536:AAEvjyOBDmUYkoOkO2zxZnzplRy8Thhz0Ps/getUpdates "HTTP/1.1 200 OK"
2025-05-23 12:04:29,597 - httpx - INFO - HTTP Request: POST https://api.telegram.org/bot7093436536:AAEvjyOBDmUYkoOkO2zxZnzplRy8Thhz0Ps/getUpdates "HTTP/1.1 200 OK"
2025-05-23 12:04:39,678 - httpx - INFO - HTTP Request: POST https://api.telegram.org/bot7093436536:AAEvjyOBDmUYkoOkO2zxZnzplRy8Thhz0Ps/getUpdates "HTTP/1.1 200 OK"
2025-05-23 12:04:49,767 - httpx - INFO - HTTP Request: POST https://api.telegram.org/bot7093436536:AAEvjyOBDmUYkoOkO2zxZnzplRy8Thhz0Ps/getUpdates "HTTP/1.1 200 OK"
2025-05-23 12:04:59,850 - httpx - INFO - HTTP Request: POST https://api.telegram.org/bot7093436536:AAEvjyOBDmUYkoOkO2zxZnzplRy8Thhz0Ps/getUpdates "HTTP/1.1 200 OK"
2025-05-23 12:05:09,933 - httpx - INFO - HTTP Request: POST https://api.telegram.org/bot7093436536:AAEvjyOBDmUYkoOkO2zxZnzplRy8Thhz0Ps/getUpdates "HTTP/1.1 200 OK"
2025-05-23 12:05:20,013 - httpx - INFO - HTTP Request: POST https://api.telegram.org/bot7093436536:AAEvjyOBDmUYkoOkO2zxZnzplRy8Thhz0Ps/getUpdates "HTTP/1.1 200 OK"
2025-05-23 12:05:30,095 - httpx - INFO - HTTP Request: POST https://api.telegram.org/bot7093436536:AAEvjyOBDmUYkoOkO2zxZnzplRy8Thhz0Ps/getUpdates "HTTP/1.1 200 OK"
2025-05-23 12:05:40,180 - httpx - INFO - HTTP Request: POST https://api.telegram.org/bot7093436536:AAEvjyOBDmUYkoOkO2zxZnzplRy8Thhz0Ps/getUpdates "HTTP/1.1 200 OK"
2025-05-23 12:05:50,261 - httpx - INFO - HTTP Request: POST https://api.telegram.org/bot7093436536:AAEvjyOBDmUYkoOkO2zxZnzplRy8Thhz0Ps/getUpdates "HTTP/1.1 200 OK"
2025-05-23 12:06:00,342 - httpx - INFO - HTTP Request: POST https://api.telegram.org/bot7093436536:AAEvjyOBDmUYkoOkO2zxZnzplRy8Thhz0Ps/getUpdates "HTTP/1.1 200 OK"
2025-05-23 12:06:10,426 - httpx - INFO - HTTP Request: POST https://api.telegram.org/bot7093436536:AAEvjyOBDmUYkoOkO2zxZnzplRy8Thhz0Ps/getUpdates "HTTP/1.1 200 OK"
2025-05-23 12:06:20,509 - httpx - INFO - HTTP Request: POST https://api.telegram.org/bot7093436536:AAEvjyOBDmUYkoOkO2zxZnzplRy8Thhz0Ps/getUpdates "HTTP/1.1 200 OK"
2025-05-23 12:06:30,589 - httpx - INFO - HTTP Request: POST https://api.telegram.org/bot7093436536:AAEvjyOBDmUYkoOkO2zxZnzplRy8Thhz0Ps/getUpdates "HTTP/1.1 200 OK"
2025-05-23 12:06:40,672 - httpx - INFO - HTTP Request: POST https://api.telegram.org/bot7093436536:AAEvjyOBDmUYkoOkO2zxZnzplRy8Thhz0Ps/getUpdates "HTTP/1.1 200 OK"
2025-05-23 12:06:50,755 - httpx - INFO - HTTP Request: POST https://api.telegram.org/bot7093436536:AAEvjyOBDmUYkoOkO2zxZnzplRy8Thhz0Ps/getUpdates "HTTP/1.1 200 OK"
2025-05-23 12:07:00,850 - httpx - INFO - HTTP Request: POST https://api.telegram.org/bot7093436536:AAEvjyOBDmUYkoOkO2zxZnzplRy8Thhz0Ps/getUpdates "HTTP/1.1 200 OK"
2025-05-23 12:07:10,937 - httpx - INFO - HTTP Request: POST https://api.telegram.org/bot7093436536:AAEvjyOBDmUYkoOkO2zxZnzplRy8Thhz0Ps/getUpdates "HTTP/1.1 200 OK"
2025-05-23 12:07:21,018 - httpx - INFO - HTTP Request: POST https://api.telegram.org/bot7093436536:AAEvjyOBDmUYkoOkO2zxZnzplRy8Thhz0Ps/getUpdates "HTTP/1.1 200 OK"
2025-05-23 12:07:31,099 - httpx - INFO - HTTP Request: POST https://api.telegram.org/bot7093436536:AAEvjyOBDmUYkoOkO2zxZnzplRy8Thhz0Ps/getUpdates "HTTP/1.1 200 OK"
2025-05-23 12:07:41,179 - httpx - INFO - HTTP Request: POST https://api.telegram.org/bot7093436536:AAEvjyOBDmUYkoOkO2zxZnzplRy8Thhz0Ps/getUpdates "HTTP/1.1 200 OK"
2025-05-23 12:07:51,261 - httpx - INFO - HTTP Request: POST https://api.telegram.org/bot7093436536:AAEvjyOBDmUYkoOkO2zxZnzplRy8Thhz0Ps/getUpdates "HTTP/1.1 200 OK"
2025-05-23 12:08:01,343 - httpx - INFO - HTTP Request: POST https://api.telegram.org/bot7093436536:AAEvjyOBDmUYkoOkO2zxZnzplRy8Thhz0Ps/getUpdates "HTTP/1.1 200 OK"
2025-05-23 12:08:11,424 - httpx - INFO - HTTP Request: POST https://api.telegram.org/bot7093436536:AAEvjyOBDmUYkoOkO2zxZnzplRy8Thhz0Ps/getUpdates "HTTP/1.1 200 OK"
2025-05-23 12:08:21,509 - httpx - INFO - HTTP Request: POST https://api.telegram.org/bot7093436536:AAEvjyOBDmUYkoOkO2zxZnzplRy8Thhz0Ps/getUpdates "HTTP/1.1 200 OK"
2025-05-23 12:08:31,593 - httpx - INFO - HTTP Request: POST https://api.telegram.org/bot7093436536:AAEvjyOBDmUYkoOkO2zxZnzplRy8Thhz0Ps/getUpdates "HTTP/1.1 200 OK"
2025-05-23 12:08:41,673 - httpx - INFO - HTTP Request: POST https://api.telegram.org/bot7093436536:AAEvjyOBDmUYkoOkO2zxZnzplRy8Thhz0Ps/getUpdates "HTTP/1.1 200 OK"
2025-05-23 12:08:51,753 - httpx - INFO - HTTP Request: POST https://api.telegram.org/bot7093436536:AAEvjyOBDmUYkoOkO2zxZnzplRy8Thhz0Ps/getUpdates "HTTP/1.1 200 OK"
2025-05-23 12:09:01,837 - httpx - INFO - HTTP Request: POST https://api.telegram.org/bot7093436536:AAEvjyOBDmUYkoOkO2zxZnzplRy8Thhz0Ps/getUpdates "HTTP/1.1 200 OK"
2025-05-23 12:09:11,932 - httpx - INFO - HTTP Request: POST https://api.telegram.org/bot7093436536:AAEvjyOBDmUYkoOkO2zxZnzplRy8Thhz0Ps/getUpdates "HTTP/1.1 200 OK"
2025-05-23 12:09:22,014 - httpx - INFO - HTTP Request: POST https://api.telegram.org/bot7093436536:AAEvjyOBDmUYkoOkO2zxZnzplRy8Thhz0Ps/getUpdates "HTTP/1.1 200 OK"
2025-05-23 12:09:32,098 - httpx - INFO - HTTP Request: POST https://api.telegram.org/bot7093436536:AAEvjyOBDmUYkoOkO2zxZnzplRy8Thhz0Ps/getUpdates "HTTP/1.1 200 OK"
2025-05-23 12:09:42,179 - httpx - INFO - HTTP Request: POST https://api.telegram.org/bot7093436536:AAEvjyOBDmUYkoOkO2zxZnzplRy8Thhz0Ps/getUpdates "HTTP/1.1 200 OK"
2025-05-23 12:09:52,260 - httpx - INFO - HTTP Request: POST https://api.telegram.org/bot7093436536:AAEvjyOBDmUYkoOkO2zxZnzplRy8Thhz0Ps/getUpdates "HTTP/1.1 200 OK"
2025-05-23 12:10:02,347 - httpx - INFO - HTTP Request: POST https://api.telegram.org/bot7093436536:AAEvjyOBDmUYkoOkO2zxZnzplRy8Thhz0Ps/getUpdates "HTTP/1.1 200 OK"
2025-05-23 12:10:12,429 - httpx - INFO - HTTP Request: POST https://api.telegram.org/bot7093436536:AAEvjyOBDmUYkoOkO2zxZnzplRy8Thhz0Ps/getUpdates "HTTP/1.1 200 OK"
2025-05-23 12:10:22,509 - httpx - INFO - HTTP Request: POST https://api.telegram.org/bot7093436536:AAEvjyOBDmUYkoOkO2zxZnzplRy8Thhz0Ps/getUpdates "HTTP/1.1 200 OK"
2025-05-23 12:10:32,589 - httpx - INFO - HTTP Request: POST https://api.telegram.org/bot7093436536:AAEvjyOBDmUYkoOkO2zxZnzplRy8Thhz0Ps/getUpdates "HTTP/1.1 200 OK"
2025-05-23 12:10:42,671 - httpx - INFO - HTTP Request: POST https://api.telegram.org/bot7093436536:AAEvjyOBDmUYkoOkO2zxZnzplRy8Thhz0Ps/getUpdates "HTTP/1.1 200 OK"
2025-05-23 12:10:52,753 - httpx - INFO - HTTP Request: POST https://api.telegram.org/bot7093436536:AAEvjyOBDmUYkoOkO2zxZnzplRy8Thhz0Ps/getUpdates "HTTP/1.1 200 OK"
2025-05-23 12:11:02,835 - httpx - INFO - HTTP Request: POST https://api.telegram.org/bot7093436536:AAEvjyOBDmUYkoOkO2zxZnzplRy8Thhz0Ps/getUpdates "HTTP/1.1 200 OK"
2025-05-23 12:11:12,917 - httpx - INFO - HTTP Request: POST https://api.telegram.org/bot7093436536:AAEvjyOBDmUYkoOkO2zxZnzplRy8Thhz0Ps/getUpdates "HTTP/1.1 200 OK"
2025-05-23 12:11:22,999 - httpx - INFO - HTTP Request: POST https://api.telegram.org/bot7093436536:AAEvjyOBDmUYkoOkO2zxZnzplRy8Thhz0Ps/getUpdates "HTTP/1.1 200 OK"
2025-05-23 12:11:33,081 - httpx - INFO - HTTP Request: POST https://api.telegram.org/bot7093436536:AAEvjyOBDmUYkoOkO2zxZnzplRy8Thhz0Ps/getUpdates "HTTP/1.1 200 OK"
2025-05-23 12:11:43,168 - httpx - INFO - HTTP Request: POST https://api.telegram.org/bot7093436536:AAEvjyOBDmUYkoOkO2zxZnzplRy8Thhz0Ps/getUpdates "HTTP/1.1 200 OK"
2025-05-23 12:11:53,251 - httpx - INFO - HTTP Request: POST https://api.telegram.org/bot7093436536:AAEvjyOBDmUYkoOkO2zxZnzplRy8Thhz0Ps/getUpdates "HTTP/1.1 200 OK"
2025-05-23 12:12:03,333 - httpx - INFO - HTTP Request: POST https://api.telegram.org/bot7093436536:AAEvjyOBDmUYkoOkO2zxZnzplRy8Thhz0Ps/getUpdates "HTTP/1.1 200 OK"
2025-05-23 12:12:13,542 - httpx - INFO - HTTP Request: POST https://api.telegram.org/bot7093436536:AAEvjyOBDmUYkoOkO2zxZnzplRy8Thhz0Ps/getUpdates "HTTP/1.1 200 OK"
2025-05-23 12:12:23,630 - httpx - INFO - HTTP Request: POST https://api.telegram.org/bot7093436536:AAEvjyOBDmUYkoOkO2zxZnzplRy8Thhz0Ps/getUpdates "HTTP/1.1 200 OK"
2025-05-23 12:12:33,712 - httpx - INFO - HTTP Request: POST https://api.telegram.org/bot7093436536:AAEvjyOBDmUYkoOkO2zxZnzplRy8Thhz0Ps/getUpdates "HTTP/1.1 200 OK"
2025-05-23 12:12:43,795 - httpx - INFO - HTTP Request: POST https://api.telegram.org/bot7093436536:AAEvjyOBDmUYkoOkO2zxZnzplRy8Thhz0Ps/getUpdates "HTTP/1.1 200 OK"
2025-05-23 12:12:53,878 - httpx - INFO - HTTP Request: POST https://api.telegram.org/bot7093436536:AAEvjyOBDmUYkoOkO2zxZnzplRy8Thhz0Ps/getUpdates "HTTP/1.1 200 OK"
2025-05-23 12:13:03,959 - httpx - INFO - HTTP Request: POST https://api.telegram.org/bot7093436536:AAEvjyOBDmUYkoOkO2zxZnzplRy8Thhz0Ps/getUpdates "HTTP/1.1 200 OK"
2025-05-23 12:13:14,041 - httpx - INFO - HTTP Request: POST https://api.telegram.org/bot7093436536:AAEvjyOBDmUYkoOkO2zxZnzplRy8Thhz0Ps/getUpdates "HTTP/1.1 200 OK"
2025-05-23 12:13:24,122 - httpx - INFO - HTTP Request: POST https://api.telegram.org/bot7093436536:AAEvjyOBDmUYkoOkO2zxZnzplRy8Thhz0Ps/getUpdates "HTTP/1.1 200 OK"
2025-05-23 12:13:34,202 - httpx - INFO - HTTP Request: POST https://api.telegram.org/bot7093436536:AAEvjyOBDmUYkoOkO2zxZnzplRy8Thhz0Ps/getUpdates "HTTP/1.1 200 OK"
2025-05-23 12:13:44,284 - httpx - INFO - HTTP Request: POST https://api.telegram.org/bot7093436536:AAEvjyOBDmUYkoOkO2zxZnzplRy8Thhz0Ps/getUpdates "HTTP/1.1 200 OK"
2025-05-23 12:13:54,373 - httpx - INFO - HTTP Request: POST https://api.telegram.org/bot7093436536:AAEvjyOBDmUYkoOkO2zxZnzplRy8Thhz0Ps/getUpdates "HTTP/1.1 200 OK"
2025-05-23 12:14:04,453 - httpx - INFO - HTTP Request: POST https://api.telegram.org/bot7093436536:AAEvjyOBDmUYkoOkO2zxZnzplRy8Thhz0Ps/getUpdates "HTTP/1.1 200 OK"
2025-05-23 12:14:14,534 - httpx - INFO - HTTP Request: POST https://api.telegram.org/bot7093436536:AAEvjyOBDmUYkoOkO2zxZnzplRy8Thhz0Ps/getUpdates "HTTP/1.1 200 OK"
2025-05-23 12:14:24,620 - httpx - INFO - HTTP Request: POST https://api.telegram.org/bot7093436536:AAEvjyOBDmUYkoOkO2zxZnzplRy8Thhz0Ps/getUpdates "HTTP/1.1 200 OK"
2025-05-23 12:14:34,707 - httpx - INFO - HTTP Request: POST https://api.telegram.org/bot7093436536:AAEvjyOBDmUYkoOkO2zxZnzplRy8Thhz0Ps/getUpdates "HTTP/1.1 200 OK"
2025-05-23 12:14:44,790 - httpx - INFO - HTTP Request: POST https://api.telegram.org/bot7093436536:AAEvjyOBDmUYkoOkO2zxZnzplRy8Thhz0Ps/getUpdates "HTTP/1.1 200 OK"
2025-05-23 12:14:54,876 - httpx - INFO - HTTP Request: POST https://api.telegram.org/bot7093436536:AAEvjyOBDmUYkoOkO2zxZnzplRy8Thhz0Ps/getUpdates "HTTP/1.1 200 OK"
2025-05-23 12:15:04,957 - httpx - INFO - HTTP Request: POST https://api.telegram.org/bot7093436536:AAEvjyOBDmUYkoOkO2zxZnzplRy8Thhz0Ps/getUpdates "HTTP/1.1 200 OK"
2025-05-23 12:15:15,039 - httpx - INFO - HTTP Request: POST https://api.telegram.org/bot7093436536:AAEvjyOBDmUYkoOkO2zxZnzplRy8Thhz0Ps/getUpdates "HTTP/1.1 200 OK"
2025-05-23 12:15:25,123 - httpx - INFO - HTTP Request: POST https://api.telegram.org/bot7093436536:AAEvjyOBDmUYkoOkO2zxZnzplRy8Thhz0Ps/getUpdates "HTTP/1.1 200 OK"
2025-05-23 12:15:35,203 - httpx - INFO - HTTP Request: POST https://api.telegram.org/bot7093436536:AAEvjyOBDmUYkoOkO2zxZnzplRy8Thhz0Ps/getUpdates "HTTP/1.1 200 OK"
2025-05-23 12:15:45,288 - httpx - INFO - HTTP Request: POST https://api.telegram.org/bot7093436536:AAEvjyOBDmUYkoOkO2zxZnzplRy8Thhz0Ps/getUpdates "HTTP/1.1 200 OK"
2025-05-23 12:15:55,373 - httpx - INFO - HTTP Request: POST https://api.telegram.org/bot7093436536:AAEvjyOBDmUYkoOkO2zxZnzplRy8Thhz0Ps/getUpdates "HTTP/1.1 200 OK"
2025-05-23 12:16:05,623 - httpx - INFO - HTTP Request: POST https://api.telegram.org/bot7093436536:AAEvjyOBDmUYkoOkO2zxZnzplRy8Thhz0Ps/getUpdates "HTTP/1.1 200 OK"
2025-05-23 12:16:15,704 - httpx - INFO - HTTP Request: POST https://api.telegram.org/bot7093436536:AAEvjyOBDmUYkoOkO2zxZnzplRy8Thhz0Ps/getUpdates "HTTP/1.1 200 OK"
2025-05-23 12:16:25,817 - httpx - INFO - HTTP Request: POST https://api.telegram.org/bot7093436536:AAEvjyOBDmUYkoOkO2zxZnzplRy8Thhz0Ps/getUpdates "HTTP/1.1 200 OK"
2025-05-23 12:16:35,897 - httpx - INFO - HTTP Request: POST https://api.telegram.org/bot7093436536:AAEvjyOBDmUYkoOkO2zxZnzplRy8Thhz0Ps/getUpdates "HTTP/1.1 200 OK"
2025-05-23 12:16:45,978 - httpx - INFO - HTTP Request: POST https://api.telegram.org/bot7093436536:AAEvjyOBDmUYkoOkO2zxZnzplRy8Thhz0Ps/getUpdates "HTTP/1.1 200 OK"
2025-05-23 12:16:56,061 - httpx - INFO - HTTP Request: POST https://api.telegram.org/bot7093436536:AAEvjyOBDmUYkoOkO2zxZnzplRy8Thhz0Ps/getUpdates "HTTP/1.1 200 OK"
2025-05-23 12:17:06,141 - httpx - INFO - HTTP Request: POST https://api.telegram.org/bot7093436536:AAEvjyOBDmUYkoOkO2zxZnzplRy8Thhz0Ps/getUpdates "HTTP/1.1 200 OK"
2025-05-23 12:17:16,224 - httpx - INFO - HTTP Request: POST https://api.telegram.org/bot7093436536:AAEvjyOBDmUYkoOkO2zxZnzplRy8Thhz0Ps/getUpdates "HTTP/1.1 200 OK"
2025-05-23 12:17:26,307 - httpx - INFO - HTTP Request: POST https://api.telegram.org/bot7093436536:AAEvjyOBDmUYkoOkO2zxZnzplRy8Thhz0Ps/getUpdates "HTTP/1.1 200 OK"
2025-05-23 12:17:36,388 - httpx - INFO - HTTP Request: POST https://api.telegram.org/bot7093436536:AAEvjyOBDmUYkoOkO2zxZnzplRy8Thhz0Ps/getUpdates "HTTP/1.1 200 OK"
2025-05-23 12:17:46,468 - httpx - INFO - HTTP Request: POST https://api.telegram.org/bot7093436536:AAEvjyOBDmUYkoOkO2zxZnzplRy8Thhz0Ps/getUpdates "HTTP/1.1 200 OK"
2025-05-23 12:17:56,554 - httpx - INFO - HTTP Request: POST https://api.telegram.org/bot7093436536:AAEvjyOBDmUYkoOkO2zxZnzplRy8Thhz0Ps/getUpdates "HTTP/1.1 200 OK"
2025-05-23 12:18:06,637 - httpx - INFO - HTTP Request: POST https://api.telegram.org/bot7093436536:AAEvjyOBDmUYkoOkO2zxZnzplRy8Thhz0Ps/getUpdates "HTTP/1.1 200 OK"
2025-05-23 12:18:16,724 - httpx - INFO - HTTP Request: POST https://api.telegram.org/bot7093436536:AAEvjyOBDmUYkoOkO2zxZnzplRy8Thhz0Ps/getUpdates "HTTP/1.1 200 OK"
2025-05-23 12:18:26,808 - httpx - INFO - HTTP Request: POST https://api.telegram.org/bot7093436536:AAEvjyOBDmUYkoOkO2zxZnzplRy8Thhz0Ps/getUpdates "HTTP/1.1 200 OK"
2025-05-23 12:18:36,891 - httpx - INFO - HTTP Request: POST https://api.telegram.org/bot7093436536:AAEvjyOBDmUYkoOkO2zxZnzplRy8Thhz0Ps/getUpdates "HTTP/1.1 200 OK"
2025-05-23 12:18:46,975 - httpx - INFO - HTTP Request: POST https://api.telegram.org/bot7093436536:AAEvjyOBDmUYkoOkO2zxZnzplRy8Thhz0Ps/getUpdates "HTTP/1.1 200 OK"
2025-05-23 12:18:57,055 - httpx - INFO - HTTP Request: POST https://api.telegram.org/bot7093436536:AAEvjyOBDmUYkoOkO2zxZnzplRy8Thhz0Ps/getUpdates "HTTP/1.1 200 OK"
2025-05-23 12:19:07,138 - httpx - INFO - HTTP Request: POST https://api.telegram.org/bot7093436536:AAEvjyOBDmUYkoOkO2zxZnzplRy8Thhz0Ps/getUpdates "HTTP/1.1 200 OK"
2025-05-23 12:19:17,220 - httpx - INFO - HTTP Request: POST https://api.telegram.org/bot7093436536:AAEvjyOBDmUYkoOkO2zxZnzplRy8Thhz0Ps/getUpdates "HTTP/1.1 200 OK"
2025-05-23 12:19:27,302 - httpx - INFO - HTTP Request: POST https://api.telegram.org/bot7093436536:AAEvjyOBDmUYkoOkO2zxZnzplRy8Thhz0Ps/getUpdates "HTTP/1.1 200 OK"
2025-05-23 12:19:37,393 - httpx - INFO - HTTP Request: POST https://api.telegram.org/bot7093436536:AAEvjyOBDmUYkoOkO2zxZnzplRy8Thhz0Ps/getUpdates "HTTP/1.1 200 OK"
2025-05-23 12:19:47,474 - httpx - INFO - HTTP Request: POST https://api.telegram.org/bot7093436536:AAEvjyOBDmUYkoOkO2zxZnzplRy8Thhz0Ps/getUpdates "HTTP/1.1 200 OK"
2025-05-23 12:19:57,556 - httpx - INFO - HTTP Request: POST https://api.telegram.org/bot7093436536:AAEvjyOBDmUYkoOkO2zxZnzplRy8Thhz0Ps/getUpdates "HTTP/1.1 200 OK"
2025-05-23 12:20:07,639 - httpx - INFO - HTTP Request: POST https://api.telegram.org/bot7093436536:AAEvjyOBDmUYkoOkO2zxZnzplRy8Thhz0Ps/getUpdates "HTTP/1.1 200 OK"
2025-05-23 12:20:17,724 - httpx - INFO - HTTP Request: POST https://api.telegram.org/bot7093436536:AAEvjyOBDmUYkoOkO2zxZnzplRy8Thhz0Ps/getUpdates "HTTP/1.1 200 OK"
2025-05-23 12:20:27,808 - httpx - INFO - HTTP Request: POST https://api.telegram.org/bot7093436536:AAEvjyOBDmUYkoOkO2zxZnzplRy8Thhz0Ps/getUpdates "HTTP/1.1 200 OK"
2025-05-23 12:20:37,896 - httpx - INFO - HTTP Request: POST https://api.telegram.org/bot7093436536:AAEvjyOBDmUYkoOkO2zxZnzplRy8Thhz0Ps/getUpdates "HTTP/1.1 200 OK"
2025-05-23 12:20:47,979 - httpx - INFO - HTTP Request: POST https://api.telegram.org/bot7093436536:AAEvjyOBDmUYkoOkO2zxZnzplRy8Thhz0Ps/getUpdates "HTTP/1.1 200 OK"
2025-05-23 12:20:58,068 - httpx - INFO - HTTP Request: POST https://api.telegram.org/bot7093436536:AAEvjyOBDmUYkoOkO2zxZnzplRy8Thhz0Ps/getUpdates "HTTP/1.1 200 OK"
2025-05-23 12:21:08,158 - httpx - INFO - HTTP Request: POST https://api.telegram.org/bot7093436536:AAEvjyOBDmUYkoOkO2zxZnzplRy8Thhz0Ps/getUpdates "HTTP/1.1 200 OK"
2025-05-23 12:21:18,240 - httpx - INFO - HTTP Request: POST https://api.telegram.org/bot7093436536:AAEvjyOBDmUYkoOkO2zxZnzplRy8Thhz0Ps/getUpdates "HTTP/1.1 200 OK"
2025-05-23 12:21:28,323 - httpx - INFO - HTTP Request: POST https://api.telegram.org/bot7093436536:AAEvjyOBDmUYkoOkO2zxZnzplRy8Thhz0Ps/getUpdates "HTTP/1.1 200 OK"
2025-05-23 12:21:38,407 - httpx - INFO - HTTP Request: POST https://api.telegram.org/bot7093436536:AAEvjyOBDmUYkoOkO2zxZnzplRy8Thhz0Ps/getUpdates "HTTP/1.1 200 OK"
2025-05-23 12:21:48,488 - httpx - INFO - HTTP Request: POST https://api.telegram.org/bot7093436536:AAEvjyOBDmUYkoOkO2zxZnzplRy8Thhz0Ps/getUpdates "HTTP/1.1 200 OK"
2025-05-23 12:21:58,572 - httpx - INFO - HTTP Request: POST https://api.telegram.org/bot7093436536:AAEvjyOBDmUYkoOkO2zxZnzplRy8Thhz0Ps/getUpdates "HTTP/1.1 200 OK"
2025-05-23 12:22:08,657 - httpx - INFO - HTTP Request: POST https://api.telegram.org/bot7093436536:AAEvjyOBDmUYkoOkO2zxZnzplRy8Thhz0Ps/getUpdates "HTTP/1.1 200 OK"
2025-05-23 12:22:18,743 - httpx - INFO - HTTP Request: POST https://api.telegram.org/bot7093436536:AAEvjyOBDmUYkoOkO2zxZnzplRy8Thhz0Ps/getUpdates "HTTP/1.1 200 OK"
2025-05-23 12:22:28,826 - httpx - INFO - HTTP Request: POST https://api.telegram.org/bot7093436536:AAEvjyOBDmUYkoOkO2zxZnzplRy8Thhz0Ps/getUpdates "HTTP/1.1 200 OK"
2025-05-23 12:22:38,908 - httpx - INFO - HTTP Request: POST https://api.telegram.org/bot7093436536:AAEvjyOBDmUYkoOkO2zxZnzplRy8Thhz0Ps/getUpdates "HTTP/1.1 200 OK"
2025-05-23 12:22:48,989 - httpx - INFO - HTTP Request: POST https://api.telegram.org/bot7093436536:AAEvjyOBDmUYkoOkO2zxZnzplRy8Thhz0Ps/getUpdates "HTTP/1.1 200 OK"
2025-05-23 12:22:59,075 - httpx - INFO - HTTP Request: POST https://api.telegram.org/bot7093436536:AAEvjyOBDmUYkoOkO2zxZnzplRy8Thhz0Ps/getUpdates "HTTP/1.1 200 OK"
2025-05-23 12:23:09,158 - httpx - INFO - HTTP Request: POST https://api.telegram.org/bot7093436536:AAEvjyOBDmUYkoOkO2zxZnzplRy8Thhz0Ps/getUpdates "HTTP/1.1 200 OK"
2025-05-23 12:23:19,238 - httpx - INFO - HTTP Request: POST https://api.telegram.org/bot7093436536:AAEvjyOBDmUYkoOkO2zxZnzplRy8Thhz0Ps/getUpdates "HTTP/1.1 200 OK"
2025-05-23 12:23:29,319 - httpx - INFO - HTTP Request: POST https://api.telegram.org/bot7093436536:AAEvjyOBDmUYkoOkO2zxZnzplRy8Thhz0Ps/getUpdates "HTTP/1.1 200 OK"
2025-05-23 12:23:39,403 - httpx - INFO - HTTP Request: POST https://api.telegram.org/bot7093436536:AAEvjyOBDmUYkoOkO2zxZnzplRy8Thhz0Ps/getUpdates "HTTP/1.1 200 OK"
2025-05-23 12:23:49,484 - httpx - INFO - HTTP Request: POST https://api.telegram.org/bot7093436536:AAEvjyOBDmUYkoOkO2zxZnzplRy8Thhz0Ps/getUpdates "HTTP/1.1 200 OK"
2025-05-23 12:23:59,569 - httpx - INFO - HTTP Request: POST https://api.telegram.org/bot7093436536:AAEvjyOBDmUYkoOkO2zxZnzplRy8Thhz0Ps/getUpdates "HTTP/1.1 200 OK"
2025-05-23 12:24:09,652 - httpx - INFO - HTTP Request: POST https://api.telegram.org/bot7093436536:AAEvjyOBDmUYkoOkO2zxZnzplRy8Thhz0Ps/getUpdates "HTTP/1.1 200 OK"
2025-05-23 12:24:19,761 - httpx - INFO - HTTP Request: POST https://api.telegram.org/bot7093436536:AAEvjyOBDmUYkoOkO2zxZnzplRy8Thhz0Ps/getUpdates "HTTP/1.1 200 OK"
2025-05-23 12:24:29,841 - httpx - INFO - HTTP Request: POST https://api.telegram.org/bot7093436536:AAEvjyOBDmUYkoOkO2zxZnzplRy8Thhz0Ps/getUpdates "HTTP/1.1 200 OK"
2025-05-23 12:24:39,929 - httpx - INFO - HTTP Request: POST https://api.telegram.org/bot7093436536:AAEvjyOBDmUYkoOkO2zxZnzplRy8Thhz0Ps/getUpdates "HTTP/1.1 200 OK"
2025-05-23 12:24:50,015 - httpx - INFO - HTTP Request: POST https://api.telegram.org/bot7093436536:AAEvjyOBDmUYkoOkO2zxZnzplRy8Thhz0Ps/getUpdates "HTTP/1.1 200 OK"
2025-05-23 12:25:00,099 - httpx - INFO - HTTP Request: POST https://api.telegram.org/bot7093436536:AAEvjyOBDmUYkoOkO2zxZnzplRy8Thhz0Ps/getUpdates "HTTP/1.1 200 OK"
2025-05-23 12:25:10,184 - httpx - INFO - HTTP Request: POST https://api.telegram.org/bot7093436536:AAEvjyOBDmUYkoOkO2zxZnzplRy8Thhz0Ps/getUpdates "HTTP/1.1 200 OK"
2025-05-23 12:25:20,271 - httpx - INFO - HTTP Request: POST https://api.telegram.org/bot7093436536:AAEvjyOBDmUYkoOkO2zxZnzplRy8Thhz0Ps/getUpdates "HTTP/1.1 200 OK"
2025-05-23 12:25:30,355 - httpx - INFO - HTTP Request: POST https://api.telegram.org/bot7093436536:AAEvjyOBDmUYkoOkO2zxZnzplRy8Thhz0Ps/getUpdates "HTTP/1.1 200 OK"
2025-05-23 12:25:40,438 - httpx - INFO - HTTP Request: POST https://api.telegram.org/bot7093436536:AAEvjyOBDmUYkoOkO2zxZnzplRy8Thhz0Ps/getUpdates "HTTP/1.1 200 OK"
2025-05-23 12:25:50,519 - httpx - INFO - HTTP Request: POST https://api.telegram.org/bot7093436536:AAEvjyOBDmUYkoOkO2zxZnzplRy8Thhz0Ps/getUpdates "HTTP/1.1 200 OK"
2025-05-23 12:26:00,602 - httpx - INFO - HTTP Request: POST https://api.telegram.org/bot7093436536:AAEvjyOBDmUYkoOkO2zxZnzplRy8Thhz0Ps/getUpdates "HTTP/1.1 200 OK"
2025-05-23 12:26:10,684 - httpx - INFO - HTTP Request: POST https://api.telegram.org/bot7093436536:AAEvjyOBDmUYkoOkO2zxZnzplRy8Thhz0Ps/getUpdates "HTTP/1.1 200 OK"
2025-05-23 12:26:20,772 - httpx - INFO - HTTP Request: POST https://api.telegram.org/bot7093436536:AAEvjyOBDmUYkoOkO2zxZnzplRy8Thhz0Ps/getUpdates "HTTP/1.1 200 OK"
2025-05-23 12:26:30,855 - httpx - INFO - HTTP Request: POST https://api.telegram.org/bot7093436536:AAEvjyOBDmUYkoOkO2zxZnzplRy8Thhz0Ps/getUpdates "HTTP/1.1 200 OK"
2025-05-23 12:26:40,943 - httpx - INFO - HTTP Request: POST https://api.telegram.org/bot7093436536:AAEvjyOBDmUYkoOkO2zxZnzplRy8Thhz0Ps/getUpdates "HTTP/1.1 200 OK"
2025-05-23 12:26:51,023 - httpx - INFO - HTTP Request: POST https://api.telegram.org/bot7093436536:AAEvjyOBDmUYkoOkO2zxZnzplRy8Thhz0Ps/getUpdates "HTTP/1.1 200 OK"
2025-05-23 12:27:01,105 - httpx - INFO - HTTP Request: POST https://api.telegram.org/bot7093436536:AAEvjyOBDmUYkoOkO2zxZnzplRy8Thhz0Ps/getUpdates "HTTP/1.1 200 OK"
2025-05-23 12:27:11,193 - httpx - INFO - HTTP Request: POST https://api.telegram.org/bot7093436536:AAEvjyOBDmUYkoOkO2zxZnzplRy8Thhz0Ps/getUpdates "HTTP/1.1 200 OK"
2025-05-23 12:27:21,281 - httpx - INFO - HTTP Request: POST https://api.telegram.org/bot7093436536:AAEvjyOBDmUYkoOkO2zxZnzplRy8Thhz0Ps/getUpdates "HTTP/1.1 200 OK"
2025-05-23 12:27:31,365 - httpx - INFO - HTTP Request: POST https://api.telegram.org/bot7093436536:AAEvjyOBDmUYkoOkO2zxZnzplRy8Thhz0Ps/getUpdates "HTTP/1.1 200 OK"
2025-05-23 12:27:41,449 - httpx - INFO - HTTP Request: POST https://api.telegram.org/bot7093436536:AAEvjyOBDmUYkoOkO2zxZnzplRy8Thhz0Ps/getUpdates "HTTP/1.1 200 OK"
2025-05-23 12:27:51,533 - httpx - INFO - HTTP Request: POST https://api.telegram.org/bot7093436536:AAEvjyOBDmUYkoOkO2zxZnzplRy8Thhz0Ps/getUpdates "HTTP/1.1 200 OK"
2025-05-23 12:28:01,615 - httpx - INFO - HTTP Request: POST https://api.telegram.org/bot7093436536:AAEvjyOBDmUYkoOkO2zxZnzplRy8Thhz0Ps/getUpdates "HTTP/1.1 200 OK"
2025-05-23 12:28:11,703 - httpx - INFO - HTTP Request: POST https://api.telegram.org/bot7093436536:AAEvjyOBDmUYkoOkO2zxZnzplRy8Thhz0Ps/getUpdates "HTTP/1.1 200 OK"
2025-05-23 12:28:21,787 - httpx - INFO - HTTP Request: POST https://api.telegram.org/bot7093436536:AAEvjyOBDmUYkoOkO2zxZnzplRy8Thhz0Ps/getUpdates "HTTP/1.1 200 OK"
2025-05-23 12:28:31,872 - httpx - INFO - HTTP Request: POST https://api.telegram.org/bot7093436536:AAEvjyOBDmUYkoOkO2zxZnzplRy8Thhz0Ps/getUpdates "HTTP/1.1 200 OK"
2025-05-23 12:28:41,953 - httpx - INFO - HTTP Request: POST https://api.telegram.org/bot7093436536:AAEvjyOBDmUYkoOkO2zxZnzplRy8Thhz0Ps/getUpdates "HTTP/1.1 200 OK"
2025-05-23 12:28:52,034 - httpx - INFO - HTTP Request: POST https://api.telegram.org/bot7093436536:AAEvjyOBDmUYkoOkO2zxZnzplRy8Thhz0Ps/getUpdates "HTTP/1.1 200 OK"
2025-05-23 12:29:02,116 - httpx - INFO - HTTP Request: POST https://api.telegram.org/bot7093436536:AAEvjyOBDmUYkoOkO2zxZnzplRy8Thhz0Ps/getUpdates "HTTP/1.1 200 OK"
2025-05-23 12:29:12,269 - httpx - INFO - HTTP Request: POST https://api.telegram.org/bot7093436536:AAEvjyOBDmUYkoOkO2zxZnzplRy8Thhz0Ps/getUpdates "HTTP/1.1 200 OK"
2025-05-23 12:29:22,353 - httpx - INFO - HTTP Request: POST https://api.telegram.org/bot7093436536:AAEvjyOBDmUYkoOkO2zxZnzplRy8Thhz0Ps/getUpdates "HTTP/1.1 200 OK"
2025-05-23 12:29:32,436 - httpx - INFO - HTTP Request: POST https://api.telegram.org/bot7093436536:AAEvjyOBDmUYkoOkO2zxZnzplRy8Thhz0Ps/getUpdates "HTTP/1.1 200 OK"
2025-05-23 12:29:42,519 - httpx - INFO - HTTP Request: POST https://api.telegram.org/bot7093436536:AAEvjyOBDmUYkoOkO2zxZnzplRy8Thhz0Ps/getUpdates "HTTP/1.1 200 OK"
2025-05-23 12:29:52,607 - httpx - INFO - HTTP Request: POST https://api.telegram.org/bot7093436536:AAEvjyOBDmUYkoOkO2zxZnzplRy8Thhz0Ps/getUpdates "HTTP/1.1 200 OK"
2025-05-23 12:30:02,693 - httpx - INFO - HTTP Request: POST https://api.telegram.org/bot7093436536:AAEvjyOBDmUYkoOkO2zxZnzplRy8Thhz0Ps/getUpdates "HTTP/1.1 200 OK"
2025-05-23 12:30:12,774 - httpx - INFO - HTTP Request: POST https://api.telegram.org/bot7093436536:AAEvjyOBDmUYkoOkO2zxZnzplRy8Thhz0Ps/getUpdates "HTTP/1.1 200 OK"
2025-05-23 12:30:22,863 - httpx - INFO - HTTP Request: POST https://api.telegram.org/bot7093436536:AAEvjyOBDmUYkoOkO2zxZnzplRy8Thhz0Ps/getUpdates "HTTP/1.1 200 OK"
2025-05-23 12:30:32,947 - httpx - INFO - HTTP Request: POST https://api.telegram.org/bot7093436536:AAEvjyOBDmUYkoOkO2zxZnzplRy8Thhz0Ps/getUpdates "HTTP/1.1 200 OK"
2025-05-23 12:30:43,029 - httpx - INFO - HTTP Request: POST https://api.telegram.org/bot7093436536:AAEvjyOBDmUYkoOkO2zxZnzplRy8Thhz0Ps/getUpdates "HTTP/1.1 200 OK"
2025-05-23 12:30:53,113 - httpx - INFO - HTTP Request: POST https://api.telegram.org/bot7093436536:AAEvjyOBDmUYkoOkO2zxZnzplRy8Thhz0Ps/getUpdates "HTTP/1.1 200 OK"
2025-05-23 12:31:03,201 - httpx - INFO - HTTP Request: POST https://api.telegram.org/bot7093436536:AAEvjyOBDmUYkoOkO2zxZnzplRy8Thhz0Ps/getUpdates "HTTP/1.1 200 OK"
2025-05-23 12:31:13,289 - httpx - INFO - HTTP Request: POST https://api.telegram.org/bot7093436536:AAEvjyOBDmUYkoOkO2zxZnzplRy8Thhz0Ps/getUpdates "HTTP/1.1 200 OK"
2025-05-23 12:31:23,375 - httpx - INFO - HTTP Request: POST https://api.telegram.org/bot7093436536:AAEvjyOBDmUYkoOkO2zxZnzplRy8Thhz0Ps/getUpdates "HTTP/1.1 200 OK"
2025-05-23 12:31:33,459 - httpx - INFO - HTTP Request: POST https://api.telegram.org/bot7093436536:AAEvjyOBDmUYkoOkO2zxZnzplRy8Thhz0Ps/getUpdates "HTTP/1.1 200 OK"
2025-05-23 12:31:43,546 - httpx - INFO - HTTP Request: POST https://api.telegram.org/bot7093436536:AAEvjyOBDmUYkoOkO2zxZnzplRy8Thhz0Ps/getUpdates "HTTP/1.1 200 OK"
2025-05-23 12:31:53,628 - httpx - INFO - HTTP Request: POST https://api.telegram.org/bot7093436536:AAEvjyOBDmUYkoOkO2zxZnzplRy8Thhz0Ps/getUpdates "HTTP/1.1 200 OK"
2025-05-23 12:32:03,712 - httpx - INFO - HTTP Request: POST https://api.telegram.org/bot7093436536:AAEvjyOBDmUYkoOkO2zxZnzplRy8Thhz0Ps/getUpdates "HTTP/1.1 200 OK"
2025-05-23 12:32:13,794 - httpx - INFO - HTTP Request: POST https://api.telegram.org/bot7093436536:AAEvjyOBDmUYkoOkO2zxZnzplRy8Thhz0Ps/getUpdates "HTTP/1.1 200 OK"
2025-05-23 12:32:23,878 - httpx - INFO - HTTP Request: POST https://api.telegram.org/bot7093436536:AAEvjyOBDmUYkoOkO2zxZnzplRy8Thhz0Ps/getUpdates "HTTP/1.1 200 OK"
2025-05-23 12:32:33,959 - httpx - INFO - HTTP Request: POST https://api.telegram.org/bot7093436536:AAEvjyOBDmUYkoOkO2zxZnzplRy8Thhz0Ps/getUpdates "HTTP/1.1 200 OK"
2025-05-23 12:32:44,042 - httpx - INFO - HTTP Request: POST https://api.telegram.org/bot7093436536:AAEvjyOBDmUYkoOkO2zxZnzplRy8Thhz0Ps/getUpdates "HTTP/1.1 200 OK"
2025-05-23 12:32:54,289 - httpx - INFO - HTTP Request: POST https://api.telegram.org/bot7093436536:AAEvjyOBDmUYkoOkO2zxZnzplRy8Thhz0Ps/getUpdates "HTTP/1.1 200 OK"
2025-05-23 12:33:04,371 - httpx - INFO - HTTP Request: POST https://api.telegram.org/bot7093436536:AAEvjyOBDmUYkoOkO2zxZnzplRy8Thhz0Ps/getUpdates "HTTP/1.1 200 OK"
2025-05-23 12:33:14,454 - httpx - INFO - HTTP Request: POST https://api.telegram.org/bot7093436536:AAEvjyOBDmUYkoOkO2zxZnzplRy8Thhz0Ps/getUpdates "HTTP/1.1 200 OK"
2025-05-23 12:33:24,536 - httpx - INFO - HTTP Request: POST https://api.telegram.org/bot7093436536:AAEvjyOBDmUYkoOkO2zxZnzplRy8Thhz0Ps/getUpdates "HTTP/1.1 200 OK"
2025-05-23 12:33:34,628 - httpx - INFO - HTTP Request: POST https://api.telegram.org/bot7093436536:AAEvjyOBDmUYkoOkO2zxZnzplRy8Thhz0Ps/getUpdates "HTTP/1.1 200 OK"
2025-05-23 12:33:44,710 - httpx - INFO - HTTP Request: POST https://api.telegram.org/bot7093436536:AAEvjyOBDmUYkoOkO2zxZnzplRy8Thhz0Ps/getUpdates "HTTP/1.1 200 OK"
2025-05-23 12:33:54,792 - httpx - INFO - HTTP Request: POST https://api.telegram.org/bot7093436536:AAEvjyOBDmUYkoOkO2zxZnzplRy8Thhz0Ps/getUpdates "HTTP/1.1 200 OK"
2025-05-23 12:34:04,876 - httpx - INFO - HTTP Request: POST https://api.telegram.org/bot7093436536:AAEvjyOBDmUYkoOkO2zxZnzplRy8Thhz0Ps/getUpdates "HTTP/1.1 200 OK"
2025-05-23 12:34:14,962 - httpx - INFO - HTTP Request: POST https://api.telegram.org/bot7093436536:AAEvjyOBDmUYkoOkO2zxZnzplRy8Thhz0Ps/getUpdates "HTTP/1.1 200 OK"
2025-05-23 12:34:25,044 - httpx - INFO - HTTP Request: POST https://api.telegram.org/bot7093436536:AAEvjyOBDmUYkoOkO2zxZnzplRy8Thhz0Ps/getUpdates "HTTP/1.1 200 OK"
2025-05-23 12:34:35,127 - httpx - INFO - HTTP Request: POST https://api.telegram.org/bot7093436536:AAEvjyOBDmUYkoOkO2zxZnzplRy8Thhz0Ps/getUpdates "HTTP/1.1 200 OK"
2025-05-23 12:34:45,207 - httpx - INFO - HTTP Request: POST https://api.telegram.org/bot7093436536:AAEvjyOBDmUYkoOkO2zxZnzplRy8Thhz0Ps/getUpdates "HTTP/1.1 200 OK"
2025-05-23 12:34:55,292 - httpx - INFO - HTTP Request: POST https://api.telegram.org/bot7093436536:AAEvjyOBDmUYkoOkO2zxZnzplRy8Thhz0Ps/getUpdates "HTTP/1.1 200 OK"
2025-05-23 12:35:05,373 - httpx - INFO - HTTP Request: POST https://api.telegram.org/bot7093436536:AAEvjyOBDmUYkoOkO2zxZnzplRy8Thhz0Ps/getUpdates "HTTP/1.1 200 OK"
2025-05-23 12:35:15,456 - httpx - INFO - HTTP Request: POST https://api.telegram.org/bot7093436536:AAEvjyOBDmUYkoOkO2zxZnzplRy8Thhz0Ps/getUpdates "HTTP/1.1 200 OK"
2025-05-23 12:35:25,538 - httpx - INFO - HTTP Request: POST https://api.telegram.org/bot7093436536:AAEvjyOBDmUYkoOkO2zxZnzplRy8Thhz0Ps/getUpdates "HTTP/1.1 200 OK"
2025-05-23 12:35:35,623 - httpx - INFO - HTTP Request: POST https://api.telegram.org/bot7093436536:AAEvjyOBDmUYkoOkO2zxZnzplRy8Thhz0Ps/getUpdates "HTTP/1.1 200 OK"
2025-05-23 12:35:45,707 - httpx - INFO - HTTP Request: POST https://api.telegram.org/bot7093436536:AAEvjyOBDmUYkoOkO2zxZnzplRy8Thhz0Ps/getUpdates "HTTP/1.1 200 OK"
2025-05-23 12:35:55,790 - httpx - INFO - HTTP Request: POST https://api.telegram.org/bot7093436536:AAEvjyOBDmUYkoOkO2zxZnzplRy8Thhz0Ps/getUpdates "HTTP/1.1 200 OK"
2025-05-23 12:36:05,874 - httpx - INFO - HTTP Request: POST https://api.telegram.org/bot7093436536:AAEvjyOBDmUYkoOkO2zxZnzplRy8Thhz0Ps/getUpdates "HTTP/1.1 200 OK"
2025-05-23 12:36:15,955 - httpx - INFO - HTTP Request: POST https://api.telegram.org/bot7093436536:AAEvjyOBDmUYkoOkO2zxZnzplRy8Thhz0Ps/getUpdates "HTTP/1.1 200 OK"
2025-05-23 12:36:26,036 - httpx - INFO - HTTP Request: POST https://api.telegram.org/bot7093436536:AAEvjyOBDmUYkoOkO2zxZnzplRy8Thhz0Ps/getUpdates "HTTP/1.1 200 OK"
2025-05-23 12:36:36,119 - httpx - INFO - HTTP Request: POST https://api.telegram.org/bot7093436536:AAEvjyOBDmUYkoOkO2zxZnzplRy8Thhz0Ps/getUpdates "HTTP/1.1 200 OK"
2025-05-23 12:36:46,203 - httpx - INFO - HTTP Request: POST https://api.telegram.org/bot7093436536:AAEvjyOBDmUYkoOkO2zxZnzplRy8Thhz0Ps/getUpdates "HTTP/1.1 200 OK"
2025-05-23 12:36:56,286 - httpx - INFO - HTTP Request: POST https://api.telegram.org/bot7093436536:AAEvjyOBDmUYkoOkO2zxZnzplRy8Thhz0Ps/getUpdates "HTTP/1.1 200 OK"
2025-05-23 12:37:06,367 - httpx - INFO - HTTP Request: POST https://api.telegram.org/bot7093436536:AAEvjyOBDmUYkoOkO2zxZnzplRy8Thhz0Ps/getUpdates "HTTP/1.1 200 OK"
2025-05-23 12:37:16,449 - httpx - INFO - HTTP Request: POST https://api.telegram.org/bot7093436536:AAEvjyOBDmUYkoOkO2zxZnzplRy8Thhz0Ps/getUpdates "HTTP/1.1 200 OK"
2025-05-23 12:37:26,531 - httpx - INFO - HTTP Request: POST https://api.telegram.org/bot7093436536:AAEvjyOBDmUYkoOkO2zxZnzplRy8Thhz0Ps/getUpdates "HTTP/1.1 200 OK"
2025-05-23 12:37:36,612 - httpx - INFO - HTTP Request: POST https://api.telegram.org/bot7093436536:AAEvjyOBDmUYkoOkO2zxZnzplRy8Thhz0Ps/getUpdates "HTTP/1.1 200 OK"
2025-05-23 12:37:46,701 - httpx - INFO - HTTP Request: POST https://api.telegram.org/bot7093436536:AAEvjyOBDmUYkoOkO2zxZnzplRy8Thhz0Ps/getUpdates "HTTP/1.1 200 OK"
2025-05-23 12:37:56,785 - httpx - INFO - HTTP Request: POST https://api.telegram.org/bot7093436536:AAEvjyOBDmUYkoOkO2zxZnzplRy8Thhz0Ps/getUpdates "HTTP/1.1 200 OK"
2025-05-23 12:38:06,868 - httpx - INFO - HTTP Request: POST https://api.telegram.org/bot7093436536:AAEvjyOBDmUYkoOkO2zxZnzplRy8Thhz0Ps/getUpdates "HTTP/1.1 200 OK"
2025-05-23 12:38:16,951 - httpx - INFO - HTTP Request: POST https://api.telegram.org/bot7093436536:AAEvjyOBDmUYkoOkO2zxZnzplRy8Thhz0Ps/getUpdates "HTTP/1.1 200 OK"
2025-05-23 12:38:27,035 - httpx - INFO - HTTP Request: POST https://api.telegram.org/bot7093436536:AAEvjyOBDmUYkoOkO2zxZnzplRy8Thhz0Ps/getUpdates "HTTP/1.1 200 OK"
2025-05-23 12:38:37,124 - httpx - INFO - HTTP Request: POST https://api.telegram.org/bot7093436536:AAEvjyOBDmUYkoOkO2zxZnzplRy8Thhz0Ps/getUpdates "HTTP/1.1 200 OK"
2025-05-23 12:38:47,206 - httpx - INFO - HTTP Request: POST https://api.telegram.org/bot7093436536:AAEvjyOBDmUYkoOkO2zxZnzplRy8Thhz0Ps/getUpdates "HTTP/1.1 200 OK"
2025-05-23 12:38:57,290 - httpx - INFO - HTTP Request: POST https://api.telegram.org/bot7093436536:AAEvjyOBDmUYkoOkO2zxZnzplRy8Thhz0Ps/getUpdates "HTTP/1.1 200 OK"
2025-05-23 12:39:07,370 - httpx - INFO - HTTP Request: POST https://api.telegram.org/bot7093436536:AAEvjyOBDmUYkoOkO2zxZnzplRy8Thhz0Ps/getUpdates "HTTP/1.1 200 OK"
2025-05-23 12:39:17,454 - httpx - INFO - HTTP Request: POST https://api.telegram.org/bot7093436536:AAEvjyOBDmUYkoOkO2zxZnzplRy8Thhz0Ps/getUpdates "HTTP/1.1 200 OK"
2025-05-23 12:39:27,535 - httpx - INFO - HTTP Request: POST https://api.telegram.org/bot7093436536:AAEvjyOBDmUYkoOkO2zxZnzplRy8Thhz0Ps/getUpdates "HTTP/1.1 200 OK"
2025-05-23 12:39:37,618 - httpx - INFO - HTTP Request: POST https://api.telegram.org/bot7093436536:AAEvjyOBDmUYkoOkO2zxZnzplRy8Thhz0Ps/getUpdates "HTTP/1.1 200 OK"
2025-05-23 12:39:47,701 - httpx - INFO - HTTP Request: POST https://api.telegram.org/bot7093436536:AAEvjyOBDmUYkoOkO2zxZnzplRy8Thhz0Ps/getUpdates "HTTP/1.1 200 OK"
2025-05-23 12:39:57,784 - httpx - INFO - HTTP Request: POST https://api.telegram.org/bot7093436536:AAEvjyOBDmUYkoOkO2zxZnzplRy8Thhz0Ps/getUpdates "HTTP/1.1 200 OK"
2025-05-23 12:40:07,877 - httpx - INFO - HTTP Request: POST https://api.telegram.org/bot7093436536:AAEvjyOBDmUYkoOkO2zxZnzplRy8Thhz0Ps/getUpdates "HTTP/1.1 200 OK"
2025-05-23 12:40:17,958 - httpx - INFO - HTTP Request: POST https://api.telegram.org/bot7093436536:AAEvjyOBDmUYkoOkO2zxZnzplRy8Thhz0Ps/getUpdates "HTTP/1.1 200 OK"
2025-05-23 12:40:28,047 - httpx - INFO - HTTP Request: POST https://api.telegram.org/bot7093436536:AAEvjyOBDmUYkoOkO2zxZnzplRy8Thhz0Ps/getUpdates "HTTP/1.1 200 OK"
2025-05-23 12:40:38,134 - httpx - INFO - HTTP Request: POST https://api.telegram.org/bot7093436536:AAEvjyOBDmUYkoOkO2zxZnzplRy8Thhz0Ps/getUpdates "HTTP/1.1 200 OK"
2025-05-23 12:40:48,215 - httpx - INFO - HTTP Request: POST https://api.telegram.org/bot7093436536:AAEvjyOBDmUYkoOkO2zxZnzplRy8Thhz0Ps/getUpdates "HTTP/1.1 200 OK"
2025-05-23 12:40:58,299 - httpx - INFO - HTTP Request: POST https://api.telegram.org/bot7093436536:AAEvjyOBDmUYkoOkO2zxZnzplRy8Thhz0Ps/getUpdates "HTTP/1.1 200 OK"
2025-05-23 12:41:08,383 - httpx - INFO - HTTP Request: POST https://api.telegram.org/bot7093436536:AAEvjyOBDmUYkoOkO2zxZnzplRy8Thhz0Ps/getUpdates "HTTP/1.1 200 OK"
2025-05-23 12:41:18,466 - httpx - INFO - HTTP Request: POST https://api.telegram.org/bot7093436536:AAEvjyOBDmUYkoOkO2zxZnzplRy8Thhz0Ps/getUpdates "HTTP/1.1 200 OK"
2025-05-23 12:41:28,551 - httpx - INFO - HTTP Request: POST https://api.telegram.org/bot7093436536:AAEvjyOBDmUYkoOkO2zxZnzplRy8Thhz0Ps/getUpdates "HTTP/1.1 200 OK"
2025-05-23 12:41:38,632 - httpx - INFO - HTTP Request: POST https://api.telegram.org/bot7093436536:AAEvjyOBDmUYkoOkO2zxZnzplRy8Thhz0Ps/getUpdates "HTTP/1.1 200 OK"
2025-05-23 12:41:48,714 - httpx - INFO - HTTP Request: POST https://api.telegram.org/bot7093436536:AAEvjyOBDmUYkoOkO2zxZnzplRy8Thhz0Ps/getUpdates "HTTP/1.1 200 OK"
2025-05-23 12:41:58,794 - httpx - INFO - HTTP Request: POST https://api.telegram.org/bot7093436536:AAEvjyOBDmUYkoOkO2zxZnzplRy8Thhz0Ps/getUpdates "HTTP/1.1 200 OK"
2025-05-23 12:42:08,877 - httpx - INFO - HTTP Request: POST https://api.telegram.org/bot7093436536:AAEvjyOBDmUYkoOkO2zxZnzplRy8Thhz0Ps/getUpdates "HTTP/1.1 200 OK"
2025-05-23 12:42:18,957 - httpx - INFO - HTTP Request: POST https://api.telegram.org/bot7093436536:AAEvjyOBDmUYkoOkO2zxZnzplRy8Thhz0Ps/getUpdates "HTTP/1.1 200 OK"
2025-05-23 12:42:29,043 - httpx - INFO - HTTP Request: POST https://api.telegram.org/bot7093436536:AAEvjyOBDmUYkoOkO2zxZnzplRy8Thhz0Ps/getUpdates "HTTP/1.1 200 OK"
2025-05-23 12:42:39,124 - httpx - INFO - HTTP Request: POST https://api.telegram.org/bot7093436536:AAEvjyOBDmUYkoOkO2zxZnzplRy8Thhz0Ps/getUpdates "HTTP/1.1 200 OK"
2025-05-23 12:42:49,205 - httpx - INFO - HTTP Request: POST https://api.telegram.org/bot7093436536:AAEvjyOBDmUYkoOkO2zxZnzplRy8Thhz0Ps/getUpdates "HTTP/1.1 200 OK"
2025-05-23 12:42:59,287 - httpx - INFO - HTTP Request: POST https://api.telegram.org/bot7093436536:AAEvjyOBDmUYkoOkO2zxZnzplRy8Thhz0Ps/getUpdates "HTTP/1.1 200 OK"
2025-05-23 12:43:09,368 - httpx - INFO - HTTP Request: POST https://api.telegram.org/bot7093436536:AAEvjyOBDmUYkoOkO2zxZnzplRy8Thhz0Ps/getUpdates "HTTP/1.1 200 OK"
2025-05-23 12:43:19,451 - httpx - INFO - HTTP Request: POST https://api.telegram.org/bot7093436536:AAEvjyOBDmUYkoOkO2zxZnzplRy8Thhz0Ps/getUpdates "HTTP/1.1 200 OK"
2025-05-23 12:43:29,535 - httpx - INFO - HTTP Request: POST https://api.telegram.org/bot7093436536:AAEvjyOBDmUYkoOkO2zxZnzplRy8Thhz0Ps/getUpdates "HTTP/1.1 200 OK"
2025-05-23 12:43:39,620 - httpx - INFO - HTTP Request: POST https://api.telegram.org/bot7093436536:AAEvjyOBDmUYkoOkO2zxZnzplRy8Thhz0Ps/getUpdates "HTTP/1.1 200 OK"
2025-05-23 12:43:49,701 - httpx - INFO - HTTP Request: POST https://api.telegram.org/bot7093436536:AAEvjyOBDmUYkoOkO2zxZnzplRy8Thhz0Ps/getUpdates "HTTP/1.1 200 OK"
2025-05-23 12:43:59,785 - httpx - INFO - HTTP Request: POST https://api.telegram.org/bot7093436536:AAEvjyOBDmUYkoOkO2zxZnzplRy8Thhz0Ps/getUpdates "HTTP/1.1 200 OK"
2025-05-23 12:44:09,871 - httpx - INFO - HTTP Request: POST https://api.telegram.org/bot7093436536:AAEvjyOBDmUYkoOkO2zxZnzplRy8Thhz0Ps/getUpdates "HTTP/1.1 200 OK"
2025-05-23 12:44:19,952 - httpx - INFO - HTTP Request: POST https://api.telegram.org/bot7093436536:AAEvjyOBDmUYkoOkO2zxZnzplRy8Thhz0Ps/getUpdates "HTTP/1.1 200 OK"
2025-05-23 12:44:30,033 - httpx - INFO - HTTP Request: POST https://api.telegram.org/bot7093436536:AAEvjyOBDmUYkoOkO2zxZnzplRy8Thhz0Ps/getUpdates "HTTP/1.1 200 OK"
2025-05-23 12:44:40,122 - httpx - INFO - HTTP Request: POST https://api.telegram.org/bot7093436536:AAEvjyOBDmUYkoOkO2zxZnzplRy8Thhz0Ps/getUpdates "HTTP/1.1 200 OK"
2025-05-23 12:44:50,203 - httpx - INFO - HTTP Request: POST https://api.telegram.org/bot7093436536:AAEvjyOBDmUYkoOkO2zxZnzplRy8Thhz0Ps/getUpdates "HTTP/1.1 200 OK"
2025-05-23 12:45:00,286 - httpx - INFO - HTTP Request: POST https://api.telegram.org/bot7093436536:AAEvjyOBDmUYkoOkO2zxZnzplRy8Thhz0Ps/getUpdates "HTTP/1.1 200 OK"
2025-05-23 12:45:10,369 - httpx - INFO - HTTP Request: POST https://api.telegram.org/bot7093436536:AAEvjyOBDmUYkoOkO2zxZnzplRy8Thhz0Ps/getUpdates "HTTP/1.1 200 OK"
2025-05-23 12:45:20,451 - httpx - INFO - HTTP Request: POST https://api.telegram.org/bot7093436536:AAEvjyOBDmUYkoOkO2zxZnzplRy8Thhz0Ps/getUpdates "HTTP/1.1 200 OK"
2025-05-23 12:45:30,534 - httpx - INFO - HTTP Request: POST https://api.telegram.org/bot7093436536:AAEvjyOBDmUYkoOkO2zxZnzplRy8Thhz0Ps/getUpdates "HTTP/1.1 200 OK"
2025-05-23 12:45:40,615 - httpx - INFO - HTTP Request: POST https://api.telegram.org/bot7093436536:AAEvjyOBDmUYkoOkO2zxZnzplRy8Thhz0Ps/getUpdates "HTTP/1.1 200 OK"
2025-05-23 12:45:50,702 - httpx - INFO - HTTP Request: POST https://api.telegram.org/bot7093436536:AAEvjyOBDmUYkoOkO2zxZnzplRy8Thhz0Ps/getUpdates "HTTP/1.1 200 OK"
2025-05-23 12:46:00,785 - httpx - INFO - HTTP Request: POST https://api.telegram.org/bot7093436536:AAEvjyOBDmUYkoOkO2zxZnzplRy8Thhz0Ps/getUpdates "HTTP/1.1 200 OK"
2025-05-23 12:46:10,874 - httpx - INFO - HTTP Request: POST https://api.telegram.org/bot7093436536:AAEvjyOBDmUYkoOkO2zxZnzplRy8Thhz0Ps/getUpdates "HTTP/1.1 200 OK"
2025-05-23 12:46:20,957 - httpx - INFO - HTTP Request: POST https://api.telegram.org/bot7093436536:AAEvjyOBDmUYkoOkO2zxZnzplRy8Thhz0Ps/getUpdates "HTTP/1.1 200 OK"
2025-05-23 12:46:31,041 - httpx - INFO - HTTP Request: POST https://api.telegram.org/bot7093436536:AAEvjyOBDmUYkoOkO2zxZnzplRy8Thhz0Ps/getUpdates "HTTP/1.1 200 OK"
2025-05-23 12:46:41,123 - httpx - INFO - HTTP Request: POST https://api.telegram.org/bot7093436536:AAEvjyOBDmUYkoOkO2zxZnzplRy8Thhz0Ps/getUpdates "HTTP/1.1 200 OK"
2025-05-23 12:46:51,202 - httpx - INFO - HTTP Request: POST https://api.telegram.org/bot7093436536:AAEvjyOBDmUYkoOkO2zxZnzplRy8Thhz0Ps/getUpdates "HTTP/1.1 200 OK"
2025-05-23 12:47:01,284 - httpx - INFO - HTTP Request: POST https://api.telegram.org/bot7093436536:AAEvjyOBDmUYkoOkO2zxZnzplRy8Thhz0Ps/getUpdates "HTTP/1.1 200 OK"
2025-05-23 12:47:11,367 - httpx - INFO - HTTP Request: POST https://api.telegram.org/bot7093436536:AAEvjyOBDmUYkoOkO2zxZnzplRy8Thhz0Ps/getUpdates "HTTP/1.1 200 OK"
2025-05-23 12:47:21,451 - httpx - INFO - HTTP Request: POST https://api.telegram.org/bot7093436536:AAEvjyOBDmUYkoOkO2zxZnzplRy8Thhz0Ps/getUpdates "HTTP/1.1 200 OK"
2025-05-23 12:47:31,534 - httpx - INFO - HTTP Request: POST https://api.telegram.org/bot7093436536:AAEvjyOBDmUYkoOkO2zxZnzplRy8Thhz0Ps/getUpdates "HTTP/1.1 200 OK"
2025-05-23 12:47:41,617 - httpx - INFO - HTTP Request: POST https://api.telegram.org/bot7093436536:AAEvjyOBDmUYkoOkO2zxZnzplRy8Thhz0Ps/getUpdates "HTTP/1.1 200 OK"
2025-05-23 12:47:51,699 - httpx - INFO - HTTP Request: POST https://api.telegram.org/bot7093436536:AAEvjyOBDmUYkoOkO2zxZnzplRy8Thhz0Ps/getUpdates "HTTP/1.1 200 OK"
2025-05-23 12:48:01,780 - httpx - INFO - HTTP Request: POST https://api.telegram.org/bot7093436536:AAEvjyOBDmUYkoOkO2zxZnzplRy8Thhz0Ps/getUpdates "HTTP/1.1 200 OK"
2025-05-23 12:48:11,866 - httpx - INFO - HTTP Request: POST https://api.telegram.org/bot7093436536:AAEvjyOBDmUYkoOkO2zxZnzplRy8Thhz0Ps/getUpdates "HTTP/1.1 200 OK"
2025-05-23 12:48:21,952 - httpx - INFO - HTTP Request: POST https://api.telegram.org/bot7093436536:AAEvjyOBDmUYkoOkO2zxZnzplRy8Thhz0Ps/getUpdates "HTTP/1.1 200 OK"
2025-05-23 12:48:32,033 - httpx - INFO - HTTP Request: POST https://api.telegram.org/bot7093436536:AAEvjyOBDmUYkoOkO2zxZnzplRy8Thhz0Ps/getUpdates "HTTP/1.1 200 OK"
2025-05-23 12:48:42,119 - httpx - INFO - HTTP Request: POST https://api.telegram.org/bot7093436536:AAEvjyOBDmUYkoOkO2zxZnzplRy8Thhz0Ps/getUpdates "HTTP/1.1 200 OK"
2025-05-23 12:48:52,202 - httpx - INFO - HTTP Request: POST https://api.telegram.org/bot7093436536:AAEvjyOBDmUYkoOkO2zxZnzplRy8Thhz0Ps/getUpdates "HTTP/1.1 200 OK"
2025-05-23 12:49:02,289 - httpx - INFO - HTTP Request: POST https://api.telegram.org/bot7093436536:AAEvjyOBDmUYkoOkO2zxZnzplRy8Thhz0Ps/getUpdates "HTTP/1.1 200 OK"
2025-05-23 12:49:12,377 - httpx - INFO - HTTP Request: POST https://api.telegram.org/bot7093436536:AAEvjyOBDmUYkoOkO2zxZnzplRy8Thhz0Ps/getUpdates "HTTP/1.1 200 OK"
2025-05-23 12:49:22,462 - httpx - INFO - HTTP Request: POST https://api.telegram.org/bot7093436536:AAEvjyOBDmUYkoOkO2zxZnzplRy8Thhz0Ps/getUpdates "HTTP/1.1 200 OK"
2025-05-23 12:49:32,543 - httpx - INFO - HTTP Request: POST https://api.telegram.org/bot7093436536:AAEvjyOBDmUYkoOkO2zxZnzplRy8Thhz0Ps/getUpdates "HTTP/1.1 200 OK"
2025-05-23 12:49:42,795 - httpx - INFO - HTTP Request: POST https://api.telegram.org/bot7093436536:AAEvjyOBDmUYkoOkO2zxZnzplRy8Thhz0Ps/getUpdates "HTTP/1.1 200 OK"
2025-05-23 12:49:52,880 - httpx - INFO - HTTP Request: POST https://api.telegram.org/bot7093436536:AAEvjyOBDmUYkoOkO2zxZnzplRy8Thhz0Ps/getUpdates "HTTP/1.1 200 OK"
2025-05-23 12:50:02,963 - httpx - INFO - HTTP Request: POST https://api.telegram.org/bot7093436536:AAEvjyOBDmUYkoOkO2zxZnzplRy8Thhz0Ps/getUpdates "HTTP/1.1 200 OK"
2025-05-23 12:50:13,048 - httpx - INFO - HTTP Request: POST https://api.telegram.org/bot7093436536:AAEvjyOBDmUYkoOkO2zxZnzplRy8Thhz0Ps/getUpdates "HTTP/1.1 200 OK"
2025-05-23 12:50:23,133 - httpx - INFO - HTTP Request: POST https://api.telegram.org/bot7093436536:AAEvjyOBDmUYkoOkO2zxZnzplRy8Thhz0Ps/getUpdates "HTTP/1.1 200 OK"
2025-05-23 12:50:33,218 - httpx - INFO - HTTP Request: POST https://api.telegram.org/bot7093436536:AAEvjyOBDmUYkoOkO2zxZnzplRy8Thhz0Ps/getUpdates "HTTP/1.1 200 OK"
2025-05-23 12:50:43,301 - httpx - INFO - HTTP Request: POST https://api.telegram.org/bot7093436536:AAEvjyOBDmUYkoOkO2zxZnzplRy8Thhz0Ps/getUpdates "HTTP/1.1 200 OK"
2025-05-23 12:50:53,387 - httpx - INFO - HTTP Request: POST https://api.telegram.org/bot7093436536:AAEvjyOBDmUYkoOkO2zxZnzplRy8Thhz0Ps/getUpdates "HTTP/1.1 200 OK"
2025-05-23 12:51:03,471 - httpx - INFO - HTTP Request: POST https://api.telegram.org/bot7093436536:AAEvjyOBDmUYkoOkO2zxZnzplRy8Thhz0Ps/getUpdates "HTTP/1.1 200 OK"
2025-05-23 12:51:13,565 - httpx - INFO - HTTP Request: POST https://api.telegram.org/bot7093436536:AAEvjyOBDmUYkoOkO2zxZnzplRy8Thhz0Ps/getUpdates "HTTP/1.1 200 OK"
2025-05-23 12:51:23,649 - httpx - INFO - HTTP Request: POST https://api.telegram.org/bot7093436536:AAEvjyOBDmUYkoOkO2zxZnzplRy8Thhz0Ps/getUpdates "HTTP/1.1 200 OK"
2025-05-23 12:51:33,732 - httpx - INFO - HTTP Request: POST https://api.telegram.org/bot7093436536:AAEvjyOBDmUYkoOkO2zxZnzplRy8Thhz0Ps/getUpdates "HTTP/1.1 200 OK"
2025-05-23 12:51:43,818 - httpx - INFO - HTTP Request: POST https://api.telegram.org/bot7093436536:AAEvjyOBDmUYkoOkO2zxZnzplRy8Thhz0Ps/getUpdates "HTTP/1.1 200 OK"
2025-05-23 12:51:53,904 - httpx - INFO - HTTP Request: POST https://api.telegram.org/bot7093436536:AAEvjyOBDmUYkoOkO2zxZnzplRy8Thhz0Ps/getUpdates "HTTP/1.1 200 OK"
2025-05-23 12:52:03,988 - httpx - INFO - HTTP Request: POST https://api.telegram.org/bot7093436536:AAEvjyOBDmUYkoOkO2zxZnzplRy8Thhz0Ps/getUpdates "HTTP/1.1 200 OK"
2025-05-23 12:52:14,073 - httpx - INFO - HTTP Request: POST https://api.telegram.org/bot7093436536:AAEvjyOBDmUYkoOkO2zxZnzplRy8Thhz0Ps/getUpdates "HTTP/1.1 200 OK"
2025-05-23 12:52:24,161 - httpx - INFO - HTTP Request: POST https://api.telegram.org/bot7093436536:AAEvjyOBDmUYkoOkO2zxZnzplRy8Thhz0Ps/getUpdates "HTTP/1.1 200 OK"
2025-05-23 12:52:34,246 - httpx - INFO - HTTP Request: POST https://api.telegram.org/bot7093436536:AAEvjyOBDmUYkoOkO2zxZnzplRy8Thhz0Ps/getUpdates "HTTP/1.1 200 OK"
2025-05-23 12:52:44,333 - httpx - INFO - HTTP Request: POST https://api.telegram.org/bot7093436536:AAEvjyOBDmUYkoOkO2zxZnzplRy8Thhz0Ps/getUpdates "HTTP/1.1 200 OK"
2025-05-23 12:52:54,418 - httpx - INFO - HTTP Request: POST https://api.telegram.org/bot7093436536:AAEvjyOBDmUYkoOkO2zxZnzplRy8Thhz0Ps/getUpdates "HTTP/1.1 200 OK"
2025-05-23 12:53:04,504 - httpx - INFO - HTTP Request: POST https://api.telegram.org/bot7093436536:AAEvjyOBDmUYkoOkO2zxZnzplRy8Thhz0Ps/getUpdates "HTTP/1.1 200 OK"
2025-05-23 12:53:14,603 - httpx - INFO - HTTP Request: POST https://api.telegram.org/bot7093436536:AAEvjyOBDmUYkoOkO2zxZnzplRy8Thhz0Ps/getUpdates "HTTP/1.1 200 OK"
2025-05-23 12:53:24,688 - httpx - INFO - HTTP Request: POST https://api.telegram.org/bot7093436536:AAEvjyOBDmUYkoOkO2zxZnzplRy8Thhz0Ps/getUpdates "HTTP/1.1 200 OK"
2025-05-23 12:53:34,776 - httpx - INFO - HTTP Request: POST https://api.telegram.org/bot7093436536:AAEvjyOBDmUYkoOkO2zxZnzplRy8Thhz0Ps/getUpdates "HTTP/1.1 200 OK"
2025-05-23 12:53:44,860 - httpx - INFO - HTTP Request: POST https://api.telegram.org/bot7093436536:AAEvjyOBDmUYkoOkO2zxZnzplRy8Thhz0Ps/getUpdates "HTTP/1.1 200 OK"
2025-05-23 12:53:54,944 - httpx - INFO - HTTP Request: POST https://api.telegram.org/bot7093436536:AAEvjyOBDmUYkoOkO2zxZnzplRy8Thhz0Ps/getUpdates "HTTP/1.1 200 OK"
2025-05-23 12:54:05,028 - httpx - INFO - HTTP Request: POST https://api.telegram.org/bot7093436536:AAEvjyOBDmUYkoOkO2zxZnzplRy8Thhz0Ps/getUpdates "HTTP/1.1 200 OK"
2025-05-23 12:54:15,116 - httpx - INFO - HTTP Request: POST https://api.telegram.org/bot7093436536:AAEvjyOBDmUYkoOkO2zxZnzplRy8Thhz0Ps/getUpdates "HTTP/1.1 200 OK"
2025-05-23 12:54:25,201 - httpx - INFO - HTTP Request: POST https://api.telegram.org/bot7093436536:AAEvjyOBDmUYkoOkO2zxZnzplRy8Thhz0Ps/getUpdates "HTTP/1.1 200 OK"
2025-05-23 12:54:35,296 - httpx - INFO - HTTP Request: POST https://api.telegram.org/bot7093436536:AAEvjyOBDmUYkoOkO2zxZnzplRy8Thhz0Ps/getUpdates "HTTP/1.1 200 OK"
2025-05-23 12:54:45,380 - httpx - INFO - HTTP Request: POST https://api.telegram.org/bot7093436536:AAEvjyOBDmUYkoOkO2zxZnzplRy8Thhz0Ps/getUpdates "HTTP/1.1 200 OK"
2025-05-23 12:54:55,466 - httpx - INFO - HTTP Request: POST https://api.telegram.org/bot7093436536:AAEvjyOBDmUYkoOkO2zxZnzplRy8Thhz0Ps/getUpdates "HTTP/1.1 200 OK"
2025-05-23 12:55:05,552 - httpx - INFO - HTTP Request: POST https://api.telegram.org/bot7093436536:AAEvjyOBDmUYkoOkO2zxZnzplRy8Thhz0Ps/getUpdates "HTTP/1.1 200 OK"
2025-05-23 12:55:15,636 - httpx - INFO - HTTP Request: POST https://api.telegram.org/bot7093436536:AAEvjyOBDmUYkoOkO2zxZnzplRy8Thhz0Ps/getUpdates "HTTP/1.1 200 OK"
2025-05-23 12:55:25,720 - httpx - INFO - HTTP Request: POST https://api.telegram.org/bot7093436536:AAEvjyOBDmUYkoOkO2zxZnzplRy8Thhz0Ps/getUpdates "HTTP/1.1 200 OK"
2025-05-23 12:55:35,806 - httpx - INFO - HTTP Request: POST https://api.telegram.org/bot7093436536:AAEvjyOBDmUYkoOkO2zxZnzplRy8Thhz0Ps/getUpdates "HTTP/1.1 200 OK"
2025-05-23 12:55:45,890 - httpx - INFO - HTTP Request: POST https://api.telegram.org/bot7093436536:AAEvjyOBDmUYkoOkO2zxZnzplRy8Thhz0Ps/getUpdates "HTTP/1.1 200 OK"
2025-05-23 12:55:55,975 - httpx - INFO - HTTP Request: POST https://api.telegram.org/bot7093436536:AAEvjyOBDmUYkoOkO2zxZnzplRy8Thhz0Ps/getUpdates "HTTP/1.1 200 OK"
2025-05-23 12:56:06,062 - httpx - INFO - HTTP Request: POST https://api.telegram.org/bot7093436536:AAEvjyOBDmUYkoOkO2zxZnzplRy8Thhz0Ps/getUpdates "HTTP/1.1 200 OK"
2025-05-23 12:56:16,146 - httpx - INFO - HTTP Request: POST https://api.telegram.org/bot7093436536:AAEvjyOBDmUYkoOkO2zxZnzplRy8Thhz0Ps/getUpdates "HTTP/1.1 200 OK"
2025-05-23 12:56:26,235 - httpx - INFO - HTTP Request: POST https://api.telegram.org/bot7093436536:AAEvjyOBDmUYkoOkO2zxZnzplRy8Thhz0Ps/getUpdates "HTTP/1.1 200 OK"
2025-05-23 12:56:36,319 - httpx - INFO - HTTP Request: POST https://api.telegram.org/bot7093436536:AAEvjyOBDmUYkoOkO2zxZnzplRy8Thhz0Ps/getUpdates "HTTP/1.1 200 OK"
2025-05-23 12:56:46,405 - httpx - INFO - HTTP Request: POST https://api.telegram.org/bot7093436536:AAEvjyOBDmUYkoOkO2zxZnzplRy8Thhz0Ps/getUpdates "HTTP/1.1 200 OK"
2025-05-23 12:56:56,494 - httpx - INFO - HTTP Request: POST https://api.telegram.org/bot7093436536:AAEvjyOBDmUYkoOkO2zxZnzplRy8Thhz0Ps/getUpdates "HTTP/1.1 200 OK"
2025-05-23 12:57:06,578 - httpx - INFO - HTTP Request: POST https://api.telegram.org/bot7093436536:AAEvjyOBDmUYkoOkO2zxZnzplRy8Thhz0Ps/getUpdates "HTTP/1.1 200 OK"
2025-05-23 12:57:16,662 - httpx - INFO - HTTP Request: POST https://api.telegram.org/bot7093436536:AAEvjyOBDmUYkoOkO2zxZnzplRy8Thhz0Ps/getUpdates "HTTP/1.1 200 OK"
2025-05-23 12:57:26,748 - httpx - INFO - HTTP Request: POST https://api.telegram.org/bot7093436536:AAEvjyOBDmUYkoOkO2zxZnzplRy8Thhz0Ps/getUpdates "HTTP/1.1 200 OK"
2025-05-23 12:57:36,833 - httpx - INFO - HTTP Request: POST https://api.telegram.org/bot7093436536:AAEvjyOBDmUYkoOkO2zxZnzplRy8Thhz0Ps/getUpdates "HTTP/1.1 200 OK"
2025-05-23 12:57:46,919 - httpx - INFO - HTTP Request: POST https://api.telegram.org/bot7093436536:AAEvjyOBDmUYkoOkO2zxZnzplRy8Thhz0Ps/getUpdates "HTTP/1.1 200 OK"
2025-05-23 12:57:57,006 - httpx - INFO - HTTP Request: POST https://api.telegram.org/bot7093436536:AAEvjyOBDmUYkoOkO2zxZnzplRy8Thhz0Ps/getUpdates "HTTP/1.1 200 OK"
2025-05-23 12:58:07,089 - httpx - INFO - HTTP Request: POST https://api.telegram.org/bot7093436536:AAEvjyOBDmUYkoOkO2zxZnzplRy8Thhz0Ps/getUpdates "HTTP/1.1 200 OK"
2025-05-23 12:58:17,175 - httpx - INFO - HTTP Request: POST https://api.telegram.org/bot7093436536:AAEvjyOBDmUYkoOkO2zxZnzplRy8Thhz0Ps/getUpdates "HTTP/1.1 200 OK"
2025-05-23 12:58:27,259 - httpx - INFO - HTTP Request: POST https://api.telegram.org/bot7093436536:AAEvjyOBDmUYkoOkO2zxZnzplRy8Thhz0Ps/getUpdates "HTTP/1.1 200 OK"
2025-05-23 12:58:37,345 - httpx - INFO - HTTP Request: POST https://api.telegram.org/bot7093436536:AAEvjyOBDmUYkoOkO2zxZnzplRy8Thhz0Ps/getUpdates "HTTP/1.1 200 OK"
2025-05-23 12:58:47,434 - httpx - INFO - HTTP Request: POST https://api.telegram.org/bot7093436536:AAEvjyOBDmUYkoOkO2zxZnzplRy8Thhz0Ps/getUpdates "HTTP/1.1 200 OK"
2025-05-23 12:58:57,520 - httpx - INFO - HTTP Request: POST https://api.telegram.org/bot7093436536:AAEvjyOBDmUYkoOkO2zxZnzplRy8Thhz0Ps/getUpdates "HTTP/1.1 200 OK"
2025-05-23 12:59:07,605 - httpx - INFO - HTTP Request: POST https://api.telegram.org/bot7093436536:AAEvjyOBDmUYkoOkO2zxZnzplRy8Thhz0Ps/getUpdates "HTTP/1.1 200 OK"
2025-05-23 12:59:17,690 - httpx - INFO - HTTP Request: POST https://api.telegram.org/bot7093436536:AAEvjyOBDmUYkoOkO2zxZnzplRy8Thhz0Ps/getUpdates "HTTP/1.1 200 OK"
2025-05-23 12:59:27,777 - httpx - INFO - HTTP Request: POST https://api.telegram.org/bot7093436536:AAEvjyOBDmUYkoOkO2zxZnzplRy8Thhz0Ps/getUpdates "HTTP/1.1 200 OK"
2025-05-23 12:59:37,862 - httpx - INFO - HTTP Request: POST https://api.telegram.org/bot7093436536:AAEvjyOBDmUYkoOkO2zxZnzplRy8Thhz0Ps/getUpdates "HTTP/1.1 200 OK"
2025-05-23 12:59:47,947 - httpx - INFO - HTTP Request: POST https://api.telegram.org/bot7093436536:AAEvjyOBDmUYkoOkO2zxZnzplRy8Thhz0Ps/getUpdates "HTTP/1.1 200 OK"
2025-05-23 12:59:58,032 - httpx - INFO - HTTP Request: POST https://api.telegram.org/bot7093436536:AAEvjyOBDmUYkoOkO2zxZnzplRy8Thhz0Ps/getUpdates "HTTP/1.1 200 OK"
2025-05-23 13:00:08,115 - httpx - INFO - HTTP Request: POST https://api.telegram.org/bot7093436536:AAEvjyOBDmUYkoOkO2zxZnzplRy8Thhz0Ps/getUpdates "HTTP/1.1 200 OK"
2025-05-23 13:00:18,201 - httpx - INFO - HTTP Request: POST https://api.telegram.org/bot7093436536:AAEvjyOBDmUYkoOkO2zxZnzplRy8Thhz0Ps/getUpdates "HTTP/1.1 200 OK"
2025-05-23 13:00:28,286 - httpx - INFO - HTTP Request: POST https://api.telegram.org/bot7093436536:AAEvjyOBDmUYkoOkO2zxZnzplRy8Thhz0Ps/getUpdates "HTTP/1.1 200 OK"
2025-05-23 13:00:38,371 - httpx - INFO - HTTP Request: POST https://api.telegram.org/bot7093436536:AAEvjyOBDmUYkoOkO2zxZnzplRy8Thhz0Ps/getUpdates "HTTP/1.1 200 OK"
2025-05-23 13:00:48,456 - httpx - INFO - HTTP Request: POST https://api.telegram.org/bot7093436536:AAEvjyOBDmUYkoOkO2zxZnzplRy8Thhz0Ps/getUpdates "HTTP/1.1 200 OK"
2025-05-23 13:00:58,603 - httpx - INFO - HTTP Request: POST https://api.telegram.org/bot7093436536:AAEvjyOBDmUYkoOkO2zxZnzplRy8Thhz0Ps/getUpdates "HTTP/1.1 200 OK"
2025-05-23 13:01:08,690 - httpx - INFO - HTTP Request: POST https://api.telegram.org/bot7093436536:AAEvjyOBDmUYkoOkO2zxZnzplRy8Thhz0Ps/getUpdates "HTTP/1.1 200 OK"
2025-05-23 13:01:18,775 - httpx - INFO - HTTP Request: POST https://api.telegram.org/bot7093436536:AAEvjyOBDmUYkoOkO2zxZnzplRy8Thhz0Ps/getUpdates "HTTP/1.1 200 OK"
2025-05-23 13:01:28,862 - httpx - INFO - HTTP Request: POST https://api.telegram.org/bot7093436536:AAEvjyOBDmUYkoOkO2zxZnzplRy8Thhz0Ps/getUpdates "HTTP/1.1 200 OK"
2025-05-23 13:01:38,951 - httpx - INFO - HTTP Request: POST https://api.telegram.org/bot7093436536:AAEvjyOBDmUYkoOkO2zxZnzplRy8Thhz0Ps/getUpdates "HTTP/1.1 200 OK"
2025-05-23 13:01:49,036 - httpx - INFO - HTTP Request: POST https://api.telegram.org/bot7093436536:AAEvjyOBDmUYkoOkO2zxZnzplRy8Thhz0Ps/getUpdates "HTTP/1.1 200 OK"
2025-05-23 13:01:59,159 - httpx - INFO - HTTP Request: POST https://api.telegram.org/bot7093436536:AAEvjyOBDmUYkoOkO2zxZnzplRy8Thhz0Ps/getUpdates "HTTP/1.1 200 OK"
2025-05-23 13:02:09,243 - httpx - INFO - HTTP Request: POST https://api.telegram.org/bot7093436536:AAEvjyOBDmUYkoOkO2zxZnzplRy8Thhz0Ps/getUpdates "HTTP/1.1 200 OK"
2025-05-23 13:02:19,326 - httpx - INFO - HTTP Request: POST https://api.telegram.org/bot7093436536:AAEvjyOBDmUYkoOkO2zxZnzplRy8Thhz0Ps/getUpdates "HTTP/1.1 200 OK"
2025-05-23 13:02:29,411 - httpx - INFO - HTTP Request: POST https://api.telegram.org/bot7093436536:AAEvjyOBDmUYkoOkO2zxZnzplRy8Thhz0Ps/getUpdates "HTTP/1.1 200 OK"
2025-05-23 13:02:39,496 - httpx - INFO - HTTP Request: POST https://api.telegram.org/bot7093436536:AAEvjyOBDmUYkoOkO2zxZnzplRy8Thhz0Ps/getUpdates "HTTP/1.1 200 OK"
2025-05-23 13:02:49,584 - httpx - INFO - HTTP Request: POST https://api.telegram.org/bot7093436536:AAEvjyOBDmUYkoOkO2zxZnzplRy8Thhz0Ps/getUpdates "HTTP/1.1 200 OK"
2025-05-23 13:02:59,669 - httpx - INFO - HTTP Request: POST https://api.telegram.org/bot7093436536:AAEvjyOBDmUYkoOkO2zxZnzplRy8Thhz0Ps/getUpdates "HTTP/1.1 200 OK"
2025-05-23 13:03:09,756 - httpx - INFO - HTTP Request: POST https://api.telegram.org/bot7093436536:AAEvjyOBDmUYkoOkO2zxZnzplRy8Thhz0Ps/getUpdates "HTTP/1.1 200 OK"
2025-05-23 13:03:19,841 - httpx - INFO - HTTP Request: POST https://api.telegram.org/bot7093436536:AAEvjyOBDmUYkoOkO2zxZnzplRy8Thhz0Ps/getUpdates "HTTP/1.1 200 OK"
2025-05-23 13:03:29,925 - httpx - INFO - HTTP Request: POST https://api.telegram.org/bot7093436536:AAEvjyOBDmUYkoOkO2zxZnzplRy8Thhz0Ps/getUpdates "HTTP/1.1 200 OK"
2025-05-23 13:03:40,012 - httpx - INFO - HTTP Request: POST https://api.telegram.org/bot7093436536:AAEvjyOBDmUYkoOkO2zxZnzplRy8Thhz0Ps/getUpdates "HTTP/1.1 200 OK"
2025-05-23 13:03:50,097 - httpx - INFO - HTTP Request: POST https://api.telegram.org/bot7093436536:AAEvjyOBDmUYkoOkO2zxZnzplRy8Thhz0Ps/getUpdates "HTTP/1.1 200 OK"
2025-05-23 13:04:00,183 - httpx - INFO - HTTP Request: POST https://api.telegram.org/bot7093436536:AAEvjyOBDmUYkoOkO2zxZnzplRy8Thhz0Ps/getUpdates "HTTP/1.1 200 OK"
2025-05-23 13:04:10,267 - httpx - INFO - HTTP Request: POST https://api.telegram.org/bot7093436536:AAEvjyOBDmUYkoOkO2zxZnzplRy8Thhz0Ps/getUpdates "HTTP/1.1 200 OK"
2025-05-23 13:04:20,351 - httpx - INFO - HTTP Request: POST https://api.telegram.org/bot7093436536:AAEvjyOBDmUYkoOkO2zxZnzplRy8Thhz0Ps/getUpdates "HTTP/1.1 200 OK"
2025-05-23 13:04:30,439 - httpx - INFO - HTTP Request: POST https://api.telegram.org/bot7093436536:AAEvjyOBDmUYkoOkO2zxZnzplRy8Thhz0Ps/getUpdates "HTTP/1.1 200 OK"
2025-05-23 13:04:40,527 - httpx - INFO - HTTP Request: POST https://api.telegram.org/bot7093436536:AAEvjyOBDmUYkoOkO2zxZnzplRy8Thhz0Ps/getUpdates "HTTP/1.1 200 OK"
2025-05-23 13:04:50,613 - httpx - INFO - HTTP Request: POST https://api.telegram.org/bot7093436536:AAEvjyOBDmUYkoOkO2zxZnzplRy8Thhz0Ps/getUpdates "HTTP/1.1 200 OK"
2025-05-23 13:05:00,696 - httpx - INFO - HTTP Request: POST https://api.telegram.org/bot7093436536:AAEvjyOBDmUYkoOkO2zxZnzplRy8Thhz0Ps/getUpdates "HTTP/1.1 200 OK"
2025-05-23 13:05:10,782 - httpx - INFO - HTTP Request: POST https://api.telegram.org/bot7093436536:AAEvjyOBDmUYkoOkO2zxZnzplRy8Thhz0Ps/getUpdates "HTTP/1.1 200 OK"
2025-05-23 13:05:20,868 - httpx - INFO - HTTP Request: POST https://api.telegram.org/bot7093436536:AAEvjyOBDmUYkoOkO2zxZnzplRy8Thhz0Ps/getUpdates "HTTP/1.1 200 OK"
2025-05-23 13:05:30,952 - httpx - INFO - HTTP Request: POST https://api.telegram.org/bot7093436536:AAEvjyOBDmUYkoOkO2zxZnzplRy8Thhz0Ps/getUpdates "HTTP/1.1 200 OK"
2025-05-23 13:05:41,035 - httpx - INFO - HTTP Request: POST https://api.telegram.org/bot7093436536:AAEvjyOBDmUYkoOkO2zxZnzplRy8Thhz0Ps/getUpdates "HTTP/1.1 200 OK"
2025-05-23 13:05:51,119 - httpx - INFO - HTTP Request: POST https://api.telegram.org/bot7093436536:AAEvjyOBDmUYkoOkO2zxZnzplRy8Thhz0Ps/getUpdates "HTTP/1.1 200 OK"
2025-05-23 13:06:01,204 - httpx - INFO - HTTP Request: POST https://api.telegram.org/bot7093436536:AAEvjyOBDmUYkoOkO2zxZnzplRy8Thhz0Ps/getUpdates "HTTP/1.1 200 OK"
2025-05-23 13:06:11,294 - httpx - INFO - HTTP Request: POST https://api.telegram.org/bot7093436536:AAEvjyOBDmUYkoOkO2zxZnzplRy8Thhz0Ps/getUpdates "HTTP/1.1 200 OK"
2025-05-23 13:06:21,383 - httpx - INFO - HTTP Request: POST https://api.telegram.org/bot7093436536:AAEvjyOBDmUYkoOkO2zxZnzplRy8Thhz0Ps/getUpdates "HTTP/1.1 200 OK"
2025-05-23 13:06:31,654 - httpx - INFO - HTTP Request: POST https://api.telegram.org/bot7093436536:AAEvjyOBDmUYkoOkO2zxZnzplRy8Thhz0Ps/getUpdates "HTTP/1.1 200 OK"
2025-05-23 13:06:41,745 - httpx - INFO - HTTP Request: POST https://api.telegram.org/bot7093436536:AAEvjyOBDmUYkoOkO2zxZnzplRy8Thhz0Ps/getUpdates "HTTP/1.1 200 OK"
2025-05-23 13:06:51,836 - httpx - INFO - HTTP Request: POST https://api.telegram.org/bot7093436536:AAEvjyOBDmUYkoOkO2zxZnzplRy8Thhz0Ps/getUpdates "HTTP/1.1 200 OK"
2025-05-23 13:07:01,925 - httpx - INFO - HTTP Request: POST https://api.telegram.org/bot7093436536:AAEvjyOBDmUYkoOkO2zxZnzplRy8Thhz0Ps/getUpdates "HTTP/1.1 200 OK"
2025-05-23 13:07:12,019 - httpx - INFO - HTTP Request: POST https://api.telegram.org/bot7093436536:AAEvjyOBDmUYkoOkO2zxZnzplRy8Thhz0Ps/getUpdates "HTTP/1.1 200 OK"
2025-05-23 13:07:22,110 - httpx - INFO - HTTP Request: POST https://api.telegram.org/bot7093436536:AAEvjyOBDmUYkoOkO2zxZnzplRy8Thhz0Ps/getUpdates "HTTP/1.1 200 OK"
2025-05-23 13:07:32,206 - httpx - INFO - HTTP Request: POST https://api.telegram.org/bot7093436536:AAEvjyOBDmUYkoOkO2zxZnzplRy8Thhz0Ps/getUpdates "HTTP/1.1 200 OK"
2025-05-23 13:07:42,297 - httpx - INFO - HTTP Request: POST https://api.telegram.org/bot7093436536:AAEvjyOBDmUYkoOkO2zxZnzplRy8Thhz0Ps/getUpdates "HTTP/1.1 200 OK"
2025-05-23 13:07:52,392 - httpx - INFO - HTTP Request: POST https://api.telegram.org/bot7093436536:AAEvjyOBDmUYkoOkO2zxZnzplRy8Thhz0Ps/getUpdates "HTTP/1.1 200 OK"
2025-05-23 13:08:02,482 - httpx - INFO - HTTP Request: POST https://api.telegram.org/bot7093436536:AAEvjyOBDmUYkoOkO2zxZnzplRy8Thhz0Ps/getUpdates "HTTP/1.1 200 OK"
2025-05-23 13:08:12,574 - httpx - INFO - HTTP Request: POST https://api.telegram.org/bot7093436536:AAEvjyOBDmUYkoOkO2zxZnzplRy8Thhz0Ps/getUpdates "HTTP/1.1 200 OK"
2025-05-23 13:08:22,667 - httpx - INFO - HTTP Request: POST https://api.telegram.org/bot7093436536:AAEvjyOBDmUYkoOkO2zxZnzplRy8Thhz0Ps/getUpdates "HTTP/1.1 200 OK"
2025-05-23 13:08:32,757 - httpx - INFO - HTTP Request: POST https://api.telegram.org/bot7093436536:AAEvjyOBDmUYkoOkO2zxZnzplRy8Thhz0Ps/getUpdates "HTTP/1.1 200 OK"
2025-05-23 13:08:42,850 - httpx - INFO - HTTP Request: POST https://api.telegram.org/bot7093436536:AAEvjyOBDmUYkoOkO2zxZnzplRy8Thhz0Ps/getUpdates "HTTP/1.1 200 OK"
2025-05-23 13:08:52,943 - httpx - INFO - HTTP Request: POST https://api.telegram.org/bot7093436536:AAEvjyOBDmUYkoOkO2zxZnzplRy8Thhz0Ps/getUpdates "HTTP/1.1 200 OK"
2025-05-23 13:09:03,034 - httpx - INFO - HTTP Request: POST https://api.telegram.org/bot7093436536:AAEvjyOBDmUYkoOkO2zxZnzplRy8Thhz0Ps/getUpdates "HTTP/1.1 200 OK"
2025-05-23 13:09:13,125 - httpx - INFO - HTTP Request: POST https://api.telegram.org/bot7093436536:AAEvjyOBDmUYkoOkO2zxZnzplRy8Thhz0Ps/getUpdates "HTTP/1.1 200 OK"
2025-05-23 13:09:23,215 - httpx - INFO - HTTP Request: POST https://api.telegram.org/bot7093436536:AAEvjyOBDmUYkoOkO2zxZnzplRy8Thhz0Ps/getUpdates "HTTP/1.1 200 OK"
2025-05-23 13:09:33,305 - httpx - INFO - HTTP Request: POST https://api.telegram.org/bot7093436536:AAEvjyOBDmUYkoOkO2zxZnzplRy8Thhz0Ps/getUpdates "HTTP/1.1 200 OK"
2025-05-23 13:09:43,399 - httpx - INFO - HTTP Request: POST https://api.telegram.org/bot7093436536:AAEvjyOBDmUYkoOkO2zxZnzplRy8Thhz0Ps/getUpdates "HTTP/1.1 200 OK"
2025-05-23 13:09:53,488 - httpx - INFO - HTTP Request: POST https://api.telegram.org/bot7093436536:AAEvjyOBDmUYkoOkO2zxZnzplRy8Thhz0Ps/getUpdates "HTTP/1.1 200 OK"
2025-05-23 13:10:03,578 - httpx - INFO - HTTP Request: POST https://api.telegram.org/bot7093436536:AAEvjyOBDmUYkoOkO2zxZnzplRy8Thhz0Ps/getUpdates "HTTP/1.1 200 OK"
2025-05-23 13:10:13,668 - httpx - INFO - HTTP Request: POST https://api.telegram.org/bot7093436536:AAEvjyOBDmUYkoOkO2zxZnzplRy8Thhz0Ps/getUpdates "HTTP/1.1 200 OK"
2025-05-23 13:10:23,760 - httpx - INFO - HTTP Request: POST https://api.telegram.org/bot7093436536:AAEvjyOBDmUYkoOkO2zxZnzplRy8Thhz0Ps/getUpdates "HTTP/1.1 200 OK"
2025-05-23 13:10:33,852 - httpx - INFO - HTTP Request: POST https://api.telegram.org/bot7093436536:AAEvjyOBDmUYkoOkO2zxZnzplRy8Thhz0Ps/getUpdates "HTTP/1.1 200 OK"
2025-05-23 13:10:43,946 - httpx - INFO - HTTP Request: POST https://api.telegram.org/bot7093436536:AAEvjyOBDmUYkoOkO2zxZnzplRy8Thhz0Ps/getUpdates "HTTP/1.1 200 OK"
2025-05-23 13:10:54,038 - httpx - INFO - HTTP Request: POST https://api.telegram.org/bot7093436536:AAEvjyOBDmUYkoOkO2zxZnzplRy8Thhz0Ps/getUpdates "HTTP/1.1 200 OK"
2025-05-23 13:11:04,130 - httpx - INFO - HTTP Request: POST https://api.telegram.org/bot7093436536:AAEvjyOBDmUYkoOkO2zxZnzplRy8Thhz0Ps/getUpdates "HTTP/1.1 200 OK"
2025-05-23 13:11:14,221 - httpx - INFO - HTTP Request: POST https://api.telegram.org/bot7093436536:AAEvjyOBDmUYkoOkO2zxZnzplRy8Thhz0Ps/getUpdates "HTTP/1.1 200 OK"
2025-05-23 13:11:24,318 - httpx - INFO - HTTP Request: POST https://api.telegram.org/bot7093436536:AAEvjyOBDmUYkoOkO2zxZnzplRy8Thhz0Ps/getUpdates "HTTP/1.1 200 OK"
2025-05-23 13:11:34,409 - httpx - INFO - HTTP Request: POST https://api.telegram.org/bot7093436536:AAEvjyOBDmUYkoOkO2zxZnzplRy8Thhz0Ps/getUpdates "HTTP/1.1 200 OK"
2025-05-23 13:11:44,499 - httpx - INFO - HTTP Request: POST https://api.telegram.org/bot7093436536:AAEvjyOBDmUYkoOkO2zxZnzplRy8Thhz0Ps/getUpdates "HTTP/1.1 200 OK"
2025-05-23 13:11:54,590 - httpx - INFO - HTTP Request: POST https://api.telegram.org/bot7093436536:AAEvjyOBDmUYkoOkO2zxZnzplRy8Thhz0Ps/getUpdates "HTTP/1.1 200 OK"
2025-05-23 13:12:04,686 - httpx - INFO - HTTP Request: POST https://api.telegram.org/bot7093436536:AAEvjyOBDmUYkoOkO2zxZnzplRy8Thhz0Ps/getUpdates "HTTP/1.1 200 OK"
2025-05-23 13:12:14,782 - httpx - INFO - HTTP Request: POST https://api.telegram.org/bot7093436536:AAEvjyOBDmUYkoOkO2zxZnzplRy8Thhz0Ps/getUpdates "HTTP/1.1 200 OK"
2025-05-23 13:12:24,874 - httpx - INFO - HTTP Request: POST https://api.telegram.org/bot7093436536:AAEvjyOBDmUYkoOkO2zxZnzplRy8Thhz0Ps/getUpdates "HTTP/1.1 200 OK"
2025-05-23 13:12:34,965 - httpx - INFO - HTTP Request: POST https://api.telegram.org/bot7093436536:AAEvjyOBDmUYkoOkO2zxZnzplRy8Thhz0Ps/getUpdates "HTTP/1.1 200 OK"
2025-05-23 13:12:45,056 - httpx - INFO - HTTP Request: POST https://api.telegram.org/bot7093436536:AAEvjyOBDmUYkoOkO2zxZnzplRy8Thhz0Ps/getUpdates "HTTP/1.1 200 OK"
2025-05-23 13:12:55,148 - httpx - INFO - HTTP Request: POST https://api.telegram.org/bot7093436536:AAEvjyOBDmUYkoOkO2zxZnzplRy8Thhz0Ps/getUpdates "HTTP/1.1 200 OK"
2025-05-23 13:13:05,239 - httpx - INFO - HTTP Request: POST https://api.telegram.org/bot7093436536:AAEvjyOBDmUYkoOkO2zxZnzplRy8Thhz0Ps/getUpdates "HTTP/1.1 200 OK"
2025-05-23 13:13:15,330 - httpx - INFO - HTTP Request: POST https://api.telegram.org/bot7093436536:AAEvjyOBDmUYkoOkO2zxZnzplRy8Thhz0Ps/getUpdates "HTTP/1.1 200 OK"
2025-05-23 13:13:25,420 - httpx - INFO - HTTP Request: POST https://api.telegram.org/bot7093436536:AAEvjyOBDmUYkoOkO2zxZnzplRy8Thhz0Ps/getUpdates "HTTP/1.1 200 OK"
2025-05-23 13:13:35,510 - httpx - INFO - HTTP Request: POST https://api.telegram.org/bot7093436536:AAEvjyOBDmUYkoOkO2zxZnzplRy8Thhz0Ps/getUpdates "HTTP/1.1 200 OK"
2025-05-23 13:13:45,600 - httpx - INFO - HTTP Request: POST https://api.telegram.org/bot7093436536:AAEvjyOBDmUYkoOkO2zxZnzplRy8Thhz0Ps/getUpdates "HTTP/1.1 200 OK"
2025-05-23 13:13:55,691 - httpx - INFO - HTTP Request: POST https://api.telegram.org/bot7093436536:AAEvjyOBDmUYkoOkO2zxZnzplRy8Thhz0Ps/getUpdates "HTTP/1.1 200 OK"
2025-05-23 13:14:05,782 - httpx - INFO - HTTP Request: POST https://api.telegram.org/bot7093436536:AAEvjyOBDmUYkoOkO2zxZnzplRy8Thhz0Ps/getUpdates "HTTP/1.1 200 OK"
2025-05-23 13:14:15,874 - httpx - INFO - HTTP Request: POST https://api.telegram.org/bot7093436536:AAEvjyOBDmUYkoOkO2zxZnzplRy8Thhz0Ps/getUpdates "HTTP/1.1 200 OK"
2025-05-23 13:14:25,966 - httpx - INFO - HTTP Request: POST https://api.telegram.org/bot7093436536:AAEvjyOBDmUYkoOkO2zxZnzplRy8Thhz0Ps/getUpdates "HTTP/1.1 200 OK"
2025-05-23 13:14:36,058 - httpx - INFO - HTTP Request: POST https://api.telegram.org/bot7093436536:AAEvjyOBDmUYkoOkO2zxZnzplRy8Thhz0Ps/getUpdates "HTTP/1.1 200 OK"
2025-05-23 13:14:46,156 - httpx - INFO - HTTP Request: POST https://api.telegram.org/bot7093436536:AAEvjyOBDmUYkoOkO2zxZnzplRy8Thhz0Ps/getUpdates "HTTP/1.1 200 OK"
2025-05-23 13:14:56,250 - httpx - INFO - HTTP Request: POST https://api.telegram.org/bot7093436536:AAEvjyOBDmUYkoOkO2zxZnzplRy8Thhz0Ps/getUpdates "HTTP/1.1 200 OK"
2025-05-23 13:15:06,342 - httpx - INFO - HTTP Request: POST https://api.telegram.org/bot7093436536:AAEvjyOBDmUYkoOkO2zxZnzplRy8Thhz0Ps/getUpdates "HTTP/1.1 200 OK"
2025-05-23 13:15:16,432 - httpx - INFO - HTTP Request: POST https://api.telegram.org/bot7093436536:AAEvjyOBDmUYkoOkO2zxZnzplRy8Thhz0Ps/getUpdates "HTTP/1.1 200 OK"
2025-05-23 13:15:26,526 - httpx - INFO - HTTP Request: POST https://api.telegram.org/bot7093436536:AAEvjyOBDmUYkoOkO2zxZnzplRy8Thhz0Ps/getUpdates "HTTP/1.1 200 OK"
2025-05-23 13:15:36,619 - httpx - INFO - HTTP Request: POST https://api.telegram.org/bot7093436536:AAEvjyOBDmUYkoOkO2zxZnzplRy8Thhz0Ps/getUpdates "HTTP/1.1 200 OK"
2025-05-23 13:15:46,714 - httpx - INFO - HTTP Request: POST https://api.telegram.org/bot7093436536:AAEvjyOBDmUYkoOkO2zxZnzplRy8Thhz0Ps/getUpdates "HTTP/1.1 200 OK"
2025-05-23 13:15:56,810 - httpx - INFO - HTTP Request: POST https://api.telegram.org/bot7093436536:AAEvjyOBDmUYkoOkO2zxZnzplRy8Thhz0Ps/getUpdates "HTTP/1.1 200 OK"
2025-05-23 13:16:06,900 - httpx - INFO - HTTP Request: POST https://api.telegram.org/bot7093436536:AAEvjyOBDmUYkoOkO2zxZnzplRy8Thhz0Ps/getUpdates "HTTP/1.1 200 OK"
2025-05-23 13:16:16,992 - httpx - INFO - HTTP Request: POST https://api.telegram.org/bot7093436536:AAEvjyOBDmUYkoOkO2zxZnzplRy8Thhz0Ps/getUpdates "HTTP/1.1 200 OK"
2025-05-23 13:16:27,083 - httpx - INFO - HTTP Request: POST https://api.telegram.org/bot7093436536:AAEvjyOBDmUYkoOkO2zxZnzplRy8Thhz0Ps/getUpdates "HTTP/1.1 200 OK"
2025-05-23 13:16:37,173 - httpx - INFO - HTTP Request: POST https://api.telegram.org/bot7093436536:AAEvjyOBDmUYkoOkO2zxZnzplRy8Thhz0Ps/getUpdates "HTTP/1.1 200 OK"
2025-05-23 13:16:47,265 - httpx - INFO - HTTP Request: POST https://api.telegram.org/bot7093436536:AAEvjyOBDmUYkoOkO2zxZnzplRy8Thhz0Ps/getUpdates "HTTP/1.1 200 OK"
2025-05-23 13:16:57,356 - httpx - INFO - HTTP Request: POST https://api.telegram.org/bot7093436536:AAEvjyOBDmUYkoOkO2zxZnzplRy8Thhz0Ps/getUpdates "HTTP/1.1 200 OK"
2025-05-23 13:17:07,446 - httpx - INFO - HTTP Request: POST https://api.telegram.org/bot7093436536:AAEvjyOBDmUYkoOkO2zxZnzplRy8Thhz0Ps/getUpdates "HTTP/1.1 200 OK"
2025-05-23 13:17:17,539 - httpx - INFO - HTTP Request: POST https://api.telegram.org/bot7093436536:AAEvjyOBDmUYkoOkO2zxZnzplRy8Thhz0Ps/getUpdates "HTTP/1.1 200 OK"
2025-05-23 13:17:27,629 - httpx - INFO - HTTP Request: POST https://api.telegram.org/bot7093436536:AAEvjyOBDmUYkoOkO2zxZnzplRy8Thhz0Ps/getUpdates "HTTP/1.1 200 OK"
2025-05-23 13:17:37,720 - httpx - INFO - HTTP Request: POST https://api.telegram.org/bot7093436536:AAEvjyOBDmUYkoOkO2zxZnzplRy8Thhz0Ps/getUpdates "HTTP/1.1 200 OK"
2025-05-23 13:17:47,811 - httpx - INFO - HTTP Request: POST https://api.telegram.org/bot7093436536:AAEvjyOBDmUYkoOkO2zxZnzplRy8Thhz0Ps/getUpdates "HTTP/1.1 200 OK"
2025-05-23 13:17:57,906 - httpx - INFO - HTTP Request: POST https://api.telegram.org/bot7093436536:AAEvjyOBDmUYkoOkO2zxZnzplRy8Thhz0Ps/getUpdates "HTTP/1.1 200 OK"
2025-05-23 13:18:08,003 - httpx - INFO - HTTP Request: POST https://api.telegram.org/bot7093436536:AAEvjyOBDmUYkoOkO2zxZnzplRy8Thhz0Ps/getUpdates "HTTP/1.1 200 OK"
2025-05-23 13:18:18,101 - httpx - INFO - HTTP Request: POST https://api.telegram.org/bot7093436536:AAEvjyOBDmUYkoOkO2zxZnzplRy8Thhz0Ps/getUpdates "HTTP/1.1 200 OK"
2025-05-23 13:18:28,193 - httpx - INFO - HTTP Request: POST https://api.telegram.org/bot7093436536:AAEvjyOBDmUYkoOkO2zxZnzplRy8Thhz0Ps/getUpdates "HTTP/1.1 200 OK"
2025-05-23 13:18:38,287 - httpx - INFO - HTTP Request: POST https://api.telegram.org/bot7093436536:AAEvjyOBDmUYkoOkO2zxZnzplRy8Thhz0Ps/getUpdates "HTTP/1.1 200 OK"
2025-05-23 13:18:48,377 - httpx - INFO - HTTP Request: POST https://api.telegram.org/bot7093436536:AAEvjyOBDmUYkoOkO2zxZnzplRy8Thhz0Ps/getUpdates "HTTP/1.1 200 OK"
2025-05-23 13:18:58,468 - httpx - INFO - HTTP Request: POST https://api.telegram.org/bot7093436536:AAEvjyOBDmUYkoOkO2zxZnzplRy8Thhz0Ps/getUpdates "HTTP/1.1 200 OK"
2025-05-23 13:19:08,559 - httpx - INFO - HTTP Request: POST https://api.telegram.org/bot7093436536:AAEvjyOBDmUYkoOkO2zxZnzplRy8Thhz0Ps/getUpdates "HTTP/1.1 200 OK"
2025-05-23 13:19:18,648 - httpx - INFO - HTTP Request: POST https://api.telegram.org/bot7093436536:AAEvjyOBDmUYkoOkO2zxZnzplRy8Thhz0Ps/getUpdates "HTTP/1.1 200 OK"
2025-05-23 13:19:28,741 - httpx - INFO - HTTP Request: POST https://api.telegram.org/bot7093436536:AAEvjyOBDmUYkoOkO2zxZnzplRy8Thhz0Ps/getUpdates "HTTP/1.1 200 OK"
2025-05-23 13:19:38,833 - httpx - INFO - HTTP Request: POST https://api.telegram.org/bot7093436536:AAEvjyOBDmUYkoOkO2zxZnzplRy8Thhz0Ps/getUpdates "HTTP/1.1 200 OK"
2025-05-23 13:19:48,928 - httpx - INFO - HTTP Request: POST https://api.telegram.org/bot7093436536:AAEvjyOBDmUYkoOkO2zxZnzplRy8Thhz0Ps/getUpdates "HTTP/1.1 200 OK"
2025-05-23 13:19:59,021 - httpx - INFO - HTTP Request: POST https://api.telegram.org/bot7093436536:AAEvjyOBDmUYkoOkO2zxZnzplRy8Thhz0Ps/getUpdates "HTTP/1.1 200 OK"
2025-05-23 13:20:09,111 - httpx - INFO - HTTP Request: POST https://api.telegram.org/bot7093436536:AAEvjyOBDmUYkoOkO2zxZnzplRy8Thhz0Ps/getUpdates "HTTP/1.1 200 OK"
2025-05-23 13:20:19,204 - httpx - INFO - HTTP Request: POST https://api.telegram.org/bot7093436536:AAEvjyOBDmUYkoOkO2zxZnzplRy8Thhz0Ps/getUpdates "HTTP/1.1 200 OK"
2025-05-23 13:20:29,294 - httpx - INFO - HTTP Request: POST https://api.telegram.org/bot7093436536:AAEvjyOBDmUYkoOkO2zxZnzplRy8Thhz0Ps/getUpdates "HTTP/1.1 200 OK"
2025-05-23 13:20:39,386 - httpx - INFO - HTTP Request: POST https://api.telegram.org/bot7093436536:AAEvjyOBDmUYkoOkO2zxZnzplRy8Thhz0Ps/getUpdates "HTTP/1.1 200 OK"
2025-05-23 13:20:49,474 - httpx - INFO - HTTP Request: POST https://api.telegram.org/bot7093436536:AAEvjyOBDmUYkoOkO2zxZnzplRy8Thhz0Ps/getUpdates "HTTP/1.1 200 OK"
2025-05-23 13:20:59,569 - httpx - INFO - HTTP Request: POST https://api.telegram.org/bot7093436536:AAEvjyOBDmUYkoOkO2zxZnzplRy8Thhz0Ps/getUpdates "HTTP/1.1 200 OK"
2025-05-23 13:21:09,655 - httpx - INFO - HTTP Request: POST https://api.telegram.org/bot7093436536:AAEvjyOBDmUYkoOkO2zxZnzplRy8Thhz0Ps/getUpdates "HTTP/1.1 200 OK"
2025-05-23 13:21:19,751 - httpx - INFO - HTTP Request: POST https://api.telegram.org/bot7093436536:AAEvjyOBDmUYkoOkO2zxZnzplRy8Thhz0Ps/getUpdates "HTTP/1.1 200 OK"
2025-05-23 13:21:29,837 - httpx - INFO - HTTP Request: POST https://api.telegram.org/bot7093436536:AAEvjyOBDmUYkoOkO2zxZnzplRy8Thhz0Ps/getUpdates "HTTP/1.1 200 OK"
2025-05-23 13:21:39,928 - httpx - INFO - HTTP Request: POST https://api.telegram.org/bot7093436536:AAEvjyOBDmUYkoOkO2zxZnzplRy8Thhz0Ps/getUpdates "HTTP/1.1 200 OK"
2025-05-23 13:21:50,013 - httpx - INFO - HTTP Request: POST https://api.telegram.org/bot7093436536:AAEvjyOBDmUYkoOkO2zxZnzplRy8Thhz0Ps/getUpdates "HTTP/1.1 200 OK"
2025-05-23 13:22:00,099 - httpx - INFO - HTTP Request: POST https://api.telegram.org/bot7093436536:AAEvjyOBDmUYkoOkO2zxZnzplRy8Thhz0Ps/getUpdates "HTTP/1.1 200 OK"
2025-05-23 13:22:10,185 - httpx - INFO - HTTP Request: POST https://api.telegram.org/bot7093436536:AAEvjyOBDmUYkoOkO2zxZnzplRy8Thhz0Ps/getUpdates "HTTP/1.1 200 OK"
2025-05-23 13:22:20,271 - httpx - INFO - HTTP Request: POST https://api.telegram.org/bot7093436536:AAEvjyOBDmUYkoOkO2zxZnzplRy8Thhz0Ps/getUpdates "HTTP/1.1 200 OK"
2025-05-23 13:22:30,363 - httpx - INFO - HTTP Request: POST https://api.telegram.org/bot7093436536:AAEvjyOBDmUYkoOkO2zxZnzplRy8Thhz0Ps/getUpdates "HTTP/1.1 200 OK"
2025-05-23 13:22:40,450 - httpx - INFO - HTTP Request: POST https://api.telegram.org/bot7093436536:AAEvjyOBDmUYkoOkO2zxZnzplRy8Thhz0Ps/getUpdates "HTTP/1.1 200 OK"
2025-05-23 13:22:50,537 - httpx - INFO - HTTP Request: POST https://api.telegram.org/bot7093436536:AAEvjyOBDmUYkoOkO2zxZnzplRy8Thhz0Ps/getUpdates "HTTP/1.1 200 OK"
2025-05-23 13:23:00,625 - httpx - INFO - HTTP Request: POST https://api.telegram.org/bot7093436536:AAEvjyOBDmUYkoOkO2zxZnzplRy8Thhz0Ps/getUpdates "HTTP/1.1 200 OK"
2025-05-23 13:23:10,713 - httpx - INFO - HTTP Request: POST https://api.telegram.org/bot7093436536:AAEvjyOBDmUYkoOkO2zxZnzplRy8Thhz0Ps/getUpdates "HTTP/1.1 200 OK"
2025-05-23 13:23:20,972 - httpx - INFO - HTTP Request: POST https://api.telegram.org/bot7093436536:AAEvjyOBDmUYkoOkO2zxZnzplRy8Thhz0Ps/getUpdates "HTTP/1.1 200 OK"
2025-05-23 13:23:31,057 - httpx - INFO - HTTP Request: POST https://api.telegram.org/bot7093436536:AAEvjyOBDmUYkoOkO2zxZnzplRy8Thhz0Ps/getUpdates "HTTP/1.1 200 OK"
2025-05-23 13:23:41,145 - httpx - INFO - HTTP Request: POST https://api.telegram.org/bot7093436536:AAEvjyOBDmUYkoOkO2zxZnzplRy8Thhz0Ps/getUpdates "HTTP/1.1 200 OK"
2025-05-23 13:23:51,231 - httpx - INFO - HTTP Request: POST https://api.telegram.org/bot7093436536:AAEvjyOBDmUYkoOkO2zxZnzplRy8Thhz0Ps/getUpdates "HTTP/1.1 200 OK"
2025-05-23 13:24:01,316 - httpx - INFO - HTTP Request: POST https://api.telegram.org/bot7093436536:AAEvjyOBDmUYkoOkO2zxZnzplRy8Thhz0Ps/getUpdates "HTTP/1.1 200 OK"
2025-05-23 13:24:11,402 - httpx - INFO - HTTP Request: POST https://api.telegram.org/bot7093436536:AAEvjyOBDmUYkoOkO2zxZnzplRy8Thhz0Ps/getUpdates "HTTP/1.1 200 OK"
2025-05-23 13:24:21,487 - httpx - INFO - HTTP Request: POST https://api.telegram.org/bot7093436536:AAEvjyOBDmUYkoOkO2zxZnzplRy8Thhz0Ps/getUpdates "HTTP/1.1 200 OK"
2025-05-23 13:24:31,575 - httpx - INFO - HTTP Request: POST https://api.telegram.org/bot7093436536:AAEvjyOBDmUYkoOkO2zxZnzplRy8Thhz0Ps/getUpdates "HTTP/1.1 200 OK"
2025-05-23 13:24:41,663 - httpx - INFO - HTTP Request: POST https://api.telegram.org/bot7093436536:AAEvjyOBDmUYkoOkO2zxZnzplRy8Thhz0Ps/getUpdates "HTTP/1.1 200 OK"
2025-05-23 13:24:51,749 - httpx - INFO - HTTP Request: POST https://api.telegram.org/bot7093436536:AAEvjyOBDmUYkoOkO2zxZnzplRy8Thhz0Ps/getUpdates "HTTP/1.1 200 OK"
2025-05-23 13:25:01,837 - httpx - INFO - HTTP Request: POST https://api.telegram.org/bot7093436536:AAEvjyOBDmUYkoOkO2zxZnzplRy8Thhz0Ps/getUpdates "HTTP/1.1 200 OK"
2025-05-23 13:25:11,923 - httpx - INFO - HTTP Request: POST https://api.telegram.org/bot7093436536:AAEvjyOBDmUYkoOkO2zxZnzplRy8Thhz0Ps/getUpdates "HTTP/1.1 200 OK"
2025-05-23 13:25:22,013 - httpx - INFO - HTTP Request: POST https://api.telegram.org/bot7093436536:AAEvjyOBDmUYkoOkO2zxZnzplRy8Thhz0Ps/getUpdates "HTTP/1.1 200 OK"
2025-05-23 13:25:32,106 - httpx - INFO - HTTP Request: POST https://api.telegram.org/bot7093436536:AAEvjyOBDmUYkoOkO2zxZnzplRy8Thhz0Ps/getUpdates "HTTP/1.1 200 OK"
2025-05-23 13:25:42,194 - httpx - INFO - HTTP Request: POST https://api.telegram.org/bot7093436536:AAEvjyOBDmUYkoOkO2zxZnzplRy8Thhz0Ps/getUpdates "HTTP/1.1 200 OK"
2025-05-23 13:25:52,281 - httpx - INFO - HTTP Request: POST https://api.telegram.org/bot7093436536:AAEvjyOBDmUYkoOkO2zxZnzplRy8Thhz0Ps/getUpdates "HTTP/1.1 200 OK"
2025-05-23 13:26:02,367 - httpx - INFO - HTTP Request: POST https://api.telegram.org/bot7093436536:AAEvjyOBDmUYkoOkO2zxZnzplRy8Thhz0Ps/getUpdates "HTTP/1.1 200 OK"
2025-05-23 13:26:12,456 - httpx - INFO - HTTP Request: POST https://api.telegram.org/bot7093436536:AAEvjyOBDmUYkoOkO2zxZnzplRy8Thhz0Ps/getUpdates "HTTP/1.1 200 OK"
2025-05-23 13:26:22,547 - httpx - INFO - HTTP Request: POST https://api.telegram.org/bot7093436536:AAEvjyOBDmUYkoOkO2zxZnzplRy8Thhz0Ps/getUpdates "HTTP/1.1 200 OK"
2025-05-23 13:26:32,637 - httpx - INFO - HTTP Request: POST https://api.telegram.org/bot7093436536:AAEvjyOBDmUYkoOkO2zxZnzplRy8Thhz0Ps/getUpdates "HTTP/1.1 200 OK"
2025-05-23 13:26:42,723 - httpx - INFO - HTTP Request: POST https://api.telegram.org/bot7093436536:AAEvjyOBDmUYkoOkO2zxZnzplRy8Thhz0Ps/getUpdates "HTTP/1.1 200 OK"
2025-05-23 13:26:52,808 - httpx - INFO - HTTP Request: POST https://api.telegram.org/bot7093436536:AAEvjyOBDmUYkoOkO2zxZnzplRy8Thhz0Ps/getUpdates "HTTP/1.1 200 OK"
2025-05-23 13:27:02,896 - httpx - INFO - HTTP Request: POST https://api.telegram.org/bot7093436536:AAEvjyOBDmUYkoOkO2zxZnzplRy8Thhz0Ps/getUpdates "HTTP/1.1 200 OK"
2025-05-23 13:27:12,981 - httpx - INFO - HTTP Request: POST https://api.telegram.org/bot7093436536:AAEvjyOBDmUYkoOkO2zxZnzplRy8Thhz0Ps/getUpdates "HTTP/1.1 200 OK"
2025-05-23 13:27:23,071 - httpx - INFO - HTTP Request: POST https://api.telegram.org/bot7093436536:AAEvjyOBDmUYkoOkO2zxZnzplRy8Thhz0Ps/getUpdates "HTTP/1.1 200 OK"
2025-05-23 13:27:33,157 - httpx - INFO - HTTP Request: POST https://api.telegram.org/bot7093436536:AAEvjyOBDmUYkoOkO2zxZnzplRy8Thhz0Ps/getUpdates "HTTP/1.1 200 OK"
2025-05-23 13:27:43,249 - httpx - INFO - HTTP Request: POST https://api.telegram.org/bot7093436536:AAEvjyOBDmUYkoOkO2zxZnzplRy8Thhz0Ps/getUpdates "HTTP/1.1 200 OK"
2025-05-23 13:27:53,337 - httpx - INFO - HTTP Request: POST https://api.telegram.org/bot7093436536:AAEvjyOBDmUYkoOkO2zxZnzplRy8Thhz0Ps/getUpdates "HTTP/1.1 200 OK"
2025-05-23 13:28:03,423 - httpx - INFO - HTTP Request: POST https://api.telegram.org/bot7093436536:AAEvjyOBDmUYkoOkO2zxZnzplRy8Thhz0Ps/getUpdates "HTTP/1.1 200 OK"
2025-05-23 13:28:13,508 - httpx - INFO - HTTP Request: POST https://api.telegram.org/bot7093436536:AAEvjyOBDmUYkoOkO2zxZnzplRy8Thhz0Ps/getUpdates "HTTP/1.1 200 OK"
2025-05-23 13:28:23,594 - httpx - INFO - HTTP Request: POST https://api.telegram.org/bot7093436536:AAEvjyOBDmUYkoOkO2zxZnzplRy8Thhz0Ps/getUpdates "HTTP/1.1 200 OK"
2025-05-23 13:28:33,684 - httpx - INFO - HTTP Request: POST https://api.telegram.org/bot7093436536:AAEvjyOBDmUYkoOkO2zxZnzplRy8Thhz0Ps/getUpdates "HTTP/1.1 200 OK"
2025-05-23 13:28:43,769 - httpx - INFO - HTTP Request: POST https://api.telegram.org/bot7093436536:AAEvjyOBDmUYkoOkO2zxZnzplRy8Thhz0Ps/getUpdates "HTTP/1.1 200 OK"
2025-05-23 13:28:53,857 - httpx - INFO - HTTP Request: POST https://api.telegram.org/bot7093436536:AAEvjyOBDmUYkoOkO2zxZnzplRy8Thhz0Ps/getUpdates "HTTP/1.1 200 OK"
2025-05-23 13:29:03,945 - httpx - INFO - HTTP Request: POST https://api.telegram.org/bot7093436536:AAEvjyOBDmUYkoOkO2zxZnzplRy8Thhz0Ps/getUpdates "HTTP/1.1 200 OK"
2025-05-23 13:29:14,036 - httpx - INFO - HTTP Request: POST https://api.telegram.org/bot7093436536:AAEvjyOBDmUYkoOkO2zxZnzplRy8Thhz0Ps/getUpdates "HTTP/1.1 200 OK"
2025-05-23 13:29:24,124 - httpx - INFO - HTTP Request: POST https://api.telegram.org/bot7093436536:AAEvjyOBDmUYkoOkO2zxZnzplRy8Thhz0Ps/getUpdates "HTTP/1.1 200 OK"
2025-05-23 13:29:34,210 - httpx - INFO - HTTP Request: POST https://api.telegram.org/bot7093436536:AAEvjyOBDmUYkoOkO2zxZnzplRy8Thhz0Ps/getUpdates "HTTP/1.1 200 OK"
2025-05-23 13:29:44,295 - httpx - INFO - HTTP Request: POST https://api.telegram.org/bot7093436536:AAEvjyOBDmUYkoOkO2zxZnzplRy8Thhz0Ps/getUpdates "HTTP/1.1 200 OK"
2025-05-23 13:29:54,381 - httpx - INFO - HTTP Request: POST https://api.telegram.org/bot7093436536:AAEvjyOBDmUYkoOkO2zxZnzplRy8Thhz0Ps/getUpdates "HTTP/1.1 200 OK"
2025-05-23 13:30:04,475 - httpx - INFO - HTTP Request: POST https://api.telegram.org/bot7093436536:AAEvjyOBDmUYkoOkO2zxZnzplRy8Thhz0Ps/getUpdates "HTTP/1.1 200 OK"
2025-05-23 13:30:14,566 - httpx - INFO - HTTP Request: POST https://api.telegram.org/bot7093436536:AAEvjyOBDmUYkoOkO2zxZnzplRy8Thhz0Ps/getUpdates "HTTP/1.1 200 OK"
2025-05-23 13:30:24,653 - httpx - INFO - HTTP Request: POST https://api.telegram.org/bot7093436536:AAEvjyOBDmUYkoOkO2zxZnzplRy8Thhz0Ps/getUpdates "HTTP/1.1 200 OK"
2025-05-23 13:30:34,740 - httpx - INFO - HTTP Request: POST https://api.telegram.org/bot7093436536:AAEvjyOBDmUYkoOkO2zxZnzplRy8Thhz0Ps/getUpdates "HTTP/1.1 200 OK"
2025-05-23 13:30:44,830 - httpx - INFO - HTTP Request: POST https://api.telegram.org/bot7093436536:AAEvjyOBDmUYkoOkO2zxZnzplRy8Thhz0Ps/getUpdates "HTTP/1.1 200 OK"
2025-05-23 13:30:54,916 - httpx - INFO - HTTP Request: POST https://api.telegram.org/bot7093436536:AAEvjyOBDmUYkoOkO2zxZnzplRy8Thhz0Ps/getUpdates "HTTP/1.1 200 OK"
2025-05-23 13:31:05,003 - httpx - INFO - HTTP Request: POST https://api.telegram.org/bot7093436536:AAEvjyOBDmUYkoOkO2zxZnzplRy8Thhz0Ps/getUpdates "HTTP/1.1 200 OK"
2025-05-23 13:31:15,092 - httpx - INFO - HTTP Request: POST https://api.telegram.org/bot7093436536:AAEvjyOBDmUYkoOkO2zxZnzplRy8Thhz0Ps/getUpdates "HTTP/1.1 200 OK"
2025-05-23 13:31:25,179 - httpx - INFO - HTTP Request: POST https://api.telegram.org/bot7093436536:AAEvjyOBDmUYkoOkO2zxZnzplRy8Thhz0Ps/getUpdates "HTTP/1.1 200 OK"
2025-05-23 13:31:35,265 - httpx - INFO - HTTP Request: POST https://api.telegram.org/bot7093436536:AAEvjyOBDmUYkoOkO2zxZnzplRy8Thhz0Ps/getUpdates "HTTP/1.1 200 OK"
2025-05-23 13:31:45,353 - httpx - INFO - HTTP Request: POST https://api.telegram.org/bot7093436536:AAEvjyOBDmUYkoOkO2zxZnzplRy8Thhz0Ps/getUpdates "HTTP/1.1 200 OK"
2025-05-23 13:31:55,446 - httpx - INFO - HTTP Request: POST https://api.telegram.org/bot7093436536:AAEvjyOBDmUYkoOkO2zxZnzplRy8Thhz0Ps/getUpdates "HTTP/1.1 200 OK"
2025-05-23 13:32:05,532 - httpx - INFO - HTTP Request: POST https://api.telegram.org/bot7093436536:AAEvjyOBDmUYkoOkO2zxZnzplRy8Thhz0Ps/getUpdates "HTTP/1.1 200 OK"
2025-05-23 13:32:15,622 - httpx - INFO - HTTP Request: POST https://api.telegram.org/bot7093436536:AAEvjyOBDmUYkoOkO2zxZnzplRy8Thhz0Ps/getUpdates "HTTP/1.1 200 OK"
2025-05-23 13:32:25,708 - httpx - INFO - HTTP Request: POST https://api.telegram.org/bot7093436536:AAEvjyOBDmUYkoOkO2zxZnzplRy8Thhz0Ps/getUpdates "HTTP/1.1 200 OK"
2025-05-23 13:32:35,795 - httpx - INFO - HTTP Request: POST https://api.telegram.org/bot7093436536:AAEvjyOBDmUYkoOkO2zxZnzplRy8Thhz0Ps/getUpdates "HTTP/1.1 200 OK"
2025-05-23 13:32:45,881 - httpx - INFO - HTTP Request: POST https://api.telegram.org/bot7093436536:AAEvjyOBDmUYkoOkO2zxZnzplRy8Thhz0Ps/getUpdates "HTTP/1.1 200 OK"
2025-05-23 13:32:55,967 - httpx - INFO - HTTP Request: POST https://api.telegram.org/bot7093436536:AAEvjyOBDmUYkoOkO2zxZnzplRy8Thhz0Ps/getUpdates "HTTP/1.1 200 OK"
2025-05-23 13:33:06,056 - httpx - INFO - HTTP Request: POST https://api.telegram.org/bot7093436536:AAEvjyOBDmUYkoOkO2zxZnzplRy8Thhz0Ps/getUpdates "HTTP/1.1 200 OK"
2025-05-23 13:33:16,151 - httpx - INFO - HTTP Request: POST https://api.telegram.org/bot7093436536:AAEvjyOBDmUYkoOkO2zxZnzplRy8Thhz0Ps/getUpdates "HTTP/1.1 200 OK"
2025-05-23 13:33:26,239 - httpx - INFO - HTTP Request: POST https://api.telegram.org/bot7093436536:AAEvjyOBDmUYkoOkO2zxZnzplRy8Thhz0Ps/getUpdates "HTTP/1.1 200 OK"
2025-05-23 13:33:36,326 - httpx - INFO - HTTP Request: POST https://api.telegram.org/bot7093436536:AAEvjyOBDmUYkoOkO2zxZnzplRy8Thhz0Ps/getUpdates "HTTP/1.1 200 OK"
2025-05-23 13:33:46,410 - httpx - INFO - HTTP Request: POST https://api.telegram.org/bot7093436536:AAEvjyOBDmUYkoOkO2zxZnzplRy8Thhz0Ps/getUpdates "HTTP/1.1 200 OK"
2025-05-23 13:33:56,499 - httpx - INFO - HTTP Request: POST https://api.telegram.org/bot7093436536:AAEvjyOBDmUYkoOkO2zxZnzplRy8Thhz0Ps/getUpdates "HTTP/1.1 200 OK"
2025-05-23 13:34:06,583 - httpx - INFO - HTTP Request: POST https://api.telegram.org/bot7093436536:AAEvjyOBDmUYkoOkO2zxZnzplRy8Thhz0Ps/getUpdates "HTTP/1.1 200 OK"
2025-05-23 13:34:16,669 - httpx - INFO - HTTP Request: POST https://api.telegram.org/bot7093436536:AAEvjyOBDmUYkoOkO2zxZnzplRy8Thhz0Ps/getUpdates "HTTP/1.1 200 OK"
2025-05-23 13:34:26,754 - httpx - INFO - HTTP Request: POST https://api.telegram.org/bot7093436536:AAEvjyOBDmUYkoOkO2zxZnzplRy8Thhz0Ps/getUpdates "HTTP/1.1 200 OK"
2025-05-23 13:34:36,839 - httpx - INFO - HTTP Request: POST https://api.telegram.org/bot7093436536:AAEvjyOBDmUYkoOkO2zxZnzplRy8Thhz0Ps/getUpdates "HTTP/1.1 200 OK"
2025-05-23 13:34:46,923 - httpx - INFO - HTTP Request: POST https://api.telegram.org/bot7093436536:AAEvjyOBDmUYkoOkO2zxZnzplRy8Thhz0Ps/getUpdates "HTTP/1.1 200 OK"
2025-05-23 13:34:57,008 - httpx - INFO - HTTP Request: POST https://api.telegram.org/bot7093436536:AAEvjyOBDmUYkoOkO2zxZnzplRy8Thhz0Ps/getUpdates "HTTP/1.1 200 OK"
2025-05-23 13:35:07,093 - httpx - INFO - HTTP Request: POST https://api.telegram.org/bot7093436536:AAEvjyOBDmUYkoOkO2zxZnzplRy8Thhz0Ps/getUpdates "HTTP/1.1 200 OK"
2025-05-23 13:35:17,183 - httpx - INFO - HTTP Request: POST https://api.telegram.org/bot7093436536:AAEvjyOBDmUYkoOkO2zxZnzplRy8Thhz0Ps/getUpdates "HTTP/1.1 200 OK"
2025-05-23 13:35:27,273 - httpx - INFO - HTTP Request: POST https://api.telegram.org/bot7093436536:AAEvjyOBDmUYkoOkO2zxZnzplRy8Thhz0Ps/getUpdates "HTTP/1.1 200 OK"
2025-05-23 13:35:37,357 - httpx - INFO - HTTP Request: POST https://api.telegram.org/bot7093436536:AAEvjyOBDmUYkoOkO2zxZnzplRy8Thhz0Ps/getUpdates "HTTP/1.1 200 OK"
2025-05-23 13:35:47,443 - httpx - INFO - HTTP Request: POST https://api.telegram.org/bot7093436536:AAEvjyOBDmUYkoOkO2zxZnzplRy8Thhz0Ps/getUpdates "HTTP/1.1 200 OK"
2025-05-23 13:35:57,529 - httpx - INFO - HTTP Request: POST https://api.telegram.org/bot7093436536:AAEvjyOBDmUYkoOkO2zxZnzplRy8Thhz0Ps/getUpdates "HTTP/1.1 200 OK"
2025-05-23 13:36:07,615 - httpx - INFO - HTTP Request: POST https://api.telegram.org/bot7093436536:AAEvjyOBDmUYkoOkO2zxZnzplRy8Thhz0Ps/getUpdates "HTTP/1.1 200 OK"
2025-05-23 13:36:16,441 - httpx - INFO - HTTP Request: POST https://api.telegram.org/bot7093436536:AAEvjyOBDmUYkoOkO2zxZnzplRy8Thhz0Ps/getUpdates "HTTP/1.1 200 OK"
2025-05-23 13:36:16,441 - telegram.ext.Application - INFO - Application is stopping. This might take a moment.
2025-05-23 13:36:16,441 - apscheduler.scheduler - INFO - Scheduler has been shut down
2025-05-23 13:36:16,452 - telegram.ext.Application - INFO - Application.stop() complete
2025-05-23 13:37:02,773 - httpx - INFO - HTTP Request: POST https://api.telegram.org/bot7093436536:AAEvjyOBDmUYkoOkO2zxZnzplRy8Thhz0Ps/getMe "HTTP/1.1 200 OK"
2025-05-23 13:37:02,863 - httpx - INFO - HTTP Request: POST https://api.telegram.org/bot7093436536:AAEvjyOBDmUYkoOkO2zxZnzplRy8Thhz0Ps/deleteWebhook "HTTP/1.1 200 OK"
2025-05-23 13:37:02,865 - apscheduler.scheduler - INFO - Scheduler started
2025-05-23 13:37:02,865 - telegram.ext.Application - INFO - Application started
2025-05-23 13:37:13,133 - httpx - INFO - HTTP Request: POST https://api.telegram.org/bot7093436536:AAEvjyOBDmUYkoOkO2zxZnzplRy8Thhz0Ps/getUpdates "HTTP/1.1 200 OK"
2025-05-23 13:37:21,895 - httpx - INFO - HTTP Request: POST https://api.telegram.org/bot7093436536:AAEvjyOBDmUYkoOkO2zxZnzplRy8Thhz0Ps/getUpdates "HTTP/1.1 200 OK"
2025-05-23 13:37:21,896 - telegram.ext.Application - INFO - Application is stopping. This might take a moment.
2025-05-23 13:37:21,896 - apscheduler.scheduler - INFO - Scheduler has been shut down
2025-05-23 13:37:21,906 - telegram.ext.Application - INFO - Application.stop() complete
2025-05-23 13:51:06,253 - httpx - INFO - HTTP Request: POST https://api.telegram.org/bot7093436536:AAEvjyOBDmUYkoOkO2zxZnzplRy8Thhz0Ps/getMe "HTTP/1.1 200 OK"
2025-05-23 13:51:06,339 - httpx - INFO - HTTP Request: POST https://api.telegram.org/bot7093436536:AAEvjyOBDmUYkoOkO2zxZnzplRy8Thhz0Ps/deleteWebhook "HTTP/1.1 200 OK"
2025-05-23 13:51:06,341 - apscheduler.scheduler - INFO - Scheduler started
2025-05-23 13:51:06,341 - telegram.ext.Application - INFO - Application started
2025-05-23 13:51:16,593 - httpx - INFO - HTTP Request: POST https://api.telegram.org/bot7093436536:AAEvjyOBDmUYkoOkO2zxZnzplRy8Thhz0Ps/getUpdates "HTTP/1.1 200 OK"
2025-05-23 13:51:26,676 - httpx - INFO - HTTP Request: POST https://api.telegram.org/bot7093436536:AAEvjyOBDmUYkoOkO2zxZnzplRy8Thhz0Ps/getUpdates "HTTP/1.1 200 OK"
2025-05-23 13:51:36,764 - httpx - INFO - HTTP Request: POST https://api.telegram.org/bot7093436536:AAEvjyOBDmUYkoOkO2zxZnzplRy8Thhz0Ps/getUpdates "HTTP/1.1 200 OK"
2025-05-23 13:51:46,850 - httpx - INFO - HTTP Request: POST https://api.telegram.org/bot7093436536:AAEvjyOBDmUYkoOkO2zxZnzplRy8Thhz0Ps/getUpdates "HTTP/1.1 200 OK"
2025-05-23 13:51:56,934 - httpx - INFO - HTTP Request: POST https://api.telegram.org/bot7093436536:AAEvjyOBDmUYkoOkO2zxZnzplRy8Thhz0Ps/getUpdates "HTTP/1.1 200 OK"
2025-05-23 13:52:07,017 - httpx - INFO - HTTP Request: POST https://api.telegram.org/bot7093436536:AAEvjyOBDmUYkoOkO2zxZnzplRy8Thhz0Ps/getUpdates "HTTP/1.1 200 OK"
2025-05-23 13:52:17,102 - httpx - INFO - HTTP Request: POST https://api.telegram.org/bot7093436536:AAEvjyOBDmUYkoOkO2zxZnzplRy8Thhz0Ps/getUpdates "HTTP/1.1 200 OK"
2025-05-23 13:52:27,186 - httpx - INFO - HTTP Request: POST https://api.telegram.org/bot7093436536:AAEvjyOBDmUYkoOkO2zxZnzplRy8Thhz0Ps/getUpdates "HTTP/1.1 200 OK"
2025-05-23 13:52:37,280 - httpx - INFO - HTTP Request: POST https://api.telegram.org/bot7093436536:AAEvjyOBDmUYkoOkO2zxZnzplRy8Thhz0Ps/getUpdates "HTTP/1.1 200 OK"
2025-05-23 13:52:47,366 - httpx - INFO - HTTP Request: POST https://api.telegram.org/bot7093436536:AAEvjyOBDmUYkoOkO2zxZnzplRy8Thhz0Ps/getUpdates "HTTP/1.1 200 OK"
2025-05-23 13:52:57,452 - httpx - INFO - HTTP Request: POST https://api.telegram.org/bot7093436536:AAEvjyOBDmUYkoOkO2zxZnzplRy8Thhz0Ps/getUpdates "HTTP/1.1 200 OK"
2025-05-23 13:53:07,536 - httpx - INFO - HTTP Request: POST https://api.telegram.org/bot7093436536:AAEvjyOBDmUYkoOkO2zxZnzplRy8Thhz0Ps/getUpdates "HTTP/1.1 200 OK"
2025-05-23 13:53:17,627 - httpx - INFO - HTTP Request: POST https://api.telegram.org/bot7093436536:AAEvjyOBDmUYkoOkO2zxZnzplRy8Thhz0Ps/getUpdates "HTTP/1.1 200 OK"
2025-05-23 13:53:27,711 - httpx - INFO - HTTP Request: POST https://api.telegram.org/bot7093436536:AAEvjyOBDmUYkoOkO2zxZnzplRy8Thhz0Ps/getUpdates "HTTP/1.1 200 OK"
2025-05-23 13:53:30,181 - httpx - INFO - HTTP Request: POST https://api.telegram.org/bot7093436536:AAEvjyOBDmUYkoOkO2zxZnzplRy8Thhz0Ps/getUpdates "HTTP/1.1 200 OK"
2025-05-23 13:53:30,384 - geocoder.base - INFO - Requested http://ipinfo.io/json
2025-05-23 13:53:30,385 - __main__ - ERROR - Start command failed: 'tone' is an invalid keyword argument for User
2025-05-23 13:53:30,664 - httpx - INFO - HTTP Request: POST https://api.telegram.org/bot7093436536:AAEvjyOBDmUYkoOkO2zxZnzplRy8Thhz0Ps/sendMessage "HTTP/1.1 200 OK"
2025-05-23 13:53:38,058 - httpx - INFO - HTTP Request: POST https://api.telegram.org/bot7093436536:AAEvjyOBDmUYkoOkO2zxZnzplRy8Thhz0Ps/getUpdates "HTTP/1.1 200 OK"
2025-05-23 13:53:38,264 - geocoder.base - INFO - Requested http://ipinfo.io/json
2025-05-23 13:53:38,267 - __main__ - ERROR - Start command failed: 'tone' is an invalid keyword argument for User
2025-05-23 13:53:38,651 - httpx - INFO - HTTP Request: POST https://api.telegram.org/bot7093436536:AAEvjyOBDmUYkoOkO2zxZnzplRy8Thhz0Ps/sendMessage "HTTP/1.1 200 OK"
2025-05-23 13:53:48,424 - httpx - INFO - HTTP Request: POST https://api.telegram.org/bot7093436536:AAEvjyOBDmUYkoOkO2zxZnzplRy8Thhz0Ps/getUpdates "HTTP/1.1 200 OK"
2025-05-23 13:53:50,023 - httpx - INFO - HTTP Request: POST https://api.telegram.org/bot7093436536:AAEvjyOBDmUYkoOkO2zxZnzplRy8Thhz0Ps/getUpdates "HTTP/1.1 200 OK"
2025-05-23 13:53:50,245 - geocoder.base - INFO - Requested http://ipinfo.io/json
2025-05-23 13:53:50,245 - __main__ - ERROR - Message handling failed: 'tone' is an invalid keyword argument for User
2025-05-23 13:53:50,537 - httpx - INFO - HTTP Request: POST https://api.telegram.org/bot7093436536:AAEvjyOBDmUYkoOkO2zxZnzplRy8Thhz0Ps/sendMessage "HTTP/1.1 200 OK"
2025-05-23 13:54:00,329 - httpx - INFO - HTTP Request: POST https://api.telegram.org/bot7093436536:AAEvjyOBDmUYkoOkO2zxZnzplRy8Thhz0Ps/getUpdates "HTTP/1.1 200 OK"
2025-05-23 13:54:05,195 - httpx - INFO - HTTP Request: POST https://api.telegram.org/bot7093436536:AAEvjyOBDmUYkoOkO2zxZnzplRy8Thhz0Ps/getUpdates "HTTP/1.1 200 OK"
2025-05-23 13:54:05,390 - geocoder.base - INFO - Requested http://ipinfo.io/json
2025-05-23 13:54:05,390 - __main__ - ERROR - Message handling failed: 'tone' is an invalid keyword argument for User
2025-05-23 13:54:05,676 - httpx - INFO - HTTP Request: POST https://api.telegram.org/bot7093436536:AAEvjyOBDmUYkoOkO2zxZnzplRy8Thhz0Ps/sendMessage "HTTP/1.1 200 OK"
2025-05-23 13:54:15,478 - httpx - INFO - HTTP Request: POST https://api.telegram.org/bot7093436536:AAEvjyOBDmUYkoOkO2zxZnzplRy8Thhz0Ps/getUpdates "HTTP/1.1 200 OK"
2025-05-23 13:54:25,562 - httpx - INFO - HTTP Request: POST https://api.telegram.org/bot7093436536:AAEvjyOBDmUYkoOkO2zxZnzplRy8Thhz0Ps/getUpdates "HTTP/1.1 200 OK"
2025-05-23 13:54:28,062 - httpx - INFO - HTTP Request: POST https://api.telegram.org/bot7093436536:AAEvjyOBDmUYkoOkO2zxZnzplRy8Thhz0Ps/getUpdates "HTTP/1.1 200 OK"
2025-05-23 13:54:28,297 - geocoder.base - INFO - Requested http://ipinfo.io/json
2025-05-23 13:54:28,297 - __main__ - ERROR - Message handling failed: 'tone' is an invalid keyword argument for User
2025-05-23 13:54:28,601 - httpx - INFO - HTTP Request: POST https://api.telegram.org/bot7093436536:AAEvjyOBDmUYkoOkO2zxZnzplRy8Thhz0Ps/sendMessage "HTTP/1.1 200 OK"
2025-05-23 13:54:38,382 - httpx - INFO - HTTP Request: POST https://api.telegram.org/bot7093436536:AAEvjyOBDmUYkoOkO2zxZnzplRy8Thhz0Ps/getUpdates "HTTP/1.1 200 OK"
2025-05-23 13:54:48,466 - httpx - INFO - HTTP Request: POST https://api.telegram.org/bot7093436536:AAEvjyOBDmUYkoOkO2zxZnzplRy8Thhz0Ps/getUpdates "HTTP/1.1 200 OK"
2025-05-23 13:54:58,552 - httpx - INFO - HTTP Request: POST https://api.telegram.org/bot7093436536:AAEvjyOBDmUYkoOkO2zxZnzplRy8Thhz0Ps/getUpdates "HTTP/1.1 200 OK"
2025-05-23 13:55:08,651 - httpx - INFO - HTTP Request: POST https://api.telegram.org/bot7093436536:AAEvjyOBDmUYkoOkO2zxZnzplRy8Thhz0Ps/getUpdates "HTTP/1.1 200 OK"
2025-05-23 13:55:18,738 - httpx - INFO - HTTP Request: POST https://api.telegram.org/bot7093436536:AAEvjyOBDmUYkoOkO2zxZnzplRy8Thhz0Ps/getUpdates "HTTP/1.1 200 OK"
2025-05-23 13:55:28,822 - httpx - INFO - HTTP Request: POST https://api.telegram.org/bot7093436536:AAEvjyOBDmUYkoOkO2zxZnzplRy8Thhz0Ps/getUpdates "HTTP/1.1 200 OK"
2025-05-23 13:55:38,908 - httpx - INFO - HTTP Request: POST https://api.telegram.org/bot7093436536:AAEvjyOBDmUYkoOkO2zxZnzplRy8Thhz0Ps/getUpdates "HTTP/1.1 200 OK"
2025-05-23 13:55:48,994 - httpx - INFO - HTTP Request: POST https://api.telegram.org/bot7093436536:AAEvjyOBDmUYkoOkO2zxZnzplRy8Thhz0Ps/getUpdates "HTTP/1.1 200 OK"
2025-05-23 13:55:59,078 - httpx - INFO - HTTP Request: POST https://api.telegram.org/bot7093436536:AAEvjyOBDmUYkoOkO2zxZnzplRy8Thhz0Ps/getUpdates "HTTP/1.1 200 OK"
2025-05-23 13:56:09,162 - httpx - INFO - HTTP Request: POST https://api.telegram.org/bot7093436536:AAEvjyOBDmUYkoOkO2zxZnzplRy8Thhz0Ps/getUpdates "HTTP/1.1 200 OK"
2025-05-23 13:56:19,246 - httpx - INFO - HTTP Request: POST https://api.telegram.org/bot7093436536:AAEvjyOBDmUYkoOkO2zxZnzplRy8Thhz0Ps/getUpdates "HTTP/1.1 200 OK"
2025-05-23 13:56:28,148 - httpx - INFO - HTTP Request: POST https://api.telegram.org/bot7093436536:AAEvjyOBDmUYkoOkO2zxZnzplRy8Thhz0Ps/getUpdates "HTTP/1.1 200 OK"
2025-05-23 13:56:28,149 - telegram.ext.Application - INFO - Application is stopping. This might take a moment.
2025-05-23 13:56:28,149 - apscheduler.scheduler - INFO - Scheduler has been shut down
2025-05-23 13:56:28,159 - telegram.ext.Application - INFO - Application.stop() complete
